"TimeGenerated","ServiceName","ArmRegionName","CurrencyCode","MeterName","Tier","UnitOfMeasure","RetailPrice","EffectiveStartDate","EffectiveCommitmentTierThresholdGB","EffectivePricePerGB"
"2023-03-29T15:50:58.330Z","Azure Monitor","australiaeast","AUD","Pay-as-you-go Data Ingestion","Pay-as-you-go","1 GB","4.9688","2018-02-01T00:00:00.000Z","0","4.9688"
"2023-03-29T15:50:58.330Z","Azure Monitor","australiaeast","AUD","100 GB Commitment Tier Capacity Reservation","100","1/Day","408.2118","2019-11-01T00:00:00.000Z","82.155","4.0821"
"2023-03-29T15:50:58.330Z","Azure Monitor","australiaeast","AUD","200 GB Commitment Tier Capacity Reservation","200","1/Day","766.4386","2019-11-01T00:00:00.000Z","187.756","3.8322"
"2023-03-29T15:50:58.330Z","Azure Monitor","australiaeast","AUD","300 GB Commitment Tier Capacity Reservation","300","1/Day","1124.6653","2019-11-01T00:00:00.000Z","293.4777","3.7489"
"2023-03-29T15:50:58.330Z","Azure Monitor","australiaeast","AUD","400 GB Commitment Tier Capacity Reservation","400","1/Day","1466.2303","2019-11-01T00:00:00.000Z","391.1095","3.6656"
"2023-03-29T15:50:58.330Z","Azure Monitor","australiaeast","AUD","500 GB Commitment Tier Capacity Reservation","500","1/Day","1801.5472","2019-11-01T00:00:00.000Z","491.474","3.6031"
"2023-03-29T15:50:58.330Z","Azure Monitor","australiaeast","AUD","1000 GB Commitment Tier Capacity Reservation","1000","1/Day","3540.6129","2021-06-01T02:00:00.000Z","982.6574","3.5406"
"2023-03-29T15:50:58.330Z","Azure Monitor","australiaeast","AUD","2000 GB Commitment Tier Capacity Reservation","2000","1/Day","6914.6087","2021-06-01T02:00:00.000Z","1952.9483","3.4573"
"2023-03-29T15:50:58.330Z","Azure Monitor","australiaeast","AUD","5000 GB Commitment Tier Capacity Reservation","5000","1/Day","16765.8435","2021-06-01T02:00:00.000Z","4849.4037","3.3532"
"2023-04-12T13:28:34.468Z","Azure Monitor","australiaeast","AUD","Pay-as-you-go Data Ingestion","Pay-as-you-go","1 GB","4.9974","2018-02-01T00:00:00.000Z","0","4.9974"
"2023-04-12T13:28:34.468Z","Azure Monitor","australiaeast","AUD","100 GB Commitment Tier Capacity Reservation","100","1/Day","410.5633","2019-11-01T00:00:00.000Z","82.1554","4.1056"
"2023-04-12T13:28:34.468Z","Azure Monitor","australiaeast","AUD","200 GB Commitment Tier Capacity Reservation","200","1/Day","770.8536","2019-11-01T00:00:00.000Z","187.7566","3.8543"
"2023-04-12T13:28:34.468Z","Azure Monitor","australiaeast","AUD","300 GB Commitment Tier Capacity Reservation","300","1/Day","1131.1439","2019-11-01T00:00:00.000Z","293.4758","3.7705"
"2023-04-12T13:28:34.468Z","Azure Monitor","australiaeast","AUD","400 GB Commitment Tier Capacity Reservation","400","1/Day","1474.6764","2019-11-01T00:00:00.000Z","391.109","3.6867"
"2023-04-12T13:28:34.468Z","Azure Monitor","australiaeast","AUD","500 GB Commitment Tier Capacity Reservation","500","1/Day","1811.9249","2019-11-01T00:00:00.000Z","491.4761","3.6238"
"2023-04-12T13:28:34.468Z","Azure Monitor","australiaeast","AUD","1000 GB Commitment Tier Capacity Reservation","1000","1/Day","3561.0085","2021-06-01T02:00:00.000Z","982.6725","3.561"
"2023-04-12T13:28:34.468Z","Azure Monitor","australiaeast","AUD","2000 GB Commitment Tier Capacity Reservation","2000","1/Day","6954.44","2021-06-01T02:00:00.000Z","1952.9458","3.4772"
"2023-04-12T13:28:34.468Z","Azure Monitor","australiaeast","AUD","5000 GB Commitment Tier Capacity Reservation","5000","1/Day","16862.4224","2021-06-01T02:00:00.000Z","4849.4255","3.3725"
"2023-05-02T08:07:40.927Z","Azure Monitor","australiaeast","AUD","Pay-as-you-go Data Ingestion","Pay-as-you-go","1 GB","5.0541","2018-02-01T00:00:00.000Z","0","5.0541"
"2023-05-02T08:07:40.927Z","Azure Monitor","australiaeast","AUD","100 GB Commitment Tier Capacity Reservation","100","1/Day","415.2228","2019-11-01T00:00:00.000Z","82.1556","4.1522"
"2023-05-02T08:07:40.927Z","Azure Monitor","australiaeast","AUD","200 GB Commitment Tier Capacity Reservation","200","1/Day","779.602","2019-11-01T00:00:00.000Z","187.7564","3.898"
"2023-05-02T08:07:40.927Z","Azure Monitor","australiaeast","AUD","300 GB Commitment Tier Capacity Reservation","300","1/Day","1143.9812","2019-11-01T00:00:00.000Z","293.479","3.8133"
"2023-05-02T08:07:40.927Z","Azure Monitor","australiaeast","AUD","400 GB Commitment Tier Capacity Reservation","400","1/Day","1491.4126","2019-11-01T00:00:00.000Z","391.1081","3.7285"
"2023-05-02T08:07:40.927Z","Azure Monitor","australiaeast","AUD","500 GB Commitment Tier Capacity Reservation","500","1/Day","1832.4885","2019-11-01T00:00:00.000Z","491.4814","3.665"
"2023-05-02T08:07:40.927Z","Azure Monitor","australiaeast","AUD","1000 GB Commitment Tier Capacity Reservation","1000","1/Day","3601.4224","2021-06-01T02:00:00.000Z","982.6528","3.6014"
"2023-05-02T08:07:40.927Z","Azure Monitor","australiaeast","AUD","2000 GB Commitment Tier Capacity Reservation","2000","1/Day","7033.3661","2021-06-01T02:00:00.000Z","1952.9533","3.5167"
"2023-05-02T08:07:40.927Z","Azure Monitor","australiaeast","AUD","5000 GB Commitment Tier Capacity Reservation","5000","1/Day","17053.7944","2021-06-01T02:00:00.000Z","4849.3742","3.4108"
"2023-06-02T08:07:42.568Z","Azure Monitor","australiaeast","AUD","Pay-as-you-go Data Ingestion","Pay-as-you-go","1 GB","5.1325","2018-02-01T00:00:00.000Z","0","5.1325"
"2023-06-02T08:07:42.568Z","Azure Monitor","australiaeast","AUD","100 GB Commitment Tier Capacity Reservation","100","1/Day","421.6673","2019-11-01T00:00:00.000Z","82.1563","4.2167"
"2023-06-02T08:07:42.568Z","Azure Monitor","australiaeast","AUD","200 GB Commitment Tier Capacity Reservation","200","1/Day","791.7019","2019-11-01T00:00:00.000Z","187.7539","3.9585"
"2023-06-02T08:07:42.568Z","Azure Monitor","australiaeast","AUD","300 GB Commitment Tier Capacity Reservation","300","1/Day","1161.7365","2019-11-01T00:00:00.000Z","293.479","3.8725"
"2023-06-02T08:07:42.568Z","Azure Monitor","australiaeast","AUD","400 GB Commitment Tier Capacity Reservation","400","1/Day","1514.5601","2019-11-01T00:00:00.000Z","391.1065","3.7864"
"2023-06-02T08:07:42.568Z","Azure Monitor","australiaeast","AUD","500 GB Commitment Tier Capacity Reservation","500","1/Day","1860.9297","2019-11-01T00:00:00.000Z","491.4773","3.7219"
"2023-06-02T08:07:42.568Z","Azure Monitor","australiaeast","AUD","1000 GB Commitment Tier Capacity Reservation","1000","1/Day","3657.3185","2021-06-01T02:00:00.000Z","982.6482","3.6573"
"2023-06-02T08:07:42.568Z","Azure Monitor","australiaeast","AUD","2000 GB Commitment Tier Capacity Reservation","2000","1/Day","7142.5279","2021-06-01T02:00:00.000Z","1952.9511","3.5713"
"2023-06-02T08:07:42.568Z","Azure Monitor","australiaeast","AUD","5000 GB Commitment Tier Capacity Reservation","5000","1/Day","17318.4787","2021-06-01T02:00:00.000Z","4849.3486","3.4637"
"2023-07-07T06:09:02.036Z","Azure Monitor","australiaeast","AUD","Pay-as-you-go Data Ingestion","Pay-as-you-go","1 GB","5.0602","2018-02-01T00:00:00.000Z","0","5.0602"
"2023-07-07T06:09:02.036Z","Azure Monitor","australiaeast","AUD","100 GB Commitment Tier Capacity Reservation","100","1/Day","415.7261","2019-11-01T00:00:00.000Z","82.1561","4.1573"
"2023-07-07T06:09:02.036Z","Azure Monitor","australiaeast","AUD","200 GB Commitment Tier Capacity Reservation","200","1/Day","780.5469","2019-11-01T00:00:00.000Z","187.7533","3.9027"
"2023-07-07T06:09:02.036Z","Azure Monitor","australiaeast","AUD","300 GB Commitment Tier Capacity Reservation","300","1/Day","1145.3678","2019-11-01T00:00:00.000Z","293.4809","3.8179"
"2023-07-07T06:09:02.036Z","Azure Monitor","australiaeast","AUD","400 GB Commitment Tier Capacity Reservation","400","1/Day","1493.2202","2019-11-01T00:00:00.000Z","391.1103","3.7331"
"2023-07-07T06:09:02.036Z","Azure Monitor","australiaeast","AUD","500 GB Commitment Tier Capacity Reservation","500","1/Day","1834.7095","2019-11-01T00:00:00.000Z","491.4708","3.6694"
"2023-07-07T06:09:02.036Z","Azure Monitor","australiaeast","AUD","1000 GB Commitment Tier Capacity Reservation","1000","1/Day","3605.7874","2021-06-01T00:00:00.000Z","982.664","3.6058"
"2023-07-07T06:09:02.036Z","Azure Monitor","australiaeast","AUD","2000 GB Commitment Tier Capacity Reservation","2000","1/Day","7041.8908","2021-06-01T00:00:00.000Z","1952.9344","3.5209"
"2023-07-07T06:09:02.036Z","Azure Monitor","australiaeast","AUD","5000 GB Commitment Tier Capacity Reservation","5000","1/Day","17074.4641","2021-06-01T00:00:00.000Z","4849.4601","3.4149"
"2023-08-01T06:08:30.007Z","Azure Monitor","australiaeast","AUD","100 GB Commitment Tier Capacity Reservation","100","1/Day","407.8781","2019-11-01T00:00:00.000Z","80.6051","4.0788"
"2023-08-01T06:08:30.007Z","Azure Monitor","australiaeast","AUD","400 GB Commitment Tier Capacity Reservation","400","1/Day","1465.0316","2019-11-01T00:00:00.000Z","383.7271","3.6626"
"2023-08-01T06:08:30.007Z","Azure Monitor","australiaeast","AUD","500 GB Commitment Tier Capacity Reservation","500","1/Day","1800.0743","2019-11-01T00:00:00.000Z","491.4744","3.6001"
"2023-08-01T06:08:30.007Z","Azure Monitor","australiaeast","AUD","1000 GB Commitment Tier Capacity Reservation","1000","1/Day","3537.7183","2021-06-01T00:00:00.000Z","982.6722","3.5377"
"2023-08-01T06:08:30.007Z","Azure Monitor","australiaeast","AUD","2000 GB Commitment Tier Capacity Reservation","2000","1/Day","6908.9558","2021-06-01T00:00:00.000Z","1952.9513","3.4545"
"2023-08-02T06:09:03.844Z","Azure Monitor","australiaeast","AUD","Pay-as-you-go Data Ingestion","Pay-as-you-go","1 GB","4.9647","2018-02-01T00:00:00.000Z","0","4.9647"
"2023-08-02T06:09:03.844Z","Azure Monitor","australiaeast","AUD","200 GB Commitment Tier Capacity Reservation","200","1/Day","765.812","2019-11-01T00:00:00.000Z","187.7542","3.8291"
"2023-08-02T06:09:03.844Z","Azure Monitor","australiaeast","AUD","300 GB Commitment Tier Capacity Reservation","300","1/Day","1123.7458","2019-11-01T00:00:00.000Z","293.4752","3.7458"
"2023-08-02T06:09:03.844Z","Azure Monitor","australiaeast","AUD","5000 GB Commitment Tier Capacity Reservation","5000","1/Day","16752.1368","2021-06-01T00:00:00.000Z","4849.3666","3.3504"
"2023-09-02T06:07:00.316Z","Azure Monitor","australiaeast","AUD","Pay-as-you-go Data Ingestion","Pay-as-you-go","1 GB","5.1851","2018-02-01T00:00:00.000Z","0","5.1851"
"2023-09-02T06:07:00.316Z","Azure Monitor","australiaeast","AUD","100 GB Commitment Tier Capacity Reservation","100","1/Day","425.9877","2019-11-01T00:00:00.000Z","82.1561","4.2599"
"2023-09-02T06:07:00.316Z","Azure Monitor","australiaeast","AUD","200 GB Commitment Tier Capacity Reservation","200","1/Day","799.8137","2019-11-01T00:00:00.000Z","187.7541","3.9991"
"2023-09-02T06:07:00.316Z","Azure Monitor","australiaeast","AUD","300 GB Commitment Tier Capacity Reservation","300","1/Day","1173.6397","2019-11-01T00:00:00.000Z","293.476","3.9121"
"2023-09-02T06:07:00.316Z","Azure Monitor","australiaeast","AUD","400 GB Commitment Tier Capacity Reservation","400","1/Day","1530.0784","2019-11-01T00:00:00.000Z","391.1143","3.8252"
"2023-09-02T06:07:00.316Z","Azure Monitor","australiaeast","AUD","500 GB Commitment Tier Capacity Reservation","500","1/Day","1879.9969","2019-11-01T00:00:00.000Z","491.4768","3.76"
"2023-09-02T06:07:00.316Z","Azure Monitor","australiaeast","AUD","1000 GB Commitment Tier Capacity Reservation","1000","1/Day","3694.7916","2021-06-01T00:00:00.000Z","982.6573","3.6948"
"2023-09-02T06:07:00.316Z","Azure Monitor","australiaeast","AUD","2000 GB Commitment Tier Capacity Reservation","2000","1/Day","7215.7106","2021-06-01T00:00:00.000Z","1952.9367","3.6079"
"2023-09-02T06:07:00.316Z","Azure Monitor","australiaeast","AUD","5000 GB Commitment Tier Capacity Reservation","5000","1/Day","17495.9249","2021-06-01T00:00:00.000Z","4849.3375","3.4992"
"2023-10-02T06:08:46.154Z","Azure Monitor","australiaeast","AUD","Pay-as-you-go Data Ingestion","Pay-as-you-go","1 GB","5.2376","2018-02-01T00:00:00.000Z","0","5.2376"
"2023-10-02T06:08:46.154Z","Azure Monitor","australiaeast","AUD","100 GB Commitment Tier Capacity Reservation","100","1/Day","430.2964","2019-11-01T00:00:00.000Z","82.1553","4.303"
"2023-10-02T06:08:46.154Z","Azure Monitor","australiaeast","AUD","200 GB Commitment Tier Capacity Reservation","200","1/Day","807.9034","2019-11-01T00:00:00.000Z","187.7535","4.0395"
"2023-10-02T06:08:46.154Z","Azure Monitor","australiaeast","AUD","300 GB Commitment Tier Capacity Reservation","300","1/Day","1185.5104","2019-11-01T00:00:00.000Z","293.4795","3.9517"
"2023-10-02T06:08:46.154Z","Azure Monitor","australiaeast","AUD","400 GB Commitment Tier Capacity Reservation","400","1/Day","1545.5543","2019-11-01T00:00:00.000Z","391.1112","3.8639"
"2023-10-02T06:08:46.154Z","Azure Monitor","australiaeast","AUD","500 GB Commitment Tier Capacity Reservation","500","1/Day","1899.0121","2019-11-01T00:00:00.000Z","491.4755","3.798"
"2023-10-02T06:08:46.154Z","Azure Monitor","australiaeast","AUD","1000 GB Commitment Tier Capacity Reservation","1000","1/Day","3732.1625","2021-06-01T00:00:00.000Z","982.6652","3.7322"
"2023-10-02T06:08:46.154Z","Azure Monitor","australiaeast","AUD","2000 GB Commitment Tier Capacity Reservation","2000","1/Day","7288.6937","2021-06-01T00:00:00.000Z","1952.9215","3.6443"
"2023-10-02T06:08:46.154Z","Azure Monitor","australiaeast","AUD","5000 GB Commitment Tier Capacity Reservation","5000","1/Day","17672.8869","2021-06-01T00:00:00.000Z","4849.46","3.5346"
"2023-11-01T06:08:41.407Z","Azure Monitor","australiaeast","AUD","Pay-as-you-go Data Ingestion","Pay-as-you-go","1 GB","5.2594","2018-02-01T00:00:00.000Z","0","5.2594"
"2023-11-01T06:08:41.407Z","Azure Monitor","australiaeast","AUD","100 GB Commitment Tier Capacity Reservation","100","1/Day","432.092","2019-11-01T00:00:00.000Z","82.1561","4.3209"
"2023-11-01T06:08:41.407Z","Azure Monitor","australiaeast","AUD","200 GB Commitment Tier Capacity Reservation","200","1/Day","811.2747","2019-11-01T00:00:00.000Z","187.756","4.0564"
"2023-11-01T06:08:41.407Z","Azure Monitor","australiaeast","AUD","300 GB Commitment Tier Capacity Reservation","300","1/Day","1190.4574","2019-11-01T00:00:00.000Z","293.4763","3.9682"
"2023-11-01T06:08:41.407Z","Azure Monitor","australiaeast","AUD","400 GB Commitment Tier Capacity Reservation","400","1/Day","1552.0038","2019-11-01T00:00:00.000Z","391.1103","3.88"
"2023-11-01T06:08:41.407Z","Azure Monitor","australiaeast","AUD","500 GB Commitment Tier Capacity Reservation","500","1/Day","1906.9365","2019-11-01T00:00:00.000Z","491.4785","3.8139"
"2023-11-01T06:08:41.407Z","Azure Monitor","australiaeast","AUD","1000 GB Commitment Tier Capacity Reservation","1000","1/Day","3747.7364","2021-06-01T00:00:00.000Z","982.652","3.7477"
"2023-11-01T06:08:41.407Z","Azure Monitor","australiaeast","AUD","2000 GB Commitment Tier Capacity Reservation","2000","1/Day","7319.1087","2021-06-01T00:00:00.000Z","1952.9601","3.6596"
"2023-11-01T06:08:41.407Z","Azure Monitor","australiaeast","AUD","5000 GB Commitment Tier Capacity Reservation","5000","1/Day","17746.6341","2021-06-01T00:00:00.000Z","4849.3371","3.5493"
"2023-12-02T06:07:58.693Z","Azure Monitor","australiaeast","AUD","Pay-as-you-go Data Ingestion","Pay-as-you-go","1 GB","5.029","2018-02-01T00:00:00.000Z","0","5.029"
"2023-12-02T06:07:58.693Z","Azure Monitor","australiaeast","AUD","100 GB Commitment Tier Capacity Reservation","100","1/Day","413.1597","2019-11-01T00:00:00.000Z","82.1554","4.1316"
"2023-12-02T06:07:58.693Z","Azure Monitor","australiaeast","AUD","200 GB Commitment Tier Capacity Reservation","200","1/Day","775.7284","2019-11-01T00:00:00.000Z","187.755","3.8786"
"2023-12-02T06:07:58.693Z","Azure Monitor","australiaeast","AUD","300 GB Commitment Tier Capacity Reservation","300","1/Day","1138.2971","2019-11-01T00:00:00.000Z","293.4814","3.7943"
"2023-12-02T06:07:58.693Z","Azure Monitor","australiaeast","AUD","400 GB Commitment Tier Capacity Reservation","400","1/Day","1484.0021","2019-11-01T00:00:00.000Z","391.1135","3.71"
"2023-12-02T06:07:58.693Z","Azure Monitor","australiaeast","AUD","500 GB Commitment Tier Capacity Reservation","500","1/Day","1823.3833","2019-11-01T00:00:00.000Z","491.478","3.6468"
"2023-12-02T06:07:58.693Z","Azure Monitor","australiaeast","AUD","1000 GB Commitment Tier Capacity Reservation","1000","1/Day","3583.5278","2021-06-01T00:00:00.000Z","982.6499","3.5835"
"2023-12-02T06:07:58.693Z","Azure Monitor","australiaeast","AUD","2000 GB Commitment Tier Capacity Reservation","2000","1/Day","6998.419","2021-06-01T00:00:00.000Z","1952.9563","3.4992"
"2023-12-02T06:07:58.693Z","Azure Monitor","australiaeast","AUD","5000 GB Commitment Tier Capacity Reservation","5000","1/Day","16969.0582","2021-06-01T00:00:00.000Z","4849.4108","3.3938"
"2024-01-01T06:09:20.544Z","Azure Monitor","australiaeast","AUD","Pay-as-you-go Data Ingestion","Pay-as-you-go","1 GB","4.8763","2018-02-01T00:00:00.000Z","0","4.8763"
"2024-01-01T06:09:20.544Z","Azure Monitor","australiaeast","AUD","100 GB Commitment Tier Capacity Reservation","100","1/Day","400.6132","2019-11-01T00:00:00.000Z","82.1552","4.0061"
"2024-01-01T06:09:20.544Z","Azure Monitor","australiaeast","AUD","200 GB Commitment Tier Capacity Reservation","200","1/Day","752.1717","2019-11-01T00:00:00.000Z","187.7566","3.7609"
"2024-01-01T06:09:20.544Z","Azure Monitor","australiaeast","AUD","300 GB Commitment Tier Capacity Reservation","300","1/Day","1103.7302","2019-11-01T00:00:00.000Z","293.475","3.6791"
"2024-01-01T06:09:20.544Z","Azure Monitor","australiaeast","AUD","400 GB Commitment Tier Capacity Reservation","400","1/Day","1438.9371","2019-11-01T00:00:00.000Z","391.1112","3.5973"
"2024-01-01T06:09:20.544Z","Azure Monitor","australiaeast","AUD","500 GB Commitment Tier Capacity Reservation","500","1/Day","1768.0123","2019-11-01T00:00:00.000Z","491.4831","3.536"
"2024-01-01T06:09:20.544Z","Azure Monitor","australiaeast","AUD","1000 GB Commitment Tier Capacity Reservation","1000","1/Day","3474.7062","2021-06-01T00:00:00.000Z","982.6658","3.4747"
"2024-01-01T06:09:20.544Z","Azure Monitor","australiaeast","AUD","2000 GB Commitment Tier Capacity Reservation","2000","1/Day","6785.8968","2021-06-01T00:00:00.000Z","1952.9447","3.3929"
"2024-01-01T06:09:20.544Z","Azure Monitor","australiaeast","AUD","5000 GB Commitment Tier Capacity Reservation","5000","1/Day","16453.7557","2021-06-01T00:00:00.000Z","4849.4667","3.2908"
"2024-02-02T06:08:03.849Z","Azure Monitor","australiaeast","AUD","Pay-as-you-go Data Ingestion","Pay-as-you-go","1 GB","5.0664","2018-02-01T00:00:00.000Z","0","5.0664"
"2024-02-02T06:08:03.849Z","Azure Monitor","australiaeast","AUD","100 GB Commitment Tier Capacity Reservation","100","1/Day","416.2306","2019-11-01T00:00:00.000Z","82.1551","4.1623"
"2024-02-02T06:08:03.849Z","Azure Monitor","australiaeast","AUD","200 GB Commitment Tier Capacity Reservation","200","1/Day","781.4941","2019-11-01T00:00:00.000Z","187.7554","3.9075"
"2024-02-02T06:08:03.849Z","Azure Monitor","australiaeast","AUD","300 GB Commitment Tier Capacity Reservation","300","1/Day","1146.7577","2019-11-01T00:00:00.000Z","293.4761","3.8225"
"2024-02-02T06:08:03.849Z","Azure Monitor","australiaeast","AUD","400 GB Commitment Tier Capacity Reservation","400","1/Day","1495.0322","2019-11-01T00:00:00.000Z","391.1137","3.7376"
"2024-02-02T06:08:03.849Z","Azure Monitor","australiaeast","AUD","500 GB Commitment Tier Capacity Reservation","500","1/Day","1836.9359","2019-11-01T00:00:00.000Z","491.4747","3.6739"
"2024-02-02T06:08:03.849Z","Azure Monitor","australiaeast","AUD","1000 GB Commitment Tier Capacity Reservation","1000","1/Day","3610.1631","2021-06-01T00:00:00.000Z","982.6514","3.6102"
"2024-02-02T06:08:03.849Z","Azure Monitor","australiaeast","AUD","2000 GB Commitment Tier Capacity Reservation","2000","1/Day","7050.4361","2021-06-01T00:00:00.000Z","1952.9212","3.5252"
"2024-02-02T06:08:03.849Z","Azure Monitor","australiaeast","AUD","5000 GB Commitment Tier Capacity Reservation","5000","1/Day","17095.1839","2021-06-01T00:00:00.000Z","4849.4224","3.419"
"2024-03-02T06:08:20.311Z","Azure Monitor","australiaeast","AUD","Pay-as-you-go Data Ingestion","Pay-as-you-go","1 GB","5.102","2018-02-01T00:00:00.000Z","0","5.102"
"2024-03-02T06:08:20.311Z","Azure Monitor","australiaeast","AUD","100 GB Commitment Tier Capacity Reservation","100","1/Day","419.1553","2019-11-01T00:00:00.000Z","82.1551","4.1916"
"2024-03-02T06:08:20.311Z","Azure Monitor","australiaeast","AUD","200 GB Commitment Tier Capacity Reservation","200","1/Day","786.9854","2019-11-01T00:00:00.000Z","187.753","3.9349"
"2024-03-02T06:08:20.311Z","Azure Monitor","australiaeast","AUD","300 GB Commitment Tier Capacity Reservation","300","1/Day","1154.8156","2019-11-01T00:00:00.000Z","293.4803","3.8494"
"2024-03-02T06:08:20.311Z","Azure Monitor","australiaeast","AUD","400 GB Commitment Tier Capacity Reservation","400","1/Day","1505.5373","2019-11-01T00:00:00.000Z","391.1096","3.7638"
"2024-03-02T06:08:20.311Z","Azure Monitor","australiaeast","AUD","500 GB Commitment Tier Capacity Reservation","500","1/Day","1849.8434","2019-11-01T00:00:00.000Z","491.4829","3.6997"
"2024-03-02T06:08:20.311Z","Azure Monitor","australiaeast","AUD","1000 GB Commitment Tier Capacity Reservation","1000","1/Day","3635.5304","2021-06-01T00:00:00.000Z","982.6555","3.6355"
"2024-03-02T06:08:20.311Z","Azure Monitor","australiaeast","AUD","2000 GB Commitment Tier Capacity Reservation","2000","1/Day","7099.9771","2021-06-01T00:00:00.000Z","1952.9575","3.55"
"2024-03-02T06:08:20.311Z","Azure Monitor","australiaeast","AUD","5000 GB Commitment Tier Capacity Reservation","5000","1/Day","17215.3059","2021-06-01T00:00:00.000Z","4849.3819","3.4431"
"2024-04-03T09:26:28.723Z","Azure Monitor","australiaeast","AUD","Pay-as-you-go Data Ingestion","Pay-as-you-go","1 GB","5.1098","2018-02-01T00:00:00.000Z","0","5.1098"
"2024-04-03T09:26:28.723Z","Azure Monitor","australiaeast","AUD","100 GB Commitment Tier Capacity Reservation","100","1/Day","419.7965","2019-11-01T00:00:00.000Z","82.1552","4.198"
"2024-04-03T09:26:28.723Z","Azure Monitor","australiaeast","AUD","200 GB Commitment Tier Capacity Reservation","200","1/Day","788.1894","2019-11-01T00:00:00.000Z","187.7535","3.9409"
"2024-04-03T09:26:28.723Z","Azure Monitor","australiaeast","AUD","300 GB Commitment Tier Capacity Reservation","300","1/Day","1156.5823","2019-11-01T00:00:00.000Z","293.4818","3.8553"
"2024-04-03T09:26:28.723Z","Azure Monitor","australiaeast","AUD","400 GB Commitment Tier Capacity Reservation","400","1/Day","1507.8406","2019-11-01T00:00:00.000Z","391.1085","3.7696"
"2024-04-03T09:26:28.723Z","Azure Monitor","australiaeast","AUD","500 GB Commitment Tier Capacity Reservation","500","1/Day","1852.6734","2019-11-01T00:00:00.000Z","491.4775","3.7053"
"2024-04-03T09:26:28.723Z","Azure Monitor","australiaeast","AUD","1000 GB Commitment Tier Capacity Reservation","1000","1/Day","3641.0923","2021-06-01T00:00:00.000Z","982.6714","3.6411"
"2024-04-03T09:26:28.723Z","Azure Monitor","australiaeast","AUD","2000 GB Commitment Tier Capacity Reservation","2000","1/Day","7110.8391","2021-06-01T00:00:00.000Z","1952.9371","3.5554"
"2024-04-03T09:26:28.723Z","Azure Monitor","australiaeast","AUD","5000 GB Commitment Tier Capacity Reservation","5000","1/Day","17241.6431","2021-06-01T00:00:00.000Z","4849.4243","3.4483"
"2024-05-01T06:09:59.892Z","Azure Monitor","australiaeast","AUD","Pay-as-you-go Data Ingestion","Pay-as-you-go","1 GB","5.1176","2018-02-01T00:00:00.000Z","0","5.1176"
"2024-05-01T06:09:59.892Z","Azure Monitor","australiaeast","AUD","100 GB Commitment Tier Capacity Reservation","100","1/Day","420.4397","2019-11-01T00:00:00.000Z","82.1556","4.2044"
"2024-05-01T06:09:59.892Z","Azure Monitor","australiaeast","AUD","200 GB Commitment Tier Capacity Reservation","200","1/Day","789.3971","2019-11-01T00:00:00.000Z","187.755","3.947"
"2024-05-01T06:09:59.892Z","Azure Monitor","australiaeast","AUD","300 GB Commitment Tier Capacity Reservation","300","1/Day","1158.3544","2019-11-01T00:00:00.000Z","293.4772","3.8612"
"2024-05-01T06:09:59.892Z","Azure Monitor","australiaeast","AUD","400 GB Commitment Tier Capacity Reservation","400","1/Day","1510.1509","2019-11-01T00:00:00.000Z","391.1092","3.7754"
"2024-05-01T06:09:59.892Z","Azure Monitor","australiaeast","AUD","500 GB Commitment Tier Capacity Reservation","500","1/Day","1855.5121","2019-11-01T00:00:00.000Z","491.4743","3.711"
"2024-05-01T06:09:59.892Z","Azure Monitor","australiaeast","AUD","1000 GB Commitment Tier Capacity Reservation","1000","1/Day","3646.6713","2021-06-01T00:00:00.000Z","982.6654","3.6467"
"2024-05-01T06:09:59.892Z","Azure Monitor","australiaeast","AUD","2000 GB Commitment Tier Capacity Reservation","2000","1/Day","7121.7345","2021-06-01T00:00:00.000Z","1952.9258","3.5609"
"2024-05-01T06:09:59.892Z","Azure Monitor","australiaeast","AUD","5000 GB Commitment Tier Capacity Reservation","5000","1/Day","17268.061","2021-06-01T00:00:00.000Z","4849.353","3.4536"
"2024-06-02T06:10:06.668Z","Azure Monitor","australiaeast","AUD","Pay-as-you-go Data Ingestion","Pay-as-you-go","1 GB","5.0449","2018-02-01T00:00:00.000Z","0","5.0449"
"2024-06-02T06:10:06.668Z","Azure Monitor","australiaeast","AUD","100 GB Commitment Tier Capacity Reservation","100","1/Day","414.4702","2019-11-01T00:00:00.000Z","82.1563","4.1447"
"2024-06-02T06:10:06.668Z","Azure Monitor","australiaeast","AUD","200 GB Commitment Tier Capacity Reservation","200","1/Day","778.189","2019-11-01T00:00:00.000Z","187.7552","3.8909"
"2024-06-02T06:10:06.668Z","Azure Monitor","australiaeast","AUD","300 GB Commitment Tier Capacity Reservation","300","1/Day","1141.9077","2019-11-01T00:00:00.000Z","293.4816","3.8064"
"2024-06-02T06:10:06.668Z","Azure Monitor","australiaeast","AUD","400 GB Commitment Tier Capacity Reservation","400","1/Day","1488.7093","2019-11-01T00:00:00.000Z","391.1069","3.7218"
"2024-06-02T06:10:06.668Z","Azure Monitor","australiaeast","AUD","500 GB Commitment Tier Capacity Reservation","500","1/Day","1829.167","2019-11-01T00:00:00.000Z","491.4737","3.6583"
"2024-06-02T06:10:06.668Z","Azure Monitor","australiaeast","AUD","1000 GB Commitment Tier Capacity Reservation","1000","1/Day","3594.8946","2021-06-01T00:00:00.000Z","982.6681","3.5949"
"2024-06-02T06:10:06.668Z","Azure Monitor","australiaeast","AUD","2000 GB Commitment Tier Capacity Reservation","2000","1/Day","7020.6178","2021-06-01T00:00:00.000Z","1952.9383","3.5103"
"2024-06-02T06:10:06.668Z","Azure Monitor","australiaeast","AUD","5000 GB Commitment Tier Capacity Reservation","5000","1/Day","17022.8835","2021-06-01T00:00:00.000Z","4849.4099","3.4046"
"2024-07-01T06:11:21.244Z","Azure Monitor","australiaeast","AUD","Pay-as-you-go Data Ingestion","Pay-as-you-go","1 GB","5.0214","2018-02-01T00:00:00.000Z","0","5.0214"
"2024-07-01T06:11:21.244Z","Azure Monitor","australiaeast","AUD","100 GB Commitment Tier Capacity Reservation","100","1/Day","412.5385","2019-11-01T00:00:00.000Z","82.1561","4.1254"
"2024-07-01T06:11:21.244Z","Azure Monitor","australiaeast","AUD","200 GB Commitment Tier Capacity Reservation","200","1/Day","774.5621","2019-11-01T00:00:00.000Z","187.7544","3.8728"
"2024-07-01T06:11:21.244Z","Azure Monitor","australiaeast","AUD","300 GB Commitment Tier Capacity Reservation","300","1/Day","1136.5857","2019-11-01T00:00:00.000Z","293.4791","3.7886"
"2024-07-01T06:11:21.244Z","Azure Monitor","australiaeast","AUD","400 GB Commitment Tier Capacity Reservation","400","1/Day","1481.771","2019-11-01T00:00:00.000Z","391.1131","3.7044"
"2024-07-01T06:11:21.244Z","Azure Monitor","australiaeast","AUD","500 GB Commitment Tier Capacity Reservation","500","1/Day","1820.642","2019-11-01T00:00:00.000Z","491.4809","3.6413"
"2024-07-01T06:11:21.244Z","Azure Monitor","australiaeast","AUD","1000 GB Commitment Tier Capacity Reservation","1000","1/Day","3578.1403","2021-06-01T00:00:00.000Z","982.6546","3.5781"
"2024-07-01T06:11:21.244Z","Azure Monitor","australiaeast","AUD","2000 GB Commitment Tier Capacity Reservation","2000","1/Day","6987.8975","2021-06-01T00:00:00.000Z","1952.9632","3.4939"
"2024-07-01T06:11:21.244Z","Azure Monitor","australiaeast","AUD","5000 GB Commitment Tier Capacity Reservation","5000","1/Day","16943.5466","2021-06-01T00:00:00.000Z","4849.4652","3.3887"
"2024-08-02T06:11:10.559Z","Azure Monitor","australiaeast","AUD","Pay-as-you-go Data Ingestion","Pay-as-you-go","1 GB","5.1113","2018-02-01T00:00:00.000Z","0","5.1113"
"2024-08-02T06:11:10.559Z","Azure Monitor","australiaeast","AUD","100 GB Commitment Tier Capacity Reservation","100","1/Day","419.925","2019-11-01T00:00:00.000Z","82.1562","4.1992"
"2024-08-02T06:11:10.559Z","Azure Monitor","australiaeast","AUD","200 GB Commitment Tier Capacity Reservation","200","1/Day","788.4306","2019-11-01T00:00:00.000Z","187.7573","3.9422"
"2024-08-02T06:11:10.559Z","Azure Monitor","australiaeast","AUD","300 GB Commitment Tier Capacity Reservation","300","1/Day","1156.9363","2019-11-01T00:00:00.000Z","293.4748","3.8565"
"2024-08-02T06:11:10.559Z","Azure Monitor","australiaeast","AUD","400 GB Commitment Tier Capacity Reservation","400","1/Day","1508.3021","2019-11-01T00:00:00.000Z","391.1065","3.7708"
"2024-08-02T06:11:10.559Z","Azure Monitor","australiaeast","AUD","500 GB Commitment Tier Capacity Reservation","500","1/Day","1853.2405","2019-11-01T00:00:00.000Z","491.4714","3.7065"
"2024-08-02T06:11:10.559Z","Azure Monitor","australiaeast","AUD","1000 GB Commitment Tier Capacity Reservation","1000","1/Day","3642.2067","2021-06-01T00:00:00.000Z","982.6539","3.6422"
"2024-08-02T06:11:10.559Z","Azure Monitor","australiaeast","AUD","2000 GB Commitment Tier Capacity Reservation","2000","1/Day","7113.0155","2021-06-01T00:00:00.000Z","1952.9448","3.5565"
"2024-08-02T06:11:10.559Z","Azure Monitor","australiaeast","AUD","5000 GB Commitment Tier Capacity Reservation","5000","1/Day","17246.9202","2021-06-01T00:00:00.000Z","4849.4082","3.4494"
