"TimeGenerated","ServiceName","ArmRegionName","CurrencyCode","MeterName","Tier","UnitOfMeasure","RetailPrice","EffectiveStartDate","EffectiveCommitmentTierThresholdGB","EffectivePricePerGB"
"2023-03-29T15:50:58.330Z","Azure Monitor","australiaeast","NOK","Pay-as-you-go Data Ingestion","Pay-as-you-go","1 GB","34.7848","2018-02-01T00:00:00.000Z","0","34.7848"
"2023-03-29T15:50:58.330Z","Azure Monitor","australiaeast","NOK","100 GB Commitment Tier Capacity Reservation","100","1/Day","2857.7662","2019-11-01T00:00:00.000Z","82.1556","28.5777"
"2023-03-29T15:50:58.330Z","Azure Monitor","australiaeast","NOK","200 GB Commitment Tier Capacity Reservation","200","1/Day","5365.6019","2019-11-01T00:00:00.000Z","187.7549","26.828"
"2023-03-29T15:50:58.330Z","Azure Monitor","australiaeast","NOK","300 GB Commitment Tier Capacity Reservation","300","1/Day","7873.4376","2019-11-01T00:00:00.000Z","293.4784","26.2448"
"2023-03-29T15:50:58.330Z","Azure Monitor","australiaeast","NOK","400 GB Commitment Tier Capacity Reservation","400","1/Day","10264.6298","2019-11-01T00:00:00.000Z","391.111","25.6616"
"2023-03-29T15:50:58.330Z","Azure Monitor","australiaeast","NOK","500 GB Commitment Tier Capacity Reservation","500","1/Day","12612.0806","2019-11-01T00:00:00.000Z","491.4768","25.2242"
"2023-03-29T15:50:58.330Z","Azure Monitor","australiaeast","NOK","1000 GB Commitment Tier Capacity Reservation","1000","1/Day","24786.748","2021-06-01T02:00:00.000Z","982.6574","24.7867"
"2023-03-29T15:50:58.330Z","Azure Monitor","australiaeast","NOK","2000 GB Commitment Tier Capacity Reservation","2000","1/Day","48407.0608","2021-06-01T02:00:00.000Z","1952.945","24.2035"
"2023-03-29T15:50:58.330Z","Azure Monitor","australiaeast","NOK","5000 GB Commitment Tier Capacity Reservation","5000","1/Day","117372.542","2021-06-01T02:00:00.000Z","4849.4037","23.4745"
"2023-04-12T13:28:34.468Z","Azure Monitor","australiaeast","NOK","Pay-as-you-go Data Ingestion","Pay-as-you-go","1 GB","34.817","2018-02-01T00:00:00.000Z","0","34.817"
"2023-04-12T13:28:34.468Z","Azure Monitor","australiaeast","NOK","100 GB Commitment Tier Capacity Reservation","100","1/Day","2860.4142","2019-11-01T00:00:00.000Z","82.1557","28.6041"
"2023-04-12T13:28:34.468Z","Azure Monitor","australiaeast","NOK","200 GB Commitment Tier Capacity Reservation","200","1/Day","5370.5736","2019-11-01T00:00:00.000Z","187.7554","26.8529"
"2023-04-12T13:28:34.468Z","Azure Monitor","australiaeast","NOK","300 GB Commitment Tier Capacity Reservation","300","1/Day","7880.733","2019-11-01T00:00:00.000Z","293.4779","26.2691"
"2023-04-12T13:28:34.468Z","Azure Monitor","australiaeast","NOK","400 GB Commitment Tier Capacity Reservation","400","1/Day","10274.1408","2019-11-01T00:00:00.000Z","391.1113","25.6854"
"2023-04-12T13:28:34.468Z","Azure Monitor","australiaeast","NOK","500 GB Commitment Tier Capacity Reservation","500","1/Day","12623.7668","2019-11-01T00:00:00.000Z","491.4764","25.2475"
"2023-04-12T13:28:34.468Z","Azure Monitor","australiaeast","NOK","1000 GB Commitment Tier Capacity Reservation","1000","1/Day","24809.715","2021-06-01T02:00:00.000Z","982.6603","24.8097"
"2023-04-12T13:28:34.468Z","Azure Monitor","australiaeast","NOK","2000 GB Commitment Tier Capacity Reservation","2000","1/Day","48451.914","2021-06-01T02:00:00.000Z","1952.9424","24.226"
"2023-04-12T13:28:34.468Z","Azure Monitor","australiaeast","NOK","5000 GB Commitment Tier Capacity Reservation","5000","1/Day","117481.2975","2021-06-01T02:00:00.000Z","4849.389","23.4963"
"2023-05-02T08:07:40.927Z","Azure Monitor","australiaeast","NOK","Pay-as-you-go Data Ingestion","Pay-as-you-go","1 GB","35.4776","2018-02-01T00:00:00.000Z","0","35.4776"
"2023-05-02T08:07:40.927Z","Azure Monitor","australiaeast","NOK","100 GB Commitment Tier Capacity Reservation","100","1/Day","2914.6905","2019-11-01T00:00:00.000Z","82.1558","29.1469"
"2023-05-02T08:07:40.927Z","Azure Monitor","australiaeast","NOK","200 GB Commitment Tier Capacity Reservation","200","1/Day","5472.4802","2019-11-01T00:00:00.000Z","187.7551","27.3624"
"2023-05-02T08:07:40.927Z","Azure Monitor","australiaeast","NOK","300 GB Commitment Tier Capacity Reservation","300","1/Day","8030.2698","2019-11-01T00:00:00.000Z","293.4783","26.7676"
"2023-05-02T08:07:40.927Z","Azure Monitor","australiaeast","NOK","400 GB Commitment Tier Capacity Reservation","400","1/Day","10469.0925","2019-11-01T00:00:00.000Z","391.1106","26.1727"
"2023-05-02T08:07:40.927Z","Azure Monitor","australiaeast","NOK","500 GB Commitment Tier Capacity Reservation","500","1/Day","12863.3026","2019-11-01T00:00:00.000Z","491.4779","25.7266"
"2023-05-02T08:07:40.927Z","Azure Monitor","australiaeast","NOK","1000 GB Commitment Tier Capacity Reservation","1000","1/Day","25280.479","2021-06-01T02:00:00.000Z","982.6592","25.2805"
"2023-05-02T08:07:40.927Z","Azure Monitor","australiaeast","NOK","2000 GB Commitment Tier Capacity Reservation","2000","1/Day","49371.2884","2021-06-01T02:00:00.000Z","1952.9396","24.6856"
"2023-05-02T08:07:40.927Z","Azure Monitor","australiaeast","NOK","5000 GB Commitment Tier Capacity Reservation","5000","1/Day","119710.5035","2021-06-01T02:00:00.000Z","4849.4063","23.9421"
"2023-06-02T08:07:42.568Z","Azure Monitor","australiaeast","NOK","Pay-as-you-go Data Ingestion","Pay-as-you-go","1 GB","37.0035","2018-02-01T00:00:00.000Z","0","37.0035"
"2023-06-02T08:07:42.568Z","Azure Monitor","australiaeast","NOK","100 GB Commitment Tier Capacity Reservation","100","1/Day","3040.0502","2019-11-01T00:00:00.000Z","82.1557","30.4005"
"2023-06-02T08:07:42.568Z","Azure Monitor","australiaeast","NOK","200 GB Commitment Tier Capacity Reservation","200","1/Day","5707.8493","2019-11-01T00:00:00.000Z","187.7551","28.5392"
"2023-06-02T08:07:42.568Z","Azure Monitor","australiaeast","NOK","300 GB Commitment Tier Capacity Reservation","300","1/Day","8375.6484","2019-11-01T00:00:00.000Z","293.4787","27.9188"
"2023-06-02T08:07:42.568Z","Azure Monitor","australiaeast","NOK","400 GB Commitment Tier Capacity Reservation","400","1/Day","10919.3638","2019-11-01T00:00:00.000Z","391.1115","27.2984"
"2023-06-02T08:07:42.568Z","Azure Monitor","australiaeast","NOK","500 GB Commitment Tier Capacity Reservation","500","1/Day","13416.5479","2019-11-01T00:00:00.000Z","491.4774","26.8331"
"2023-06-02T08:07:42.568Z","Azure Monitor","australiaeast","NOK","1000 GB Commitment Tier Capacity Reservation","1000","1/Day","26367.782","2021-06-01T02:00:00.000Z","982.6588","26.3678"
"2023-06-02T08:07:42.568Z","Azure Monitor","australiaeast","NOK","2000 GB Commitment Tier Capacity Reservation","2000","1/Day","51494.7272","2021-06-01T02:00:00.000Z","1952.9398","25.7474"
"2023-06-02T08:07:42.568Z","Azure Monitor","australiaeast","NOK","5000 GB Commitment Tier Capacity Reservation","5000","1/Day","124859.203","2021-06-01T02:00:00.000Z","4849.3907","24.9718"
"2023-07-07T06:09:02.036Z","Azure Monitor","australiaeast","NOK","Pay-as-you-go Data Ingestion","Pay-as-you-go","1 GB","36.1209","2018-02-01T00:00:00.000Z","0","36.1209"
"2023-07-07T06:09:02.036Z","Azure Monitor","australiaeast","NOK","100 GB Commitment Tier Capacity Reservation","100","1/Day","2967.54","2019-11-01T00:00:00.000Z","82.1558","29.6754"
"2023-07-07T06:09:02.036Z","Azure Monitor","australiaeast","NOK","200 GB Commitment Tier Capacity Reservation","200","1/Day","5571.7077","2019-11-01T00:00:00.000Z","187.7551","27.8585"
"2023-07-07T06:09:02.036Z","Azure Monitor","australiaeast","NOK","300 GB Commitment Tier Capacity Reservation","300","1/Day","8175.8754","2019-11-01T00:00:00.000Z","293.4787","27.2529"
"2023-07-07T06:09:02.036Z","Azure Monitor","australiaeast","NOK","400 GB Commitment Tier Capacity Reservation","400","1/Day","10658.919","2019-11-01T00:00:00.000Z","391.1114","26.6473"
"2023-07-07T06:09:02.036Z","Azure Monitor","australiaeast","NOK","500 GB Commitment Tier Capacity Reservation","500","1/Day","13096.5411","2019-11-01T00:00:00.000Z","491.4772","26.1931"
"2023-07-07T06:09:02.036Z","Azure Monitor","australiaeast","NOK","1000 GB Commitment Tier Capacity Reservation","1000","1/Day","25738.867","2021-06-01T00:00:00.000Z","982.6583","25.7389"
"2023-07-07T06:09:02.036Z","Azure Monitor","australiaeast","NOK","2000 GB Commitment Tier Capacity Reservation","2000","1/Day","50266.4932","2021-06-01T00:00:00.000Z","1952.9387","25.1332"
"2023-07-07T06:09:02.036Z","Azure Monitor","australiaeast","NOK","5000 GB Commitment Tier Capacity Reservation","5000","1/Day","121881.1055","2021-06-01T00:00:00.000Z","4849.4066","24.3762"
"2023-08-01T06:08:30.007Z","Azure Monitor","australiaeast","NOK","Pay-as-you-go Data Ingestion","Pay-as-you-go","1 GB","33.8178","2018-02-01T00:00:00.000Z","0","33.8178"
"2023-08-01T06:08:30.007Z","Azure Monitor","australiaeast","NOK","200 GB Commitment Tier Capacity Reservation","200","1/Day","5216.4515","2019-11-01T00:00:00.000Z","175.7837","26.0823"
"2023-08-01T06:08:30.007Z","Azure Monitor","australiaeast","NOK","300 GB Commitment Tier Capacity Reservation","300","1/Day","7654.5756","2019-11-01T00:00:00.000Z","293.4778","25.5153"
"2023-08-01T06:08:30.007Z","Azure Monitor","australiaeast","NOK","5000 GB Commitment Tier Capacity Reservation","5000","1/Day","114109.877","2021-06-01T00:00:00.000Z","4540.2049","22.822"
"2023-08-02T06:09:03.844Z","Azure Monitor","australiaeast","NOK","100 GB Commitment Tier Capacity Reservation","100","1/Day","2778.3274","2019-11-01T00:00:00.000Z","82.1558","27.7833"
"2023-08-02T06:09:03.844Z","Azure Monitor","australiaeast","NOK","400 GB Commitment Tier Capacity Reservation","400","1/Day","9979.2986","2019-11-01T00:00:00.000Z","391.1104","24.9482"
"2023-08-02T06:09:03.844Z","Azure Monitor","australiaeast","NOK","500 GB Commitment Tier Capacity Reservation","500","1/Day","12261.4961","2019-11-01T00:00:00.000Z","491.4782","24.523"
"2023-08-02T06:09:03.844Z","Azure Monitor","australiaeast","NOK","1000 GB Commitment Tier Capacity Reservation","1000","1/Day","24097.738","2021-06-01T00:00:00.000Z","982.6586","24.0977"
"2023-08-02T06:09:03.844Z","Azure Monitor","australiaeast","NOK","2000 GB Commitment Tier Capacity Reservation","2000","1/Day","47061.4648","2021-06-01T00:00:00.000Z","1952.9443","23.5307"
"2023-09-02T06:07:00.316Z","Azure Monitor","australiaeast","NOK","Pay-as-you-go Data Ingestion","Pay-as-you-go","1 GB","35.6577","2018-02-01T00:00:00.000Z","0","35.6577"
"2023-09-02T06:07:00.316Z","Azure Monitor","australiaeast","NOK","100 GB Commitment Tier Capacity Reservation","100","1/Day","2929.4807","2019-11-01T00:00:00.000Z","82.1556","29.2948"
"2023-09-02T06:07:00.316Z","Azure Monitor","australiaeast","NOK","200 GB Commitment Tier Capacity Reservation","200","1/Day","5500.2494","2019-11-01T00:00:00.000Z","187.7551","27.5012"
"2023-09-02T06:07:00.316Z","Azure Monitor","australiaeast","NOK","300 GB Commitment Tier Capacity Reservation","300","1/Day","8071.0182","2019-11-01T00:00:00.000Z","293.4788","26.9034"
"2023-09-02T06:07:00.316Z","Azure Monitor","australiaeast","NOK","400 GB Commitment Tier Capacity Reservation","400","1/Day","10522.2163","2019-11-01T00:00:00.000Z","391.111","26.3055"
"2023-09-02T06:07:00.316Z","Azure Monitor","australiaeast","NOK","500 GB Commitment Tier Capacity Reservation","500","1/Day","12928.5755","2019-11-01T00:00:00.000Z","491.478","25.8572"
"2023-09-02T06:07:00.316Z","Azure Monitor","australiaeast","NOK","1000 GB Commitment Tier Capacity Reservation","1000","1/Day","25408.761","2021-06-01T00:00:00.000Z","982.6571","25.4088"
"2023-09-02T06:07:00.316Z","Azure Monitor","australiaeast","NOK","2000 GB Commitment Tier Capacity Reservation","2000","1/Day","49621.8156","2021-06-01T00:00:00.000Z","1952.9382","24.8109"
"2023-09-02T06:07:00.316Z","Azure Monitor","australiaeast","NOK","5000 GB Commitment Tier Capacity Reservation","5000","1/Day","120317.9565","2021-06-01T00:00:00.000Z","4849.3991","24.0636"
"2023-10-02T06:08:46.154Z","Azure Monitor","australiaeast","NOK","Pay-as-you-go Data Ingestion","Pay-as-you-go","1 GB","35.9134","2018-02-01T00:00:00.000Z","0","35.9134"
"2023-10-02T06:08:46.154Z","Azure Monitor","australiaeast","NOK","100 GB Commitment Tier Capacity Reservation","100","1/Day","2950.486","2019-11-01T00:00:00.000Z","82.1556","29.5049"
"2023-10-02T06:08:46.154Z","Azure Monitor","australiaeast","NOK","200 GB Commitment Tier Capacity Reservation","200","1/Day","5539.688","2019-11-01T00:00:00.000Z","187.7548","27.6984"
"2023-10-02T06:08:46.154Z","Azure Monitor","australiaeast","NOK","300 GB Commitment Tier Capacity Reservation","300","1/Day","8128.89","2019-11-01T00:00:00.000Z","293.4787","27.0963"
"2023-10-02T06:08:46.154Z","Azure Monitor","australiaeast","NOK","400 GB Commitment Tier Capacity Reservation","400","1/Day","10597.664","2019-11-01T00:00:00.000Z","391.1111","26.4942"
"2023-10-02T06:08:46.154Z","Azure Monitor","australiaeast","NOK","500 GB Commitment Tier Capacity Reservation","500","1/Day","13021.2775","2019-11-01T00:00:00.000Z","491.4765","26.0426"
"2023-10-02T06:08:46.154Z","Azure Monitor","australiaeast","NOK","1000 GB Commitment Tier Capacity Reservation","1000","1/Day","25590.95","2021-06-01T00:00:00.000Z","982.6573","25.591"
"2023-10-02T06:08:46.154Z","Azure Monitor","australiaeast","NOK","2000 GB Commitment Tier Capacity Reservation","2000","1/Day","49977.62","2021-06-01T00:00:00.000Z","1952.9374","24.9888"
"2023-10-02T06:08:46.154Z","Azure Monitor","australiaeast","NOK","5000 GB Commitment Tier Capacity Reservation","5000","1/Day","121180.675","2021-06-01T00:00:00.000Z","4849.3995","24.2361"
"2023-11-02T06:08:26.681Z","Azure Monitor","australiaeast","NOK","Pay-as-you-go Data Ingestion","Pay-as-you-go","1 GB","37.2549","2018-02-01T00:00:00.000Z","0","37.2549"
"2023-11-02T06:08:26.681Z","Azure Monitor","australiaeast","NOK","100 GB Commitment Tier Capacity Reservation","100","1/Day","3060.6988","2019-11-01T00:00:00.000Z","82.1556","30.607"
"2023-11-02T06:08:26.681Z","Azure Monitor","australiaeast","NOK","200 GB Commitment Tier Capacity Reservation","200","1/Day","5746.6181","2019-11-01T00:00:00.000Z","187.755","28.7331"
"2023-11-02T06:08:26.681Z","Azure Monitor","australiaeast","NOK","300 GB Commitment Tier Capacity Reservation","300","1/Day","8432.5374","2019-11-01T00:00:00.000Z","293.4782","28.1085"
"2023-11-02T06:08:26.681Z","Azure Monitor","australiaeast","NOK","400 GB Commitment Tier Capacity Reservation","400","1/Day","10993.5302","2019-11-01T00:00:00.000Z","391.1105","27.4838"
"2023-11-02T06:08:26.681Z","Azure Monitor","australiaeast","NOK","500 GB Commitment Tier Capacity Reservation","500","1/Day","13507.6756","2019-11-01T00:00:00.000Z","491.4777","27.0154"
"2023-11-02T06:08:26.681Z","Azure Monitor","australiaeast","NOK","1000 GB Commitment Tier Capacity Reservation","1000","1/Day","26546.877","2021-06-01T00:00:00.000Z","982.6572","26.5469"
"2023-11-02T06:08:26.681Z","Azure Monitor","australiaeast","NOK","2000 GB Commitment Tier Capacity Reservation","2000","1/Day","51844.4892","2021-06-01T00:00:00.000Z","1952.9395","25.9222"
"2023-11-02T06:08:26.681Z","Azure Monitor","australiaeast","NOK","5000 GB Commitment Tier Capacity Reservation","5000","1/Day","125707.2705","2021-06-01T00:00:00.000Z","4849.4059","25.1415"
"2023-12-02T06:07:58.693Z","Azure Monitor","australiaeast","NOK","Pay-as-you-go Data Ingestion","Pay-as-you-go","1 GB","35.5687","2018-02-01T00:00:00.000Z","0","35.5687"
"2023-12-02T06:07:58.693Z","Azure Monitor","australiaeast","NOK","100 GB Commitment Tier Capacity Reservation","100","1/Day","2922.1679","2019-11-01T00:00:00.000Z","82.1556","29.2217"
"2023-12-02T06:07:58.693Z","Azure Monitor","australiaeast","NOK","200 GB Commitment Tier Capacity Reservation","200","1/Day","5486.5194","2019-11-01T00:00:00.000Z","187.755","27.4326"
"2023-12-02T06:07:58.693Z","Azure Monitor","australiaeast","NOK","300 GB Commitment Tier Capacity Reservation","300","1/Day","8050.8708","2019-11-01T00:00:00.000Z","293.4782","26.8362"
"2023-12-02T06:07:58.693Z","Azure Monitor","australiaeast","NOK","400 GB Commitment Tier Capacity Reservation","400","1/Day","10495.9501","2019-11-01T00:00:00.000Z","391.1116","26.2399"
"2023-12-02T06:07:58.693Z","Azure Monitor","australiaeast","NOK","500 GB Commitment Tier Capacity Reservation","500","1/Day","12896.3023","2019-11-01T00:00:00.000Z","491.4768","25.7926"
"2023-12-02T06:07:58.693Z","Azure Monitor","australiaeast","NOK","1000 GB Commitment Tier Capacity Reservation","1000","1/Day","25345.334","2021-06-01T00:00:00.000Z","982.6591","25.3453"
"2023-12-02T06:07:58.693Z","Azure Monitor","australiaeast","NOK","2000 GB Commitment Tier Capacity Reservation","2000","1/Day","49497.9464","2021-06-01T00:00:00.000Z","1952.9438","24.749"
"2023-12-02T06:07:58.693Z","Azure Monitor","australiaeast","NOK","5000 GB Commitment Tier Capacity Reservation","5000","1/Day","120017.611","2021-06-01T00:00:00.000Z","4849.3923","24.0035"
"2024-01-02T06:08:37.104Z","Azure Monitor","australiaeast","NOK","Pay-as-you-go Data Ingestion","Pay-as-you-go","1 GB","33.6435","2018-02-01T00:00:00.000Z","0","33.6435"
"2024-01-02T06:08:37.104Z","Azure Monitor","australiaeast","NOK","100 GB Commitment Tier Capacity Reservation","100","1/Day","2764.0038","2019-11-01T00:00:00.000Z","82.1557","27.64"
"2024-01-02T06:08:37.104Z","Azure Monitor","australiaeast","NOK","200 GB Commitment Tier Capacity Reservation","200","1/Day","5189.5581","2019-11-01T00:00:00.000Z","187.7554","25.9478"
"2024-01-02T06:08:37.104Z","Azure Monitor","australiaeast","NOK","300 GB Commitment Tier Capacity Reservation","300","1/Day","7615.1124","2019-11-01T00:00:00.000Z","293.4782","25.3837"
"2024-01-02T06:08:37.104Z","Azure Monitor","australiaeast","NOK","400 GB Commitment Tier Capacity Reservation","400","1/Day","9927.8502","2019-11-01T00:00:00.000Z","391.1112","24.8196"
"2024-01-02T06:08:37.104Z","Azure Monitor","australiaeast","NOK","500 GB Commitment Tier Capacity Reservation","500","1/Day","12198.2819","2019-11-01T00:00:00.000Z","491.4778","24.3966"
"2024-01-02T06:08:37.104Z","Azure Monitor","australiaeast","NOK","1000 GB Commitment Tier Capacity Reservation","1000","1/Day","23973.502","2021-06-01T00:00:00.000Z","982.6575","23.9735"
"2024-01-02T06:08:37.104Z","Azure Monitor","australiaeast","NOK","2000 GB Commitment Tier Capacity Reservation","2000","1/Day","46818.8392","2021-06-01T00:00:00.000Z","1952.9413","23.4094"
"2024-01-02T06:08:37.104Z","Azure Monitor","australiaeast","NOK","5000 GB Commitment Tier Capacity Reservation","5000","1/Day","113521.583","2021-06-01T00:00:00.000Z","4849.4017","22.7043"
"2024-02-02T06:08:03.849Z","Azure Monitor","australiaeast","NOK","Pay-as-you-go Data Ingestion","Pay-as-you-go","1 GB","34.9419","2018-02-01T00:00:00.000Z","0","34.9419"
"2024-02-02T06:08:03.849Z","Azure Monitor","australiaeast","NOK","100 GB Commitment Tier Capacity Reservation","100","1/Day","2870.6768","2019-11-01T00:00:00.000Z","82.1557","28.7068"
"2024-02-02T06:08:03.849Z","Azure Monitor","australiaeast","NOK","200 GB Commitment Tier Capacity Reservation","200","1/Day","5389.8421","2019-11-01T00:00:00.000Z","187.7549","26.9492"
"2024-02-02T06:08:03.849Z","Azure Monitor","australiaeast","NOK","300 GB Commitment Tier Capacity Reservation","300","1/Day","7909.0074","2019-11-01T00:00:00.000Z","293.4784","26.3634"
"2024-02-02T06:08:03.849Z","Azure Monitor","australiaeast","NOK","400 GB Commitment Tier Capacity Reservation","400","1/Day","10311.0022","2019-11-01T00:00:00.000Z","391.1105","25.7775"
"2024-02-02T06:08:03.849Z","Azure Monitor","australiaeast","NOK","500 GB Commitment Tier Capacity Reservation","500","1/Day","12669.0581","2019-11-01T00:00:00.000Z","491.4774","25.3381"
"2024-02-02T06:08:03.849Z","Azure Monitor","australiaeast","NOK","1000 GB Commitment Tier Capacity Reservation","1000","1/Day","24898.727","2021-06-01T00:00:00.000Z","982.6596","24.8987"
"2024-02-02T06:08:03.849Z","Azure Monitor","australiaeast","NOK","2000 GB Commitment Tier Capacity Reservation","2000","1/Day","48625.7492","2021-06-01T00:00:00.000Z","1952.9433","24.3129"
"2024-02-02T06:08:03.849Z","Azure Monitor","australiaeast","NOK","5000 GB Commitment Tier Capacity Reservation","5000","1/Day","117902.7955","2021-06-01T00:00:00.000Z","4849.3925","23.5806"
"2024-03-02T06:08:20.311Z","Azure Monitor","australiaeast","NOK","Pay-as-you-go Data Ingestion","Pay-as-you-go","1 GB","35.1627","2018-02-01T00:00:00.000Z","0","35.1627"
"2024-03-02T06:08:20.311Z","Azure Monitor","australiaeast","NOK","100 GB Commitment Tier Capacity Reservation","100","1/Day","2888.8146","2019-11-01T00:00:00.000Z","82.1557","28.8881"
"2024-03-02T06:08:20.311Z","Azure Monitor","australiaeast","NOK","200 GB Commitment Tier Capacity Reservation","200","1/Day","5423.8968","2019-11-01T00:00:00.000Z","187.7554","27.1195"
"2024-03-02T06:08:20.311Z","Azure Monitor","australiaeast","NOK","300 GB Commitment Tier Capacity Reservation","300","1/Day","7958.979","2019-11-01T00:00:00.000Z","293.4781","26.5299"
"2024-03-02T06:08:20.311Z","Azure Monitor","australiaeast","NOK","400 GB Commitment Tier Capacity Reservation","400","1/Day","10376.1504","2019-11-01T00:00:00.000Z","391.1116","25.9404"
"2024-03-02T06:08:20.311Z","Azure Monitor","australiaeast","NOK","500 GB Commitment Tier Capacity Reservation","500","1/Day","12749.1052","2019-11-01T00:00:00.000Z","491.4768","25.4982"
"2024-03-02T06:08:20.311Z","Azure Monitor","australiaeast","NOK","1000 GB Commitment Tier Capacity Reservation","1000","1/Day","25056.045","2021-06-01T00:00:00.000Z","982.6594","25.056"
"2024-03-02T06:08:20.311Z","Azure Monitor","australiaeast","NOK","2000 GB Commitment Tier Capacity Reservation","2000","1/Day","48932.982","2021-06-01T00:00:00.000Z","1952.9447","24.4665"
"2024-03-02T06:08:20.311Z","Azure Monitor","australiaeast","NOK","5000 GB Commitment Tier Capacity Reservation","5000","1/Day","118647.7425","2021-06-01T00:00:00.000Z","4849.3958","23.7295"
"2024-04-03T09:26:28.723Z","Azure Monitor","australiaeast","NOK","Pay-as-you-go Data Ingestion","Pay-as-you-go","1 GB","35.8946","2018-02-01T00:00:00.000Z","0","35.8946"
"2024-04-03T09:26:28.723Z","Azure Monitor","australiaeast","NOK","100 GB Commitment Tier Capacity Reservation","100","1/Day","2948.9494","2019-11-01T00:00:00.000Z","82.1558","29.4895"
"2024-04-03T09:26:28.723Z","Azure Monitor","australiaeast","NOK","200 GB Commitment Tier Capacity Reservation","200","1/Day","5536.8029","2019-11-01T00:00:00.000Z","187.7551","27.684"
"2024-04-03T09:26:28.723Z","Azure Monitor","australiaeast","NOK","300 GB Commitment Tier Capacity Reservation","300","1/Day","8124.6564","2019-11-01T00:00:00.000Z","293.4784","27.0822"
"2024-04-03T09:26:28.723Z","Azure Monitor","australiaeast","NOK","400 GB Commitment Tier Capacity Reservation","400","1/Day","10592.1446","2019-11-01T00:00:00.000Z","391.1109","26.4804"
"2024-04-03T09:26:28.723Z","Azure Monitor","australiaeast","NOK","500 GB Commitment Tier Capacity Reservation","500","1/Day","13014.4959","2019-11-01T00:00:00.000Z","491.4766","26.029"
"2024-04-03T09:26:28.723Z","Azure Monitor","australiaeast","NOK","1000 GB Commitment Tier Capacity Reservation","1000","1/Day","25577.622","2021-06-01T00:00:00.000Z","982.6586","25.5776"
"2024-04-03T09:26:28.723Z","Azure Monitor","australiaeast","NOK","2000 GB Commitment Tier Capacity Reservation","2000","1/Day","49951.5912","2021-06-01T00:00:00.000Z","1952.9429","24.9758"
"2024-04-03T09:26:28.723Z","Azure Monitor","australiaeast","NOK","5000 GB Commitment Tier Capacity Reservation","5000","1/Day","121117.563","2021-06-01T00:00:00.000Z","4849.3967","24.2235"
"2024-05-01T06:09:59.892Z","Azure Monitor","australiaeast","NOK","Pay-as-you-go Data Ingestion","Pay-as-you-go","1 GB","36.8424","2018-02-01T00:00:00.000Z","0","36.8424"
"2024-05-01T06:09:59.892Z","Azure Monitor","australiaeast","NOK","100 GB Commitment Tier Capacity Reservation","100","1/Day","3026.8104","2019-11-01T00:00:00.000Z","82.1556","30.2681"
"2024-05-01T06:09:59.892Z","Azure Monitor","australiaeast","NOK","200 GB Commitment Tier Capacity Reservation","200","1/Day","5682.9909","2019-11-01T00:00:00.000Z","187.7551","28.415"
"2024-05-01T06:09:59.892Z","Azure Monitor","australiaeast","NOK","300 GB Commitment Tier Capacity Reservation","300","1/Day","8339.1714","2019-11-01T00:00:00.000Z","293.4778","27.7972"
"2024-05-01T06:09:59.892Z","Azure Monitor","australiaeast","NOK","400 GB Commitment Tier Capacity Reservation","400","1/Day","10871.8086","2019-11-01T00:00:00.000Z","391.1116","27.1795"
"2024-05-01T06:09:59.892Z","Azure Monitor","australiaeast","NOK","500 GB Commitment Tier Capacity Reservation","500","1/Day","13358.1171","2019-11-01T00:00:00.000Z","491.4777","26.7162"
"2024-05-01T06:09:59.892Z","Azure Monitor","australiaeast","NOK","1000 GB Commitment Tier Capacity Reservation","1000","1/Day","26252.947","2021-06-01T00:00:00.000Z","982.6602","26.2529"
"2024-05-01T06:09:59.892Z","Azure Monitor","australiaeast","NOK","2000 GB Commitment Tier Capacity Reservation","2000","1/Day","51270.4612","2021-06-01T00:00:00.000Z","1952.9447","25.6352"
"2024-05-01T06:09:59.892Z","Azure Monitor","australiaeast","NOK","5000 GB Commitment Tier Capacity Reservation","5000","1/Day","124315.4255","2021-06-01T00:00:00.000Z","4849.4034","24.8631"
"2024-06-02T06:10:06.668Z","Azure Monitor","australiaeast","NOK","Pay-as-you-go Data Ingestion","Pay-as-you-go","1 GB","35.2779","2018-02-01T00:00:00.000Z","0","35.2779"
"2024-06-02T06:10:06.668Z","Azure Monitor","australiaeast","NOK","100 GB Commitment Tier Capacity Reservation","100","1/Day","2898.2814","2019-11-01T00:00:00.000Z","82.1557","28.9828"
"2024-06-02T06:10:06.668Z","Azure Monitor","australiaeast","NOK","200 GB Commitment Tier Capacity Reservation","200","1/Day","5441.6712","2019-11-01T00:00:00.000Z","187.7552","27.2084"
"2024-06-02T06:10:06.668Z","Azure Monitor","australiaeast","NOK","300 GB Commitment Tier Capacity Reservation","300","1/Day","7985.061","2019-11-01T00:00:00.000Z","293.4778","26.6169"
"2024-06-02T06:10:06.668Z","Azure Monitor","australiaeast","NOK","400 GB Commitment Tier Capacity Reservation","400","1/Day","10410.1536","2019-11-01T00:00:00.000Z","391.1107","26.0254"
"2024-06-02T06:10:06.668Z","Azure Monitor","australiaeast","NOK","500 GB Commitment Tier Capacity Reservation","500","1/Day","12790.8848","2019-11-01T00:00:00.000Z","491.477","25.5818"
"2024-06-02T06:10:06.668Z","Azure Monitor","australiaeast","NOK","1000 GB Commitment Tier Capacity Reservation","1000","1/Day","25138.155","2021-06-01T00:00:00.000Z","982.6578","25.1382"
"2024-06-02T06:10:06.668Z","Azure Monitor","australiaeast","NOK","2000 GB Commitment Tier Capacity Reservation","2000","1/Day","49093.338","2021-06-01T00:00:00.000Z","1952.9377","24.5467"
"2024-06-02T06:10:06.668Z","Azure Monitor","australiaeast","NOK","5000 GB Commitment Tier Capacity Reservation","5000","1/Day","119036.5575","2021-06-01T00:00:00.000Z","4849.3915","23.8073"
"2024-07-01T06:11:21.244Z","Azure Monitor","australiaeast","NOK","Pay-as-you-go Data Ingestion","Pay-as-you-go","1 GB","35.6575","2018-02-01T00:00:00.000Z","0","35.6575"
"2024-07-01T06:11:21.244Z","Azure Monitor","australiaeast","NOK","100 GB Commitment Tier Capacity Reservation","100","1/Day","2929.467","2019-11-01T00:00:00.000Z","82.1557","29.2947"
"2024-07-01T06:11:21.244Z","Azure Monitor","australiaeast","NOK","200 GB Commitment Tier Capacity Reservation","200","1/Day","5500.2237","2019-11-01T00:00:00.000Z","187.7549","27.5011"
"2024-07-01T06:11:21.244Z","Azure Monitor","australiaeast","NOK","300 GB Commitment Tier Capacity Reservation","300","1/Day","8070.9804","2019-11-01T00:00:00.000Z","293.4785","26.9033"
"2024-07-01T06:11:21.244Z","Azure Monitor","australiaeast","NOK","400 GB Commitment Tier Capacity Reservation","400","1/Day","10522.167","2019-11-01T00:00:00.000Z","391.1106","26.3054"
"2024-07-01T06:11:21.244Z","Azure Monitor","australiaeast","NOK","500 GB Commitment Tier Capacity Reservation","500","1/Day","12928.5149","2019-11-01T00:00:00.000Z","491.4776","25.857"
"2024-07-01T06:11:21.244Z","Azure Monitor","australiaeast","NOK","1000 GB Commitment Tier Capacity Reservation","1000","1/Day","25408.642","2021-06-01T00:00:00.000Z","982.6601","25.4086"
"2024-07-01T06:11:21.244Z","Azure Monitor","australiaeast","NOK","2000 GB Commitment Tier Capacity Reservation","2000","1/Day","49621.5832","2021-06-01T00:00:00.000Z","1952.9444","24.8108"
"2024-07-01T06:11:21.244Z","Azure Monitor","australiaeast","NOK","5000 GB Commitment Tier Capacity Reservation","5000","1/Day","120317.393","2021-06-01T00:00:00.000Z","4849.3959","24.0635"
"2024-08-02T06:11:10.559Z","Azure Monitor","australiaeast","NOK","Pay-as-you-go Data Ingestion","Pay-as-you-go","1 GB","36.749","2018-02-01T00:00:00.000Z","0","36.749"
"2024-08-02T06:11:10.559Z","Azure Monitor","australiaeast","NOK","100 GB Commitment Tier Capacity Reservation","100","1/Day","3019.1409","2019-11-01T00:00:00.000Z","82.1557","30.1914"
"2024-08-02T06:11:10.559Z","Azure Monitor","australiaeast","NOK","200 GB Commitment Tier Capacity Reservation","200","1/Day","5668.591","2019-11-01T00:00:00.000Z","187.7552","28.3430"
"2024-08-02T06:11:10.559Z","Azure Monitor","australiaeast","NOK","300 GB Commitment Tier Capacity Reservation","300","1/Day","8318.0412","2019-11-01T00:00:00.000Z","293.4778","27.7268"
"2024-08-02T06:11:10.559Z","Azure Monitor","australiaeast","NOK","400 GB Commitment Tier Capacity Reservation","400","1/Day","10844.2611","2019-11-01T00:00:00.000Z","391.1112","27.1107"
"2024-08-02T06:11:10.559Z","Azure Monitor","australiaeast","NOK","500 GB Commitment Tier Capacity Reservation","500","1/Day","13324.2697","2019-11-01T00:00:00.000Z","491.4764","26.6485"
"2024-08-02T06:11:10.559Z","Azure Monitor","australiaeast","NOK","1000 GB Commitment Tier Capacity Reservation","1000","1/Day","26186.426","2021-06-01T00:00:00.000Z","982.6604","26.1864"
"2024-08-02T06:11:10.559Z","Azure Monitor","australiaeast","NOK","2000 GB Commitment Tier Capacity Reservation","2000","1/Day","51140.5496","2021-06-01T00:00:00.000Z","1952.9431","25.5703"
"2024-08-02T06:11:10.559Z","Azure Monitor","australiaeast","NOK","5000 GB Commitment Tier Capacity Reservation","5000","1/Day","124000.429","2021-06-01T00:00:00.000Z","4849.3928","24.8001"
