"TimeGenerated","ServiceName","ArmRegionName","CurrencyCode","MeterName","Tier","UnitOfMeasure","RetailPrice","EffectiveStartDate","EffectiveCommitmentTierThresholdGB","EffectivePricePerGB"
"2023-03-29T15:50:58.330Z","Azure Monitor","australiaeast","USD","Pay-as-you-go Data Ingestion","Pay-as-you-go","1 GB","3.34","2018-02-01T00:00:00.000Z","0","3.34"
"2023-03-29T15:50:58.330Z","Azure Monitor","australiaeast","USD","100 GB Commitment Tier Capacity Reservation","100","1/Day","274.4","2019-11-01T00:00:00.000Z","82.1557","2.744"
"2023-03-29T15:50:58.330Z","Azure Monitor","australiaeast","USD","200 GB Commitment Tier Capacity Reservation","200","1/Day","515.2","2019-11-01T00:00:00.000Z","187.7551","2.576"
"2023-03-29T15:50:58.330Z","Azure Monitor","australiaeast","USD","300 GB Commitment Tier Capacity Reservation","300","1/Day","756","2019-11-01T00:00:00.000Z","293.4783","2.52"
"2023-03-29T15:50:58.330Z","Azure Monitor","australiaeast","USD","400 GB Commitment Tier Capacity Reservation","400","1/Day","985.6","2019-11-01T00:00:00.000Z","391.1111","2.464"
"2023-03-29T15:50:58.330Z","Azure Monitor","australiaeast","USD","500 GB Commitment Tier Capacity Reservation","500","1/Day","1211","2019-11-01T00:00:00.000Z","491.4773","2.422"
"2023-03-29T15:50:58.330Z","Azure Monitor","australiaeast","USD","1000 GB Commitment Tier Capacity Reservation","1000","1/Day","2380","2021-06-01T02:00:00.000Z","982.659","2.38"
"2023-03-29T15:50:58.330Z","Azure Monitor","australiaeast","USD","2000 GB Commitment Tier Capacity Reservation","2000","1/Day","4648","2021-06-01T02:00:00.000Z","1952.9412","2.324"
"2023-03-29T15:50:58.330Z","Azure Monitor","australiaeast","USD","5000 GB Commitment Tier Capacity Reservation","5000","1/Day","11270","2021-06-01T02:00:00.000Z","4849.3976","2.254"
