"TimeGenerated","ServiceName","ArmRegionName","CurrencyCode","MeterName","Tier","UnitOfMeasure","RetailPrice","EffectiveStartDate","EffectiveCommitmentTierThresholdGB","EffectivePricePerGB"
"2023-03-29T15:50:58.330Z","Azure Monitor","eastus","AUD","Pay-as-you-go Data Ingestion","Pay-as-you-go","1 GB","3.4216","2018-02-01T00:00:00.000Z","0","3.4216"
"2023-03-29T15:50:58.330Z","Azure Monitor","eastus","AUD","100 GB Commitment Tier Capacity Reservation","100","1/Day","291.5799","2019-11-01T00:00:00.000Z","85.2174","2.9158"
"2023-03-29T15:50:58.330Z","Azure Monitor","eastus","AUD","200 GB Commitment Tier Capacity Reservation","200","1/Day","547.4561","2019-11-01T00:00:00.000Z","187.755","2.7373"
"2023-03-29T15:50:58.330Z","Azure Monitor","eastus","AUD","300 GB Commitment Tier Capacity Reservation","300","1/Day","803.3323","2019-11-01T00:00:00.000Z","293.4762","2.6778"
"2023-03-29T15:50:58.330Z","Azure Monitor","eastus","AUD","400 GB Commitment Tier Capacity Reservation","400","1/Day","1047.3073","2019-11-01T00:00:00.000Z","391.1074","2.6183"
"2023-03-29T15:50:58.330Z","Azure Monitor","eastus","AUD","500 GB Commitment Tier Capacity Reservation","500","1/Day","1286.8194","2019-11-01T00:00:00.000Z","491.4713","2.5736"
"2023-03-29T15:50:58.330Z","Azure Monitor","eastus","AUD","1000 GB Commitment Tier Capacity Reservation","1000","1/Day","2529.0092","2021-06-01T02:00:00.000Z","982.6738","2.529"
"2023-03-29T15:50:58.330Z","Azure Monitor","eastus","AUD","2000 GB Commitment Tier Capacity Reservation","2000","1/Day","4939.0062","2021-06-01T02:00:00.000Z","1952.9483","2.4695"
"2023-03-29T15:50:58.330Z","Azure Monitor","eastus","AUD","5000 GB Commitment Tier Capacity Reservation","5000","1/Day","11975.6025","2021-06-01T02:00:00.000Z","4849.4037","2.3951"
"2023-04-12T13:28:34.468Z","Azure Monitor","eastus","AUD","Pay-as-you-go Data Ingestion","Pay-as-you-go","1 GB","3.4413","2018-02-01T00:00:00.000Z","0","3.4413"
"2023-04-12T13:28:34.468Z","Azure Monitor","eastus","AUD","100 GB Commitment Tier Capacity Reservation","100","1/Day","293.2595","2019-11-01T00:00:00.000Z","85.2177","2.9326"
"2023-04-12T13:28:34.468Z","Azure Monitor","eastus","AUD","200 GB Commitment Tier Capacity Reservation","200","1/Day","550.6097","2019-11-01T00:00:00.000Z","187.7548","2.753"
"2023-04-12T13:28:34.468Z","Azure Monitor","eastus","AUD","300 GB Commitment Tier Capacity Reservation","300","1/Day","807.9599","2019-11-01T00:00:00.000Z","293.4834","2.6932"
"2023-04-12T13:28:34.468Z","Azure Monitor","eastus","AUD","400 GB Commitment Tier Capacity Reservation","400","1/Day","1053.3403","2019-11-01T00:00:00.000Z","391.1111","2.6334"
"2023-04-12T13:28:34.468Z","Azure Monitor","eastus","AUD","500 GB Commitment Tier Capacity Reservation","500","1/Day","1294.2321","2019-11-01T00:00:00.000Z","491.4681","2.5885"
"2023-04-12T13:28:34.468Z","Azure Monitor","eastus","AUD","1000 GB Commitment Tier Capacity Reservation","1000","1/Day","2543.5775","2021-06-01T02:00:00.000Z","982.6454","2.5436"
"2023-04-12T13:28:34.468Z","Azure Monitor","eastus","AUD","2000 GB Commitment Tier Capacity Reservation","2000","1/Day","4967.4572","2021-06-01T02:00:00.000Z","1952.9239","2.4837"
"2023-04-12T13:28:34.468Z","Azure Monitor","eastus","AUD","5000 GB Commitment Tier Capacity Reservation","5000","1/Day","12044.5874","2021-06-01T02:00:00.000Z","4849.4534","2.4089"
"2023-05-02T08:07:40.927Z","Azure Monitor","eastus","AUD","Pay-as-you-go Data Ingestion","Pay-as-you-go","1 GB","3.4804","2018-02-01T00:00:00.000Z","0","3.4804"
"2023-05-02T08:07:40.927Z","Azure Monitor","eastus","AUD","100 GB Commitment Tier Capacity Reservation","100","1/Day","296.5877","2019-11-01T00:00:00.000Z","85.2166","2.9659"
"2023-05-02T08:07:40.927Z","Azure Monitor","eastus","AUD","200 GB Commitment Tier Capacity Reservation","200","1/Day","556.8586","2019-11-01T00:00:00.000Z","187.7537","2.7843"
"2023-05-02T08:07:40.927Z","Azure Monitor","eastus","AUD","300 GB Commitment Tier Capacity Reservation","300","1/Day","817.1295","2019-11-01T00:00:00.000Z","293.4775","2.7238"
"2023-05-02T08:07:40.927Z","Azure Monitor","eastus","AUD","400 GB Commitment Tier Capacity Reservation","400","1/Day","1065.2947","2019-11-01T00:00:00.000Z","391.1061","2.6632"
"2023-05-02T08:07:40.927Z","Azure Monitor","eastus","AUD","500 GB Commitment Tier Capacity Reservation","500","1/Day","1308.9203","2019-11-01T00:00:00.000Z","491.484","2.6178"
"2023-05-02T08:07:40.927Z","Azure Monitor","eastus","AUD","1000 GB Commitment Tier Capacity Reservation","1000","1/Day","2572.4446","2021-06-01T02:00:00.000Z","982.6742","2.5724"
"2023-05-02T08:07:40.927Z","Azure Monitor","eastus","AUD","2000 GB Commitment Tier Capacity Reservation","2000","1/Day","5023.8329","2021-06-01T02:00:00.000Z","1952.975","2.5119"
"2023-05-02T08:07:40.927Z","Azure Monitor","eastus","AUD","5000 GB Commitment Tier Capacity Reservation","5000","1/Day","12181.2817","2021-06-01T02:00:00.000Z","4849.4294","2.4363"
"2023-06-02T08:07:42.568Z","Azure Monitor","eastus","AUD","Pay-as-you-go Data Ingestion","Pay-as-you-go","1 GB","3.5344","2018-02-01T00:00:00.000Z","0","3.5344"
"2023-06-02T08:07:42.568Z","Azure Monitor","eastus","AUD","100 GB Commitment Tier Capacity Reservation","100","1/Day","301.1909","2019-11-01T00:00:00.000Z","85.217","3.0119"
"2023-06-02T08:07:42.568Z","Azure Monitor","eastus","AUD","200 GB Commitment Tier Capacity Reservation","200","1/Day","565.5013","2019-11-01T00:00:00.000Z","187.7557","2.8275"
"2023-06-02T08:07:42.568Z","Azure Monitor","eastus","AUD","300 GB Commitment Tier Capacity Reservation","300","1/Day","829.8118","2019-11-01T00:00:00.000Z","293.479","2.766"
"2023-06-02T08:07:42.568Z","Azure Monitor","eastus","AUD","400 GB Commitment Tier Capacity Reservation","400","1/Day","1081.8287","2019-11-01T00:00:00.000Z","391.1167","2.7046"
"2023-06-02T08:07:42.568Z","Azure Monitor","eastus","AUD","500 GB Commitment Tier Capacity Reservation","500","1/Day","1329.2355","2019-11-01T00:00:00.000Z","491.4721","2.6585"
"2023-06-02T08:07:42.568Z","Azure Monitor","eastus","AUD","1000 GB Commitment Tier Capacity Reservation","1000","1/Day","2612.3703","2021-06-01T02:00:00.000Z","982.6482","2.6124"
"2023-06-02T08:07:42.568Z","Azure Monitor","eastus","AUD","2000 GB Commitment Tier Capacity Reservation","2000","1/Day","5101.8056","2021-06-01T02:00:00.000Z","1952.919","2.5509"
"2023-06-02T08:07:42.568Z","Azure Monitor","eastus","AUD","5000 GB Commitment Tier Capacity Reservation","5000","1/Day","12370.3419","2021-06-01T02:00:00.000Z","4849.4029","2.4741"
"2023-07-07T06:09:02.036Z","Azure Monitor","eastus","AUD","Pay-as-you-go Data Ingestion","Pay-as-you-go","1 GB","3.4846","2018-02-01T00:00:00.000Z","0","3.4846"
"2023-07-07T06:09:02.036Z","Azure Monitor","eastus","AUD","100 GB Commitment Tier Capacity Reservation","100","1/Day","296.9472","2019-11-01T00:00:00.000Z","85.217","2.9695"
"2023-07-07T06:09:02.036Z","Azure Monitor","eastus","AUD","200 GB Commitment Tier Capacity Reservation","200","1/Day","557.5335","2019-11-01T00:00:00.000Z","187.7533","2.7877"
"2023-07-07T06:09:02.036Z","Azure Monitor","eastus","AUD","300 GB Commitment Tier Capacity Reservation","300","1/Day","818.1198","2019-11-01T00:00:00.000Z","293.4748","2.7271"
"2023-07-07T06:09:02.036Z","Azure Monitor","eastus","AUD","400 GB Commitment Tier Capacity Reservation","400","1/Day","1066.5859","2019-11-01T00:00:00.000Z","391.1063","2.6665"
"2023-07-07T06:09:02.036Z","Azure Monitor","eastus","AUD","500 GB Commitment Tier Capacity Reservation","500","1/Day","1310.5068","2019-11-01T00:00:00.000Z","491.4708","2.621"
"2023-07-07T06:09:02.036Z","Azure Monitor","eastus","AUD","1000 GB Commitment Tier Capacity Reservation","1000","1/Day","2575.5625","2021-06-01T00:00:00.000Z","982.6641","2.5756"
"2023-07-07T06:09:02.036Z","Azure Monitor","eastus","AUD","2000 GB Commitment Tier Capacity Reservation","2000","1/Day","5029.922","2021-06-01T00:00:00.000Z","1952.9127","2.515"
"2023-07-07T06:09:02.036Z","Azure Monitor","eastus","AUD","5000 GB Commitment Tier Capacity Reservation","5000","1/Day","12196.0458","2021-06-01T00:00:00.000Z","4849.3224","2.4392"
"2023-08-01T06:08:30.007Z","Azure Monitor","eastus","AUD","Pay-as-you-go Data Ingestion","Pay-as-you-go","1 GB","3.4188","2018-02-01T00:00:00.000Z","0","3.4188"
"2023-08-01T06:08:30.007Z","Azure Monitor","eastus","AUD","300 GB Commitment Tier Capacity Reservation","300","1/Day","802.6756","2019-11-01T00:00:00.000Z","287.9347","2.6756"
"2023-08-01T06:08:30.007Z","Azure Monitor","eastus","AUD","5000 GB Commitment Tier Capacity Reservation","5000","1/Day","11965.812","2021-06-01T00:00:00.000Z","4757.7781","2.3932"
"2023-08-02T06:09:03.844Z","Azure Monitor","eastus","AUD","100 GB Commitment Tier Capacity Reservation","100","1/Day","291.3415","2019-11-01T00:00:00.000Z","85.2175","2.9134"
"2023-08-02T06:09:03.844Z","Azure Monitor","eastus","AUD","200 GB Commitment Tier Capacity Reservation","200","1/Day","547.0085","2019-11-01T00:00:00.000Z","187.7561","2.735"
"2023-08-02T06:09:03.844Z","Azure Monitor","eastus","AUD","400 GB Commitment Tier Capacity Reservation","400","1/Day","1046.4511","2019-11-01T00:00:00.000Z","391.1089","2.6161"
"2023-08-02T06:09:03.844Z","Azure Monitor","eastus","AUD","500 GB Commitment Tier Capacity Reservation","500","1/Day","1285.7674","2019-11-01T00:00:00.000Z","491.4825","2.5715"
"2023-08-02T06:09:03.844Z","Azure Monitor","eastus","AUD","1000 GB Commitment Tier Capacity Reservation","1000","1/Day","2526.9417","2021-06-01T00:00:00.000Z","982.6723","2.5269"
"2023-08-02T06:09:03.844Z","Azure Monitor","eastus","AUD","2000 GB Commitment Tier Capacity Reservation","2000","1/Day","4934.9684","2021-06-01T00:00:00.000Z","1952.9734","2.4675"
"2023-09-02T06:07:00.316Z","Azure Monitor","eastus","AUD","Pay-as-you-go Data Ingestion","Pay-as-you-go","1 GB","3.5706","2018-02-01T00:00:00.000Z","0","3.5706"
"2023-09-02T06:07:00.316Z","Azure Monitor","eastus","AUD","100 GB Commitment Tier Capacity Reservation","100","1/Day","304.277","2019-11-01T00:00:00.000Z","85.2173","3.0428"
"2023-09-02T06:07:00.316Z","Azure Monitor","eastus","AUD","200 GB Commitment Tier Capacity Reservation","200","1/Day","571.2955","2019-11-01T00:00:00.000Z","187.7532","2.8565"
"2023-09-02T06:07:00.316Z","Azure Monitor","eastus","AUD","300 GB Commitment Tier Capacity Reservation","300","1/Day","838.3141","2019-11-01T00:00:00.000Z","293.476","2.7944"
"2023-09-02T06:07:00.316Z","Azure Monitor","eastus","AUD","400 GB Commitment Tier Capacity Reservation","400","1/Day","1092.9131","2019-11-01T00:00:00.000Z","391.1083","2.7323"
"2023-09-02T06:07:00.316Z","Azure Monitor","eastus","AUD","500 GB Commitment Tier Capacity Reservation","500","1/Day","1342.8549","2019-11-01T00:00:00.000Z","491.4742","2.6857"
"2023-09-02T06:07:00.316Z","Azure Monitor","eastus","AUD","1000 GB Commitment Tier Capacity Reservation","1000","1/Day","2639.1368","2021-06-01T00:00:00.000Z","982.6625","2.6391"
"2023-09-02T06:07:00.316Z","Azure Monitor","eastus","AUD","2000 GB Commitment Tier Capacity Reservation","2000","1/Day","5154.079","2021-06-01T00:00:00.000Z","1952.9684","2.577"
"2023-09-02T06:07:00.316Z","Azure Monitor","eastus","AUD","5000 GB Commitment Tier Capacity Reservation","5000","1/Day","12497.0892","2021-06-01T00:00:00.000Z","4849.4719","2.4994"
"2023-10-02T06:08:46.154Z","Azure Monitor","eastus","AUD","Pay-as-you-go Data Ingestion","Pay-as-you-go","1 GB","3.6067","2018-02-01T00:00:00.000Z","0","3.6067"
"2023-10-02T06:08:46.154Z","Azure Monitor","eastus","AUD","100 GB Commitment Tier Capacity Reservation","100","1/Day","307.3546","2019-11-01T00:00:00.000Z","85.2177","3.0735"
"2023-10-02T06:08:46.154Z","Azure Monitor","eastus","AUD","200 GB Commitment Tier Capacity Reservation","200","1/Day","577.0739","2019-11-01T00:00:00.000Z","187.7579","2.8854"
"2023-10-02T06:08:46.154Z","Azure Monitor","eastus","AUD","300 GB Commitment Tier Capacity Reservation","300","1/Day","846.7932","2019-11-01T00:00:00.000Z","293.4752","2.8226"
"2023-10-02T06:08:46.154Z","Azure Monitor","eastus","AUD","400 GB Commitment Tier Capacity Reservation","400","1/Day","1103.9674","2019-11-01T00:00:00.000Z","391.1172","2.7599"
"2023-10-02T06:08:46.154Z","Azure Monitor","eastus","AUD","500 GB Commitment Tier Capacity Reservation","500","1/Day","1356.4372","2019-11-01T00:00:00.000Z","491.4806","2.7129"
"2023-10-02T06:08:46.154Z","Azure Monitor","eastus","AUD","1000 GB Commitment Tier Capacity Reservation","1000","1/Day","2665.8303","2021-06-01T00:00:00.000Z","982.6497","2.6658"
"2023-10-02T06:08:46.154Z","Azure Monitor","eastus","AUD","2000 GB Commitment Tier Capacity Reservation","2000","1/Day","5206.2098","2021-06-01T00:00:00.000Z","1952.9634","2.6031"
"2023-10-02T06:08:46.154Z","Azure Monitor","eastus","AUD","5000 GB Commitment Tier Capacity Reservation","5000","1/Day","12623.4907","2021-06-01T00:00:00.000Z","4849.4067","2.5247"
"2023-11-01T06:08:41.407Z","Azure Monitor","eastus","AUD","Pay-as-you-go Data Ingestion","Pay-as-you-go","1 GB","3.6218","2018-02-01T00:00:00.000Z","0","3.6218"
"2023-11-01T06:08:41.407Z","Azure Monitor","eastus","AUD","100 GB Commitment Tier Capacity Reservation","100","1/Day","308.6371","2019-11-01T00:00:00.000Z","85.2165","3.0864"
"2023-11-01T06:08:41.407Z","Azure Monitor","eastus","AUD","200 GB Commitment Tier Capacity Reservation","200","1/Day","579.4819","2019-11-01T00:00:00.000Z","187.7533","2.8974"
"2023-11-01T06:08:41.407Z","Azure Monitor","eastus","AUD","300 GB Commitment Tier Capacity Reservation","300","1/Day","850.3267","2019-11-01T00:00:00.000Z","293.4792","2.8344"
"2023-11-01T06:08:41.407Z","Azure Monitor","eastus","AUD","400 GB Commitment Tier Capacity Reservation","400","1/Day","1108.5741","2019-11-01T00:00:00.000Z","391.1142","2.7714"
"2023-11-01T06:08:41.407Z","Azure Monitor","eastus","AUD","500 GB Commitment Tier Capacity Reservation","500","1/Day","1362.0975","2019-11-01T00:00:00.000Z","491.4835","2.7242"
"2023-11-01T06:08:41.407Z","Azure Monitor","eastus","AUD","1000 GB Commitment Tier Capacity Reservation","1000","1/Day","2676.9546","2021-06-01T00:00:00.000Z","982.6571","2.677"
"2023-11-01T06:08:41.407Z","Azure Monitor","eastus","AUD","2000 GB Commitment Tier Capacity Reservation","2000","1/Day","5227.9348","2021-06-01T00:00:00.000Z","1952.908","2.614"
"2023-11-01T06:08:41.407Z","Azure Monitor","eastus","AUD","5000 GB Commitment Tier Capacity Reservation","5000","1/Day","12676.1672","2021-06-01T00:00:00.000Z","4849.3371","2.5352"
"2023-12-02T06:07:58.693Z","Azure Monitor","eastus","AUD","Pay-as-you-go Data Ingestion","Pay-as-you-go","1 GB","3.4631","2018-02-01T00:00:00.000Z","0","3.4631"
"2023-12-02T06:07:58.693Z","Azure Monitor","eastus","AUD","100 GB Commitment Tier Capacity Reservation","100","1/Day","295.1141","2019-11-01T00:00:00.000Z","85.2167","2.9511"
"2023-12-02T06:07:58.693Z","Azure Monitor","eastus","AUD","200 GB Commitment Tier Capacity Reservation","200","1/Day","554.0917","2019-11-01T00:00:00.000Z","187.7577","2.7705"
"2023-12-02T06:07:58.693Z","Azure Monitor","eastus","AUD","300 GB Commitment Tier Capacity Reservation","300","1/Day","813.0693","2019-11-01T00:00:00.000Z","293.4738","2.7102"
"2023-12-02T06:07:58.693Z","Azure Monitor","eastus","AUD","400 GB Commitment Tier Capacity Reservation","400","1/Day","1060.0015","2019-11-01T00:00:00.000Z","391.1156","2.65"
"2023-12-02T06:07:58.693Z","Azure Monitor","eastus","AUD","500 GB Commitment Tier Capacity Reservation","500","1/Day","1302.4166","2019-11-01T00:00:00.000Z","491.478","2.6048"
"2023-12-02T06:07:58.693Z","Azure Monitor","eastus","AUD","1000 GB Commitment Tier Capacity Reservation","1000","1/Day","2559.6627","2021-06-01T00:00:00.000Z","982.6715","2.5597"
"2023-12-02T06:07:58.693Z","Azure Monitor","eastus","AUD","2000 GB Commitment Tier Capacity Reservation","2000","1/Day","4998.8707","2021-06-01T00:00:00.000Z","1952.9127","2.4994"
"2023-12-02T06:07:58.693Z","Azure Monitor","eastus","AUD","5000 GB Commitment Tier Capacity Reservation","5000","1/Day","12120.7559","2021-06-01T00:00:00.000Z","4849.4662","2.4242"
"2024-01-01T06:09:20.544Z","Azure Monitor","eastus","AUD","Pay-as-you-go Data Ingestion","Pay-as-you-go","1 GB","3.3579","2018-02-01T00:00:00.000Z","0","3.3579"
"2024-01-01T06:09:20.544Z","Azure Monitor","eastus","AUD","100 GB Commitment Tier Capacity Reservation","100","1/Day","286.1523","2019-11-01T00:00:00.000Z","85.2176","2.8615"
"2024-01-01T06:09:20.544Z","Azure Monitor","eastus","AUD","200 GB Commitment Tier Capacity Reservation","200","1/Day","537.2655","2019-11-01T00:00:00.000Z","187.7566","2.6863"
"2024-01-01T06:09:20.544Z","Azure Monitor","eastus","AUD","300 GB Commitment Tier Capacity Reservation","300","1/Day","788.3787","2019-11-01T00:00:00.000Z","293.4813","2.6279"
"2024-01-01T06:09:20.544Z","Azure Monitor","eastus","AUD","400 GB Commitment Tier Capacity Reservation","400","1/Day","1027.8122","2019-11-01T00:00:00.000Z","391.1154","2.5695"
"2024-01-01T06:09:20.544Z","Azure Monitor","eastus","AUD","500 GB Commitment Tier Capacity Reservation","500","1/Day","1262.8659","2019-11-01T00:00:00.000Z","491.4831","2.5257"
"2024-01-01T06:09:20.544Z","Azure Monitor","eastus","AUD","1000 GB Commitment Tier Capacity Reservation","1000","1/Day","2481.933","2021-06-01T00:00:00.000Z","982.6713","2.4819"
"2024-01-01T06:09:20.544Z","Azure Monitor","eastus","AUD","2000 GB Commitment Tier Capacity Reservation","2000","1/Day","4847.0691","2021-06-01T00:00:00.000Z","1952.9671","2.4235"
"2024-01-01T06:09:20.544Z","Azure Monitor","eastus","AUD","5000 GB Commitment Tier Capacity Reservation","5000","1/Day","11752.6827","2021-06-01T00:00:00.000Z","4849.4668","2.3505"
"2024-02-02T06:08:03.849Z","Azure Monitor","eastus","AUD","Pay-as-you-go Data Ingestion","Pay-as-you-go","1 GB","3.4888","2018-02-01T00:00:00.000Z","0","3.4888"
"2024-02-02T06:08:03.849Z","Azure Monitor","eastus","AUD","100 GB Commitment Tier Capacity Reservation","100","1/Day","297.3075","2019-11-01T00:00:00.000Z","85.2177","2.9731"
"2024-02-02T06:08:03.849Z","Azure Monitor","eastus","AUD","200 GB Commitment Tier Capacity Reservation","200","1/Day","558.2101","2019-11-01T00:00:00.000Z","187.7536","2.7911"
"2024-02-02T06:08:03.849Z","Azure Monitor","eastus","AUD","300 GB Commitment Tier Capacity Reservation","300","1/Day","819.1126","2019-11-01T00:00:00.000Z","293.473","2.7304"
"2024-02-02T06:08:03.849Z","Azure Monitor","eastus","AUD","400 GB Commitment Tier Capacity Reservation","400","1/Day","1067.8802","2019-11-01T00:00:00.000Z","391.1076","2.6697"
"2024-02-02T06:08:03.849Z","Azure Monitor","eastus","AUD","500 GB Commitment Tier Capacity Reservation","500","1/Day","1312.0971","2019-11-01T00:00:00.000Z","491.4774","2.6242"
"2024-02-02T06:08:03.849Z","Azure Monitor","eastus","AUD","1000 GB Commitment Tier Capacity Reservation","1000","1/Day","2578.6879","2021-06-01T00:00:00.000Z","982.6568","2.5787"
"2024-02-02T06:08:03.849Z","Azure Monitor","eastus","AUD","2000 GB Commitment Tier Capacity Reservation","2000","1/Day","5036.0258","2021-06-01T00:00:00.000Z","1952.932","2.518"
"2024-02-02T06:08:03.849Z","Azure Monitor","eastus","AUD","5000 GB Commitment Tier Capacity Reservation","5000","1/Day","12210.8457","2021-06-01T00:00:00.000Z","4849.4224","2.4422"
"2024-03-02T06:08:20.311Z","Azure Monitor","eastus","AUD","Pay-as-you-go Data Ingestion","Pay-as-you-go","1 GB","3.5133","2018-02-01T00:00:00.000Z","0","3.5133"
"2024-03-02T06:08:20.311Z","Azure Monitor","eastus","AUD","100 GB Commitment Tier Capacity Reservation","100","1/Day","299.3966","2019-11-01T00:00:00.000Z","85.2181","2.994"
"2024-03-02T06:08:20.311Z","Azure Monitor","eastus","AUD","200 GB Commitment Tier Capacity Reservation","200","1/Day","562.1324","2019-11-01T00:00:00.000Z","187.753","2.8107"
"2024-03-02T06:08:20.311Z","Azure Monitor","eastus","AUD","300 GB Commitment Tier Capacity Reservation","300","1/Day","824.8683","2019-11-01T00:00:00.000Z","293.4743","2.7496"
"2024-03-02T06:08:20.311Z","Azure Monitor","eastus","AUD","400 GB Commitment Tier Capacity Reservation","400","1/Day","1075.3838","2019-11-01T00:00:00.000Z","391.1055","2.6885"
"2024-03-02T06:08:20.311Z","Azure Monitor","eastus","AUD","500 GB Commitment Tier Capacity Reservation","500","1/Day","1321.3167","2019-11-01T00:00:00.000Z","491.4699","2.6426"
"2024-03-02T06:08:20.311Z","Azure Monitor","eastus","AUD","1000 GB Commitment Tier Capacity Reservation","1000","1/Day","2596.8075","2021-06-01T00:00:00.000Z","982.6714","2.5968"
"2024-03-02T06:08:20.311Z","Azure Monitor","eastus","AUD","2000 GB Commitment Tier Capacity Reservation","2000","1/Day","5071.4122","2021-06-01T00:00:00.000Z","1952.9468","2.5357"
"2024-03-02T06:08:20.311Z","Azure Monitor","eastus","AUD","5000 GB Commitment Tier Capacity Reservation","5000","1/Day","12296.6471","2021-06-01T00:00:00.000Z","4849.4093","2.4593"
"2024-04-03T09:26:28.723Z","Azure Monitor","eastus","AUD","Pay-as-you-go Data Ingestion","Pay-as-you-go","1 GB","3.5187","2018-02-01T00:00:00.000Z","0","3.5187"
"2024-04-03T09:26:28.723Z","Azure Monitor","eastus","AUD","100 GB Commitment Tier Capacity Reservation","100","1/Day","299.8547","2019-11-01T00:00:00.000Z","85.2175","2.9985"
"2024-04-03T09:26:28.723Z","Azure Monitor","eastus","AUD","200 GB Commitment Tier Capacity Reservation","200","1/Day","562.9924","2019-11-01T00:00:00.000Z","187.758","2.815"
"2024-04-03T09:26:28.723Z","Azure Monitor","eastus","AUD","300 GB Commitment Tier Capacity Reservation","300","1/Day","826.1302","2019-11-01T00:00:00.000Z","293.4743","2.7538"
"2024-04-03T09:26:28.723Z","Azure Monitor","eastus","AUD","400 GB Commitment Tier Capacity Reservation","400","1/Day","1077.029","2019-11-01T00:00:00.000Z","391.1065","2.6926"
"2024-04-03T09:26:28.723Z","Azure Monitor","eastus","AUD","500 GB Commitment Tier Capacity Reservation","500","1/Day","1323.3382","2019-11-01T00:00:00.000Z","491.4723","2.6467"
"2024-04-03T09:26:28.723Z","Azure Monitor","eastus","AUD","1000 GB Commitment Tier Capacity Reservation","1000","1/Day","2600.7802","2021-06-01T00:00:00.000Z","982.6502","2.6008"
"2024-04-03T09:26:28.723Z","Azure Monitor","eastus","AUD","2000 GB Commitment Tier Capacity Reservation","2000","1/Day","5079.1708","2021-06-01T00:00:00.000Z","1952.9263","2.5396"
"2024-04-03T09:26:28.723Z","Azure Monitor","eastus","AUD","5000 GB Commitment Tier Capacity Reservation","5000","1/Day","12315.4593","2021-06-01T00:00:00.000Z","4849.3697","2.4631"
"2024-05-01T06:09:59.892Z","Azure Monitor","eastus","AUD","Pay-as-you-go Data Ingestion","Pay-as-you-go","1 GB","3.5241","2018-02-01T00:00:00.000Z","0","3.5241"
"2024-05-01T06:09:59.892Z","Azure Monitor","eastus","AUD","100 GB Commitment Tier Capacity Reservation","100","1/Day","300.3141","2019-11-01T00:00:00.000Z","85.2172","3.0031"
"2024-05-01T06:09:59.892Z","Azure Monitor","eastus","AUD","200 GB Commitment Tier Capacity Reservation","200","1/Day","563.8551","2019-11-01T00:00:00.000Z","187.7577","2.8193"
"2024-05-01T06:09:59.892Z","Azure Monitor","eastus","AUD","300 GB Commitment Tier Capacity Reservation","300","1/Day","827.396","2019-11-01T00:00:00.000Z","293.4757","2.758"
"2024-05-01T06:09:59.892Z","Azure Monitor","eastus","AUD","400 GB Commitment Tier Capacity Reservation","400","1/Day","1078.6792","2019-11-01T00:00:00.000Z","391.1092","2.6967"
"2024-05-01T06:09:59.892Z","Azure Monitor","eastus","AUD","500 GB Commitment Tier Capacity Reservation","500","1/Day","1325.3658","2019-11-01T00:00:00.000Z","491.4769","2.6507"
"2024-05-01T06:09:59.892Z","Azure Monitor","eastus","AUD","1000 GB Commitment Tier Capacity Reservation","1000","1/Day","2604.7652","2021-06-01T00:00:00.000Z","982.6707","2.6048"
"2024-05-01T06:09:59.892Z","Azure Monitor","eastus","AUD","2000 GB Commitment Tier Capacity Reservation","2000","1/Day","5086.9532","2021-06-01T00:00:00.000Z","1952.9151","2.5435"
"2024-05-01T06:09:59.892Z","Azure Monitor","eastus","AUD","5000 GB Commitment Tier Capacity Reservation","5000","1/Day","12334.3293","2021-06-01T00:00:00.000Z","4849.353","2.4669"
"2024-06-02T06:10:06.668Z","Azure Monitor","eastus","AUD","Pay-as-you-go Data Ingestion","Pay-as-you-go","1 GB","3.4741","2018-02-01T00:00:00.000Z","0","3.4741"
"2024-06-02T06:10:06.668Z","Azure Monitor","eastus","AUD","100 GB Commitment Tier Capacity Reservation","100","1/Day","296.0501","2019-11-01T00:00:00.000Z","85.2163","2.9605"
"2024-06-02T06:10:06.668Z","Azure Monitor","eastus","AUD","200 GB Commitment Tier Capacity Reservation","200","1/Day","555.8493","2019-11-01T00:00:00.000Z","187.7552","2.7792"
"2024-06-02T06:10:06.668Z","Azure Monitor","eastus","AUD","300 GB Commitment Tier Capacity Reservation","300","1/Day","815.6484","2019-11-01T00:00:00.000Z","293.4832","2.7188"
"2024-06-02T06:10:06.668Z","Azure Monitor","eastus","AUD","400 GB Commitment Tier Capacity Reservation","400","1/Day","1063.3638","2019-11-01T00:00:00.000Z","391.1151","2.6584"
"2024-06-02T06:10:06.668Z","Azure Monitor","eastus","AUD","500 GB Commitment Tier Capacity Reservation","500","1/Day","1306.5478","2019-11-01T00:00:00.000Z","491.479","2.6131"
"2024-06-02T06:10:06.668Z","Azure Monitor","eastus","AUD","1000 GB Commitment Tier Capacity Reservation","1000","1/Day","2567.7819","2021-06-01T00:00:00.000Z","982.6573","2.5678"
"2024-06-02T06:10:06.668Z","Azure Monitor","eastus","AUD","2000 GB Commitment Tier Capacity Reservation","2000","1/Day","5014.727","2021-06-01T00:00:00.000Z","1952.9274","2.5074"
"2024-06-02T06:10:06.668Z","Azure Monitor","eastus","AUD","5000 GB Commitment Tier Capacity Reservation","5000","1/Day","12159.2025","2021-06-01T00:00:00.000Z","4849.327","2.4318"
"2024-07-01T06:11:21.244Z","Azure Monitor","eastus","AUD","Pay-as-you-go Data Ingestion","Pay-as-you-go","1 GB","3.4579","2018-02-01T00:00:00.000Z","0","3.4579"
"2024-07-01T06:11:21.244Z","Azure Monitor","eastus","AUD","100 GB Commitment Tier Capacity Reservation","100","1/Day","294.6704","2019-11-01T00:00:00.000Z","85.2166","2.9467"
"2024-07-01T06:11:21.244Z","Azure Monitor","eastus","AUD","200 GB Commitment Tier Capacity Reservation","200","1/Day","553.2587","2019-11-01T00:00:00.000Z","187.7554","2.7663"
"2024-07-01T06:11:21.244Z","Azure Monitor","eastus","AUD","300 GB Commitment Tier Capacity Reservation","300","1/Day","811.847","2019-11-01T00:00:00.000Z","293.4776","2.7062"
"2024-07-01T06:11:21.244Z","Azure Monitor","eastus","AUD","400 GB Commitment Tier Capacity Reservation","400","1/Day","1058.4079","2019-11-01T00:00:00.000Z","391.1048","2.646"
"2024-07-01T06:11:21.244Z","Azure Monitor","eastus","AUD","500 GB Commitment Tier Capacity Reservation","500","1/Day","1300.4585","2019-11-01T00:00:00.000Z","491.4809","2.6009"
"2024-07-01T06:11:21.244Z","Azure Monitor","eastus","AUD","1000 GB Commitment Tier Capacity Reservation","1000","1/Day","2555.8145","2021-06-01T00:00:00.000Z","982.6654","2.5558"
"2024-07-01T06:11:21.244Z","Azure Monitor","eastus","AUD","2000 GB Commitment Tier Capacity Reservation","2000","1/Day","4991.3553","2021-06-01T00:00:00.000Z","1952.9522","2.4957"
"2024-07-01T06:11:21.244Z","Azure Monitor","eastus","AUD","5000 GB Commitment Tier Capacity Reservation","5000","1/Day","12102.5333","2021-06-01T00:00:00.000Z","4849.3542","2.4205"
"2024-08-02T06:11:10.559Z","Azure Monitor","eastus","AUD","Pay-as-you-go Data Ingestion","Pay-as-you-go","1 GB","3.5198","2018-02-01T00:00:00.000Z","0","3.5198"
"2024-08-02T06:11:10.559Z","Azure Monitor","eastus","AUD","100 GB Commitment Tier Capacity Reservation","100","1/Day","299.9464","2019-11-01T00:00:00.000Z","85.2169","2.9995"
"2024-08-02T06:11:10.559Z","Azure Monitor","eastus","AUD","200 GB Commitment Tier Capacity Reservation","200","1/Day","563.1647","2019-11-01T00:00:00.000Z","187.7529","2.8158"
"2024-08-02T06:11:10.559Z","Azure Monitor","eastus","AUD","300 GB Commitment Tier Capacity Reservation","300","1/Day","826.383","2019-11-01T00:00:00.000Z","293.4807","2.7546"
"2024-08-02T06:11:10.559Z","Azure Monitor","eastus","AUD","400 GB Commitment Tier Capacity Reservation","400","1/Day","1077.3586","2019-11-01T00:00:00.000Z","391.1125","2.6934"
"2024-08-02T06:11:10.559Z","Azure Monitor","eastus","AUD","500 GB Commitment Tier Capacity Reservation","500","1/Day","1323.7432","2019-11-01T00:00:00.000Z","491.4766","2.6475"
"2024-08-02T06:11:10.559Z","Azure Monitor","eastus","AUD","1000 GB Commitment Tier Capacity Reservation","1000","1/Day","2601.5762","2021-06-01T00:00:00.000Z","982.6539","2.6016"
"2024-08-02T06:11:10.559Z","Azure Monitor","eastus","AUD","2000 GB Commitment Tier Capacity Reservation","2000","1/Day","5080.7254","2021-06-01T00:00:00.000Z","1952.9234","2.5404"
"2024-08-02T06:11:10.559Z","Azure Monitor","eastus","AUD","5000 GB Commitment Tier Capacity Reservation","5000","1/Day","12319.2287","2021-06-01T00:00:00.000Z","4849.3264","2.4638"
