"TimeGenerated","ServiceName","ArmRegionName","CurrencyCode","MeterName","Tier","UnitOfMeasure","RetailPrice","EffectiveStartDate","EffectiveCommitmentTierThresholdGB","EffectivePricePerGB"
"2023-03-29T15:50:58.330Z","Azure Monitor","eastus","EUR","Pay-as-you-go Data Ingestion","Pay-as-you-go","1 GB","2.1819","2018-02-01T00:00:00.000Z","0","2.1819"
"2023-03-29T15:50:58.330Z","Azure Monitor","eastus","EUR","100 GB Commitment Tier Capacity Reservation","100","1/Day","185.9318","2019-11-01T00:00:00.000Z","85.2155","1.8593"
"2023-03-29T15:50:58.330Z","Azure Monitor","eastus","EUR","200 GB Commitment Tier Capacity Reservation","200","1/Day","349.0964","2019-11-01T00:00:00.000Z","187.7569","1.7455"
"2023-03-29T15:50:58.330Z","Azure Monitor","eastus","EUR","300 GB Commitment Tier Capacity Reservation","300","1/Day","512.2611","2019-11-01T00:00:00.000Z","293.4753","1.7075"
"2023-03-29T15:50:58.330Z","Azure Monitor","eastus","EUR","400 GB Commitment Tier Capacity Reservation","400","1/Day","667.8366","2019-11-01T00:00:00.000Z","391.1195","1.6696"
"2023-03-29T15:50:58.330Z","Azure Monitor","eastus","EUR","500 GB Commitment Tier Capacity Reservation","500","1/Day","820.5663","2019-11-01T00:00:00.000Z","491.4748","1.6411"
"2023-03-29T15:50:58.330Z","Azure Monitor","eastus","EUR","1000 GB Commitment Tier Capacity Reservation","1000","1/Day","1612.6737","2021-06-01T02:00:00.000Z","982.6785","1.6127"
"2023-03-29T15:50:58.330Z","Azure Monitor","eastus","EUR","2000 GB Commitment Tier Capacity Reservation","2000","1/Day","3149.4569","2021-06-01T02:00:00.000Z","1952.9093","1.5747"
"2023-03-29T15:50:58.330Z","Azure Monitor","eastus","EUR","5000 GB Commitment Tier Capacity Reservation","5000","1/Day","7636.4844","2021-06-01T02:00:00.000Z","4849.4852","1.5273"
"2023-04-12T13:28:34.468Z","Azure Monitor","eastus","EUR","Pay-as-you-go Data Ingestion","Pay-as-you-go","1 GB","2.1235","2018-02-01T00:00:00.000Z","0","2.1235"
"2023-04-12T13:28:34.468Z","Azure Monitor","eastus","EUR","100 GB Commitment Tier Capacity Reservation","100","1/Day","180.9621","2019-11-01T00:00:00.000Z","85.2188","1.8096"
"2023-04-12T13:28:34.468Z","Azure Monitor","eastus","EUR","200 GB Commitment Tier Capacity Reservation","200","1/Day","339.7655","2019-11-01T00:00:00.000Z","187.7572","1.6988"
"2023-04-12T13:28:34.468Z","Azure Monitor","eastus","EUR","300 GB Commitment Tier Capacity Reservation","300","1/Day","498.5689","2019-11-01T00:00:00.000Z","293.483","1.6619"
"2023-04-12T13:28:34.468Z","Azure Monitor","eastus","EUR","400 GB Commitment Tier Capacity Reservation","400","1/Day","649.9862","2019-11-01T00:00:00.000Z","391.1103","1.625"
"2023-04-12T13:28:34.468Z","Azure Monitor","eastus","EUR","500 GB Commitment Tier Capacity Reservation","500","1/Day","798.6336","2019-11-01T00:00:00.000Z","491.4668","1.5973"
"2023-04-12T13:28:34.468Z","Azure Monitor","eastus","EUR","1000 GB Commitment Tier Capacity Reservation","1000","1/Day","1569.5688","2021-06-01T02:00:00.000Z","982.6387","1.5696"
"2023-04-12T13:28:34.468Z","Azure Monitor","eastus","EUR","2000 GB Commitment Tier Capacity Reservation","2000","1/Day","3065.2756","2021-06-01T02:00:00.000Z","1952.9024","1.5326"
"2023-04-12T13:28:34.468Z","Azure Monitor","eastus","EUR","5000 GB Commitment Tier Capacity Reservation","5000","1/Day","7432.37","2021-06-01T02:00:00.000Z","4849.5172","1.4865"
"2023-05-02T08:07:40.927Z","Azure Monitor","eastus","EUR","Pay-as-you-go Data Ingestion","Pay-as-you-go","1 GB","2.0827","2018-02-01T00:00:00.000Z","0","2.0827"
"2023-05-02T08:07:40.927Z","Azure Monitor","eastus","EUR","100 GB Commitment Tier Capacity Reservation","100","1/Day","177.48","2019-11-01T00:00:00.000Z","85.2163","1.7748"
"2023-05-02T08:07:40.927Z","Azure Monitor","eastus","EUR","200 GB Commitment Tier Capacity Reservation","200","1/Day","333.2277","2019-11-01T00:00:00.000Z","187.7551","1.6661"
"2023-05-02T08:07:40.927Z","Azure Monitor","eastus","EUR","300 GB Commitment Tier Capacity Reservation","300","1/Day","488.9754","2019-11-01T00:00:00.000Z","293.485","1.6299"
"2023-05-02T08:07:40.927Z","Azure Monitor","eastus","EUR","400 GB Commitment Tier Capacity Reservation","400","1/Day","637.4791","2019-11-01T00:00:00.000Z","391.1155","1.5937"
"2023-05-02T08:07:40.927Z","Azure Monitor","eastus","EUR","500 GB Commitment Tier Capacity Reservation","500","1/Day","783.2662","2019-11-01T00:00:00.000Z","491.4766","1.5665"
"2023-05-02T08:07:40.927Z","Azure Monitor","eastus","EUR","1000 GB Commitment Tier Capacity Reservation","1000","1/Day","1539.367","2021-06-01T02:00:00.000Z","982.6792","1.5394"
"2023-05-02T08:07:40.927Z","Azure Monitor","eastus","EUR","2000 GB Commitment Tier Capacity Reservation","2000","1/Day","3006.2933","2021-06-01T02:00:00.000Z","1952.8994","1.5031"
"2023-05-02T08:07:40.927Z","Azure Monitor","eastus","EUR","5000 GB Commitment Tier Capacity Reservation","5000","1/Day","7289.3557","2021-06-01T02:00:00.000Z","4849.5481","1.4579"
"2023-06-02T08:07:42.568Z","Azure Monitor","eastus","EUR","Pay-as-you-go Data Ingestion","Pay-as-you-go","1 GB","2.1484","2018-02-01T00:00:00.000Z","0","2.1484"
"2023-06-02T08:07:42.568Z","Azure Monitor","eastus","EUR","100 GB Commitment Tier Capacity Reservation","100","1/Day","183.0835","2019-11-01T00:00:00.000Z","85.2185","1.8308"
"2023-06-02T08:07:42.568Z","Azure Monitor","eastus","EUR","200 GB Commitment Tier Capacity Reservation","200","1/Day","343.7485","2019-11-01T00:00:00.000Z","187.7586","1.7187"
"2023-06-02T08:07:42.568Z","Azure Monitor","eastus","EUR","300 GB Commitment Tier Capacity Reservation","300","1/Day","504.4136","2019-11-01T00:00:00.000Z","293.4855","1.6814"
"2023-06-02T08:07:42.568Z","Azure Monitor","eastus","EUR","400 GB Commitment Tier Capacity Reservation","400","1/Day","657.6059","2019-11-01T00:00:00.000Z","391.1062","1.644"
"2023-06-02T08:07:42.568Z","Azure Monitor","eastus","EUR","500 GB Commitment Tier Capacity Reservation","500","1/Day","807.9959","2019-11-01T00:00:00.000Z","491.4817","1.616"
"2023-06-02T08:07:42.568Z","Azure Monitor","eastus","EUR","1000 GB Commitment Tier Capacity Reservation","1000","1/Day","1587.9688","2021-06-01T02:00:00.000Z","982.654","1.588"
"2023-06-02T08:07:42.568Z","Azure Monitor","eastus","EUR","2000 GB Commitment Tier Capacity Reservation","2000","1/Day","3101.2097","2021-06-01T02:00:00.000Z","1952.9028","1.5506"
"2023-06-02T08:07:42.568Z","Azure Monitor","eastus","EUR","5000 GB Commitment Tier Capacity Reservation","5000","1/Day","7519.4993","2021-06-01T02:00:00.000Z","4849.4127","1.5039"
"2023-07-07T06:09:02.036Z","Azure Monitor","eastus","EUR","Pay-as-you-go Data Ingestion","Pay-as-you-go","1 GB","2.11","2018-02-01T00:00:00.000Z","0","2.11"
"2023-07-07T06:09:02.036Z","Azure Monitor","eastus","EUR","100 GB Commitment Tier Capacity Reservation","100","1/Day","179.8083","2019-11-01T00:00:00.000Z","85.2172","1.7981"
"2023-07-07T06:09:02.036Z","Azure Monitor","eastus","EUR","200 GB Commitment Tier Capacity Reservation","200","1/Day","337.5992","2019-11-01T00:00:00.000Z","187.7533","1.688"
"2023-07-07T06:09:02.036Z","Azure Monitor","eastus","EUR","300 GB Commitment Tier Capacity Reservation","300","1/Day","495.3901","2019-11-01T00:00:00.000Z","293.4775","1.6513"
"2023-07-07T06:09:02.036Z","Azure Monitor","eastus","EUR","400 GB Commitment Tier Capacity Reservation","400","1/Day","645.8419","2019-11-01T00:00:00.000Z","391.1112","1.6146"
"2023-07-07T06:09:02.036Z","Azure Monitor","eastus","EUR","500 GB Commitment Tier Capacity Reservation","500","1/Day","793.5416","2019-11-01T00:00:00.000Z","491.4788","1.5871"
"2023-07-07T06:09:02.036Z","Azure Monitor","eastus","EUR","1000 GB Commitment Tier Capacity Reservation","1000","1/Day","1559.5615","2021-06-01T00:00:00.000Z","982.6485","1.5596"
"2023-07-07T06:09:02.036Z","Azure Monitor","eastus","EUR","2000 GB Commitment Tier Capacity Reservation","2000","1/Day","3045.7318","2021-06-01T00:00:00.000Z","1952.8929","1.5229"
"2023-07-07T06:09:02.036Z","Azure Monitor","eastus","EUR","5000 GB Commitment Tier Capacity Reservation","5000","1/Day","7384.9823","2021-06-01T00:00:00.000Z","4849.2891","1.477"
"2023-08-01T06:08:30.007Z","Azure Monitor","eastus","EUR","100 GB Commitment Tier Capacity Reservation","100","1/Day","178.3196","2019-11-01T00:00:00.000Z","84.5117","1.7832"
"2023-08-01T06:08:30.007Z","Azure Monitor","eastus","EUR","200 GB Commitment Tier Capacity Reservation","200","1/Day","334.8042","2019-11-01T00:00:00.000Z","187.7547","1.674"
"2023-08-01T06:08:30.007Z","Azure Monitor","eastus","EUR","400 GB Commitment Tier Capacity Reservation","400","1/Day","640.4949","2019-11-01T00:00:00.000Z","387.8731","1.6012"
"2023-08-01T06:08:30.007Z","Azure Monitor","eastus","EUR","500 GB Commitment Tier Capacity Reservation","500","1/Day","786.9718","2019-11-01T00:00:00.000Z","491.4888","1.5739"
"2023-08-01T06:08:30.007Z","Azure Monitor","eastus","EUR","1000 GB Commitment Tier Capacity Reservation","1000","1/Day","1546.6497","2021-06-01T00:00:00.000Z","982.6861","1.5466"
"2023-08-01T06:08:30.007Z","Azure Monitor","eastus","EUR","2000 GB Commitment Tier Capacity Reservation","2000","1/Day","3020.5159","2021-06-01T00:00:00.000Z","1953.0039","1.5103"
"2023-08-02T06:09:03.844Z","Azure Monitor","eastus","EUR","Pay-as-you-go Data Ingestion","Pay-as-you-go","1 GB","2.0925","2018-02-01T00:00:00.000Z","0","2.0925"
"2023-08-02T06:09:03.844Z","Azure Monitor","eastus","EUR","300 GB Commitment Tier Capacity Reservation","300","1/Day","491.2887","2019-11-01T00:00:00.000Z","293.4819","1.6376"
"2023-08-02T06:09:03.844Z","Azure Monitor","eastus","EUR","5000 GB Commitment Tier Capacity Reservation","5000","1/Day","7323.8411","2021-06-01T00:00:00.000Z","4849.2625","1.4648"
"2023-09-02T06:07:00.316Z","Azure Monitor","eastus","EUR","Pay-as-you-go Data Ingestion","Pay-as-you-go","1 GB","2.1239","2018-02-01T00:00:00.000Z","0","2.1239"
"2023-09-02T06:07:00.316Z","Azure Monitor","eastus","EUR","100 GB Commitment Tier Capacity Reservation","100","1/Day","180.9955","2019-11-01T00:00:00.000Z","85.2185","1.81"
"2023-09-02T06:07:00.316Z","Azure Monitor","eastus","EUR","200 GB Commitment Tier Capacity Reservation","200","1/Day","339.8282","2019-11-01T00:00:00.000Z","187.7504","1.6991"
"2023-09-02T06:07:00.316Z","Azure Monitor","eastus","EUR","300 GB Commitment Tier Capacity Reservation","300","1/Day","498.661","2019-11-01T00:00:00.000Z","293.4854","1.6622"
"2023-09-02T06:07:00.316Z","Azure Monitor","eastus","EUR","400 GB Commitment Tier Capacity Reservation","400","1/Day","650.1062","2019-11-01T00:00:00.000Z","391.1119","1.6253"
"2023-09-02T06:07:00.316Z","Azure Monitor","eastus","EUR","500 GB Commitment Tier Capacity Reservation","500","1/Day","798.7811","2019-11-01T00:00:00.000Z","491.4669","1.5976"
"2023-09-02T06:07:00.316Z","Azure Monitor","eastus","EUR","1000 GB Commitment Tier Capacity Reservation","1000","1/Day","1569.8587","2021-06-01T00:00:00.000Z","982.6356","1.5699"
"2023-09-02T06:07:00.316Z","Azure Monitor","eastus","EUR","2000 GB Commitment Tier Capacity Reservation","2000","1/Day","3065.8417","2021-06-01T00:00:00.000Z","1952.8898","1.5329"
"2023-09-02T06:07:00.316Z","Azure Monitor","eastus","EUR","5000 GB Commitment Tier Capacity Reservation","5000","1/Day","7433.7427","2021-06-01T00:00:00.000Z","4849.4636","1.4867"
"2023-10-02T06:08:46.154Z","Azure Monitor","eastus","EUR","Pay-as-you-go Data Ingestion","Pay-as-you-go","1 GB","2.1881","2018-02-01T00:00:00.000Z","0","2.1881"
"2023-10-02T06:08:46.154Z","Azure Monitor","eastus","EUR","100 GB Commitment Tier Capacity Reservation","100","1/Day","186.4624","2019-11-01T00:00:00.000Z","85.2166","1.8646"
"2023-10-02T06:08:46.154Z","Azure Monitor","eastus","EUR","200 GB Commitment Tier Capacity Reservation","200","1/Day","350.0928","2019-11-01T00:00:00.000Z","187.7576","1.7505"
"2023-10-02T06:08:46.154Z","Azure Monitor","eastus","EUR","300 GB Commitment Tier Capacity Reservation","300","1/Day","513.7231","2019-11-01T00:00:00.000Z","293.4722","1.7124"
"2023-10-02T06:08:46.154Z","Azure Monitor","eastus","EUR","400 GB Commitment Tier Capacity Reservation","400","1/Day","669.7427","2019-11-01T00:00:00.000Z","391.1135","1.6744"
"2023-10-02T06:08:46.154Z","Azure Monitor","eastus","EUR","500 GB Commitment Tier Capacity Reservation","500","1/Day","822.9082","2019-11-01T00:00:00.000Z","491.4645","1.6458"
"2023-10-02T06:08:46.154Z","Azure Monitor","eastus","EUR","1000 GB Commitment Tier Capacity Reservation","1000","1/Day","1617.2763","2021-06-01T00:00:00.000Z","982.6688","1.6173"
"2023-10-02T06:08:46.154Z","Azure Monitor","eastus","EUR","2000 GB Commitment Tier Capacity Reservation","2000","1/Day","3158.4455","2021-06-01T00:00:00.000Z","1952.9126","1.5792"
"2023-10-02T06:08:46.154Z","Azure Monitor","eastus","EUR","5000 GB Commitment Tier Capacity Reservation","5000","1/Day","7658.279","2021-06-01T00:00:00.000Z","4849.4675","1.5317"
"2023-11-01T06:08:41.407Z","Azure Monitor","eastus","EUR","Pay-as-you-go Data Ingestion","Pay-as-you-go","1 GB","2.1741","2018-02-01T00:00:00.000Z","0","2.1741"
"2023-11-01T06:08:41.407Z","Azure Monitor","eastus","EUR","100 GB Commitment Tier Capacity Reservation","100","1/Day","185.2727","2019-11-01T00:00:00.000Z","85.2181","1.8527"
"2023-11-01T06:08:41.407Z","Azure Monitor","eastus","EUR","200 GB Commitment Tier Capacity Reservation","200","1/Day","347.859","2019-11-01T00:00:00.000Z","187.7579","1.7393"
"2023-11-01T06:08:41.407Z","Azure Monitor","eastus","EUR","300 GB Commitment Tier Capacity Reservation","300","1/Day","510.4452","2019-11-01T00:00:00.000Z","293.4774","1.7015"
"2023-11-01T06:08:41.407Z","Azure Monitor","eastus","EUR","400 GB Commitment Tier Capacity Reservation","400","1/Day","665.4693","2019-11-01T00:00:00.000Z","391.1074","1.6637"
"2023-11-01T06:08:41.407Z","Azure Monitor","eastus","EUR","500 GB Commitment Tier Capacity Reservation","500","1/Day","817.6576","2019-11-01T00:00:00.000Z","491.4694","1.6353"
"2023-11-01T06:08:41.407Z","Azure Monitor","eastus","EUR","1000 GB Commitment Tier Capacity Reservation","1000","1/Day","1606.9572","2021-06-01T00:00:00.000Z","982.6681","1.607"
"2023-11-01T06:08:41.407Z","Azure Monitor","eastus","EUR","2000 GB Commitment Tier Capacity Reservation","2000","1/Day","3138.2928","2021-06-01T00:00:00.000Z","1952.8891","1.5691"
"2023-11-01T06:08:41.407Z","Azure Monitor","eastus","EUR","5000 GB Commitment Tier Capacity Reservation","5000","1/Day","7609.4149","2021-06-01T00:00:00.000Z","4849.5411","1.5219"
"2023-12-02T06:07:58.693Z","Azure Monitor","eastus","EUR","Pay-as-you-go Data Ingestion","Pay-as-you-go","1 GB","2.0945","2018-02-01T00:00:00.000Z","0","2.0945"
"2023-12-02T06:07:58.693Z","Azure Monitor","eastus","EUR","100 GB Commitment Tier Capacity Reservation","100","1/Day","178.4901","2019-11-01T00:00:00.000Z","85.2185","1.7849"
"2023-12-02T06:07:58.693Z","Azure Monitor","eastus","EUR","200 GB Commitment Tier Capacity Reservation","200","1/Day","335.1243","2019-11-01T00:00:00.000Z","187.7552","1.6756"
"2023-12-02T06:07:58.693Z","Azure Monitor","eastus","EUR","300 GB Commitment Tier Capacity Reservation","300","1/Day","491.7585","2019-11-01T00:00:00.000Z","293.482","1.6392"
"2023-12-02T06:07:58.693Z","Azure Monitor","eastus","EUR","400 GB Commitment Tier Capacity Reservation","400","1/Day","641.1074","2019-11-01T00:00:00.000Z","391.1099","1.6028"
"2023-12-02T06:07:58.693Z","Azure Monitor","eastus","EUR","500 GB Commitment Tier Capacity Reservation","500","1/Day","787.7243","2019-11-01T00:00:00.000Z","491.4676","1.5754"
"2023-12-02T06:07:58.693Z","Azure Monitor","eastus","EUR","1000 GB Commitment Tier Capacity Reservation","1000","1/Day","1548.1286","2021-06-01T00:00:00.000Z","982.6892","1.5481"
"2023-12-02T06:07:58.693Z","Azure Monitor","eastus","EUR","2000 GB Commitment Tier Capacity Reservation","2000","1/Day","3023.4041","2021-06-01T00:00:00.000Z","1952.9773","1.5117"
"2023-12-02T06:07:58.693Z","Azure Monitor","eastus","EUR","5000 GB Commitment Tier Capacity Reservation","5000","1/Day","7330.8442","2021-06-01T00:00:00.000Z","4849.4041","1.4662"
"2024-01-01T06:09:20.544Z","Azure Monitor","eastus","EUR","Pay-as-you-go Data Ingestion","Pay-as-you-go","1 GB","2.0711","2018-02-01T00:00:00.000Z","0","2.0711"
"2024-01-01T06:09:20.544Z","Azure Monitor","eastus","EUR","100 GB Commitment Tier Capacity Reservation","100","1/Day","176.4971","2019-11-01T00:00:00.000Z","85.219","1.765"
"2024-01-01T06:09:20.544Z","Azure Monitor","eastus","EUR","200 GB Commitment Tier Capacity Reservation","200","1/Day","331.3823","2019-11-01T00:00:00.000Z","187.752","1.6569"
"2024-01-01T06:09:20.544Z","Azure Monitor","eastus","EUR","300 GB Commitment Tier Capacity Reservation","300","1/Day","486.2674","2019-11-01T00:00:00.000Z","293.4802","1.6209"
"2024-01-01T06:09:20.544Z","Azure Monitor","eastus","EUR","400 GB Commitment Tier Capacity Reservation","400","1/Day","633.9487","2019-11-01T00:00:00.000Z","391.1091","1.5849"
"2024-01-01T06:09:20.544Z","Azure Monitor","eastus","EUR","500 GB Commitment Tier Capacity Reservation","500","1/Day","778.9284","2019-11-01T00:00:00.000Z","491.4685","1.5579"
"2024-01-01T06:09:20.544Z","Azure Monitor","eastus","EUR","1000 GB Commitment Tier Capacity Reservation","1000","1/Day","1530.842","2021-06-01T00:00:00.000Z","982.6317","1.5308"
"2024-01-01T06:09:20.544Z","Azure Monitor","eastus","EUR","2000 GB Commitment Tier Capacity Reservation","2000","1/Day","2989.6443","2021-06-01T00:00:00.000Z","1952.9947","1.4948"
"2024-01-01T06:09:20.544Z","Azure Monitor","eastus","EUR","5000 GB Commitment Tier Capacity Reservation","5000","1/Day","7248.9869","2021-06-01T00:00:00.000Z","4849.4694","1.4498"
"2024-02-02T06:08:03.849Z","Azure Monitor","eastus","EUR","Pay-as-you-go Data Ingestion","Pay-as-you-go","1 GB","2.1299","2018-02-01T00:00:00.000Z","0","2.1299"
"2024-02-02T06:08:03.849Z","Azure Monitor","eastus","EUR","100 GB Commitment Tier Capacity Reservation","100","1/Day","181.5067","2019-11-01T00:00:00.000Z","85.2184","1.8151"
"2024-02-02T06:08:03.849Z","Azure Monitor","eastus","EUR","200 GB Commitment Tier Capacity Reservation","200","1/Day","340.7881","2019-11-01T00:00:00.000Z","187.7517","1.7039"
"2024-02-02T06:08:03.849Z","Azure Monitor","eastus","EUR","300 GB Commitment Tier Capacity Reservation","300","1/Day","500.0695","2019-11-01T00:00:00.000Z","293.4852","1.6669"
"2024-02-02T06:08:03.849Z","Azure Monitor","eastus","EUR","400 GB Commitment Tier Capacity Reservation","400","1/Day","651.9424","2019-11-01T00:00:00.000Z","391.1107","1.6299"
"2024-02-02T06:08:03.849Z","Azure Monitor","eastus","EUR","500 GB Commitment Tier Capacity Reservation","500","1/Day","801.0372","2019-11-01T00:00:00.000Z","491.464","1.6021"
"2024-02-02T06:08:03.849Z","Azure Monitor","eastus","EUR","1000 GB Commitment Tier Capacity Reservation","1000","1/Day","1574.2927","2021-06-01T00:00:00.000Z","982.6432","1.5743"
"2024-02-02T06:08:03.849Z","Azure Monitor","eastus","EUR","2000 GB Commitment Tier Capacity Reservation","2000","1/Day","3074.5011","2021-06-01T00:00:00.000Z","1952.9322","1.5373"
"2024-02-02T06:08:03.849Z","Azure Monitor","eastus","EUR","5000 GB Commitment Tier Capacity Reservation","5000","1/Day","7454.7391","2021-06-01T00:00:00.000Z","4849.2416","1.4909"
"2024-03-02T06:08:20.311Z","Azure Monitor","eastus","EUR","Pay-as-you-go Data Ingestion","Pay-as-you-go","1 GB","2.1202","2018-02-01T00:00:00.000Z","0","2.1202"
"2024-03-02T06:08:20.311Z","Azure Monitor","eastus","EUR","100 GB Commitment Tier Capacity Reservation","100","1/Day","180.6785","2019-11-01T00:00:00.000Z","85.2177","1.8068"
"2024-03-02T06:08:20.311Z","Azure Monitor","eastus","EUR","200 GB Commitment Tier Capacity Reservation","200","1/Day","339.233","2019-11-01T00:00:00.000Z","187.7535","1.6962"
"2024-03-02T06:08:20.311Z","Azure Monitor","eastus","EUR","300 GB Commitment Tier Capacity Reservation","300","1/Day","497.7876","2019-11-01T00:00:00.000Z","293.4722","1.6593"
"2024-03-02T06:08:20.311Z","Azure Monitor","eastus","EUR","400 GB Commitment Tier Capacity Reservation","400","1/Day","648.9676","2019-11-01T00:00:00.000Z","391.1093","1.6224"
"2024-03-02T06:08:20.311Z","Azure Monitor","eastus","EUR","500 GB Commitment Tier Capacity Reservation","500","1/Day","797.382","2019-11-01T00:00:00.000Z","491.483","1.5948"
"2024-03-02T06:08:20.311Z","Azure Monitor","eastus","EUR","1000 GB Commitment Tier Capacity Reservation","1000","1/Day","1567.1091","2021-06-01T00:00:00.000Z","982.6368","1.5671"
"2024-03-02T06:08:20.311Z","Azure Monitor","eastus","EUR","2000 GB Commitment Tier Capacity Reservation","2000","1/Day","3060.472","2021-06-01T00:00:00.000Z","1952.9526","1.5302"
"2024-03-02T06:08:20.311Z","Azure Monitor","eastus","EUR","5000 GB Commitment Tier Capacity Reservation","5000","1/Day","7420.7227","2021-06-01T00:00:00.000Z","4849.5116","1.4841"
"2024-04-03T09:26:28.723Z","Azure Monitor","eastus","EUR","Pay-as-you-go Data Ingestion","Pay-as-you-go","1 GB","2.124","2018-02-01T00:00:00.000Z","0","2.124"
"2024-04-03T09:26:28.723Z","Azure Monitor","eastus","EUR","100 GB Commitment Tier Capacity Reservation","100","1/Day","181.0038","2019-11-01T00:00:00.000Z","85.2184","1.81"
"2024-04-03T09:26:28.723Z","Azure Monitor","eastus","EUR","200 GB Commitment Tier Capacity Reservation","200","1/Day","339.8439","2019-11-01T00:00:00.000Z","187.7591","1.6992"
"2024-04-03T09:26:28.723Z","Azure Monitor","eastus","EUR","300 GB Commitment Tier Capacity Reservation","300","1/Day","498.684","2019-11-01T00:00:00.000Z","293.4816","1.6623"
"2024-04-03T09:26:28.723Z","Azure Monitor","eastus","EUR","400 GB Commitment Tier Capacity Reservation","400","1/Day","650.1362","2019-11-01T00:00:00.000Z","391.1064","1.6253"
"2024-04-03T09:26:28.723Z","Azure Monitor","eastus","EUR","500 GB Commitment Tier Capacity Reservation","500","1/Day","798.8179","2019-11-01T00:00:00.000Z","491.4895","1.5976"
"2024-04-03T09:26:28.723Z","Azure Monitor","eastus","EUR","1000 GB Commitment Tier Capacity Reservation","1000","1/Day","1569.9312","2021-06-01T00:00:00.000Z","982.681","1.5699"
"2024-04-03T09:26:28.723Z","Azure Monitor","eastus","EUR","2000 GB Commitment Tier Capacity Reservation","2000","1/Day","3065.9833","2021-06-01T00:00:00.000Z","1952.98","1.533"
"2024-04-03T09:26:28.723Z","Azure Monitor","eastus","EUR","5000 GB Commitment Tier Capacity Reservation","5000","1/Day","7434.086","2021-06-01T00:00:00.000Z","4849.3712","1.4868"
"2024-05-01T06:09:59.892Z","Azure Monitor","eastus","EUR","Pay-as-you-go Data Ingestion","Pay-as-you-go","1 GB","2.1536","2018-02-01T00:00:00.000Z","0","2.1536"
"2024-05-01T06:09:59.892Z","Azure Monitor","eastus","EUR","100 GB Commitment Tier Capacity Reservation","100","1/Day","183.5206","2019-11-01T00:00:00.000Z","85.2157","1.8352"
"2024-05-01T06:09:59.892Z","Azure Monitor","eastus","EUR","200 GB Commitment Tier Capacity Reservation","200","1/Day","344.5693","2019-11-01T00:00:00.000Z","187.7557","1.7228"
"2024-05-01T06:09:59.892Z","Azure Monitor","eastus","EUR","300 GB Commitment Tier Capacity Reservation","300","1/Day","505.618","2019-11-01T00:00:00.000Z","293.4862","1.6854"
"2024-05-01T06:09:59.892Z","Azure Monitor","eastus","EUR","400 GB Commitment Tier Capacity Reservation","400","1/Day","659.176","2019-11-01T00:00:00.000Z","391.1095","1.6479"
"2024-05-01T06:09:59.892Z","Azure Monitor","eastus","EUR","500 GB Commitment Tier Capacity Reservation","500","1/Day","809.9251","2019-11-01T00:00:00.000Z","491.4892","1.6199"
"2024-05-01T06:09:59.892Z","Azure Monitor","eastus","EUR","1000 GB Commitment Tier Capacity Reservation","1000","1/Day","1591.7603","2021-06-01T00:00:00.000Z","982.6287","1.5918"
"2024-05-01T06:09:59.892Z","Azure Monitor","eastus","EUR","2000 GB Commitment Tier Capacity Reservation","2000","1/Day","3108.6142","2021-06-01T00:00:00.000Z","1952.8924","1.5543"
"2024-05-01T06:09:59.892Z","Azure Monitor","eastus","EUR","5000 GB Commitment Tier Capacity Reservation","5000","1/Day","7537.4532","2021-06-01T00:00:00.000Z","4849.4198","1.5075"
"2024-06-02T06:10:06.668Z","Azure Monitor","eastus","EUR","Pay-as-you-go Data Ingestion","Pay-as-you-go","1 GB","2.1269","2018-02-01T00:00:00.000Z","0","2.1269"
"2024-06-02T06:10:06.668Z","Azure Monitor","eastus","EUR","100 GB Commitment Tier Capacity Reservation","100","1/Day","181.2465","2019-11-01T00:00:00.000Z","85.2163","1.8125"
"2024-06-02T06:10:06.668Z","Azure Monitor","eastus","EUR","200 GB Commitment Tier Capacity Reservation","200","1/Day","340.2996","2019-11-01T00:00:00.000Z","187.7515","1.7015"
"2024-06-02T06:10:06.668Z","Azure Monitor","eastus","EUR","300 GB Commitment Tier Capacity Reservation","300","1/Day","499.3527","2019-11-01T00:00:00.000Z","293.4779","1.6645"
"2024-06-02T06:10:06.668Z","Azure Monitor","eastus","EUR","400 GB Commitment Tier Capacity Reservation","400","1/Day","651.008","2019-11-01T00:00:00.000Z","391.1132","1.6275"
"2024-06-02T06:10:06.668Z","Azure Monitor","eastus","EUR","500 GB Commitment Tier Capacity Reservation","500","1/Day","799.889","2019-11-01T00:00:00.000Z","491.4833","1.5998"
"2024-06-02T06:10:06.668Z","Azure Monitor","eastus","EUR","1000 GB Commitment Tier Capacity Reservation","1000","1/Day","1572.0362","2021-06-01T00:00:00.000Z","982.6455","1.572"
"2024-06-02T06:10:06.668Z","Azure Monitor","eastus","EUR","2000 GB Commitment Tier Capacity Reservation","2000","1/Day","3070.0943","2021-06-01T00:00:00.000Z","1952.9862","1.535"
"2024-06-02T06:10:06.668Z","Azure Monitor","eastus","EUR","5000 GB Commitment Tier Capacity Reservation","5000","1/Day","7444.054","2021-06-01T00:00:00.000Z","4849.5466","1.4888"
"2024-07-01T06:11:21.244Z","Azure Monitor","eastus","EUR","Pay-as-you-go Data Ingestion","Pay-as-you-go","1 GB","2.1533","2018-02-01T00:00:00.000Z","0","2.1533"
"2024-07-01T06:11:21.244Z","Azure Monitor","eastus","EUR","100 GB Commitment Tier Capacity Reservation","100","1/Day","183.4948","2019-11-01T00:00:00.000Z","85.2156","1.8349"
"2024-07-01T06:11:21.244Z","Azure Monitor","eastus","EUR","200 GB Commitment Tier Capacity Reservation","200","1/Day","344.5209","2019-11-01T00:00:00.000Z","187.76","1.7226"
"2024-07-01T06:11:21.244Z","Azure Monitor","eastus","EUR","300 GB Commitment Tier Capacity Reservation","300","1/Day","505.547","2019-11-01T00:00:00.000Z","293.479","1.6852"
"2024-07-01T06:11:21.244Z","Azure Monitor","eastus","EUR","400 GB Commitment Tier Capacity Reservation","400","1/Day","659.0835","2019-11-01T00:00:00.000Z","391.1011","1.6477"
"2024-07-01T06:11:21.244Z","Azure Monitor","eastus","EUR","500 GB Commitment Tier Capacity Reservation","500","1/Day","809.8114","2019-11-01T00:00:00.000Z","491.4799","1.6196"
"2024-07-01T06:11:21.244Z","Azure Monitor","eastus","EUR","1000 GB Commitment Tier Capacity Reservation","1000","1/Day","1591.5368","2021-06-01T00:00:00.000Z","982.6728","1.5915"
"2024-07-01T06:11:21.244Z","Azure Monitor","eastus","EUR","2000 GB Commitment Tier Capacity Reservation","2000","1/Day","3108.1777","2021-06-01T00:00:00.000Z","1952.9863","1.5541"
"2024-07-01T06:11:21.244Z","Azure Monitor","eastus","EUR","5000 GB Commitment Tier Capacity Reservation","5000","1/Day","7536.3947","2021-06-01T00:00:00.000Z","4849.3628","1.5073"
"2024-08-02T06:11:10.559Z","Azure Monitor","eastus","EUR","Pay-as-you-go Data Ingestion","Pay-as-you-go","1 GB","2.1265","2018-02-01T00:00:00.000Z","0","2.1265"
"2024-08-02T06:11:10.559Z","Azure Monitor","eastus","EUR","100 GB Commitment Tier Capacity Reservation","100","1/Day","181.213","2019-11-01T00:00:00.000Z","85.2166","1.8121"
"2024-08-02T06:11:10.559Z","Azure Monitor","eastus","EUR","200 GB Commitment Tier Capacity Reservation","200","1/Day","340.2367","2019-11-01T00:00:00.000Z","187.7582","1.7012"
"2024-08-02T06:11:10.559Z","Azure Monitor","eastus","EUR","300 GB Commitment Tier Capacity Reservation","300","1/Day","499.2604","2019-11-01T00:00:00.000Z","293.4754","1.6642"
"2024-08-02T06:11:10.559Z","Azure Monitor","eastus","EUR","400 GB Commitment Tier Capacity Reservation","400","1/Day","650.8876","2019-11-01T00:00:00.000Z","391.1114","1.6272"
"2024-08-02T06:11:10.559Z","Azure Monitor","eastus","EUR","500 GB Commitment Tier Capacity Reservation","500","1/Day","799.7411","2019-11-01T00:00:00.000Z","491.4830","1.5995"
"2024-08-02T06:11:10.559Z","Azure Monitor","eastus","EUR","1000 GB Commitment Tier Capacity Reservation","1000","1/Day","1571.7456","2021-06-01T00:00:00.000Z","982.6481","1.5717"
"2024-08-02T06:11:10.559Z","Azure Monitor","eastus","EUR","2000 GB Commitment Tier Capacity Reservation","2000","1/Day","3069.5266","2021-06-01T00:00:00.000Z","1952.9978","1.5348"
"2024-08-02T06:11:10.559Z","Azure Monitor","eastus","EUR","5000 GB Commitment Tier Capacity Reservation","5000","1/Day","7442.6775","2021-06-01T00:00:00.000Z","4849.2817","1.4885"
