"TimeGenerated","ServiceName","ArmRegionName","CurrencyCode","MeterName","Tier","UnitOfMeasure","RetailPrice","EffectiveStartDate","EffectiveCommitmentTierThresholdGB","EffectivePricePerGB"
"2023-03-29T15:50:58.330Z","Azure Monitor","eastus","SEK","Pay-as-you-go Data Ingestion","Pay-as-you-go","1 GB","24.1311","2018-02-01T00:00:00.000Z","0","24.1311"
"2023-03-29T15:50:58.330Z","Azure Monitor","eastus","SEK","100 GB Commitment Tier Capacity Reservation","100","1/Day","2056.3928","2019-11-01T00:00:00.000Z","85.2175","20.5639"
"2023-03-29T15:50:58.330Z","Azure Monitor","eastus","SEK","200 GB Commitment Tier Capacity Reservation","200","1/Day","3860.9824","2019-11-01T00:00:00.000Z","187.7554","19.3049"
"2023-03-29T15:50:58.330Z","Azure Monitor","eastus","SEK","300 GB Commitment Tier Capacity Reservation","300","1/Day","5665.572","2019-11-01T00:00:00.000Z","293.4784","18.8852"
"2023-03-29T15:50:58.330Z","Azure Monitor","eastus","SEK","400 GB Commitment Tier Capacity Reservation","400","1/Day","7386.2272","2019-11-01T00:00:00.000Z","391.1119","18.4656"
"2023-03-29T15:50:58.330Z","Azure Monitor","eastus","SEK","500 GB Commitment Tier Capacity Reservation","500","1/Day","9075.407","2019-11-01T00:00:00.000Z","491.4764","18.1508"
"2023-03-29T15:50:58.330Z","Azure Monitor","eastus","SEK","1000 GB Commitment Tier Capacity Reservation","1000","1/Day","17836.06","2021-06-01T02:00:00.000Z","982.6597","17.8361"
"2023-03-29T15:50:58.330Z","Azure Monitor","eastus","SEK","2000 GB Commitment Tier Capacity Reservation","2000","1/Day","34832.776","2021-06-01T02:00:00.000Z","1952.9368","17.4164"
"2023-03-29T15:50:58.330Z","Azure Monitor","eastus","SEK","5000 GB Commitment Tier Capacity Reservation","5000","1/Day","84458.99","2021-06-01T02:00:00.000Z","4849.3942","16.8918"
"2023-04-12T13:28:34.468Z","Azure Monitor","eastus","SEK","Pay-as-you-go Data Ingestion","Pay-as-you-go","1 GB","23.9493","2018-02-01T00:00:00.000Z","0","23.9493"
"2023-04-12T13:28:34.468Z","Azure Monitor","eastus","SEK","100 GB Commitment Tier Capacity Reservation","100","1/Day","2040.899","2019-11-01T00:00:00.000Z","85.2175","20.409"
"2023-04-12T13:28:34.468Z","Azure Monitor","eastus","SEK","200 GB Commitment Tier Capacity Reservation","200","1/Day","3831.892","2019-11-01T00:00:00.000Z","187.755","19.1595"
"2023-04-12T13:28:34.468Z","Azure Monitor","eastus","SEK","300 GB Commitment Tier Capacity Reservation","300","1/Day","5622.885","2019-11-01T00:00:00.000Z","293.4776","18.743"
"2023-04-12T13:28:34.468Z","Azure Monitor","eastus","SEK","400 GB Commitment Tier Capacity Reservation","400","1/Day","7330.576","2019-11-01T00:00:00.000Z","391.1101","18.3264"
"2023-04-12T13:28:34.468Z","Azure Monitor","eastus","SEK","500 GB Commitment Tier Capacity Reservation","500","1/Day","9007.0288","2019-11-01T00:00:00.000Z","491.4783","18.0141"
"2023-04-12T13:28:34.468Z","Azure Monitor","eastus","SEK","1000 GB Commitment Tier Capacity Reservation","1000","1/Day","17701.675","2021-06-01T02:00:00.000Z","982.6566","17.7017"
"2023-04-12T13:28:34.468Z","Azure Monitor","eastus","SEK","2000 GB Commitment Tier Capacity Reservation","2000","1/Day","34570.33","2021-06-01T02:00:00.000Z","1952.9384","17.2852"
"2023-04-12T13:28:34.468Z","Azure Monitor","eastus","SEK","5000 GB Commitment Tier Capacity Reservation","5000","1/Day","83822.6375","2021-06-01T02:00:00.000Z","4849.3878","16.7645"
"2023-05-02T08:07:40.927Z","Azure Monitor","eastus","SEK","Pay-as-you-go Data Ingestion","Pay-as-you-go","1 GB","23.7591","2018-02-01T00:00:00.000Z","0","23.7591"
"2023-05-02T08:07:40.927Z","Azure Monitor","eastus","SEK","100 GB Commitment Tier Capacity Reservation","100","1/Day","2024.6898","2019-11-01T00:00:00.000Z","85.2174","20.2469"
"2023-05-02T08:07:40.927Z","Azure Monitor","eastus","SEK","200 GB Commitment Tier Capacity Reservation","200","1/Day","3801.4584","2019-11-01T00:00:00.000Z","187.7551","19.0073"
"2023-05-02T08:07:40.927Z","Azure Monitor","eastus","SEK","300 GB Commitment Tier Capacity Reservation","300","1/Day","5578.227","2019-11-01T00:00:00.000Z","293.4781","18.5941"
"2023-05-02T08:07:40.927Z","Azure Monitor","eastus","SEK","400 GB Commitment Tier Capacity Reservation","400","1/Day","7272.3552","2019-11-01T00:00:00.000Z","391.1109","18.1809"
"2023-05-02T08:07:40.927Z","Azure Monitor","eastus","SEK","500 GB Commitment Tier Capacity Reservation","500","1/Day","8935.4933","2019-11-01T00:00:00.000Z","491.477","17.871"
"2023-05-02T08:07:40.927Z","Azure Monitor","eastus","SEK","1000 GB Commitment Tier Capacity Reservation","1000","1/Day","17561.085","2021-06-01T02:00:00.000Z","982.6582","17.5611"
"2023-05-02T08:07:40.927Z","Azure Monitor","eastus","SEK","2000 GB Commitment Tier Capacity Reservation","2000","1/Day","34295.766","2021-06-01T02:00:00.000Z","1952.9395","17.1479"
"2023-05-02T08:07:40.927Z","Azure Monitor","eastus","SEK","5000 GB Commitment Tier Capacity Reservation","5000","1/Day","83156.9025","2021-06-01T02:00:00.000Z","4849.3928","16.6314"
"2023-06-02T08:07:42.568Z","Azure Monitor","eastus","SEK","Pay-as-you-go Data Ingestion","Pay-as-you-go","1 GB","24.8445","2018-02-01T00:00:00.000Z","0","24.8445"
"2023-06-02T08:07:42.568Z","Azure Monitor","eastus","SEK","100 GB Commitment Tier Capacity Reservation","100","1/Day","2117.1822","2019-11-01T00:00:00.000Z","85.2173","21.1718"
"2023-06-02T08:07:42.568Z","Azure Monitor","eastus","SEK","200 GB Commitment Tier Capacity Reservation","200","1/Day","3975.1176","2019-11-01T00:00:00.000Z","187.7553","19.8756"
"2023-06-02T08:07:42.568Z","Azure Monitor","eastus","SEK","300 GB Commitment Tier Capacity Reservation","300","1/Day","5833.053","2019-11-01T00:00:00.000Z","293.4781","19.4435"
"2023-06-02T08:07:42.568Z","Azure Monitor","eastus","SEK","400 GB Commitment Tier Capacity Reservation","400","1/Day","7604.5728","2019-11-01T00:00:00.000Z","391.1113","19.0114"
"2023-06-02T08:07:42.568Z","Azure Monitor","eastus","SEK","500 GB Commitment Tier Capacity Reservation","500","1/Day","9343.6867","2019-11-01T00:00:00.000Z","491.4781","18.6874"
"2023-06-02T08:07:42.568Z","Azure Monitor","eastus","SEK","1000 GB Commitment Tier Capacity Reservation","1000","1/Day","18363.315","2021-06-01T02:00:00.000Z","982.6576","18.3633"
"2023-06-02T08:07:42.568Z","Azure Monitor","eastus","SEK","2000 GB Commitment Tier Capacity Reservation","2000","1/Day","35862.474","2021-06-01T02:00:00.000Z","1952.9428","17.9312"
"2023-06-02T08:07:42.568Z","Azure Monitor","eastus","SEK","5000 GB Commitment Tier Capacity Reservation","5000","1/Day","86955.6975","2021-06-01T02:00:00.000Z","4849.4076","17.3911"
"2023-07-07T06:09:02.036Z","Azure Monitor","eastus","SEK","Pay-as-you-go Data Ingestion","Pay-as-you-go","1 GB","24.8743","2018-02-01T00:00:00.000Z","0","24.8743"
"2023-07-07T06:09:02.036Z","Azure Monitor","eastus","SEK","100 GB Commitment Tier Capacity Reservation","100","1/Day","2119.7204","2019-11-01T00:00:00.000Z","85.2173","21.1972"
"2023-07-07T06:09:02.036Z","Azure Monitor","eastus","SEK","200 GB Commitment Tier Capacity Reservation","200","1/Day","3979.8832","2019-11-01T00:00:00.000Z","187.7551","19.8994"
"2023-07-07T06:09:02.036Z","Azure Monitor","eastus","SEK","300 GB Commitment Tier Capacity Reservation","300","1/Day","5840.046","2019-11-01T00:00:00.000Z","293.4785","19.4668"
"2023-07-07T06:09:02.036Z","Azure Monitor","eastus","SEK","400 GB Commitment Tier Capacity Reservation","400","1/Day","7613.6896","2019-11-01T00:00:00.000Z","391.1115","19.0342"
"2023-07-07T06:09:02.036Z","Azure Monitor","eastus","SEK","500 GB Commitment Tier Capacity Reservation","500","1/Day","9354.8885","2019-11-01T00:00:00.000Z","491.4779","18.7098"
"2023-07-07T06:09:02.036Z","Azure Monitor","eastus","SEK","1000 GB Commitment Tier Capacity Reservation","1000","1/Day","18385.33","2021-06-01T00:00:00.000Z","982.6578","18.3853"
"2023-07-07T06:09:02.036Z","Azure Monitor","eastus","SEK","2000 GB Commitment Tier Capacity Reservation","2000","1/Day","35905.468","2021-06-01T00:00:00.000Z","1952.9444","17.9527"
"2023-07-07T06:09:02.036Z","Azure Monitor","eastus","SEK","5000 GB Commitment Tier Capacity Reservation","5000","1/Day","87059.945","2021-06-01T00:00:00.000Z","4849.4068","17.412"
"2023-08-01T06:08:30.007Z","Azure Monitor","eastus","SEK","Pay-as-you-go Data Ingestion","Pay-as-you-go","1 GB","24.1242","2018-02-01T00:00:00.000Z","0","24.1242"
"2023-08-01T06:08:30.007Z","Azure Monitor","eastus","SEK","100 GB Commitment Tier Capacity Reservation","100","1/Day","2055.8048","2019-11-01T00:00:00.000Z","85.2175","20.558"
"2023-08-01T06:08:30.007Z","Azure Monitor","eastus","SEK","200 GB Commitment Tier Capacity Reservation","200","1/Day","3859.8784","2019-11-01T00:00:00.000Z","187.7555","19.2994"
"2023-08-01T06:08:30.007Z","Azure Monitor","eastus","SEK","300 GB Commitment Tier Capacity Reservation","300","1/Day","5663.952","2019-11-01T00:00:00.000Z","293.4781","18.8798"
"2023-08-01T06:08:30.007Z","Azure Monitor","eastus","SEK","400 GB Commitment Tier Capacity Reservation","400","1/Day","7384.1152","2019-11-01T00:00:00.000Z","391.1119","18.4603"
"2023-08-01T06:08:30.007Z","Azure Monitor","eastus","SEK","500 GB Commitment Tier Capacity Reservation","500","1/Day","9072.812","2019-11-01T00:00:00.000Z","491.477","18.1456"
"2023-08-01T06:08:30.007Z","Azure Monitor","eastus","SEK","1000 GB Commitment Tier Capacity Reservation","1000","1/Day","17830.96","2021-06-01T00:00:00.000Z","982.6603","17.831"
"2023-08-01T06:08:30.007Z","Azure Monitor","eastus","SEK","2000 GB Commitment Tier Capacity Reservation","2000","1/Day","34822.816","2021-06-01T00:00:00.000Z","1952.9368","17.4114"
"2023-08-01T06:08:30.007Z","Azure Monitor","eastus","SEK","5000 GB Commitment Tier Capacity Reservation","5000","1/Day","84434.84","2021-06-01T00:00:00.000Z","4849.3998","16.887"
"2023-09-02T06:07:00.316Z","Azure Monitor","eastus","SEK","Pay-as-you-go Data Ingestion","Pay-as-you-go","1 GB","25.211","2018-02-01T00:00:00.000Z","0","25.211"
"2023-09-02T06:07:00.316Z","Azure Monitor","eastus","SEK","100 GB Commitment Tier Capacity Reservation","100","1/Day","2148.4148","2019-11-01T00:00:00.000Z","85.2174","21.4841"
"2023-09-02T06:07:00.316Z","Azure Monitor","eastus","SEK","200 GB Commitment Tier Capacity Reservation","200","1/Day","4033.7584","2019-11-01T00:00:00.000Z","187.7555","20.1688"
"2023-09-02T06:07:00.316Z","Azure Monitor","eastus","SEK","300 GB Commitment Tier Capacity Reservation","300","1/Day","5919.102","2019-11-01T00:00:00.000Z","293.4781","19.7303"
"2023-09-02T06:07:00.316Z","Azure Monitor","eastus","SEK","400 GB Commitment Tier Capacity Reservation","400","1/Day","7716.7552","2019-11-01T00:00:00.000Z","391.1119","19.2919"
"2023-09-02T06:07:00.316Z","Azure Monitor","eastus","SEK","500 GB Commitment Tier Capacity Reservation","500","1/Day","9481.5245","2019-11-01T00:00:00.000Z","491.477","18.963"
"2023-09-02T06:07:00.316Z","Azure Monitor","eastus","SEK","1000 GB Commitment Tier Capacity Reservation","1000","1/Day","18634.21","2021-06-01T00:00:00.000Z","982.6615","18.6342"
"2023-09-02T06:07:00.316Z","Azure Monitor","eastus","SEK","2000 GB Commitment Tier Capacity Reservation","2000","1/Day","36391.516","2021-06-01T00:00:00.000Z","1952.9422","18.1958"
"2023-09-02T06:07:00.316Z","Azure Monitor","eastus","SEK","5000 GB Commitment Tier Capacity Reservation","5000","1/Day","88238.465","2021-06-01T00:00:00.000Z","4849.3864","17.6477"
"2023-10-02T06:08:46.154Z","Azure Monitor","eastus","SEK","Pay-as-you-go Data Ingestion","Pay-as-you-go","1 GB","25.326","2018-02-01T00:00:00.000Z","0","25.326"
"2023-10-02T06:08:46.154Z","Azure Monitor","eastus","SEK","100 GB Commitment Tier Capacity Reservation","100","1/Day","2158.2148","2019-11-01T00:00:00.000Z","85.2174","21.5821"
"2023-10-02T06:08:46.154Z","Azure Monitor","eastus","SEK","200 GB Commitment Tier Capacity Reservation","200","1/Day","4052.1584","2019-11-01T00:00:00.000Z","187.7555","20.2608"
"2023-10-02T06:08:46.154Z","Azure Monitor","eastus","SEK","300 GB Commitment Tier Capacity Reservation","300","1/Day","5946.102","2019-11-01T00:00:00.000Z","293.4781","19.8203"
"2023-10-02T06:08:46.154Z","Azure Monitor","eastus","SEK","400 GB Commitment Tier Capacity Reservation","400","1/Day","7751.9552","2019-11-01T00:00:00.000Z","391.1119","19.3799"
"2023-10-02T06:08:46.154Z","Azure Monitor","eastus","SEK","500 GB Commitment Tier Capacity Reservation","500","1/Day","9524.7745","2019-11-01T00:00:00.000Z","491.477","19.0495"
"2023-10-02T06:08:46.154Z","Azure Monitor","eastus","SEK","1000 GB Commitment Tier Capacity Reservation","1000","1/Day","18719.21","2021-06-01T00:00:00.000Z","982.6615","18.7192"
"2023-10-02T06:08:46.154Z","Azure Monitor","eastus","SEK","2000 GB Commitment Tier Capacity Reservation","2000","1/Day","36557.516","2021-06-01T00:00:00.000Z","1952.9422","18.2788"
"2023-10-02T06:08:46.154Z","Azure Monitor","eastus","SEK","5000 GB Commitment Tier Capacity Reservation","5000","1/Day","88640.965","2021-06-01T00:00:00.000Z","4849.3864","17.7282"
"2023-11-02T06:08:26.681Z","Azure Monitor","eastus","SEK","Pay-as-you-go Data Ingestion","Pay-as-you-go","1 GB","25.5895","2018-02-01T00:00:00.000Z","0","25.5895"
"2023-11-02T06:08:26.681Z","Azure Monitor","eastus","SEK","100 GB Commitment Tier Capacity Reservation","100","1/Day","2180.6666","2019-11-01T00:00:00.000Z","85.2172","21.8067"
"2023-11-02T06:08:26.681Z","Azure Monitor","eastus","SEK","200 GB Commitment Tier Capacity Reservation","200","1/Day","4094.3128","2019-11-01T00:00:00.000Z","187.7548","20.4716"
"2023-11-02T06:08:26.681Z","Azure Monitor","eastus","SEK","300 GB Commitment Tier Capacity Reservation","300","1/Day","6007.959","2019-11-01T00:00:00.000Z","293.4777","20.0265"
"2023-11-02T06:08:26.681Z","Azure Monitor","eastus","SEK","400 GB Commitment Tier Capacity Reservation","400","1/Day","7832.5984","2019-11-01T00:00:00.000Z","391.1117","19.5815"
"2023-11-02T06:08:26.681Z","Azure Monitor","eastus","SEK","500 GB Commitment Tier Capacity Reservation","500","1/Day","9623.8602","2019-11-01T00:00:00.000Z","491.4772","19.2477"
"2023-11-02T06:08:26.681Z","Azure Monitor","eastus","SEK","1000 GB Commitment Tier Capacity Reservation","1000","1/Day","18913.945","2021-06-01T00:00:00.000Z","982.66","18.9139"
"2023-11-02T06:08:26.681Z","Azure Monitor","eastus","SEK","2000 GB Commitment Tier Capacity Reservation","2000","1/Day","36937.822","2021-06-01T00:00:00.000Z","1952.9458","18.4689"
"2023-11-02T06:08:26.681Z","Azure Monitor","eastus","SEK","5000 GB Commitment Tier Capacity Reservation","5000","1/Day","89563.0925","2021-06-01T00:00:00.000Z","4849.4005","17.9126"
"2023-12-02T06:07:58.693Z","Azure Monitor","eastus","SEK","Pay-as-you-go Data Ingestion","Pay-as-you-go","1 GB","23.8681","2018-02-01T00:00:00.000Z","0","23.8681"
"2023-12-02T06:07:58.693Z","Azure Monitor","eastus","SEK","100 GB Commitment Tier Capacity Reservation","100","1/Day","2033.9802","2019-11-01T00:00:00.000Z","85.2175","20.3398"
"2023-12-02T06:07:58.693Z","Azure Monitor","eastus","SEK","200 GB Commitment Tier Capacity Reservation","200","1/Day","3818.9016","2019-11-01T00:00:00.000Z","187.7551","19.0945"
"2023-12-02T06:07:58.693Z","Azure Monitor","eastus","SEK","300 GB Commitment Tier Capacity Reservation","300","1/Day","5603.823","2019-11-01T00:00:00.000Z","293.4784","18.6794"
"2023-12-02T06:07:58.693Z","Azure Monitor","eastus","SEK","400 GB Commitment Tier Capacity Reservation","400","1/Day","7305.7248","2019-11-01T00:00:00.000Z","391.1113","18.2643"
"2023-12-02T06:07:58.693Z","Azure Monitor","eastus","SEK","500 GB Commitment Tier Capacity Reservation","500","1/Day","8976.4942","2019-11-01T00:00:00.000Z","491.4776","17.953"
"2023-12-02T06:07:58.693Z","Azure Monitor","eastus","SEK","1000 GB Commitment Tier Capacity Reservation","1000","1/Day","17641.665","2021-06-01T00:00:00.000Z","982.6583","17.6417"
"2023-12-02T06:07:58.693Z","Azure Monitor","eastus","SEK","2000 GB Commitment Tier Capacity Reservation","2000","1/Day","34453.134","2021-06-01T00:00:00.000Z","1952.9373","17.2266"
"2023-12-02T06:07:58.693Z","Azure Monitor","eastus","SEK","5000 GB Commitment Tier Capacity Reservation","5000","1/Day","83538.4725","2021-06-01T00:00:00.000Z","4849.3883","16.7077"
"2024-01-01T06:09:20.544Z","Azure Monitor","eastus","SEK","Pay-as-you-go Data Ingestion","Pay-as-you-go","1 GB","22.8157","2018-02-01T00:00:00.000Z","0","22.8157"
"2024-01-01T06:09:20.544Z","Azure Monitor","eastus","SEK","100 GB Commitment Tier Capacity Reservation","100","1/Day","1944.2906","2019-11-01T00:00:00.000Z","85.2172","19.4429"
"2024-01-01T06:09:20.544Z","Azure Monitor","eastus","SEK","200 GB Commitment Tier Capacity Reservation","200","1/Day","3650.5048","2019-11-01T00:00:00.000Z","187.7552","18.2525"
"2024-01-01T06:09:20.544Z","Azure Monitor","eastus","SEK","300 GB Commitment Tier Capacity Reservation","300","1/Day","5356.719","2019-11-01T00:00:00.000Z","293.4786","17.8557"
"2024-01-01T06:09:20.544Z","Azure Monitor","eastus","SEK","400 GB Commitment Tier Capacity Reservation","400","1/Day","6983.5744","2019-11-01T00:00:00.000Z","391.1118","17.4589"
"2024-01-01T06:09:20.544Z","Azure Monitor","eastus","SEK","500 GB Commitment Tier Capacity Reservation","500","1/Day","8580.6703","2019-11-01T00:00:00.000Z","491.4783","17.1613"
"2024-01-01T06:09:20.544Z","Azure Monitor","eastus","SEK","1000 GB Commitment Tier Capacity Reservation","1000","1/Day","16863.745","2021-06-01T00:00:00.000Z","982.6613","16.8637"
"2024-01-01T06:09:20.544Z","Azure Monitor","eastus","SEK","2000 GB Commitment Tier Capacity Reservation","2000","1/Day","32933.902","2021-06-01T00:00:00.000Z","1952.9464","16.467"
"2024-01-01T06:09:20.544Z","Azure Monitor","eastus","SEK","5000 GB Commitment Tier Capacity Reservation","5000","1/Day","79854.7925","2021-06-01T00:00:00.000Z","4849.3832","15.971"
"2024-02-02T06:08:03.849Z","Azure Monitor","eastus","SEK","Pay-as-you-go Data Ingestion","Pay-as-you-go","1 GB","24.1108","2018-02-01T00:00:00.000Z","0","24.1108"
"2024-02-02T06:08:03.849Z","Azure Monitor","eastus","SEK","100 GB Commitment Tier Capacity Reservation","100","1/Day","2054.6582","2019-11-01T00:00:00.000Z","85.2173","20.5466"
"2024-02-02T06:08:03.849Z","Azure Monitor","eastus","SEK","200 GB Commitment Tier Capacity Reservation","200","1/Day","3857.7256","2019-11-01T00:00:00.000Z","187.7549","19.2886"
"2024-02-02T06:08:03.849Z","Azure Monitor","eastus","SEK","300 GB Commitment Tier Capacity Reservation","300","1/Day","5660.793","2019-11-01T00:00:00.000Z","293.4787","18.8693"
"2024-02-02T06:08:03.849Z","Azure Monitor","eastus","SEK","400 GB Commitment Tier Capacity Reservation","400","1/Day","7379.9968","2019-11-01T00:00:00.000Z","391.1113","18.45"
"2024-02-02T06:08:03.849Z","Azure Monitor","eastus","SEK","500 GB Commitment Tier Capacity Reservation","500","1/Day","9067.7517","2019-11-01T00:00:00.000Z","491.4771","18.1355"
"2024-02-02T06:08:03.849Z","Azure Monitor","eastus","SEK","1000 GB Commitment Tier Capacity Reservation","1000","1/Day","17821.015","2021-06-01T00:00:00.000Z","982.6591","17.821"
"2024-02-02T06:08:03.849Z","Azure Monitor","eastus","SEK","2000 GB Commitment Tier Capacity Reservation","2000","1/Day","34803.394","2021-06-01T00:00:00.000Z","1952.9428","17.4017"
"2024-02-02T06:08:03.849Z","Azure Monitor","eastus","SEK","5000 GB Commitment Tier Capacity Reservation","5000","1/Day","84387.7475","2021-06-01T00:00:00.000Z","4849.3968","16.8775"
"2024-03-02T06:08:20.311Z","Azure Monitor","eastus","SEK","Pay-as-you-go Data Ingestion","Pay-as-you-go","1 GB","23.6869","2018-02-01T00:00:00.000Z","0","23.6869"
"2024-03-02T06:08:20.311Z","Azure Monitor","eastus","SEK","100 GB Commitment Tier Capacity Reservation","100","1/Day","2018.5354","2019-11-01T00:00:00.000Z","85.2174","20.1854"
"2024-03-02T06:08:20.311Z","Azure Monitor","eastus","SEK","200 GB Commitment Tier Capacity Reservation","200","1/Day","3789.9032","2019-11-01T00:00:00.000Z","187.7547","18.9495"
"2024-03-02T06:08:20.311Z","Azure Monitor","eastus","SEK","300 GB Commitment Tier Capacity Reservation","300","1/Day","5561.271","2019-11-01T00:00:00.000Z","293.4785","18.5376"
"2024-03-02T06:08:20.311Z","Azure Monitor","eastus","SEK","400 GB Commitment Tier Capacity Reservation","400","1/Day","7250.2496","2019-11-01T00:00:00.000Z","391.1105","18.1256"
"2024-03-02T06:08:20.311Z","Azure Monitor","eastus","SEK","500 GB Commitment Tier Capacity Reservation","500","1/Day","8908.3323","2019-11-01T00:00:00.000Z","491.4779","17.8167"
"2024-03-02T06:08:20.311Z","Azure Monitor","eastus","SEK","1000 GB Commitment Tier Capacity Reservation","1000","1/Day","17507.705","2021-06-01T00:00:00.000Z","982.657","17.5077"
"2024-03-02T06:08:20.311Z","Azure Monitor","eastus","SEK","2000 GB Commitment Tier Capacity Reservation","2000","1/Day","34191.518","2021-06-01T00:00:00.000Z","1952.9417","17.0958"
"2024-03-02T06:08:20.311Z","Azure Monitor","eastus","SEK","5000 GB Commitment Tier Capacity Reservation","5000","1/Day","82904.1325","2021-06-01T00:00:00.000Z","4849.386","16.5808"
"2024-04-03T09:26:28.723Z","Azure Monitor","eastus","SEK","Pay-as-you-go Data Ingestion","Pay-as-you-go","1 GB","24.3296","2018-02-01T00:00:00.000Z","0","24.3296"
"2024-04-03T09:26:28.723Z","Azure Monitor","eastus","SEK","100 GB Commitment Tier Capacity Reservation","100","1/Day","2073.3076","2019-11-01T00:00:00.000Z","85.2175","20.7331"
"2024-04-03T09:26:28.723Z","Azure Monitor","eastus","SEK","200 GB Commitment Tier Capacity Reservation","200","1/Day","3892.7408","2019-11-01T00:00:00.000Z","187.7549","19.4637"
"2024-04-03T09:26:28.723Z","Azure Monitor","eastus","SEK","300 GB Commitment Tier Capacity Reservation","300","1/Day","5712.174","2019-11-01T00:00:00.000Z","293.4783","19.0406"
"2024-04-03T09:26:28.723Z","Azure Monitor","eastus","SEK","400 GB Commitment Tier Capacity Reservation","400","1/Day","7446.9824","2019-11-01T00:00:00.000Z","391.1107","18.6175"
"2024-04-03T09:26:28.723Z","Azure Monitor","eastus","SEK","500 GB Commitment Tier Capacity Reservation","500","1/Day","9150.0565","2019-11-01T00:00:00.000Z","491.4761","18.3001"
"2024-04-03T09:26:28.723Z","Azure Monitor","eastus","SEK","1000 GB Commitment Tier Capacity Reservation","1000","1/Day","17982.77","2021-06-01T00:00:00.000Z","982.6597","17.9828"
"2024-04-03T09:26:28.723Z","Azure Monitor","eastus","SEK","2000 GB Commitment Tier Capacity Reservation","2000","1/Day","35119.292","2021-06-01T00:00:00.000Z","1952.9379","17.5596"
"2024-04-03T09:26:28.723Z","Azure Monitor","eastus","SEK","5000 GB Commitment Tier Capacity Reservation","5000","1/Day","85153.705","2021-06-01T00:00:00.000Z","4849.4103","17.0307"
"2024-05-02T06:08:49.743Z","Azure Monitor","eastus","SEK","Pay-as-you-go Data Ingestion","Pay-as-you-go","1 GB","25.1795","2018-02-01T00:00:00.000Z","0","25.1795"
"2024-05-02T06:08:49.743Z","Azure Monitor","eastus","SEK","100 GB Commitment Tier Capacity Reservation","100","1/Day","2145.7296","2019-11-01T00:00:00.000Z","85.2173","21.4573"
"2024-05-02T06:08:49.743Z","Azure Monitor","eastus","SEK","200 GB Commitment Tier Capacity Reservation","200","1/Day","4028.7168","2019-11-01T00:00:00.000Z","187.7551","20.1436"
"2024-05-02T06:08:49.743Z","Azure Monitor","eastus","SEK","300 GB Commitment Tier Capacity Reservation","300","1/Day","5911.704","2019-11-01T00:00:00.000Z","293.478","19.7057"
"2024-05-02T06:08:49.743Z","Azure Monitor","eastus","SEK","400 GB Commitment Tier Capacity Reservation","400","1/Day","7707.1104","2019-11-01T00:00:00.000Z","391.1107","19.2678"
"2024-05-02T06:08:49.743Z","Azure Monitor","eastus","SEK","500 GB Commitment Tier Capacity Reservation","500","1/Day","9469.674","2019-11-01T00:00:00.000Z","491.4767","18.9393"
"2024-05-02T06:08:49.743Z","Azure Monitor","eastus","SEK","1000 GB Commitment Tier Capacity Reservation","1000","1/Day","18610.92","2021-06-01T00:00:00.000Z","982.6615","18.6109"
"2024-05-02T06:08:49.743Z","Azure Monitor","eastus","SEK","2000 GB Commitment Tier Capacity Reservation","2000","1/Day","36346.032","2021-06-01T00:00:00.000Z","1952.9433","18.173"
"2024-05-02T06:08:49.743Z","Azure Monitor","eastus","SEK","5000 GB Commitment Tier Capacity Reservation","5000","1/Day","88128.18","2021-06-01T00:00:00.000Z","4849.4019","17.6256"
"2024-06-01T06:08:37.725Z","Azure Monitor","eastus","SEK","Pay-as-you-go Data Ingestion","Pay-as-you-go","1 GB","24.4983","2018-02-01T00:00:00.000Z","0","24.4983"
"2024-06-01T06:08:37.725Z","Azure Monitor","eastus","SEK","100 GB Commitment Tier Capacity Reservation","100","1/Day","2087.6842","2019-11-01T00:00:00.000Z","85.2175","20.8768"
"2024-06-01T06:08:37.725Z","Azure Monitor","eastus","SEK","200 GB Commitment Tier Capacity Reservation","200","1/Day","3919.7336","2019-11-01T00:00:00.000Z","187.7555","19.5987"
"2024-06-01T06:08:37.725Z","Azure Monitor","eastus","SEK","300 GB Commitment Tier Capacity Reservation","300","1/Day","5751.783","2019-11-01T00:00:00.000Z","293.4778","19.1726"
"2024-06-01T06:08:37.725Z","Azure Monitor","eastus","SEK","400 GB Commitment Tier Capacity Reservation","400","1/Day","7498.6208","2019-11-01T00:00:00.000Z","391.1113","18.7466"
"2024-06-01T06:08:37.725Z","Azure Monitor","eastus","SEK","500 GB Commitment Tier Capacity Reservation","500","1/Day","9213.5042","2019-11-01T00:00:00.000Z","491.476","18.427"
"2024-06-01T06:08:37.725Z","Azure Monitor","eastus","SEK","1000 GB Commitment Tier Capacity Reservation","1000","1/Day","18107.465","2021-06-01T00:00:00.000Z","982.6594","18.1075"
"2024-06-01T06:08:37.725Z","Azure Monitor","eastus","SEK","2000 GB Commitment Tier Capacity Reservation","2000","1/Day","35362.814","2021-06-01T00:00:00.000Z","1952.9374","17.6814"
"2024-06-01T06:08:37.725Z","Azure Monitor","eastus","SEK","5000 GB Commitment Tier Capacity Reservation","5000","1/Day","85744.1725","2021-06-01T00:00:00.000Z","4849.3995","17.1488"
"2024-07-01T06:11:21.244Z","Azure Monitor","eastus","SEK","Pay-as-you-go Data Ingestion","Pay-as-you-go","1 GB","24.2872","2018-02-01T00:00:00.000Z","0","24.2872"
"2024-07-01T06:11:21.244Z","Azure Monitor","eastus","SEK","100 GB Commitment Tier Capacity Reservation","100","1/Day","2069.6914","2019-11-01T00:00:00.000Z","85.2174","20.6969"
"2024-07-01T06:11:21.244Z","Azure Monitor","eastus","SEK","200 GB Commitment Tier Capacity Reservation","200","1/Day","3885.9512","2019-11-01T00:00:00.000Z","187.7552","19.4298"
"2024-07-01T06:11:21.244Z","Azure Monitor","eastus","SEK","300 GB Commitment Tier Capacity Reservation","300","1/Day","5702.211","2019-11-01T00:00:00.000Z","293.4776","19.0074"
"2024-07-01T06:11:21.244Z","Azure Monitor","eastus","SEK","400 GB Commitment Tier Capacity Reservation","400","1/Day","7433.9936","2019-11-01T00:00:00.000Z","391.1105","18.585"
"2024-07-01T06:11:21.244Z","Azure Monitor","eastus","SEK","500 GB Commitment Tier Capacity Reservation","500","1/Day","9134.0972","2019-11-01T00:00:00.000Z","491.4768","18.2682"
"2024-07-01T06:11:21.244Z","Azure Monitor","eastus","SEK","1000 GB Commitment Tier Capacity Reservation","1000","1/Day","17951.405","2021-06-01T00:00:00.000Z","982.6587","17.9514"
"2024-07-01T06:11:21.244Z","Azure Monitor","eastus","SEK","2000 GB Commitment Tier Capacity Reservation","2000","1/Day","35058.038","2021-06-01T00:00:00.000Z","1952.9417","17.529"
"2024-07-01T06:11:21.244Z","Azure Monitor","eastus","SEK","5000 GB Commitment Tier Capacity Reservation","5000","1/Day","85005.1825","2021-06-01T00:00:00.000Z","4849.4028","17.001"
"2024-08-02T06:11:10.559Z","Azure Monitor","eastus","SEK","Pay-as-you-go Data Ingestion","Pay-as-you-go","1 GB","24.9084","2018-02-01T00:00:00.000Z","0","24.9084"
"2024-08-02T06:11:10.559Z","Azure Monitor","eastus","SEK","100 GB Commitment Tier Capacity Reservation","100","1/Day","2122.631","2019-11-01T00:00:00.000Z","85.2175","21.2263"
"2024-08-02T06:11:10.559Z","Azure Monitor","eastus","SEK","200 GB Commitment Tier Capacity Reservation","200","1/Day","3985.348","2019-11-01T00:00:00.000Z","187.7552","19.9267"
"2024-08-02T06:11:10.559Z","Azure Monitor","eastus","SEK","300 GB Commitment Tier Capacity Reservation","300","1/Day","5848.065","2019-11-01T00:00:00.000Z","293.4788","19.4936"
"2024-08-02T06:11:10.559Z","Azure Monitor","eastus","SEK","400 GB Commitment Tier Capacity Reservation","400","1/Day","7624.144","2019-11-01T00:00:00.000Z","391.1101","19.0604"
"2024-08-02T06:11:10.559Z","Azure Monitor","eastus","SEK","500 GB Commitment Tier Capacity Reservation","500","1/Day","9367.7338","2019-11-01T00:00:00.000Z","491.4762","18.7355"
"2024-08-02T06:11:10.559Z","Azure Monitor","eastus","SEK","1000 GB Commitment Tier Capacity Reservation","1000","1/Day","18410.575","2021-06-01T00:00:00.000Z","982.6573","18.4106"
"2024-08-02T06:11:10.559Z","Azure Monitor","eastus","SEK","2000 GB Commitment Tier Capacity Reservation","2000","1/Day","35954.77","2021-06-01T00:00:00.000Z","1952.9385","17.9774"
"2024-08-02T06:11:10.559Z","Azure Monitor","eastus","SEK","5000 GB Commitment Tier Capacity Reservation","5000","1/Day","87179.4875","2021-06-01T00:00:00.000Z","4849.3935","17.4359"
