"TimeGenerated","ServiceName","ArmRegionName","CurrencyCode","MeterName","Tier","UnitOfMeasure","RetailPrice","EffectiveStartDate","EffectiveCommitmentTierThresholdGB","EffectivePricePerGB"
"2024-02-02T06:08:03.849Z","Azure Monitor","mexicocentral","CNY","Pay-as-you-go Data Ingestion","Pay-as-you-go","1 GB","18.1659","2024-02-01T00:00:00.000Z","0","18.1659"
"2024-02-02T06:08:03.849Z","Azure Monitor","mexicocentral","CNY","100 GB Commitment Tier Capacity Reservation","100","1/Day","1548.0511","2024-02-01T00:00:00.000Z","85.2174","15.4805"
"2024-02-02T06:08:03.849Z","Azure Monitor","mexicocentral","CNY","200 GB Commitment Tier Capacity Reservation","200","1/Day","2906.545","2024-02-01T00:00:00.000Z","187.7552","14.5327"
"2024-02-02T06:08:03.849Z","Azure Monitor","mexicocentral","CNY","300 GB Commitment Tier Capacity Reservation","300","1/Day","4265.0388","2024-02-01T00:00:00.000Z","293.4788","14.2168"
"2024-02-02T06:08:03.849Z","Azure Monitor","mexicocentral","CNY","400 GB Commitment Tier Capacity Reservation","400","1/Day","5560.3469","2024-02-01T00:00:00.000Z","391.111","13.9009"
"2024-02-02T06:08:03.849Z","Azure Monitor","mexicocentral","CNY","500 GB Commitment Tier Capacity Reservation","500","1/Day","6831.9603","2024-02-01T00:00:00.000Z","491.4761","13.6639"
"2024-02-02T06:08:03.849Z","Azure Monitor","mexicocentral","CNY","1000 GB Commitment Tier Capacity Reservation","1000","1/Day","13426.974","2024-02-01T00:00:00.000Z","982.6604","13.427"
"2024-02-02T06:08:03.849Z","Azure Monitor","mexicocentral","CNY","2000 GB Commitment Tier Capacity Reservation","2000","1/Day","26222.0904","2024-02-01T00:00:00.000Z","1952.9374","13.111"
"2024-02-02T06:08:03.849Z","Azure Monitor","mexicocentral","CNY","5000 GB Commitment Tier Capacity Reservation","5000","1/Day","63580.671","2024-02-01T00:00:00.000Z","4849.4143","12.7161"
"2024-03-02T06:08:20.311Z","Azure Monitor","mexicocentral","CNY","Pay-as-you-go Data Ingestion","Pay-as-you-go","1 GB","18.2117","2024-02-01T00:00:00.000Z","0","18.2117"
"2024-03-02T06:08:20.311Z","Azure Monitor","mexicocentral","CNY","100 GB Commitment Tier Capacity Reservation","100","1/Day","1551.9535","2024-02-01T00:00:00.000Z","85.2174","15.5195"
"2024-03-02T06:08:20.311Z","Azure Monitor","mexicocentral","CNY","200 GB Commitment Tier Capacity Reservation","200","1/Day","2913.8718","2024-02-01T00:00:00.000Z","187.7555","14.5694"
"2024-03-02T06:08:20.311Z","Azure Monitor","mexicocentral","CNY","300 GB Commitment Tier Capacity Reservation","300","1/Day","4275.7902","2024-02-01T00:00:00.000Z","293.4774","14.2526"
"2024-03-02T06:08:20.311Z","Azure Monitor","mexicocentral","CNY","400 GB Commitment Tier Capacity Reservation","400","1/Day","5574.3635","2024-02-01T00:00:00.000Z","391.112","13.9359"
"2024-03-02T06:08:20.311Z","Azure Monitor","mexicocentral","CNY","500 GB Commitment Tier Capacity Reservation","500","1/Day","6849.1825","2024-02-01T00:00:00.000Z","491.4776","13.6984"
"2024-03-02T06:08:20.311Z","Azure Monitor","mexicocentral","CNY","1000 GB Commitment Tier Capacity Reservation","1000","1/Day","13460.821","2024-02-01T00:00:00.000Z","982.6564","13.4608"
"2024-03-02T06:08:20.311Z","Azure Monitor","mexicocentral","CNY","2000 GB Commitment Tier Capacity Reservation","2000","1/Day","26288.1916","2024-02-01T00:00:00.000Z","1952.9442","13.1441"
"2024-03-02T06:08:20.311Z","Azure Monitor","mexicocentral","CNY","5000 GB Commitment Tier Capacity Reservation","5000","1/Day","63740.9465","2024-02-01T00:00:00.000Z","4849.396","12.7482"
"2024-04-03T09:26:28.723Z","Azure Monitor","mexicocentral","CNY","Pay-as-you-go Data Ingestion","Pay-as-you-go","1 GB","18.265","2024-02-01T00:00:00.000Z","0","18.265"
"2024-04-03T09:26:28.723Z","Azure Monitor","mexicocentral","CNY","100 GB Commitment Tier Capacity Reservation","100","1/Day","1556.4919","2024-02-01T00:00:00.000Z","85.2172","15.5649"
"2024-04-03T09:26:28.723Z","Azure Monitor","mexicocentral","CNY","200 GB Commitment Tier Capacity Reservation","200","1/Day","2922.3929","2024-02-01T00:00:00.000Z","187.7553","14.612"
"2024-04-03T09:26:28.723Z","Azure Monitor","mexicocentral","CNY","300 GB Commitment Tier Capacity Reservation","300","1/Day","4288.2939","2024-02-01T00:00:00.000Z","293.4775","14.2943"
"2024-04-03T09:26:28.723Z","Azure Monitor","mexicocentral","CNY","400 GB Commitment Tier Capacity Reservation","400","1/Day","5590.6646","2024-02-01T00:00:00.000Z","391.1115","13.9767"
"2024-04-03T09:26:28.723Z","Azure Monitor","mexicocentral","CNY","500 GB Commitment Tier Capacity Reservation","500","1/Day","6869.2115","2024-02-01T00:00:00.000Z","491.4759","13.7384"
"2024-04-03T09:26:28.723Z","Azure Monitor","mexicocentral","CNY","1000 GB Commitment Tier Capacity Reservation","1000","1/Day","13500.1845","2024-02-01T00:00:00.000Z","982.6606","13.5002"
"2024-04-03T09:26:28.723Z","Azure Monitor","mexicocentral","CNY","2000 GB Commitment Tier Capacity Reservation","2000","1/Day","26365.0662","2024-02-01T00:00:00.000Z","1952.9389","13.1825"
"2024-04-03T09:26:28.723Z","Azure Monitor","mexicocentral","CNY","5000 GB Commitment Tier Capacity Reservation","5000","1/Day","63927.3442","2024-02-01T00:00:00.000Z","4849.4098","12.7855"
"2024-05-02T06:08:49.743Z","Azure Monitor","mexicocentral","CNY","Pay-as-you-go Data Ingestion","Pay-as-you-go","1 GB","18.3331","2024-02-01T00:00:00.000Z","0","18.3331"
"2024-05-02T06:08:49.743Z","Azure Monitor","mexicocentral","CNY","100 GB Commitment Tier Capacity Reservation","100","1/Day","1562.3023","2024-02-01T00:00:00.000Z","85.2176","15.623"
"2024-05-02T06:08:49.743Z","Azure Monitor","mexicocentral","CNY","200 GB Commitment Tier Capacity Reservation","200","1/Day","2933.3022","2024-02-01T00:00:00.000Z","187.7554","14.6665"
"2024-05-02T06:08:49.743Z","Azure Monitor","mexicocentral","CNY","300 GB Commitment Tier Capacity Reservation","300","1/Day","4304.3022","2024-02-01T00:00:00.000Z","293.4785","14.3477"
"2024-05-02T06:08:49.743Z","Azure Monitor","mexicocentral","CNY","400 GB Commitment Tier Capacity Reservation","400","1/Day","5611.5347","2024-02-01T00:00:00.000Z","391.1104","14.0288"
"2024-05-02T06:08:49.743Z","Azure Monitor","mexicocentral","CNY","500 GB Commitment Tier Capacity Reservation","500","1/Day","6894.8544","2024-02-01T00:00:00.000Z","491.4786","13.7897"
"2024-05-02T06:08:49.743Z","Azure Monitor","mexicocentral","CNY","1000 GB Commitment Tier Capacity Reservation","1000","1/Day","13550.581","2024-02-01T00:00:00.000Z","982.6596","13.5506"
"2024-05-02T06:08:49.743Z","Azure Monitor","mexicocentral","CNY","2000 GB Commitment Tier Capacity Reservation","2000","1/Day","26463.4876","2024-02-01T00:00:00.000Z","1952.9384","13.2317"
"2024-05-02T06:08:49.743Z","Azure Monitor","mexicocentral","CNY","5000 GB Commitment Tier Capacity Reservation","5000","1/Day","64165.9865","2024-02-01T00:00:00.000Z","4849.4136","12.8332"
"2024-06-02T06:10:06.668Z","Azure Monitor","mexicocentral","CNY","Pay-as-you-go Data Ingestion","Pay-as-you-go","1 GB","18.3397","2024-02-01T00:00:00.000Z","0","18.3397"
"2024-06-02T06:10:06.668Z","Azure Monitor","mexicocentral","CNY","100 GB Commitment Tier Capacity Reservation","100","1/Day","1562.8628","2024-02-01T00:00:00.000Z","85.2175","15.6286"
"2024-06-02T06:10:06.668Z","Azure Monitor","mexicocentral","CNY","200 GB Commitment Tier Capacity Reservation","200","1/Day","2934.3547","2024-02-01T00:00:00.000Z","187.7554","14.6718"
"2024-06-02T06:10:06.668Z","Azure Monitor","mexicocentral","CNY","300 GB Commitment Tier Capacity Reservation","300","1/Day","4305.8466","2024-02-01T00:00:00.000Z","293.4777","14.3528"
"2024-06-02T06:10:06.668Z","Azure Monitor","mexicocentral","CNY","400 GB Commitment Tier Capacity Reservation","400","1/Day","5613.5482","2024-02-01T00:00:00.000Z","391.1117","14.0339"
"2024-06-02T06:10:06.668Z","Azure Monitor","mexicocentral","CNY","500 GB Commitment Tier Capacity Reservation","500","1/Day","6897.3284","2024-02-01T00:00:00.000Z","491.4762","13.7947"
"2024-06-02T06:10:06.668Z","Azure Monitor","mexicocentral","CNY","1000 GB Commitment Tier Capacity Reservation","1000","1/Day","13555.443","2024-02-01T00:00:00.000Z","982.6559","13.5554"
"2024-06-02T06:10:06.668Z","Azure Monitor","mexicocentral","CNY","2000 GB Commitment Tier Capacity Reservation","2000","1/Day","26472.9828","2024-02-01T00:00:00.000Z","1952.9474","13.2365"
"2024-06-02T06:10:06.668Z","Azure Monitor","mexicocentral","CNY","5000 GB Commitment Tier Capacity Reservation","5000","1/Day","64189.0095","2024-02-01T00:00:00.000Z","4849.3944","12.8378"
"2024-07-01T06:11:21.244Z","Azure Monitor","mexicocentral","CNY","Pay-as-you-go Data Ingestion","Pay-as-you-go","1 GB","18.3848","2024-02-01T00:00:00.000Z","0","18.3848"
"2024-07-01T06:11:21.244Z","Azure Monitor","mexicocentral","CNY","100 GB Commitment Tier Capacity Reservation","100","1/Day","1566.7005","2024-02-01T00:00:00.000Z","85.2172","15.667"
"2024-07-01T06:11:21.244Z","Azure Monitor","mexicocentral","CNY","200 GB Commitment Tier Capacity Reservation","200","1/Day","2941.5602","2024-02-01T00:00:00.000Z","187.7552","14.7078"
"2024-07-01T06:11:21.244Z","Azure Monitor","mexicocentral","CNY","300 GB Commitment Tier Capacity Reservation","300","1/Day","4316.4198","2024-02-01T00:00:00.000Z","293.4783","14.3881"
"2024-07-01T06:11:21.244Z","Azure Monitor","mexicocentral","CNY","400 GB Commitment Tier Capacity Reservation","400","1/Day","5627.3325","2024-02-01T00:00:00.000Z","391.1102","14.0683"
"2024-07-01T06:11:21.244Z","Azure Monitor","mexicocentral","CNY","500 GB Commitment Tier Capacity Reservation","500","1/Day","6914.2651","2024-02-01T00:00:00.000Z","491.4784","13.8285"
"2024-07-01T06:11:21.244Z","Azure Monitor","mexicocentral","CNY","1000 GB Commitment Tier Capacity Reservation","1000","1/Day","13588.729","2024-02-01T00:00:00.000Z","982.6611","13.5887"
"2024-07-01T06:11:21.244Z","Azure Monitor","mexicocentral","CNY","2000 GB Commitment Tier Capacity Reservation","2000","1/Day","26537.9884","2024-02-01T00:00:00.000Z","1952.9453","13.269"
"2024-07-01T06:11:21.244Z","Azure Monitor","mexicocentral","CNY","5000 GB Commitment Tier Capacity Reservation","5000","1/Day","64346.6285","2024-02-01T00:00:00.000Z","4849.3955","12.8693"
"2024-08-02T06:11:10.559Z","Azure Monitor","mexicocentral","CNY","Pay-as-you-go Data Ingestion","Pay-as-you-go","1 GB","18.362","2024-02-01T00:00:00.000Z","0","18.362"
"2024-08-02T06:11:10.559Z","Azure Monitor","mexicocentral","CNY","100 GB Commitment Tier Capacity Reservation","100","1/Day","1564.7601","2024-02-01T00:00:00.000Z","85.2173","15.6476"
"2024-08-02T06:11:10.559Z","Azure Monitor","mexicocentral","CNY","200 GB Commitment Tier Capacity Reservation","200","1/Day","2937.917","2024-02-01T00:00:00.000Z","187.7551","14.6896"
"2024-08-02T06:11:10.559Z","Azure Monitor","mexicocentral","CNY","300 GB Commitment Tier Capacity Reservation","300","1/Day","4311.0738","2024-02-01T00:00:00.000Z","293.4780","14.3702"
"2024-08-02T06:11:10.559Z","Azure Monitor","mexicocentral","CNY","400 GB Commitment Tier Capacity Reservation","400","1/Day","5620.3629","2024-02-01T00:00:00.000Z","391.1124","14.0509"
"2024-08-02T06:11:10.559Z","Azure Monitor","mexicocentral","CNY","500 GB Commitment Tier Capacity Reservation","500","1/Day","6905.7016","2024-02-01T00:00:00.000Z","491.4775","13.8114"
"2024-08-02T06:11:10.559Z","Azure Monitor","mexicocentral","CNY","1000 GB Commitment Tier Capacity Reservation","1000","1/Day","13571.899","2024-02-01T00:00:00.000Z","982.6592","13.5719"
"2024-08-02T06:11:10.559Z","Azure Monitor","mexicocentral","CNY","2000 GB Commitment Tier Capacity Reservation","2000","1/Day","26505.1204","2024-02-01T00:00:00.000Z","1952.9410","13.2526"
"2024-08-02T06:11:10.559Z","Azure Monitor","mexicocentral","CNY","5000 GB Commitment Tier Capacity Reservation","5000","1/Day","64266.9335","2024-02-01T00:00:00.000Z","4849.3830","12.8534"
