"TimeGenerated","ServiceName","ArmRegionName","CurrencyCode","MeterName","Tier","UnitOfMeasure","RetailPrice","EffectiveStartDate","EffectiveCommitmentTierThresholdGB","EffectivePricePerGB"
"2023-03-29T15:50:58.330Z","Azure Monitor","germanynorth","DKK","Pay-as-you-go Data Ingestion","Pay-as-you-go","1 GB","27.4477","2019-09-01T02:00:00.000Z","0","27.4477"
"2023-03-29T15:50:58.330Z","Azure Monitor","germanynorth","DKK","100 GB Commitment Tier Capacity Reservation","100","1/Day","1923.8078","2023-03-01T00:00:00.000Z","70.0899","19.2381"
"2023-03-29T15:50:58.330Z","Azure Monitor","germanynorth","DKK","200 GB Commitment Tier Capacity Reservation","200","1/Day","3612.0473","2023-03-01T00:00:00.000Z","187.7549","18.0602"
"2023-03-29T15:50:58.330Z","Azure Monitor","germanynorth","DKK","300 GB Commitment Tier Capacity Reservation","300","1/Day","5300.2868","2023-03-01T00:00:00.000Z","293.4789","17.6676"
"2023-03-29T15:50:58.330Z","Azure Monitor","germanynorth","DKK","400 GB Commitment Tier Capacity Reservation","400","1/Day","6910.0036","2023-03-01T00:00:00.000Z","391.1116","17.275"
"2023-03-29T15:50:58.330Z","Azure Monitor","germanynorth","DKK","500 GB Commitment Tier Capacity Reservation","500","1/Day","8490.2743","2023-03-01T00:00:00.000Z","491.4775","16.9805"
"2023-03-29T15:50:58.330Z","Azure Monitor","germanynorth","DKK","1000 GB Commitment Tier Capacity Reservation","1000","1/Day","16686.0882","2023-03-01T00:00:00.000Z","982.6618","16.6861"
"2023-03-29T15:50:58.330Z","Azure Monitor","germanynorth","DKK","2000 GB Commitment Tier Capacity Reservation","2000","1/Day","32586.9487","2023-03-01T00:00:00.000Z","1952.9398","16.2935"
"2023-03-29T15:50:58.330Z","Azure Monitor","germanynorth","DKK","5000 GB Commitment Tier Capacity Reservation","5000","1/Day","79013.5353","2023-03-01T00:00:00.000Z","4849.39","15.8027"
"2023-04-12T13:28:34.468Z","Azure Monitor","germanynorth","DKK","Pay-as-you-go Data Ingestion","Pay-as-you-go","1 GB","26.7354","2019-09-01T02:00:00.000Z","0","26.7354"
"2023-04-12T13:28:34.468Z","Azure Monitor","germanynorth","DKK","100 GB Commitment Tier Capacity Reservation","100","1/Day","1873.8832","2023-03-01T00:00:00.000Z","70.09","18.7388"
"2023-04-12T13:28:34.468Z","Azure Monitor","germanynorth","DKK","200 GB Commitment Tier Capacity Reservation","200","1/Day","3518.3113","2023-03-01T00:00:00.000Z","187.7554","17.5916"
"2023-04-12T13:28:34.468Z","Azure Monitor","germanynorth","DKK","300 GB Commitment Tier Capacity Reservation","300","1/Day","5162.7394","2023-03-01T00:00:00.000Z","293.4775","17.2091"
"2023-04-12T13:28:34.468Z","Azure Monitor","germanynorth","DKK","400 GB Commitment Tier Capacity Reservation","400","1/Day","6730.6825","2023-03-01T00:00:00.000Z","391.1118","16.8267"
"2023-04-12T13:28:34.468Z","Azure Monitor","germanynorth","DKK","500 GB Commitment Tier Capacity Reservation","500","1/Day","8269.9437","2023-03-01T00:00:00.000Z","491.4775","16.5399"
"2023-04-12T13:28:34.468Z","Azure Monitor","germanynorth","DKK","1000 GB Commitment Tier Capacity Reservation","1000","1/Day","16253.0684","2023-03-01T00:00:00.000Z","982.6582","16.2531"
"2023-04-12T13:28:34.468Z","Azure Monitor","germanynorth","DKK","2000 GB Commitment Tier Capacity Reservation","2000","1/Day","31741.2866","2023-03-01T00:00:00.000Z","1952.9374","15.8706"
"2023-04-12T13:28:34.468Z","Azure Monitor","germanynorth","DKK","5000 GB Commitment Tier Capacity Reservation","5000","1/Day","76963.0594","2023-03-01T00:00:00.000Z","4849.4108","15.3926"
"2023-05-02T08:07:40.927Z","Azure Monitor","germanynorth","DKK","Pay-as-you-go Data Ingestion","Pay-as-you-go","1 GB","26.2369","2019-09-01T02:00:00.000Z","0","26.2369"
"2023-05-02T08:07:40.927Z","Azure Monitor","germanynorth","DKK","100 GB Commitment Tier Capacity Reservation","100","1/Day","1838.9428","2023-03-01T00:00:00.000Z","70.0899","18.3894"
"2023-05-02T08:07:40.927Z","Azure Monitor","germanynorth","DKK","200 GB Commitment Tier Capacity Reservation","200","1/Day","3452.7088","2023-03-01T00:00:00.000Z","187.7554","17.2635"
"2023-05-02T08:07:40.927Z","Azure Monitor","germanynorth","DKK","300 GB Commitment Tier Capacity Reservation","300","1/Day","5066.4749","2023-03-01T00:00:00.000Z","293.479","16.8882"
"2023-05-02T08:07:40.927Z","Azure Monitor","germanynorth","DKK","400 GB Commitment Tier Capacity Reservation","400","1/Day","6605.1821","2023-03-01T00:00:00.000Z","391.1123","16.513"
"2023-05-02T08:07:40.927Z","Azure Monitor","germanynorth","DKK","500 GB Commitment Tier Capacity Reservation","500","1/Day","8115.7423","2023-03-01T00:00:00.000Z","491.4759","16.2315"
"2023-05-02T08:07:40.927Z","Azure Monitor","germanynorth","DKK","1000 GB Commitment Tier Capacity Reservation","1000","1/Day","15950.0137","2023-03-01T00:00:00.000Z","982.658","15.95"
"2023-05-02T08:07:40.927Z","Azure Monitor","germanynorth","DKK","2000 GB Commitment Tier Capacity Reservation","2000","1/Day","31149.4385","2023-03-01T00:00:00.000Z","1952.9429","15.5747"
"2023-05-02T08:07:40.927Z","Azure Monitor","germanynorth","DKK","5000 GB Commitment Tier Capacity Reservation","5000","1/Day","75528.006","2023-03-01T00:00:00.000Z","4849.4036","15.1056"
"2023-06-02T08:07:42.568Z","Azure Monitor","germanynorth","DKK","Pay-as-you-go Data Ingestion","Pay-as-you-go","1 GB","27.0465","2019-09-01T02:00:00.000Z","0","27.0465"
"2023-06-02T08:07:42.568Z","Azure Monitor","germanynorth","DKK","100 GB Commitment Tier Capacity Reservation","100","1/Day","1895.692","2023-03-01T00:00:00.000Z","70.0901","18.9569"
"2023-06-02T08:07:42.568Z","Azure Monitor","germanynorth","DKK","200 GB Commitment Tier Capacity Reservation","200","1/Day","3559.2585","2023-03-01T00:00:00.000Z","187.7553","17.7963"
"2023-06-02T08:07:42.568Z","Azure Monitor","germanynorth","DKK","300 GB Commitment Tier Capacity Reservation","300","1/Day","5222.8249","2023-03-01T00:00:00.000Z","293.4781","17.4094"
"2023-06-02T08:07:42.568Z","Azure Monitor","germanynorth","DKK","400 GB Commitment Tier Capacity Reservation","400","1/Day","6809.0162","2023-03-01T00:00:00.000Z","391.1115","17.0225"
"2023-06-02T08:07:42.568Z","Azure Monitor","germanynorth","DKK","500 GB Commitment Tier Capacity Reservation","500","1/Day","8366.1918","2023-03-01T00:00:00.000Z","491.4784","16.7324"
"2023-06-02T08:07:42.568Z","Azure Monitor","germanynorth","DKK","1000 GB Commitment Tier Capacity Reservation","1000","1/Day","16442.2266","2023-03-01T00:00:00.000Z","982.658","16.4422"
"2023-06-02T08:07:42.568Z","Azure Monitor","germanynorth","DKK","2000 GB Commitment Tier Capacity Reservation","2000","1/Day","32110.7014","2023-03-01T00:00:00.000Z","1952.9443","16.0554"
"2023-06-02T08:07:42.568Z","Azure Monitor","germanynorth","DKK","5000 GB Commitment Tier Capacity Reservation","5000","1/Day","77858.7789","2023-03-01T00:00:00.000Z","4849.3827","15.5718"
"2023-07-07T06:09:02.036Z","Azure Monitor","germanynorth","DKK","Pay-as-you-go Data Ingestion","Pay-as-you-go","1 GB","26.5564","2019-09-01T00:00:00.000Z","0","26.5564"
"2023-07-07T06:09:02.036Z","Azure Monitor","germanynorth","DKK","100 GB Commitment Tier Capacity Reservation","100","1/Day","1861.3373","2023-03-01T00:00:00.000Z","70.09","18.6134"
"2023-07-07T06:09:02.036Z","Azure Monitor","germanynorth","DKK","200 GB Commitment Tier Capacity Reservation","200","1/Day","3494.7558","2023-03-01T00:00:00.000Z","187.7548","17.4738"
"2023-07-07T06:09:02.036Z","Azure Monitor","germanynorth","DKK","300 GB Commitment Tier Capacity Reservation","300","1/Day","5128.1743","2023-03-01T00:00:00.000Z","293.4779","17.0939"
"2023-07-07T06:09:02.036Z","Azure Monitor","germanynorth","DKK","400 GB Commitment Tier Capacity Reservation","400","1/Day","6685.6198","2023-03-01T00:00:00.000Z","391.1114","16.714"
"2023-07-07T06:09:02.036Z","Azure Monitor","germanynorth","DKK","500 GB Commitment Tier Capacity Reservation","500","1/Day","8214.5754","2023-03-01T00:00:00.000Z","491.4787","16.4292"
"2023-07-07T06:09:02.036Z","Azure Monitor","germanynorth","DKK","1000 GB Commitment Tier Capacity Reservation","1000","1/Day","16144.2523","2023-03-01T00:00:00.000Z","982.656","16.1443"
"2023-07-07T06:09:02.036Z","Azure Monitor","germanynorth","DKK","2000 GB Commitment Tier Capacity Reservation","2000","1/Day","31528.7751","2023-03-01T00:00:00.000Z","1952.9354","15.7644"
"2023-07-07T06:09:02.036Z","Azure Monitor","germanynorth","DKK","5000 GB Commitment Tier Capacity Reservation","5000","1/Day","76447.783","2023-03-01T00:00:00.000Z","4849.3938","15.2896"
"2023-08-01T06:08:30.007Z","Azure Monitor","germanynorth","DKK","Pay-as-you-go Data Ingestion","Pay-as-you-go","1 GB","26.3529","2019-09-01T00:00:00.000Z","0","26.3529"
"2023-08-01T06:08:30.007Z","Azure Monitor","germanynorth","DKK","200 GB Commitment Tier Capacity Reservation","200","1/Day","3467.9777","2023-03-01T00:00:00.000Z","186.3162","17.3399"
"2023-08-01T06:08:30.007Z","Azure Monitor","germanynorth","DKK","300 GB Commitment Tier Capacity Reservation","300","1/Day","5088.8803","2023-03-01T00:00:00.000Z","293.4781","16.9629"
"2023-08-01T06:08:30.007Z","Azure Monitor","germanynorth","DKK","400 GB Commitment Tier Capacity Reservation","400","1/Day","6634.3922","2023-03-01T00:00:00.000Z","391.1119","16.586"
"2023-08-01T06:08:30.007Z","Azure Monitor","germanynorth","DKK","500 GB Commitment Tier Capacity Reservation","500","1/Day","8151.6324","2023-03-01T00:00:00.000Z","491.4767","16.3033"
"2023-08-01T06:08:30.007Z","Azure Monitor","germanynorth","DKK","1000 GB Commitment Tier Capacity Reservation","1000","1/Day","16020.5492","2023-03-01T00:00:00.000Z","982.6568","16.0205"
"2023-08-01T06:08:30.007Z","Azure Monitor","germanynorth","DKK","5000 GB Commitment Tier Capacity Reservation","5000","1/Day","75862.0126","2023-03-01T00:00:00.000Z","4812.236","15.1724"
"2023-08-02T06:09:03.844Z","Azure Monitor","germanynorth","DKK","100 GB Commitment Tier Capacity Reservation","100","1/Day","1847.0751","2023-03-01T00:00:00.000Z","70.09","18.4708"
"2023-08-02T06:09:03.844Z","Azure Monitor","germanynorth","DKK","2000 GB Commitment Tier Capacity Reservation","2000","1/Day","31287.1903","2023-03-01T00:00:00.000Z","1952.9472","15.6436"
"2023-09-02T06:07:00.316Z","Azure Monitor","germanynorth","DKK","Pay-as-you-go Data Ingestion","Pay-as-you-go","1 GB","26.7556","2019-09-01T00:00:00.000Z","0","26.7556"
"2023-09-02T06:07:00.316Z","Azure Monitor","germanynorth","DKK","100 GB Commitment Tier Capacity Reservation","100","1/Day","1875.2999","2023-03-01T00:00:00.000Z","70.09","18.753"
"2023-09-02T06:07:00.316Z","Azure Monitor","germanynorth","DKK","200 GB Commitment Tier Capacity Reservation","200","1/Day","3520.9712","2023-03-01T00:00:00.000Z","187.7551","17.6049"
"2023-09-02T06:07:00.316Z","Azure Monitor","germanynorth","DKK","300 GB Commitment Tier Capacity Reservation","300","1/Day","5166.6425","2023-03-01T00:00:00.000Z","293.4775","17.2221"
"2023-09-02T06:07:00.316Z","Azure Monitor","germanynorth","DKK","400 GB Commitment Tier Capacity Reservation","400","1/Day","6735.771","2023-03-01T00:00:00.000Z","391.1121","16.8394"
"2023-09-02T06:07:00.316Z","Azure Monitor","germanynorth","DKK","500 GB Commitment Tier Capacity Reservation","500","1/Day","8276.1959","2023-03-01T00:00:00.000Z","491.4781","16.5524"
"2023-09-02T06:07:00.316Z","Azure Monitor","germanynorth","DKK","1000 GB Commitment Tier Capacity Reservation","1000","1/Day","16265.356","2023-03-01T00:00:00.000Z","982.6585","16.2654"
"2023-09-02T06:07:00.316Z","Azure Monitor","germanynorth","DKK","2000 GB Commitment Tier Capacity Reservation","2000","1/Day","31765.2836","2023-03-01T00:00:00.000Z","1952.9359","15.8826"
"2023-09-02T06:07:00.316Z","Azure Monitor","germanynorth","DKK","5000 GB Commitment Tier Capacity Reservation","5000","1/Day","77021.2448","2023-03-01T00:00:00.000Z","4849.4103","15.4042"
"2023-10-02T06:08:46.154Z","Azure Monitor","germanynorth","DKK","Pay-as-you-go Data Ingestion","Pay-as-you-go","1 GB","27.5713","2019-09-01T00:00:00.000Z","0","27.5713"
"2023-10-02T06:08:46.154Z","Azure Monitor","germanynorth","DKK","100 GB Commitment Tier Capacity Reservation","100","1/Day","1932.4714","2023-03-01T00:00:00.000Z","70.09","19.3247"
"2023-10-02T06:08:46.154Z","Azure Monitor","germanynorth","DKK","200 GB Commitment Tier Capacity Reservation","200","1/Day","3628.3137","2023-03-01T00:00:00.000Z","187.7552","18.1416"
"2023-10-02T06:08:46.154Z","Azure Monitor","germanynorth","DKK","300 GB Commitment Tier Capacity Reservation","300","1/Day","5324.1559","2023-03-01T00:00:00.000Z","293.4777","17.7472"
"2023-10-02T06:08:46.154Z","Azure Monitor","germanynorth","DKK","400 GB Commitment Tier Capacity Reservation","400","1/Day","6941.1218","2023-03-01T00:00:00.000Z","391.1108","17.3528"
"2023-10-02T06:08:46.154Z","Azure Monitor","germanynorth","DKK","500 GB Commitment Tier Capacity Reservation","500","1/Day","8528.509","2023-03-01T00:00:00.000Z","491.4774","17.057"
"2023-10-02T06:08:46.154Z","Azure Monitor","germanynorth","DKK","1000 GB Commitment Tier Capacity Reservation","1000","1/Day","16761.2316","2023-03-01T00:00:00.000Z","982.66","16.7612"
"2023-10-02T06:08:46.154Z","Azure Monitor","germanynorth","DKK","2000 GB Commitment Tier Capacity Reservation","2000","1/Day","32733.6994","2023-03-01T00:00:00.000Z","1952.9449","16.3668"
"2023-10-02T06:08:46.154Z","Azure Monitor","germanynorth","DKK","5000 GB Commitment Tier Capacity Reservation","5000","1/Day","79369.3614","2023-03-01T00:00:00.000Z","4849.4123","15.8739"
"2023-11-01T06:08:41.407Z","Azure Monitor","germanynorth","DKK","Pay-as-you-go Data Ingestion","Pay-as-you-go","1 GB","27.4245","2019-09-01T00:00:00.000Z","0","27.4245"
"2023-11-01T06:08:41.407Z","Azure Monitor","germanynorth","DKK","100 GB Commitment Tier Capacity Reservation","100","1/Day","1922.1868","2023-03-01T00:00:00.000Z","70.0901","19.2219"
"2023-11-01T06:08:41.407Z","Azure Monitor","germanynorth","DKK","200 GB Commitment Tier Capacity Reservation","200","1/Day","3609.0038","2023-03-01T00:00:00.000Z","187.7548","18.045"
"2023-11-01T06:08:41.407Z","Azure Monitor","germanynorth","DKK","300 GB Commitment Tier Capacity Reservation","300","1/Day","5295.8208","2023-03-01T00:00:00.000Z","293.4786","17.6527"
"2023-11-01T06:08:41.407Z","Azure Monitor","germanynorth","DKK","400 GB Commitment Tier Capacity Reservation","400","1/Day","6904.1812","2023-03-01T00:00:00.000Z","391.1119","17.2605"
"2023-11-01T06:08:41.407Z","Azure Monitor","germanynorth","DKK","500 GB Commitment Tier Capacity Reservation","500","1/Day","8483.1203","2023-03-01T00:00:00.000Z","491.4759","16.9662"
"2023-11-01T06:08:41.407Z","Azure Monitor","germanynorth","DKK","1000 GB Commitment Tier Capacity Reservation","1000","1/Day","16672.0283","2023-03-01T00:00:00.000Z","982.6613","16.672"
"2023-11-01T06:08:41.407Z","Azure Monitor","germanynorth","DKK","2000 GB Commitment Tier Capacity Reservation","2000","1/Day","32559.4907","2023-03-01T00:00:00.000Z","1952.9445","16.2797"
"2023-11-01T06:08:41.407Z","Azure Monitor","germanynorth","DKK","5000 GB Commitment Tier Capacity Reservation","5000","1/Day","78946.9578","2023-03-01T00:00:00.000Z","4849.4111","15.7894"
"2023-12-02T06:07:58.693Z","Azure Monitor","germanynorth","DKK","Pay-as-you-go Data Ingestion","Pay-as-you-go","1 GB","26.3933","2019-09-01T00:00:00.000Z","0","26.3933"
"2023-12-02T06:07:58.693Z","Azure Monitor","germanynorth","DKK","100 GB Commitment Tier Capacity Reservation","100","1/Day","1849.9085","2023-03-01T00:00:00.000Z","70.0901","18.4991"
"2023-12-02T06:07:58.693Z","Azure Monitor","germanynorth","DKK","200 GB Commitment Tier Capacity Reservation","200","1/Day","3473.2975","2023-03-01T00:00:00.000Z","187.7549","17.3665"
"2023-12-02T06:07:58.693Z","Azure Monitor","germanynorth","DKK","300 GB Commitment Tier Capacity Reservation","300","1/Day","5096.6866","2023-03-01T00:00:00.000Z","293.4781","16.989"
"2023-12-02T06:07:58.693Z","Azure Monitor","germanynorth","DKK","400 GB Commitment Tier Capacity Reservation","400","1/Day","6644.5692","2023-03-01T00:00:00.000Z","391.1101","16.6114"
"2023-12-02T06:07:58.693Z","Azure Monitor","germanynorth","DKK","500 GB Commitment Tier Capacity Reservation","500","1/Day","8164.1369","2023-03-01T00:00:00.000Z","491.478","16.3283"
"2023-12-02T06:07:58.693Z","Azure Monitor","germanynorth","DKK","1000 GB Commitment Tier Capacity Reservation","1000","1/Day","16045.1245","2023-03-01T00:00:00.000Z","982.6574","16.0451"
"2023-12-02T06:07:58.693Z","Azure Monitor","germanynorth","DKK","2000 GB Commitment Tier Capacity Reservation","2000","1/Day","31335.1842","2023-03-01T00:00:00.000Z","1952.9442","15.6676"
"2023-12-02T06:07:58.693Z","Azure Monitor","germanynorth","DKK","5000 GB Commitment Tier Capacity Reservation","5000","1/Day","75978.3834","2023-03-01T00:00:00.000Z","4849.3951","15.1957"
"2024-01-02T06:08:37.104Z","Azure Monitor","germanynorth","DKK","Pay-as-you-go Data Ingestion","Pay-as-you-go","1 GB","26.095","2019-09-01T00:00:00.000Z","0","26.095"
"2024-01-02T06:08:37.104Z","Azure Monitor","germanynorth","DKK","100 GB Commitment Tier Capacity Reservation","100","1/Day","1828.9987","2023-03-01T00:00:00.000Z","70.09","18.29"
"2024-01-02T06:08:37.104Z","Azure Monitor","germanynorth","DKK","200 GB Commitment Tier Capacity Reservation","200","1/Day","3434.0384","2023-03-01T00:00:00.000Z","187.755","17.1702"
"2024-01-02T06:08:37.104Z","Azure Monitor","germanynorth","DKK","300 GB Commitment Tier Capacity Reservation","300","1/Day","5039.078","2023-03-01T00:00:00.000Z","293.4781","16.7969"
"2024-01-02T06:08:37.104Z","Azure Monitor","germanynorth","DKK","400 GB Commitment Tier Capacity Reservation","400","1/Day","6569.4647","2023-03-01T00:00:00.000Z","391.1117","16.4237"
"2024-01-02T06:08:37.104Z","Azure Monitor","germanynorth","DKK","500 GB Commitment Tier Capacity Reservation","500","1/Day","8071.8565","2023-03-01T00:00:00.000Z","491.4761","16.1437"
"2024-01-02T06:08:37.104Z","Azure Monitor","germanynorth","DKK","1000 GB Commitment Tier Capacity Reservation","1000","1/Day","15863.7642","2023-03-01T00:00:00.000Z","982.6597","15.8638"
"2024-01-02T06:08:37.104Z","Azure Monitor","germanynorth","DKK","2000 GB Commitment Tier Capacity Reservation","2000","1/Day","30980.9983","2023-03-01T00:00:00.000Z","1952.9368","15.4905"
"2024-01-02T06:08:37.104Z","Azure Monitor","germanynorth","DKK","5000 GB Commitment Tier Capacity Reservation","5000","1/Day","75119.5893","2023-03-01T00:00:00.000Z","4849.3973","15.0239"
"2024-02-02T06:08:03.849Z","Azure Monitor","germanynorth","DKK","Pay-as-you-go Data Ingestion","Pay-as-you-go","1 GB","26.8327","2019-09-01T00:00:00.000Z","0","26.8327"
"2024-02-02T06:08:03.849Z","Azure Monitor","germanynorth","DKK","100 GB Commitment Tier Capacity Reservation","100","1/Day","1880.7078","2023-03-01T00:00:00.000Z","70.0901","18.8071"
"2024-02-02T06:08:03.849Z","Azure Monitor","germanynorth","DKK","200 GB Commitment Tier Capacity Reservation","200","1/Day","3531.1249","2023-03-01T00:00:00.000Z","187.7549","17.6556"
"2024-02-02T06:08:03.849Z","Azure Monitor","germanynorth","DKK","300 GB Commitment Tier Capacity Reservation","300","1/Day","5181.5419","2023-03-01T00:00:00.000Z","293.4787","17.2718"
"2024-02-02T06:08:03.849Z","Azure Monitor","germanynorth","DKK","400 GB Commitment Tier Capacity Reservation","400","1/Day","6755.1954","2023-03-01T00:00:00.000Z","391.1113","16.888"
"2024-02-02T06:08:03.849Z","Azure Monitor","germanynorth","DKK","500 GB Commitment Tier Capacity Reservation","500","1/Day","8300.0625","2023-03-01T00:00:00.000Z","491.4769","16.6001"
"2024-02-02T06:08:03.849Z","Azure Monitor","germanynorth","DKK","1000 GB Commitment Tier Capacity Reservation","1000","1/Day","16312.2616","2023-03-01T00:00:00.000Z","982.6604","16.3123"
"2024-02-02T06:08:03.849Z","Azure Monitor","germanynorth","DKK","2000 GB Commitment Tier Capacity Reservation","2000","1/Day","31856.8874","2023-03-01T00:00:00.000Z","1952.9366","15.9284"
"2024-02-02T06:08:03.849Z","Azure Monitor","germanynorth","DKK","5000 GB Commitment Tier Capacity Reservation","5000","1/Day","77243.3564","2023-03-01T00:00:00.000Z","4849.4109","15.4487"
"2024-03-02T06:08:20.311Z","Azure Monitor","germanynorth","DKK","Pay-as-you-go Data Ingestion","Pay-as-you-go","1 GB","26.7085","2019-09-01T00:00:00.000Z","0","26.7085"
"2024-03-02T06:08:20.311Z","Azure Monitor","germanynorth","DKK","100 GB Commitment Tier Capacity Reservation","100","1/Day","1872.0034","2023-03-01T00:00:00.000Z","70.0902","18.72"
"2024-03-02T06:08:20.311Z","Azure Monitor","germanynorth","DKK","200 GB Commitment Tier Capacity Reservation","200","1/Day","3514.7818","2023-03-01T00:00:00.000Z","187.7554","17.5739"
"2024-03-02T06:08:20.311Z","Azure Monitor","germanynorth","DKK","300 GB Commitment Tier Capacity Reservation","300","1/Day","5157.5603","2023-03-01T00:00:00.000Z","293.4784","17.1919"
"2024-03-02T06:08:20.311Z","Azure Monitor","germanynorth","DKK","400 GB Commitment Tier Capacity Reservation","400","1/Day","6723.9304","2023-03-01T00:00:00.000Z","391.1104","16.8098"
"2024-03-02T06:08:20.311Z","Azure Monitor","germanynorth","DKK","500 GB Commitment Tier Capacity Reservation","500","1/Day","8261.6474","2023-03-01T00:00:00.000Z","491.478","16.5233"
"2024-03-02T06:08:20.311Z","Azure Monitor","germanynorth","DKK","1000 GB Commitment Tier Capacity Reservation","1000","1/Day","16236.7638","2023-03-01T00:00:00.000Z","982.6587","16.2368"
"2024-03-02T06:08:20.311Z","Azure Monitor","germanynorth","DKK","2000 GB Commitment Tier Capacity Reservation","2000","1/Day","31709.4445","2023-03-01T00:00:00.000Z","1952.9368","15.8547"
"2024-03-02T06:08:20.311Z","Azure Monitor","germanynorth","DKK","5000 GB Commitment Tier Capacity Reservation","5000","1/Day","76885.8519","2023-03-01T00:00:00.000Z","4849.4044","15.3772"
"2024-04-03T09:26:28.723Z","Azure Monitor","germanynorth","DKK","Pay-as-you-go Data Ingestion","Pay-as-you-go","1 GB","26.7772","2019-09-01T00:00:00.000Z","0","26.7772"
"2024-04-03T09:26:28.723Z","Azure Monitor","germanynorth","DKK","100 GB Commitment Tier Capacity Reservation","100","1/Day","1876.8119","2023-03-01T00:00:00.000Z","70.0899","18.7681"
"2024-04-03T09:26:28.723Z","Azure Monitor","germanynorth","DKK","200 GB Commitment Tier Capacity Reservation","200","1/Day","3523.8101","2023-03-01T00:00:00.000Z","187.7553","17.6191"
"2024-04-03T09:26:28.723Z","Azure Monitor","germanynorth","DKK","300 GB Commitment Tier Capacity Reservation","300","1/Day","5170.8083","2023-03-01T00:00:00.000Z","293.4774","17.236"
"2024-04-03T09:26:28.723Z","Azure Monitor","germanynorth","DKK","400 GB Commitment Tier Capacity Reservation","400","1/Day","6741.202","2023-03-01T00:00:00.000Z","391.1117","16.853"
"2024-04-03T09:26:28.723Z","Azure Monitor","germanynorth","DKK","500 GB Commitment Tier Capacity Reservation","500","1/Day","8282.8689","2023-03-01T00:00:00.000Z","491.4774","16.5657"
"2024-04-03T09:26:28.723Z","Azure Monitor","germanynorth","DKK","1000 GB Commitment Tier Capacity Reservation","1000","1/Day","16278.4707","2023-03-01T00:00:00.000Z","982.6612","16.2785"
"2024-04-03T09:26:28.723Z","Azure Monitor","germanynorth","DKK","2000 GB Commitment Tier Capacity Reservation","2000","1/Day","31790.8957","2023-03-01T00:00:00.000Z","1952.9377","15.8954"
"2024-04-03T09:26:28.723Z","Azure Monitor","germanynorth","DKK","5000 GB Commitment Tier Capacity Reservation","5000","1/Day","77083.3465","2023-03-01T00:00:00.000Z","4849.4122","15.4167"
"2024-05-01T06:09:59.892Z","Azure Monitor","germanynorth","DKK","Pay-as-you-go Data Ingestion","Pay-as-you-go","1 GB","27.1416","2019-09-01T00:00:00.000Z","0","27.1416"
"2024-05-01T06:09:59.892Z","Azure Monitor","germanynorth","DKK","100 GB Commitment Tier Capacity Reservation","100","1/Day","1902.3532","2023-03-01T00:00:00.000Z","70.0899","19.0235"
"2024-05-01T06:09:59.892Z","Azure Monitor","germanynorth","DKK","200 GB Commitment Tier Capacity Reservation","200","1/Day","3571.7651","2023-03-01T00:00:00.000Z","187.7554","17.8588"
"2024-05-01T06:09:59.892Z","Azure Monitor","germanynorth","DKK","300 GB Commitment Tier Capacity Reservation","300","1/Day","5241.1771","2023-03-01T00:00:00.000Z","293.4787","17.4706"
"2024-05-01T06:09:59.892Z","Azure Monitor","germanynorth","DKK","400 GB Commitment Tier Capacity Reservation","400","1/Day","6832.942","2023-03-01T00:00:00.000Z","391.1109","17.0824"
"2024-05-01T06:09:59.892Z","Azure Monitor","germanynorth","DKK","500 GB Commitment Tier Capacity Reservation","500","1/Day","8395.5892","2023-03-01T00:00:00.000Z","491.476","16.7912"
"2024-05-01T06:09:59.892Z","Azure Monitor","germanynorth","DKK","1000 GB Commitment Tier Capacity Reservation","1000","1/Day","16500.002","2023-03-01T00:00:00.000Z","982.6577","16.5"
"2024-05-01T06:09:59.892Z","Azure Monitor","germanynorth","DKK","2000 GB Commitment Tier Capacity Reservation","2000","1/Day","32223.5332","2023-03-01T00:00:00.000Z","1952.9414","16.1118"
"2024-05-01T06:09:59.892Z","Azure Monitor","germanynorth","DKK","5000 GB Commitment Tier Capacity Reservation","5000","1/Day","78132.3622","2023-03-01T00:00:00.000Z","4849.3875","15.6265"
"2024-06-02T06:10:06.668Z","Azure Monitor","germanynorth","DKK","Pay-as-you-go Data Ingestion","Pay-as-you-go","1 GB","26.8162","2019-09-01T00:00:00.000Z","0","26.8162"
"2024-06-02T06:10:06.668Z","Azure Monitor","germanynorth","DKK","100 GB Commitment Tier Capacity Reservation","100","1/Day","1879.5499","2023-03-01T00:00:00.000Z","70.0901","18.7955"
"2024-06-02T06:10:06.668Z","Azure Monitor","germanynorth","DKK","200 GB Commitment Tier Capacity Reservation","200","1/Day","3528.9509","2023-03-01T00:00:00.000Z","187.7551","17.6448"
"2024-06-02T06:10:06.668Z","Azure Monitor","germanynorth","DKK","300 GB Commitment Tier Capacity Reservation","300","1/Day","5178.3519","2023-03-01T00:00:00.000Z","293.4775","17.2612"
"2024-06-02T06:10:06.668Z","Azure Monitor","germanynorth","DKK","400 GB Commitment Tier Capacity Reservation","400","1/Day","6751.0365","2023-03-01T00:00:00.000Z","391.1105","16.8776"
"2024-06-02T06:10:06.668Z","Azure Monitor","germanynorth","DKK","500 GB Commitment Tier Capacity Reservation","500","1/Day","8294.9525","2023-03-01T00:00:00.000Z","491.477","16.5899"
"2024-06-02T06:10:06.668Z","Azure Monitor","germanynorth","DKK","1000 GB Commitment Tier Capacity Reservation","1000","1/Day","16302.2189","2023-03-01T00:00:00.000Z","982.6593","16.3022"
"2024-06-02T06:10:06.668Z","Azure Monitor","germanynorth","DKK","2000 GB Commitment Tier Capacity Reservation","2000","1/Day","31837.2745","2023-03-01T00:00:00.000Z","1952.9434","15.9186"
"2024-06-02T06:10:06.668Z","Azure Monitor","germanynorth","DKK","5000 GB Commitment Tier Capacity Reservation","5000","1/Day","77195.801","2023-03-01T00:00:00.000Z","4849.4089","15.4392"
"2024-07-01T06:11:21.244Z","Azure Monitor","germanynorth","DKK","Pay-as-you-go Data Ingestion","Pay-as-you-go","1 GB","27.1419","2019-09-01T00:00:00.000Z","0","27.1419"
"2024-07-01T06:11:21.244Z","Azure Monitor","germanynorth","DKK","100 GB Commitment Tier Capacity Reservation","100","1/Day","1902.3804","2023-03-01T00:00:00.000Z","70.0902","19.0238"
"2024-07-01T06:11:21.244Z","Azure Monitor","germanynorth","DKK","200 GB Commitment Tier Capacity Reservation","200","1/Day","3571.8163","2023-03-01T00:00:00.000Z","187.7551","17.8591"
"2024-07-01T06:11:21.244Z","Azure Monitor","germanynorth","DKK","300 GB Commitment Tier Capacity Reservation","300","1/Day","5241.2521","2023-03-01T00:00:00.000Z","293.478","17.4708"
"2024-07-01T06:11:21.244Z","Azure Monitor","germanynorth","DKK","400 GB Commitment Tier Capacity Reservation","400","1/Day","6833.0398","2023-03-01T00:00:00.000Z","391.112","17.0826"
"2024-07-01T06:11:21.244Z","Azure Monitor","germanynorth","DKK","500 GB Commitment Tier Capacity Reservation","500","1/Day","8395.7095","2023-03-01T00:00:00.000Z","491.4773","16.7914"
"2024-07-01T06:11:21.244Z","Azure Monitor","germanynorth","DKK","1000 GB Commitment Tier Capacity Reservation","1000","1/Day","16500.2382","2023-03-01T00:00:00.000Z","982.6601","16.5002"
"2024-07-01T06:11:21.244Z","Azure Monitor","germanynorth","DKK","2000 GB Commitment Tier Capacity Reservation","2000","1/Day","32223.9947","2023-03-01T00:00:00.000Z","1952.9457","16.112"
"2024-07-01T06:11:21.244Z","Azure Monitor","germanynorth","DKK","5000 GB Commitment Tier Capacity Reservation","5000","1/Day","78133.4811","2023-03-01T00:00:00.000Z","4849.3968","15.6267"
"2024-08-02T06:11:10.559Z","Azure Monitor","germanynorth","DKK","Pay-as-you-go Data Ingestion","Pay-as-you-go","1 GB","26.8178","2019-09-01T00:00:00.000Z","0","26.8178"
"2024-08-02T06:11:10.559Z","Azure Monitor","germanynorth","DKK","100 GB Commitment Tier Capacity Reservation","100","1/Day","1879.6589","2023-03-01T00:00:00.000Z","70.0900","18.7966"
"2024-08-02T06:11:10.559Z","Azure Monitor","germanynorth","DKK","200 GB Commitment Tier Capacity Reservation","200","1/Day","3529.1555","2023-03-01T00:00:00.000Z","187.7550","17.6458"
"2024-08-02T06:11:10.559Z","Azure Monitor","germanynorth","DKK","300 GB Commitment Tier Capacity Reservation","300","1/Day","5178.6521","2023-03-01T00:00:00.000Z","293.4779","17.2622"
"2024-08-02T06:11:10.559Z","Azure Monitor","germanynorth","DKK","400 GB Commitment Tier Capacity Reservation","400","1/Day","6751.4279","2023-03-01T00:00:00.000Z","391.1105","16.8786"
"2024-08-02T06:11:10.559Z","Azure Monitor","germanynorth","DKK","500 GB Commitment Tier Capacity Reservation","500","1/Day","8295.4335","2023-03-01T00:00:00.000Z","491.4764","16.5909"
"2024-08-02T06:11:10.559Z","Azure Monitor","germanynorth","DKK","1000 GB Commitment Tier Capacity Reservation","1000","1/Day","16303.1641","2023-03-01T00:00:00.000Z","982.6570","16.3032"
"2024-08-02T06:11:10.559Z","Azure Monitor","germanynorth","DKK","2000 GB Commitment Tier Capacity Reservation","2000","1/Day","31839.1204","2023-03-01T00:00:00.000Z","1952.9369","15.9196"
"2024-08-02T06:11:10.559Z","Azure Monitor","germanynorth","DKK","5000 GB Commitment Tier Capacity Reservation","5000","1/Day","77200.2768","2023-03-01T00:00:00.000Z","4849.3855","15.4401"
