"TimeGenerated","ServiceName","ArmRegionName","CurrencyCode","MeterName","Tier","UnitOfMeasure","RetailPrice","EffectiveStartDate","EffectiveCommitmentTierThresholdGB","EffectivePricePerGB"
"2023-03-29T15:50:58.330Z","Azure Monitor","germanynorth","JPY","Pay-as-you-go Data Ingestion","Pay-as-you-go","1 GB","530.1285","2019-09-01T02:00:00.000Z","0","530.1285"
"2023-03-29T15:50:58.330Z","Azure Monitor","germanynorth","JPY","100 GB Commitment Tier Capacity Reservation","100","1/Day","37156.7294","2023-03-01T00:00:00.000Z","70.09","371.5673"
"2023-03-29T15:50:58.330Z","Azure Monitor","germanynorth","JPY","200 GB Commitment Tier Capacity Reservation","200","1/Day","69763.6552","2023-03-01T00:00:00.000Z","187.7551","348.8183"
"2023-03-29T15:50:58.330Z","Azure Monitor","germanynorth","JPY","300 GB Commitment Tier Capacity Reservation","300","1/Day","102370.581","2023-03-01T00:00:00.000Z","293.4782","341.2353"
"2023-03-29T15:50:58.330Z","Azure Monitor","germanynorth","JPY","400 GB Commitment Tier Capacity Reservation","400","1/Day","133460.9056","2023-03-01T00:00:00.000Z","391.1111","333.6523"
"2023-03-29T15:50:58.330Z","Azure Monitor","germanynorth","JPY","500 GB Commitment Tier Capacity Reservation","500","1/Day","163982.5048","2023-03-01T00:00:00.000Z","491.4772","327.965"
"2023-03-29T15:50:58.330Z","Azure Monitor","germanynorth","JPY","1000 GB Commitment Tier Capacity Reservation","1000","1/Day","322277.755","2023-03-01T00:00:00.000Z","982.659","322.2778"
"2023-03-29T15:50:58.330Z","Azure Monitor","germanynorth","JPY","2000 GB Commitment Tier Capacity Reservation","2000","1/Day","629389.498","2023-03-01T00:00:00.000Z","1952.9409","314.6947"
"2023-03-29T15:50:58.330Z","Azure Monitor","germanynorth","JPY","5000 GB Commitment Tier Capacity Reservation","5000","1/Day","1526079.9575","2023-03-01T00:00:00.000Z","4849.3983","305.216"
"2023-04-12T13:28:34.468Z","Azure Monitor","germanynorth","JPY","Pay-as-you-go Data Ingestion","Pay-as-you-go","1 GB","515.0469","2019-09-01T02:00:00.000Z","0","515.0469"
"2023-04-12T13:28:34.468Z","Azure Monitor","germanynorth","JPY","100 GB Commitment Tier Capacity Reservation","100","1/Day","36099.6622","2023-03-01T00:00:00.000Z","70.09","360.9966"
"2023-04-12T13:28:34.468Z","Azure Monitor","germanynorth","JPY","200 GB Commitment Tier Capacity Reservation","200","1/Day","67778.9576","2023-03-01T00:00:00.000Z","187.7551","338.8948"
"2023-04-12T13:28:34.468Z","Azure Monitor","germanynorth","JPY","300 GB Commitment Tier Capacity Reservation","300","1/Day","99458.253","2023-03-01T00:00:00.000Z","293.4783","331.5275"
"2023-04-12T13:28:34.468Z","Azure Monitor","germanynorth","JPY","400 GB Commitment Tier Capacity Reservation","400","1/Day","129664.0928","2023-03-01T00:00:00.000Z","391.1111","324.1602"
"2023-04-12T13:28:34.468Z","Azure Monitor","germanynorth","JPY","500 GB Commitment Tier Capacity Reservation","500","1/Day","159317.3868","2023-03-01T00:00:00.000Z","491.4773","318.6348"
"2023-04-12T13:28:34.468Z","Azure Monitor","germanynorth","JPY","1000 GB Commitment Tier Capacity Reservation","1000","1/Day","313109.315","2023-03-01T00:00:00.000Z","982.6589","313.1093"
"2023-04-12T13:28:34.468Z","Azure Monitor","germanynorth","JPY","2000 GB Commitment Tier Capacity Reservation","2000","1/Day","611484.074","2023-03-01T00:00:00.000Z","1952.9413","305.742"
"2023-04-12T13:28:34.468Z","Azure Monitor","germanynorth","JPY","5000 GB Commitment Tier Capacity Reservation","5000","1/Day","1482664.6975","2023-03-01T00:00:00.000Z","4849.3982","296.5329"
"2023-05-02T08:07:40.927Z","Azure Monitor","germanynorth","JPY","Pay-as-you-go Data Ingestion","Pay-as-you-go","1 GB","518.312","2019-09-01T02:00:00.000Z","0","518.312"
"2023-05-02T08:07:40.927Z","Azure Monitor","germanynorth","JPY","100 GB Commitment Tier Capacity Reservation","100","1/Day","36328.5118","2023-03-01T00:00:00.000Z","70.09","363.2851"
"2023-05-02T08:07:40.927Z","Azure Monitor","germanynorth","JPY","200 GB Commitment Tier Capacity Reservation","200","1/Day","68208.6344","2023-03-01T00:00:00.000Z","187.7551","341.0432"
"2023-05-02T08:07:40.927Z","Azure Monitor","germanynorth","JPY","300 GB Commitment Tier Capacity Reservation","300","1/Day","100088.757","2023-03-01T00:00:00.000Z","293.4782","333.6292"
"2023-05-02T08:07:40.927Z","Azure Monitor","germanynorth","JPY","400 GB Commitment Tier Capacity Reservation","400","1/Day","130486.0832","2023-03-01T00:00:00.000Z","391.1111","326.2152"
"2023-05-02T08:07:40.927Z","Azure Monitor","germanynorth","JPY","500 GB Commitment Tier Capacity Reservation","500","1/Day","160327.3608","2023-03-01T00:00:00.000Z","491.4773","320.6547"
"2023-05-02T08:07:40.927Z","Azure Monitor","germanynorth","JPY","1000 GB Commitment Tier Capacity Reservation","1000","1/Day","315094.235","2023-03-01T00:00:00.000Z","982.659","315.0942"
"2023-05-02T08:07:40.927Z","Azure Monitor","germanynorth","JPY","2000 GB Commitment Tier Capacity Reservation","2000","1/Day","615360.506","2023-03-01T00:00:00.000Z","1952.9414","307.6803"
"2023-05-02T08:07:40.927Z","Azure Monitor","germanynorth","JPY","5000 GB Commitment Tier Capacity Reservation","5000","1/Day","1492063.8775","2023-03-01T00:00:00.000Z","4849.3968","298.4128"
"2023-06-02T08:07:42.568Z","Azure Monitor","germanynorth","JPY","Pay-as-you-go Data Ingestion","Pay-as-you-go","1 GB","546.1041","2019-09-01T02:00:00.000Z","0","546.1041"
"2023-06-02T08:07:42.568Z","Azure Monitor","germanynorth","JPY","100 GB Commitment Tier Capacity Reservation","100","1/Day","38276.4578","2023-03-01T00:00:00.000Z","70.09","382.7646"
"2023-06-02T08:07:42.568Z","Azure Monitor","germanynorth","JPY","200 GB Commitment Tier Capacity Reservation","200","1/Day","71866.0024","2023-03-01T00:00:00.000Z","187.7551","359.33"
"2023-06-02T08:07:42.568Z","Azure Monitor","germanynorth","JPY","300 GB Commitment Tier Capacity Reservation","300","1/Day","105455.547","2023-03-01T00:00:00.000Z","293.4783","351.5185"
"2023-06-02T08:07:42.568Z","Azure Monitor","germanynorth","JPY","400 GB Commitment Tier Capacity Reservation","400","1/Day","137482.7872","2023-03-01T00:00:00.000Z","391.1111","343.707"
"2023-06-02T08:07:42.568Z","Azure Monitor","germanynorth","JPY","500 GB Commitment Tier Capacity Reservation","500","1/Day","168924.1632","2023-03-01T00:00:00.000Z","491.4772","337.8483"
"2023-06-02T08:07:42.568Z","Azure Monitor","germanynorth","JPY","1000 GB Commitment Tier Capacity Reservation","1000","1/Day","331989.685","2023-03-01T00:00:00.000Z","982.659","331.9897"
"2023-06-02T08:07:42.568Z","Azure Monitor","germanynorth","JPY","2000 GB Commitment Tier Capacity Reservation","2000","1/Day","648356.326","2023-03-01T00:00:00.000Z","1952.9411","324.1782"
"2023-06-02T08:07:42.568Z","Azure Monitor","germanynorth","JPY","5000 GB Commitment Tier Capacity Reservation","5000","1/Day","1572068.8025","2023-03-01T00:00:00.000Z","4849.397","314.4138"
"2023-07-07T06:09:02.036Z","Azure Monitor","germanynorth","JPY","Pay-as-you-go Data Ingestion","Pay-as-you-go","1 GB","561.8464","2019-09-01T00:00:00.000Z","0","561.8464"
"2023-07-07T06:09:02.036Z","Azure Monitor","germanynorth","JPY","100 GB Commitment Tier Capacity Reservation","100","1/Day","39379.8398","2023-03-01T00:00:00.000Z","70.09","393.7984"
"2023-07-07T06:09:02.036Z","Azure Monitor","germanynorth","JPY","200 GB Commitment Tier Capacity Reservation","200","1/Day","73937.6584","2023-03-01T00:00:00.000Z","187.7551","369.6883"
"2023-07-07T06:09:02.036Z","Azure Monitor","germanynorth","JPY","300 GB Commitment Tier Capacity Reservation","300","1/Day","108495.477","2023-03-01T00:00:00.000Z","293.4783","361.6516"
"2023-07-07T06:09:02.036Z","Azure Monitor","germanynorth","JPY","400 GB Commitment Tier Capacity Reservation","400","1/Day","141445.9552","2023-03-01T00:00:00.000Z","391.1111","353.6149"
"2023-07-07T06:09:02.036Z","Azure Monitor","germanynorth","JPY","500 GB Commitment Tier Capacity Reservation","500","1/Day","173793.6807","2023-03-01T00:00:00.000Z","491.4773","347.5874"
"2023-07-07T06:09:02.036Z","Azure Monitor","germanynorth","JPY","1000 GB Commitment Tier Capacity Reservation","1000","1/Day","341559.835","2023-03-01T00:00:00.000Z","982.6589","341.5598"
"2023-07-07T06:09:02.036Z","Azure Monitor","germanynorth","JPY","2000 GB Commitment Tier Capacity Reservation","2000","1/Day","667046.266","2023-03-01T00:00:00.000Z","1952.9414","333.5231"
"2023-07-07T06:09:02.036Z","Azure Monitor","germanynorth","JPY","5000 GB Commitment Tier Capacity Reservation","5000","1/Day","1617386.2775","2023-03-01T00:00:00.000Z","4849.3981","323.4773"
"2023-08-01T06:08:30.007Z","Azure Monitor","germanynorth","JPY","Pay-as-you-go Data Ingestion","Pay-as-you-go","1 GB","549.0582","2019-09-01T00:00:00.000Z","0","549.0582"
"2023-08-01T06:08:30.007Z","Azure Monitor","germanynorth","JPY","200 GB Commitment Tier Capacity Reservation","200","1/Day","72254.7576","2023-03-01T00:00:00.000Z","183.4816","361.2738"
"2023-08-01T06:08:30.007Z","Azure Monitor","germanynorth","JPY","300 GB Commitment Tier Capacity Reservation","300","1/Day","106026.003","2023-03-01T00:00:00.000Z","293.4783","353.42"
"2023-08-01T06:08:30.007Z","Azure Monitor","germanynorth","JPY","400 GB Commitment Tier Capacity Reservation","400","1/Day","138226.4928","2023-03-01T00:00:00.000Z","391.1111","345.5662"
"2023-08-01T06:08:30.007Z","Azure Monitor","germanynorth","JPY","500 GB Commitment Tier Capacity Reservation","500","1/Day","169837.9493","2023-03-01T00:00:00.000Z","491.4773","339.6759"
"2023-08-01T06:08:30.007Z","Azure Monitor","germanynorth","JPY","1000 GB Commitment Tier Capacity Reservation","1000","1/Day","333785.565","2023-03-01T00:00:00.000Z","982.659","333.7856"
"2023-08-01T06:08:30.007Z","Azure Monitor","germanynorth","JPY","5000 GB Commitment Tier Capacity Reservation","5000","1/Day","1580572.8225","2023-03-01T00:00:00.000Z","4739.0205","316.1146"
"2023-08-02T06:09:03.844Z","Azure Monitor","germanynorth","JPY","100 GB Commitment Tier Capacity Reservation","100","1/Day","38483.5122","2023-03-01T00:00:00.000Z","70.09","384.8351"
"2023-08-02T06:09:03.844Z","Azure Monitor","germanynorth","JPY","2000 GB Commitment Tier Capacity Reservation","2000","1/Day","651863.574","2023-03-01T00:00:00.000Z","1952.941","325.9318"
"2023-09-02T06:07:00.316Z","Azure Monitor","germanynorth","JPY","Pay-as-you-go Data Ingestion","Pay-as-you-go","1 GB","568.7458","2019-09-01T00:00:00.000Z","0","568.7458"
"2023-09-02T06:07:00.316Z","Azure Monitor","germanynorth","JPY","100 GB Commitment Tier Capacity Reservation","100","1/Day","39863.4208","2023-03-01T00:00:00.000Z","70.09","398.6342"
"2023-09-02T06:07:00.316Z","Azure Monitor","germanynorth","JPY","200 GB Commitment Tier Capacity Reservation","200","1/Day","74845.6064","2023-03-01T00:00:00.000Z","187.7551","374.228"
"2023-09-02T06:07:00.316Z","Azure Monitor","germanynorth","JPY","300 GB Commitment Tier Capacity Reservation","300","1/Day","109827.792","2023-03-01T00:00:00.000Z","293.4783","366.0926"
"2023-09-02T06:07:00.316Z","Azure Monitor","germanynorth","JPY","400 GB Commitment Tier Capacity Reservation","400","1/Day","143182.8992","2023-03-01T00:00:00.000Z","391.1112","357.9572"
"2023-09-02T06:07:00.316Z","Azure Monitor","germanynorth","JPY","500 GB Commitment Tier Capacity Reservation","500","1/Day","175927.852","2023-03-01T00:00:00.000Z","491.4773","351.8557"
"2023-09-02T06:07:00.316Z","Azure Monitor","germanynorth","JPY","1000 GB Commitment Tier Capacity Reservation","1000","1/Day","345754.16","2023-03-01T00:00:00.000Z","982.659","345.7542"
"2023-09-02T06:07:00.316Z","Azure Monitor","germanynorth","JPY","2000 GB Commitment Tier Capacity Reservation","2000","1/Day","675237.536","2023-03-01T00:00:00.000Z","1952.941","337.6188"
"2023-09-02T06:07:00.316Z","Azure Monitor","germanynorth","JPY","5000 GB Commitment Tier Capacity Reservation","5000","1/Day","1637247.64","2023-03-01T00:00:00.000Z","4849.3971","327.4495"
"2023-10-02T06:08:46.154Z","Azure Monitor","germanynorth","JPY","Pay-as-you-go Data Ingestion","Pay-as-you-go","1 GB","581.0093","2019-09-01T00:00:00.000Z","0","581.0093"
"2023-10-02T06:08:46.154Z","Azure Monitor","germanynorth","JPY","100 GB Commitment Tier Capacity Reservation","100","1/Day","40722.969","2023-03-01T00:00:00.000Z","70.09","407.2297"
"2023-10-02T06:08:46.154Z","Azure Monitor","germanynorth","JPY","200 GB Commitment Tier Capacity Reservation","200","1/Day","76459.452","2023-03-01T00:00:00.000Z","187.7551","382.2973"
"2023-10-02T06:08:46.154Z","Azure Monitor","germanynorth","JPY","300 GB Commitment Tier Capacity Reservation","300","1/Day","112195.935","2023-03-01T00:00:00.000Z","293.4782","373.9864"
"2023-10-02T06:08:46.154Z","Azure Monitor","germanynorth","JPY","400 GB Commitment Tier Capacity Reservation","400","1/Day","146270.256","2023-03-01T00:00:00.000Z","391.1112","365.6756"
"2023-10-02T06:08:46.154Z","Azure Monitor","germanynorth","JPY","500 GB Commitment Tier Capacity Reservation","500","1/Day","179721.2663","2023-03-01T00:00:00.000Z","491.4773","359.4425"
"2023-10-02T06:08:46.154Z","Azure Monitor","germanynorth","JPY","1000 GB Commitment Tier Capacity Reservation","1000","1/Day","353209.425","2023-03-01T00:00:00.000Z","982.659","353.2094"
"2023-10-02T06:08:46.154Z","Azure Monitor","germanynorth","JPY","2000 GB Commitment Tier Capacity Reservation","2000","1/Day","689797.23","2023-03-01T00:00:00.000Z","1952.9413","344.8986"
"2023-10-02T06:08:46.154Z","Azure Monitor","germanynorth","JPY","5000 GB Commitment Tier Capacity Reservation","5000","1/Day","1672550.5125","2023-03-01T00:00:00.000Z","4849.3978","334.5101"
"2023-11-02T06:08:26.681Z","Azure Monitor","germanynorth","JPY","Pay-as-you-go Data Ingestion","Pay-as-you-go","1 GB","581.5146","2019-09-01T00:00:00.000Z","0","581.5146"
"2023-11-02T06:08:26.681Z","Azure Monitor","germanynorth","JPY","100 GB Commitment Tier Capacity Reservation","100","1/Day","40758.3862","2023-03-01T00:00:00.000Z","70.09","407.5839"
"2023-11-02T06:08:26.681Z","Azure Monitor","germanynorth","JPY","200 GB Commitment Tier Capacity Reservation","200","1/Day","76525.9496","2023-03-01T00:00:00.000Z","187.7551","382.6297"
"2023-11-02T06:08:26.681Z","Azure Monitor","germanynorth","JPY","300 GB Commitment Tier Capacity Reservation","300","1/Day","112293.513","2023-03-01T00:00:00.000Z","293.4783","374.3117"
"2023-11-02T06:08:26.681Z","Azure Monitor","germanynorth","JPY","400 GB Commitment Tier Capacity Reservation","400","1/Day","146397.4688","2023-03-01T00:00:00.000Z","391.1111","365.9937"
"2023-11-02T06:08:26.681Z","Azure Monitor","germanynorth","JPY","500 GB Commitment Tier Capacity Reservation","500","1/Day","179877.5717","2023-03-01T00:00:00.000Z","491.4772","359.7551"
"2023-11-02T06:08:26.681Z","Azure Monitor","germanynorth","JPY","1000 GB Commitment Tier Capacity Reservation","1000","1/Day","353516.615","2023-03-01T00:00:00.000Z","982.6591","353.5166"
"2023-11-02T06:08:26.681Z","Azure Monitor","germanynorth","JPY","2000 GB Commitment Tier Capacity Reservation","2000","1/Day","690397.154","2023-03-01T00:00:00.000Z","1952.9413","345.1986"
"2023-11-02T06:08:26.681Z","Azure Monitor","germanynorth","JPY","5000 GB Commitment Tier Capacity Reservation","5000","1/Day","1674005.1475","2023-03-01T00:00:00.000Z","4849.3973","334.801"
"2023-12-02T06:07:58.693Z","Azure Monitor","germanynorth","JPY","Pay-as-you-go Data Ingestion","Pay-as-you-go","1 GB","574.8096","2019-09-01T00:00:00.000Z","0","574.8096"
"2023-12-02T06:07:58.693Z","Azure Monitor","germanynorth","JPY","100 GB Commitment Tier Capacity Reservation","100","1/Day","40288.4272","2023-03-01T00:00:00.000Z","70.09","402.8843"
"2023-12-02T06:07:58.693Z","Azure Monitor","germanynorth","JPY","200 GB Commitment Tier Capacity Reservation","200","1/Day","75643.5776","2023-03-01T00:00:00.000Z","187.7551","378.2179"
"2023-12-02T06:07:58.693Z","Azure Monitor","germanynorth","JPY","300 GB Commitment Tier Capacity Reservation","300","1/Day","110998.728","2023-03-01T00:00:00.000Z","293.4783","369.9958"
"2023-12-02T06:07:58.693Z","Azure Monitor","germanynorth","JPY","400 GB Commitment Tier Capacity Reservation","400","1/Day","144709.4528","2023-03-01T00:00:00.000Z","391.1111","361.7736"
"2023-12-02T06:07:58.693Z","Azure Monitor","germanynorth","JPY","500 GB Commitment Tier Capacity Reservation","500","1/Day","177803.518","2023-03-01T00:00:00.000Z","491.4773","355.607"
"2023-12-02T06:07:58.693Z","Azure Monitor","germanynorth","JPY","1000 GB Commitment Tier Capacity Reservation","1000","1/Day","349440.44","2023-03-01T00:00:00.000Z","982.6591","349.4404"
"2023-12-02T06:07:58.693Z","Azure Monitor","germanynorth","JPY","2000 GB Commitment Tier Capacity Reservation","2000","1/Day","682436.624","2023-03-01T00:00:00.000Z","1952.9414","341.2183"
"2023-12-02T06:07:58.693Z","Azure Monitor","germanynorth","JPY","5000 GB Commitment Tier Capacity Reservation","5000","1/Day","1654703.26","2023-03-01T00:00:00.000Z","4849.3978","330.9407"
"2024-01-01T06:09:20.544Z","Azure Monitor","germanynorth","JPY","Pay-as-you-go Data Ingestion","Pay-as-you-go","1 GB","552.8674","2019-09-01T00:00:00.000Z","0","552.8674"
"2024-01-01T06:09:20.544Z","Azure Monitor","germanynorth","JPY","100 GB Commitment Tier Capacity Reservation","100","1/Day","38750.5034","2023-03-01T00:00:00.000Z","70.09","387.505"
"2024-01-01T06:09:20.544Z","Azure Monitor","germanynorth","JPY","200 GB Commitment Tier Capacity Reservation","200","1/Day","72756.0472","2023-03-01T00:00:00.000Z","187.7551","363.7802"
"2024-01-01T06:09:20.544Z","Azure Monitor","germanynorth","JPY","300 GB Commitment Tier Capacity Reservation","300","1/Day","106761.591","2023-03-01T00:00:00.000Z","293.4783","355.872"
"2024-01-01T06:09:20.544Z","Azure Monitor","germanynorth","JPY","400 GB Commitment Tier Capacity Reservation","400","1/Day","139185.4816","2023-03-01T00:00:00.000Z","391.1111","347.9637"
"2024-01-01T06:09:20.544Z","Azure Monitor","germanynorth","JPY","500 GB Commitment Tier Capacity Reservation","500","1/Day","171016.2522","2023-03-01T00:00:00.000Z","491.4773","342.0325"
"2024-01-01T06:09:20.544Z","Azure Monitor","germanynorth","JPY","1000 GB Commitment Tier Capacity Reservation","1000","1/Day","336101.305","2023-03-01T00:00:00.000Z","982.659","336.1013"
"2024-01-01T06:09:20.544Z","Azure Monitor","germanynorth","JPY","2000 GB Commitment Tier Capacity Reservation","2000","1/Day","656386.078","2023-03-01T00:00:00.000Z","1952.9412","328.193"
"2024-01-01T06:09:20.544Z","Azure Monitor","germanynorth","JPY","5000 GB Commitment Tier Capacity Reservation","5000","1/Day","1591538.5325","2023-03-01T00:00:00.000Z","4849.3982","318.3077"
"2024-02-02T06:08:03.849Z","Azure Monitor","germanynorth","JPY","Pay-as-you-go Data Ingestion","Pay-as-you-go","1 GB","574.0127","2019-09-01T00:00:00.000Z","0","574.0127"
"2024-02-02T06:08:03.849Z","Azure Monitor","germanynorth","JPY","100 GB Commitment Tier Capacity Reservation","100","1/Day","40232.577","2023-03-01T00:00:00.000Z","70.09","402.3258"
"2024-02-02T06:08:03.849Z","Azure Monitor","germanynorth","JPY","200 GB Commitment Tier Capacity Reservation","200","1/Day","75538.716","2023-03-01T00:00:00.000Z","187.7551","377.6936"
"2024-02-02T06:08:03.849Z","Azure Monitor","germanynorth","JPY","300 GB Commitment Tier Capacity Reservation","300","1/Day","110844.855","2023-03-01T00:00:00.000Z","293.4782","369.4828"
"2024-02-02T06:08:03.849Z","Azure Monitor","germanynorth","JPY","400 GB Commitment Tier Capacity Reservation","400","1/Day","144508.848","2023-03-01T00:00:00.000Z","391.1112","361.2721"
"2024-02-02T06:08:03.849Z","Azure Monitor","germanynorth","JPY","500 GB Commitment Tier Capacity Reservation","500","1/Day","177557.0362","2023-03-01T00:00:00.000Z","491.4773","355.1141"
"2024-02-02T06:08:03.849Z","Azure Monitor","germanynorth","JPY","1000 GB Commitment Tier Capacity Reservation","1000","1/Day","348956.025","2023-03-01T00:00:00.000Z","982.6589","348.956"
"2024-02-02T06:08:03.849Z","Azure Monitor","germanynorth","JPY","2000 GB Commitment Tier Capacity Reservation","2000","1/Day","681490.59","2023-03-01T00:00:00.000Z","1952.9413","340.7453"
"2024-02-02T06:08:03.849Z","Azure Monitor","germanynorth","JPY","5000 GB Commitment Tier Capacity Reservation","5000","1/Day","1652409.4125","2023-03-01T00:00:00.000Z","4849.3975","330.4819"
"2024-03-02T06:08:20.311Z","Azure Monitor","germanynorth","JPY","Pay-as-you-go Data Ingestion","Pay-as-you-go","1 GB","584.702","2019-09-01T00:00:00.000Z","0","584.702"
"2024-03-02T06:08:20.311Z","Azure Monitor","germanynorth","JPY","100 GB Commitment Tier Capacity Reservation","100","1/Day","40981.787","2023-03-01T00:00:00.000Z","70.09","409.8179"
"2024-03-02T06:08:20.311Z","Azure Monitor","germanynorth","JPY","200 GB Commitment Tier Capacity Reservation","200","1/Day","76945.396","2023-03-01T00:00:00.000Z","187.7551","384.727"
"2024-03-02T06:08:20.311Z","Azure Monitor","germanynorth","JPY","300 GB Commitment Tier Capacity Reservation","300","1/Day","112909.005","2023-03-01T00:00:00.000Z","293.4782","376.3634"
"2024-03-02T06:08:20.311Z","Azure Monitor","germanynorth","JPY","400 GB Commitment Tier Capacity Reservation","400","1/Day","147199.888","2023-03-01T00:00:00.000Z","391.1111","367.9997"
"2024-03-02T06:08:20.311Z","Azure Monitor","germanynorth","JPY","500 GB Commitment Tier Capacity Reservation","500","1/Day","180863.4988","2023-03-01T00:00:00.000Z","491.4773","361.727"
"2024-03-02T06:08:20.311Z","Azure Monitor","germanynorth","JPY","1000 GB Commitment Tier Capacity Reservation","1000","1/Day","355454.275","2023-03-01T00:00:00.000Z","982.659","355.4543"
"2024-03-02T06:08:20.311Z","Azure Monitor","germanynorth","JPY","2000 GB Commitment Tier Capacity Reservation","2000","1/Day","694181.29","2023-03-01T00:00:00.000Z","1952.941","347.0906"
"2024-03-02T06:08:20.311Z","Azure Monitor","germanynorth","JPY","5000 GB Commitment Tier Capacity Reservation","5000","1/Day","1683180.5375","2023-03-01T00:00:00.000Z","4849.3982","336.6361"
"2024-04-03T09:26:28.723Z","Azure Monitor","germanynorth","JPY","Pay-as-you-go Data Ingestion","Pay-as-you-go","1 GB","589.2109","2019-09-01T00:00:00.000Z","0","589.2109"
"2024-04-03T09:26:28.723Z","Azure Monitor","germanynorth","JPY","100 GB Commitment Tier Capacity Reservation","100","1/Day","41297.8174","2023-03-01T00:00:00.000Z","70.09","412.9782"
"2024-04-03T09:26:28.723Z","Azure Monitor","germanynorth","JPY","200 GB Commitment Tier Capacity Reservation","200","1/Day","77538.7592","2023-03-01T00:00:00.000Z","187.7551","387.6938"
"2024-04-03T09:26:28.723Z","Azure Monitor","germanynorth","JPY","300 GB Commitment Tier Capacity Reservation","300","1/Day","113779.701","2023-03-01T00:00:00.000Z","293.4783","379.2657"
"2024-04-03T09:26:28.723Z","Azure Monitor","germanynorth","JPY","400 GB Commitment Tier Capacity Reservation","400","1/Day","148335.0176","2023-03-01T00:00:00.000Z","391.1111","370.8375"
"2024-04-03T09:26:28.723Z","Azure Monitor","germanynorth","JPY","500 GB Commitment Tier Capacity Reservation","500","1/Day","182258.2248","2023-03-01T00:00:00.000Z","491.4773","364.5164"
"2024-04-03T09:26:28.723Z","Azure Monitor","germanynorth","JPY","1000 GB Commitment Tier Capacity Reservation","1000","1/Day","358195.355","2023-03-01T00:00:00.000Z","982.6591","358.1954"
"2024-04-03T09:26:28.723Z","Azure Monitor","germanynorth","JPY","2000 GB Commitment Tier Capacity Reservation","2000","1/Day","699534.458","2023-03-01T00:00:00.000Z","1952.9409","349.7672"
"2024-04-03T09:26:28.723Z","Azure Monitor","germanynorth","JPY","5000 GB Commitment Tier Capacity Reservation","5000","1/Day","1696160.3575","2023-03-01T00:00:00.000Z","4849.398","339.2321"
"2024-05-01T06:09:59.892Z","Azure Monitor","germanynorth","JPY","Pay-as-you-go Data Ingestion","Pay-as-you-go","1 GB","611.3474","2019-09-01T00:00:00.000Z","0","611.3474"
"2024-05-01T06:09:59.892Z","Azure Monitor","germanynorth","JPY","100 GB Commitment Tier Capacity Reservation","100","1/Day","42849.3632","2023-03-01T00:00:00.000Z","70.09","428.4936"
"2024-05-01T06:09:59.892Z","Azure Monitor","germanynorth","JPY","200 GB Commitment Tier Capacity Reservation","200","1/Day","80451.8656","2023-03-01T00:00:00.000Z","187.7551","402.2593"
"2024-05-01T06:09:59.892Z","Azure Monitor","germanynorth","JPY","300 GB Commitment Tier Capacity Reservation","300","1/Day","118054.368","2023-03-01T00:00:00.000Z","293.4783","393.5146"
"2024-05-01T06:09:59.892Z","Azure Monitor","germanynorth","JPY","400 GB Commitment Tier Capacity Reservation","400","1/Day","153907.9168","2023-03-01T00:00:00.000Z","391.1111","384.7698"
"2024-05-01T06:09:59.892Z","Azure Monitor","germanynorth","JPY","500 GB Commitment Tier Capacity Reservation","500","1/Day","189105.608","2023-03-01T00:00:00.000Z","491.4773","378.2112"
"2024-05-01T06:09:59.892Z","Azure Monitor","germanynorth","JPY","1000 GB Commitment Tier Capacity Reservation","1000","1/Day","371652.64","2023-03-01T00:00:00.000Z","982.659","371.6526"
"2024-05-01T06:09:59.892Z","Azure Monitor","germanynorth","JPY","2000 GB Commitment Tier Capacity Reservation","2000","1/Day","725815.744","2023-03-01T00:00:00.000Z","1952.9414","362.9079"
"2024-05-01T06:09:59.892Z","Azure Monitor","germanynorth","JPY","5000 GB Commitment Tier Capacity Reservation","5000","1/Day","1759884.56","2023-03-01T00:00:00.000Z","4849.3972","351.9769"
"2024-06-02T06:10:06.668Z","Azure Monitor","germanynorth","JPY","Pay-as-you-go Data Ingestion","Pay-as-you-go","1 GB","612.2025","2019-09-01T00:00:00.000Z","0","612.2025"
"2024-06-02T06:10:06.668Z","Azure Monitor","germanynorth","JPY","100 GB Commitment Tier Capacity Reservation","100","1/Day","42909.3","2023-03-01T00:00:00.000Z","70.09","429.093"
"2024-06-02T06:10:06.668Z","Azure Monitor","germanynorth","JPY","200 GB Commitment Tier Capacity Reservation","200","1/Day","80564.4","2023-03-01T00:00:00.000Z","187.7551","402.822"
"2024-06-02T06:10:06.668Z","Azure Monitor","germanynorth","JPY","300 GB Commitment Tier Capacity Reservation","300","1/Day","118219.5","2023-03-01T00:00:00.000Z","293.4783","394.065"
"2024-06-02T06:10:06.668Z","Azure Monitor","germanynorth","JPY","400 GB Commitment Tier Capacity Reservation","400","1/Day","154123.2","2023-03-01T00:00:00.000Z","391.1111","385.308"
"2024-06-02T06:10:06.668Z","Azure Monitor","germanynorth","JPY","500 GB Commitment Tier Capacity Reservation","500","1/Day","189370.125","2023-03-01T00:00:00.000Z","491.4773","378.7402"
"2024-06-02T06:10:06.668Z","Azure Monitor","germanynorth","JPY","1000 GB Commitment Tier Capacity Reservation","1000","1/Day","372172.5","2023-03-01T00:00:00.000Z","982.6591","372.1725"
"2024-06-02T06:10:06.668Z","Azure Monitor","germanynorth","JPY","2000 GB Commitment Tier Capacity Reservation","2000","1/Day","726831","2023-03-01T00:00:00.000Z","1952.9412","363.4155"
"2024-06-02T06:10:06.668Z","Azure Monitor","germanynorth","JPY","5000 GB Commitment Tier Capacity Reservation","5000","1/Day","1762346.25","2023-03-01T00:00:00.000Z","4849.3976","352.4692"
"2024-07-01T06:11:21.244Z","Azure Monitor","germanynorth","JPY","Pay-as-you-go Data Ingestion","Pay-as-you-go","1 GB","624.3105","2019-09-01T00:00:00.000Z","0","624.3105"
"2024-07-01T06:11:21.244Z","Azure Monitor","germanynorth","JPY","100 GB Commitment Tier Capacity Reservation","100","1/Day","43757.9506","2023-03-01T00:00:00.000Z","70.09","437.5795"
"2024-07-01T06:11:21.244Z","Azure Monitor","germanynorth","JPY","200 GB Commitment Tier Capacity Reservation","200","1/Day","82157.7848","2023-03-01T00:00:00.000Z","187.7551","410.7889"
"2024-07-01T06:11:21.244Z","Azure Monitor","germanynorth","JPY","300 GB Commitment Tier Capacity Reservation","300","1/Day","120557.619","2023-03-01T00:00:00.000Z","293.4783","401.8587"
"2024-07-01T06:11:21.244Z","Azure Monitor","germanynorth","JPY","400 GB Commitment Tier Capacity Reservation","400","1/Day","157171.4144","2023-03-01T00:00:00.000Z","391.1111","392.9285"
"2024-07-01T06:11:21.244Z","Azure Monitor","germanynorth","JPY","500 GB Commitment Tier Capacity Reservation","500","1/Day","193115.4453","2023-03-01T00:00:00.000Z","491.4773","386.2309"
"2024-07-01T06:11:21.244Z","Azure Monitor","germanynorth","JPY","1000 GB Commitment Tier Capacity Reservation","1000","1/Day","379533.245","2023-03-01T00:00:00.000Z","982.6589","379.5332"
"2024-07-01T06:11:21.244Z","Azure Monitor","germanynorth","JPY","2000 GB Commitment Tier Capacity Reservation","2000","1/Day","741206.102","2023-03-01T00:00:00.000Z","1952.9414","370.6031"
"2024-07-01T06:11:21.244Z","Azure Monitor","germanynorth","JPY","5000 GB Commitment Tier Capacity Reservation","5000","1/Day","1797201.5425","2023-03-01T00:00:00.000Z","4849.3969","359.4403"
"2024-08-02T06:11:10.559Z","Azure Monitor","germanynorth","JPY","Pay-as-you-go Data Ingestion","Pay-as-you-go","1 GB","598.8118","2019-09-01T00:00:00.000Z","0","598.8118"
"2024-08-02T06:11:10.559Z","Azure Monitor","germanynorth","JPY","100 GB Commitment Tier Capacity Reservation","100","1/Day","41970.7442","2023-03-01T00:00:00.000Z","70.0900","419.7074"
"2024-08-02T06:11:10.559Z","Azure Monitor","germanynorth","JPY","200 GB Commitment Tier Capacity Reservation","200","1/Day","78802.2136","2023-03-01T00:00:00.000Z","187.7551","394.0111"
"2024-08-02T06:11:10.559Z","Azure Monitor","germanynorth","JPY","300 GB Commitment Tier Capacity Reservation","300","1/Day","115633.683","2023-03-01T00:00:00.000Z","293.4782","385.4456"
"2024-08-02T06:11:10.559Z","Azure Monitor","germanynorth","JPY","400 GB Commitment Tier Capacity Reservation","400","1/Day","150752.0608","2023-03-01T00:00:00.000Z","391.1111","376.8802"
"2024-08-02T06:11:10.559Z","Azure Monitor","germanynorth","JPY","500 GB Commitment Tier Capacity Reservation","500","1/Day","185228.0292","2023-03-01T00:00:00.000Z","491.4772","370.4561"
"2024-08-02T06:11:10.559Z","Azure Monitor","germanynorth","JPY","1000 GB Commitment Tier Capacity Reservation","1000","1/Day","364031.965","2023-03-01T00:00:00.000Z","982.6588","364.0320"
"2024-08-02T06:11:10.559Z","Azure Monitor","germanynorth","JPY","2000 GB Commitment Tier Capacity Reservation","2000","1/Day","710933.014","2023-03-01T00:00:00.000Z","1952.9410","355.4665"
"2024-08-02T06:11:10.559Z","Azure Monitor","germanynorth","JPY","5000 GB Commitment Tier Capacity Reservation","5000","1/Day","1723798.4225","2023-03-01T00:00:00.000Z","4849.3977","344.7597"
