"TimeGenerated","ServiceName","ArmRegionName","CurrencyCode","MeterName","Tier","UnitOfMeasure","RetailPrice","EffectiveStartDate","EffectiveCommitmentTierThresholdGB","EffectivePricePerGB"
"2023-03-29T15:50:58.330Z","Azure Monitor","germanynorth","NOK","Pay-as-you-go Data Ingestion","Pay-as-you-go","1 GB","40.4816","2019-09-01T02:00:00.000Z","0","40.4816"
"2023-03-29T15:50:58.330Z","Azure Monitor","germanynorth","NOK","100 GB Commitment Tier Capacity Reservation","100","1/Day","2837.3536","2023-03-01T00:00:00.000Z","70.09","28.3735"
"2023-03-29T15:50:58.330Z","Azure Monitor","germanynorth","NOK","200 GB Commitment Tier Capacity Reservation","200","1/Day","5327.2762","2023-03-01T00:00:00.000Z","187.7553","26.6364"
"2023-03-29T15:50:58.330Z","Azure Monitor","germanynorth","NOK","300 GB Commitment Tier Capacity Reservation","300","1/Day","7817.1988","2023-03-01T00:00:00.000Z","293.4781","26.0573"
"2023-03-29T15:50:58.330Z","Azure Monitor","germanynorth","NOK","400 GB Commitment Tier Capacity Reservation","400","1/Day","10191.311","2023-03-01T00:00:00.000Z","391.1116","25.4783"
"2023-03-29T15:50:58.330Z","Azure Monitor","germanynorth","NOK","500 GB Commitment Tier Capacity Reservation","500","1/Day","12521.9943","2023-03-01T00:00:00.000Z","491.4768","25.044"
"2023-03-29T15:50:58.330Z","Azure Monitor","germanynorth","NOK","1000 GB Commitment Tier Capacity Reservation","1000","1/Day","24609.6998","2023-03-01T00:00:00.000Z","982.6585","24.6097"
"2023-03-29T15:50:58.330Z","Azure Monitor","germanynorth","NOK","2000 GB Commitment Tier Capacity Reservation","2000","1/Day","48061.2961","2023-03-01T00:00:00.000Z","1952.9412","24.0306"
"2023-03-29T15:50:58.330Z","Azure Monitor","germanynorth","NOK","5000 GB Commitment Tier Capacity Reservation","5000","1/Day","116534.1667","2023-03-01T00:00:00.000Z","4849.4073","23.3068"
"2023-04-12T13:28:34.468Z","Azure Monitor","germanynorth","NOK","Pay-as-you-go Data Ingestion","Pay-as-you-go","1 GB","40.5191","2019-09-01T02:00:00.000Z","0","40.5191"
"2023-04-12T13:28:34.468Z","Azure Monitor","germanynorth","NOK","100 GB Commitment Tier Capacity Reservation","100","1/Day","2839.9827","2023-03-01T00:00:00.000Z","70.09","28.3998"
"2023-04-12T13:28:34.468Z","Azure Monitor","germanynorth","NOK","200 GB Commitment Tier Capacity Reservation","200","1/Day","5332.2124","2023-03-01T00:00:00.000Z","187.7553","26.6611"
"2023-04-12T13:28:34.468Z","Azure Monitor","germanynorth","NOK","300 GB Commitment Tier Capacity Reservation","300","1/Day","7824.4421","2023-03-01T00:00:00.000Z","293.4778","26.0815"
"2023-04-12T13:28:34.468Z","Azure Monitor","germanynorth","NOK","400 GB Commitment Tier Capacity Reservation","400","1/Day","10200.7541","2023-03-01T00:00:00.000Z","391.1107","25.5019"
"2023-04-12T13:28:34.468Z","Azure Monitor","germanynorth","NOK","500 GB Commitment Tier Capacity Reservation","500","1/Day","12533.597","2023-03-01T00:00:00.000Z","491.477","25.0672"
"2023-04-12T13:28:34.468Z","Azure Monitor","germanynorth","NOK","1000 GB Commitment Tier Capacity Reservation","1000","1/Day","24632.5028","2023-03-01T00:00:00.000Z","982.6587","24.6325"
"2023-04-12T13:28:34.468Z","Azure Monitor","germanynorth","NOK","2000 GB Commitment Tier Capacity Reservation","2000","1/Day","48105.8289","2023-03-01T00:00:00.000Z","1952.9414","24.0529"
"2023-04-12T13:28:34.468Z","Azure Monitor","germanynorth","NOK","5000 GB Commitment Tier Capacity Reservation","5000","1/Day","116642.1454","2023-03-01T00:00:00.000Z","4849.4005","23.3284"
"2023-05-02T08:07:40.927Z","Azure Monitor","germanynorth","NOK","Pay-as-you-go Data Ingestion","Pay-as-you-go","1 GB","41.2879","2019-09-01T02:00:00.000Z","0","41.2879"
"2023-05-02T08:07:40.927Z","Azure Monitor","germanynorth","NOK","100 GB Commitment Tier Capacity Reservation","100","1/Day","2893.8713","2023-03-01T00:00:00.000Z","70.0901","28.9387"
"2023-05-02T08:07:40.927Z","Azure Monitor","germanynorth","NOK","200 GB Commitment Tier Capacity Reservation","200","1/Day","5433.391","2023-03-01T00:00:00.000Z","187.7552","27.167"
"2023-05-02T08:07:40.927Z","Azure Monitor","germanynorth","NOK","300 GB Commitment Tier Capacity Reservation","300","1/Day","7972.9107","2023-03-01T00:00:00.000Z","293.4778","26.5764"
"2023-05-02T08:07:40.927Z","Azure Monitor","germanynorth","NOK","400 GB Commitment Tier Capacity Reservation","400","1/Day","10394.3132","2023-03-01T00:00:00.000Z","391.1107","25.9858"
"2023-05-02T08:07:40.927Z","Azure Monitor","germanynorth","NOK","500 GB Commitment Tier Capacity Reservation","500","1/Day","12771.4218","2023-03-01T00:00:00.000Z","491.477","25.5428"
"2023-05-02T08:07:40.927Z","Azure Monitor","germanynorth","NOK","1000 GB Commitment Tier Capacity Reservation","1000","1/Day","25099.9042","2023-03-01T00:00:00.000Z","982.6606","25.0999"
"2023-05-02T08:07:40.927Z","Azure Monitor","germanynorth","NOK","2000 GB Commitment Tier Capacity Reservation","2000","1/Day","49018.6363","2023-03-01T00:00:00.000Z","1952.9415","24.5093"
"2023-05-02T08:07:40.927Z","Azure Monitor","germanynorth","NOK","5000 GB Commitment Tier Capacity Reservation","5000","1/Day","118855.4285","2023-03-01T00:00:00.000Z","4849.4012","23.7711"
"2023-06-02T08:07:42.568Z","Azure Monitor","germanynorth","NOK","Pay-as-you-go Data Ingestion","Pay-as-you-go","1 GB","43.0637","2019-09-01T02:00:00.000Z","0","43.0637"
"2023-06-02T08:07:42.568Z","Azure Monitor","germanynorth","NOK","100 GB Commitment Tier Capacity Reservation","100","1/Day","3018.3355","2023-03-01T00:00:00.000Z","70.09","30.1834"
"2023-06-02T08:07:42.568Z","Azure Monitor","germanynorth","NOK","200 GB Commitment Tier Capacity Reservation","200","1/Day","5667.0789","2023-03-01T00:00:00.000Z","187.7548","28.3354"
"2023-06-02T08:07:42.568Z","Azure Monitor","germanynorth","NOK","300 GB Commitment Tier Capacity Reservation","300","1/Day","8315.8223","2023-03-01T00:00:00.000Z","293.4782","27.7194"
"2023-06-02T08:07:42.568Z","Azure Monitor","germanynorth","NOK","400 GB Commitment Tier Capacity Reservation","400","1/Day","10841.3684","2023-03-01T00:00:00.000Z","391.1112","27.1034"
"2023-06-02T08:07:42.568Z","Azure Monitor","germanynorth","NOK","500 GB Commitment Tier Capacity Reservation","500","1/Day","13320.7154","2023-03-01T00:00:00.000Z","491.4777","26.6414"
"2023-06-02T08:07:42.568Z","Azure Monitor","germanynorth","NOK","1000 GB Commitment Tier Capacity Reservation","1000","1/Day","26179.4407","2023-03-01T00:00:00.000Z","982.6601","26.1794"
"2023-06-02T08:07:42.568Z","Azure Monitor","germanynorth","NOK","2000 GB Commitment Tier Capacity Reservation","2000","1/Day","51126.9077","2023-03-01T00:00:00.000Z","1952.9442","25.5635"
"2023-06-02T08:07:42.568Z","Azure Monitor","germanynorth","NOK","5000 GB Commitment Tier Capacity Reservation","5000","1/Day","123967.3516","2023-03-01T00:00:00.000Z","4849.3888","24.7935"
"2023-07-07T06:09:02.036Z","Azure Monitor","germanynorth","NOK","Pay-as-you-go Data Ingestion","Pay-as-you-go","1 GB","42.0365","2019-09-01T00:00:00.000Z","0","42.0365"
"2023-07-07T06:09:02.036Z","Azure Monitor","germanynorth","NOK","100 GB Commitment Tier Capacity Reservation","100","1/Day","2946.3432","2023-03-01T00:00:00.000Z","70.0901","29.4634"
"2023-07-07T06:09:02.036Z","Azure Monitor","germanynorth","NOK","200 GB Commitment Tier Capacity Reservation","200","1/Day","5531.9098","2023-03-01T00:00:00.000Z","187.7553","27.6595"
"2023-07-07T06:09:02.036Z","Azure Monitor","germanynorth","NOK","300 GB Commitment Tier Capacity Reservation","300","1/Day","8117.4763","2023-03-01T00:00:00.000Z","293.4788","27.0583"
"2023-07-07T06:09:02.036Z","Azure Monitor","germanynorth","NOK","400 GB Commitment Tier Capacity Reservation","400","1/Day","10582.7839","2023-03-01T00:00:00.000Z","391.1105","26.457"
"2023-07-07T06:09:02.036Z","Azure Monitor","germanynorth","NOK","500 GB Commitment Tier Capacity Reservation","500","1/Day","13002.9944","2023-03-01T00:00:00.000Z","491.4765","26.006"
"2023-07-07T06:09:02.036Z","Azure Monitor","germanynorth","NOK","1000 GB Commitment Tier Capacity Reservation","1000","1/Day","25555.0179","2023-03-01T00:00:00.000Z","982.6585","25.555"
"2023-07-07T06:09:02.036Z","Azure Monitor","germanynorth","NOK","2000 GB Commitment Tier Capacity Reservation","2000","1/Day","49907.4468","2023-03-01T00:00:00.000Z","1952.9425","24.9537"
"2023-07-07T06:09:02.036Z","Azure Monitor","germanynorth","NOK","5000 GB Commitment Tier Capacity Reservation","5000","1/Day","121010.5262","2023-03-01T00:00:00.000Z","4849.4021","24.2021"
"2023-08-01T06:08:30.007Z","Azure Monitor","germanynorth","NOK","Pay-as-you-go Data Ingestion","Pay-as-you-go","1 GB","39.3563","2019-09-01T00:00:00.000Z","0","39.3563"
"2023-08-01T06:08:30.007Z","Azure Monitor","germanynorth","NOK","200 GB Commitment Tier Capacity Reservation","200","1/Day","5179.1912","2023-03-01T00:00:00.000Z","175.7839","25.896"
"2023-08-01T06:08:30.007Z","Azure Monitor","germanynorth","NOK","300 GB Commitment Tier Capacity Reservation","300","1/Day","7599.9001","2023-03-01T00:00:00.000Z","293.4778","25.333"
"2023-08-01T06:08:30.007Z","Azure Monitor","germanynorth","NOK","400 GB Commitment Tier Capacity Reservation","400","1/Day","9908.0179","2023-03-01T00:00:00.000Z","391.1111","24.77"
"2023-08-01T06:08:30.007Z","Azure Monitor","germanynorth","NOK","500 GB Commitment Tier Capacity Reservation","500","1/Day","12173.914","2023-03-01T00:00:00.000Z","491.4782","24.3478"
"2023-08-01T06:08:30.007Z","Azure Monitor","germanynorth","NOK","1000 GB Commitment Tier Capacity Reservation","1000","1/Day","23925.6113","2023-03-01T00:00:00.000Z","982.6601","23.9256"
"2023-08-01T06:08:30.007Z","Azure Monitor","germanynorth","NOK","2000 GB Commitment Tier Capacity Reservation","2000","1/Day","46725.3115","2023-03-01T00:00:00.000Z","1952.9421","23.3627"
"2023-08-01T06:08:30.007Z","Azure Monitor","germanynorth","NOK","5000 GB Commitment Tier Capacity Reservation","5000","1/Day","113294.8064","2023-03-01T00:00:00.000Z","4849.3884","22.659"
"2023-08-02T06:09:03.844Z","Azure Monitor","germanynorth","NOK","100 GB Commitment Tier Capacity Reservation","100","1/Day","2758.4822","2023-03-01T00:00:00.000Z","70.09","27.5848"
"2023-09-02T06:07:00.316Z","Azure Monitor","germanynorth","NOK","Pay-as-you-go Data Ingestion","Pay-as-you-go","1 GB","41.4974","2019-09-01T00:00:00.000Z","0","41.4974"
"2023-09-02T06:07:00.316Z","Azure Monitor","germanynorth","NOK","100 GB Commitment Tier Capacity Reservation","100","1/Day","2908.5558","2023-03-01T00:00:00.000Z","70.0901","29.0856"
"2023-09-02T06:07:00.316Z","Azure Monitor","germanynorth","NOK","200 GB Commitment Tier Capacity Reservation","200","1/Day","5460.9619","2023-03-01T00:00:00.000Z","187.7548","27.3048"
"2023-09-02T06:07:00.316Z","Azure Monitor","germanynorth","NOK","300 GB Commitment Tier Capacity Reservation","300","1/Day","8013.3681","2023-03-01T00:00:00.000Z","293.4784","26.7112"
"2023-09-02T06:07:00.316Z","Azure Monitor","germanynorth","NOK","400 GB Commitment Tier Capacity Reservation","400","1/Day","10447.0576","2023-03-01T00:00:00.000Z","391.1115","26.1176"
"2023-09-02T06:07:00.316Z","Azure Monitor","germanynorth","NOK","500 GB Commitment Tier Capacity Reservation","500","1/Day","12836.2285","2023-03-01T00:00:00.000Z","491.4781","25.6725"
"2023-09-02T06:07:00.316Z","Azure Monitor","germanynorth","NOK","1000 GB Commitment Tier Capacity Reservation","1000","1/Day","25227.2699","2023-03-01T00:00:00.000Z","982.6573","25.2273"
"2023-09-02T06:07:00.316Z","Azure Monitor","germanynorth","NOK","2000 GB Commitment Tier Capacity Reservation","2000","1/Day","49267.3741","2023-03-01T00:00:00.000Z","1952.9388","24.6337"
"2023-09-02T06:07:00.316Z","Azure Monitor","germanynorth","NOK","5000 GB Commitment Tier Capacity Reservation","5000","1/Day","119458.5425","2023-03-01T00:00:00.000Z","4849.395","23.8917"
"2023-10-02T06:08:46.154Z","Azure Monitor","germanynorth","NOK","Pay-as-you-go Data Ingestion","Pay-as-you-go","1 GB","41.795","2019-09-01T00:00:00.000Z","0","41.795"
"2023-10-02T06:08:46.154Z","Azure Monitor","germanynorth","NOK","100 GB Commitment Tier Capacity Reservation","100","1/Day","2929.4111","2023-03-01T00:00:00.000Z","70.09","29.2941"
"2023-10-02T06:08:46.154Z","Azure Monitor","germanynorth","NOK","200 GB Commitment Tier Capacity Reservation","200","1/Day","5500.1188","2023-03-01T00:00:00.000Z","187.7552","27.5006"
"2023-10-02T06:08:46.154Z","Azure Monitor","germanynorth","NOK","300 GB Commitment Tier Capacity Reservation","300","1/Day","8070.8265","2023-03-01T00:00:00.000Z","293.4782","26.9028"
"2023-10-02T06:08:46.154Z","Azure Monitor","germanynorth","NOK","400 GB Commitment Tier Capacity Reservation","400","1/Day","10521.9664","2023-03-01T00:00:00.000Z","391.1105","26.3049"
"2023-10-02T06:08:46.154Z","Azure Monitor","germanynorth","NOK","500 GB Commitment Tier Capacity Reservation","500","1/Day","12928.2684","2023-03-01T00:00:00.000Z","491.4776","25.8565"
"2023-10-02T06:08:46.154Z","Azure Monitor","germanynorth","NOK","1000 GB Commitment Tier Capacity Reservation","1000","1/Day","25408.1575","2023-03-01T00:00:00.000Z","982.6604","25.4082"
"2023-10-02T06:08:46.154Z","Azure Monitor","germanynorth","NOK","2000 GB Commitment Tier Capacity Reservation","2000","1/Day","49620.637","2023-03-01T00:00:00.000Z","1952.9379","24.8103"
"2023-10-02T06:08:46.154Z","Azure Monitor","germanynorth","NOK","5000 GB Commitment Tier Capacity Reservation","5000","1/Day","120315.0988","2023-03-01T00:00:00.000Z","4849.4012","24.063"
"2023-11-02T06:08:26.681Z","Azure Monitor","germanynorth","NOK","Pay-as-you-go Data Ingestion","Pay-as-you-go","1 GB","43.3562","2019-09-01T00:00:00.000Z","0","43.3562"
"2023-11-02T06:08:26.681Z","Azure Monitor","germanynorth","NOK","100 GB Commitment Tier Capacity Reservation","100","1/Day","3038.8366","2023-03-01T00:00:00.000Z","70.09","30.3884"
"2023-11-02T06:08:26.681Z","Azure Monitor","germanynorth","NOK","200 GB Commitment Tier Capacity Reservation","200","1/Day","5705.5708","2023-03-01T00:00:00.000Z","187.7549","28.5279"
"2023-11-02T06:08:26.681Z","Azure Monitor","germanynorth","NOK","300 GB Commitment Tier Capacity Reservation","300","1/Day","8372.305","2023-03-01T00:00:00.000Z","293.4778","27.9077"
"2023-11-02T06:08:26.681Z","Azure Monitor","germanynorth","NOK","400 GB Commitment Tier Capacity Reservation","400","1/Day","10915.005","2023-03-01T00:00:00.000Z","391.1109","27.2875"
"2023-11-02T06:08:26.681Z","Azure Monitor","germanynorth","NOK","500 GB Commitment Tier Capacity Reservation","500","1/Day","13411.1923","2023-03-01T00:00:00.000Z","491.4775","26.8224"
"2023-11-02T06:08:26.681Z","Azure Monitor","germanynorth","NOK","1000 GB Commitment Tier Capacity Reservation","1000","1/Day","26357.2564","2023-03-01T00:00:00.000Z","982.6584","26.3573"
"2023-11-02T06:08:26.681Z","Azure Monitor","germanynorth","NOK","2000 GB Commitment Tier Capacity Reservation","2000","1/Day","51474.1714","2023-03-01T00:00:00.000Z","1952.9379","25.7371"
"2023-11-02T06:08:26.681Z","Azure Monitor","germanynorth","NOK","5000 GB Commitment Tier Capacity Reservation","5000","1/Day","124809.3614","2023-03-01T00:00:00.000Z","4849.3949","24.9619"
"2023-12-02T06:07:58.693Z","Azure Monitor","germanynorth","NOK","Pay-as-you-go Data Ingestion","Pay-as-you-go","1 GB","41.3938","2019-09-01T00:00:00.000Z","0","41.3938"
"2023-12-02T06:07:58.693Z","Azure Monitor","germanynorth","NOK","100 GB Commitment Tier Capacity Reservation","100","1/Day","2901.2953","2023-03-01T00:00:00.000Z","70.0901","29.013"
"2023-12-02T06:07:58.693Z","Azure Monitor","germanynorth","NOK","200 GB Commitment Tier Capacity Reservation","200","1/Day","5447.3299","2023-03-01T00:00:00.000Z","187.7548","27.2366"
"2023-12-02T06:07:58.693Z","Azure Monitor","germanynorth","NOK","300 GB Commitment Tier Capacity Reservation","300","1/Day","7993.3646","2023-03-01T00:00:00.000Z","293.4788","26.6445"
"2023-12-02T06:07:58.693Z","Azure Monitor","germanynorth","NOK","400 GB Commitment Tier Capacity Reservation","400","1/Day","10420.979","2023-03-01T00:00:00.000Z","391.1118","26.0524"
"2023-12-02T06:07:58.693Z","Azure Monitor","germanynorth","NOK","500 GB Commitment Tier Capacity Reservation","500","1/Day","12804.1859","2023-03-01T00:00:00.000Z","491.4782","25.6084"
"2023-12-02T06:07:58.693Z","Azure Monitor","germanynorth","NOK","1000 GB Commitment Tier Capacity Reservation","1000","1/Day","25164.2959","2023-03-01T00:00:00.000Z","982.6579","25.1643"
"2023-12-02T06:07:58.693Z","Azure Monitor","germanynorth","NOK","2000 GB Commitment Tier Capacity Reservation","2000","1/Day","49144.3896","2023-03-01T00:00:00.000Z","1952.9409","24.5722"
"2023-12-02T06:07:58.693Z","Azure Monitor","germanynorth","NOK","5000 GB Commitment Tier Capacity Reservation","5000","1/Day","119160.3423","2023-03-01T00:00:00.000Z","4849.3966","23.8321"
"2024-01-02T06:08:37.104Z","Azure Monitor","germanynorth","NOK","Pay-as-you-go Data Ingestion","Pay-as-you-go","1 GB","39.1534","2019-09-01T00:00:00.000Z","0","39.1534"
"2024-01-02T06:08:37.104Z","Azure Monitor","germanynorth","NOK","100 GB Commitment Tier Capacity Reservation","100","1/Day","2744.2609","2023-03-01T00:00:00.000Z","70.09","27.4426"
"2024-01-02T06:08:37.104Z","Azure Monitor","germanynorth","NOK","200 GB Commitment Tier Capacity Reservation","200","1/Day","5152.4898","2023-03-01T00:00:00.000Z","187.7552","25.7624"
"2024-01-02T06:08:37.104Z","Azure Monitor","germanynorth","NOK","300 GB Commitment Tier Capacity Reservation","300","1/Day","7560.7187","2023-03-01T00:00:00.000Z","293.4788","25.2024"
"2024-01-02T06:08:37.104Z","Azure Monitor","germanynorth","NOK","400 GB Commitment Tier Capacity Reservation","400","1/Day","9856.937","2023-03-01T00:00:00.000Z","391.111","24.6423"
"2024-01-02T06:08:37.104Z","Azure Monitor","germanynorth","NOK","500 GB Commitment Tier Capacity Reservation","500","1/Day","12111.1513","2023-03-01T00:00:00.000Z","491.4781","24.2223"
"2024-01-02T06:08:37.104Z","Azure Monitor","germanynorth","NOK","1000 GB Commitment Tier Capacity Reservation","1000","1/Day","23802.2627","2023-03-01T00:00:00.000Z","982.6591","23.8023"
"2024-01-02T06:08:37.104Z","Azure Monitor","germanynorth","NOK","2000 GB Commitment Tier Capacity Reservation","2000","1/Day","46484.4189","2023-03-01T00:00:00.000Z","1952.9381","23.2422"
"2024-01-02T06:08:37.104Z","Azure Monitor","germanynorth","NOK","5000 GB Commitment Tier Capacity Reservation","5000","1/Day","112710.7146","2023-03-01T00:00:00.000Z","4849.3996","22.5421"
"2024-02-02T06:08:03.849Z","Azure Monitor","germanynorth","NOK","Pay-as-you-go Data Ingestion","Pay-as-you-go","1 GB","40.6644","2019-09-01T00:00:00.000Z","0","40.6644"
"2024-02-02T06:08:03.849Z","Azure Monitor","germanynorth","NOK","100 GB Commitment Tier Capacity Reservation","100","1/Day","2850.1719","2023-03-01T00:00:00.000Z","70.0901","28.5017"
"2024-02-02T06:08:03.849Z","Azure Monitor","germanynorth","NOK","200 GB Commitment Tier Capacity Reservation","200","1/Day","5351.3432","2023-03-01T00:00:00.000Z","187.7552","26.7567"
"2024-02-02T06:08:03.849Z","Azure Monitor","germanynorth","NOK","300 GB Commitment Tier Capacity Reservation","300","1/Day","7852.5145","2023-03-01T00:00:00.000Z","293.4784","26.175"
"2024-02-02T06:08:03.849Z","Azure Monitor","germanynorth","NOK","400 GB Commitment Tier Capacity Reservation","400","1/Day","10237.3522","2023-03-01T00:00:00.000Z","391.1118","25.5934"
"2024-02-02T06:08:03.849Z","Azure Monitor","germanynorth","NOK","500 GB Commitment Tier Capacity Reservation","500","1/Day","12578.5649","2023-03-01T00:00:00.000Z","491.4769","25.1571"
"2024-02-02T06:08:03.849Z","Azure Monitor","germanynorth","NOK","1000 GB Commitment Tier Capacity Reservation","1000","1/Day","24720.8789","2023-03-01T00:00:00.000Z","982.6601","24.7209"
"2024-02-02T06:08:03.849Z","Azure Monitor","germanynorth","NOK","2000 GB Commitment Tier Capacity Reservation","2000","1/Day","48278.4224","2023-03-01T00:00:00.000Z","1952.9395","24.1392"
"2024-02-02T06:08:03.849Z","Azure Monitor","germanynorth","NOK","5000 GB Commitment Tier Capacity Reservation","5000","1/Day","117060.6327","2023-03-01T00:00:00.000Z","4849.3998","23.4121"
"2024-03-02T06:08:20.311Z","Azure Monitor","germanynorth","NOK","Pay-as-you-go Data Ingestion","Pay-as-you-go","1 GB","40.9214","2019-09-01T00:00:00.000Z","0","40.9214"
"2024-03-02T06:08:20.311Z","Azure Monitor","germanynorth","NOK","100 GB Commitment Tier Capacity Reservation","100","1/Day","2868.1802","2023-03-01T00:00:00.000Z","70.09","28.6818"
"2024-03-02T06:08:20.311Z","Azure Monitor","germanynorth","NOK","200 GB Commitment Tier Capacity Reservation","200","1/Day","5385.1547","2023-03-01T00:00:00.000Z","187.7551","26.9258"
"2024-03-02T06:08:20.311Z","Azure Monitor","germanynorth","NOK","300 GB Commitment Tier Capacity Reservation","300","1/Day","7902.1291","2023-03-01T00:00:00.000Z","293.478","26.3404"
"2024-03-02T06:08:20.311Z","Azure Monitor","germanynorth","NOK","400 GB Commitment Tier Capacity Reservation","400","1/Day","10302.035","2023-03-01T00:00:00.000Z","391.1116","25.7551"
"2024-03-02T06:08:20.311Z","Azure Monitor","germanynorth","NOK","500 GB Commitment Tier Capacity Reservation","500","1/Day","12658.0402","2023-03-01T00:00:00.000Z","491.477","25.3161"
"2024-03-02T06:08:20.311Z","Azure Monitor","germanynorth","NOK","1000 GB Commitment Tier Capacity Reservation","1000","1/Day","24877.0732","2023-03-01T00:00:00.000Z","982.6582","24.8771"
"2024-03-02T06:08:20.311Z","Azure Monitor","germanynorth","NOK","2000 GB Commitment Tier Capacity Reservation","2000","1/Day","48583.4607","2023-03-01T00:00:00.000Z","1952.9391","24.2917"
"2024-03-02T06:08:20.311Z","Azure Monitor","germanynorth","NOK","5000 GB Commitment Tier Capacity Reservation","5000","1/Day","117800.2586","2023-03-01T00:00:00.000Z","4849.4036","23.5601"
"2024-04-03T09:26:28.723Z","Azure Monitor","germanynorth","NOK","Pay-as-you-go Data Ingestion","Pay-as-you-go","1 GB","41.7732","2019-09-01T00:00:00.000Z","0","41.7732"
"2024-04-03T09:26:28.723Z","Azure Monitor","germanynorth","NOK","100 GB Commitment Tier Capacity Reservation","100","1/Day","2927.8854","2023-03-01T00:00:00.000Z","70.09","29.2789"
"2024-04-03T09:26:28.723Z","Azure Monitor","germanynorth","NOK","200 GB Commitment Tier Capacity Reservation","200","1/Day","5497.2543","2023-03-01T00:00:00.000Z","187.7548","27.4863"
"2024-04-03T09:26:28.723Z","Azure Monitor","germanynorth","NOK","300 GB Commitment Tier Capacity Reservation","300","1/Day","8066.6231","2023-03-01T00:00:00.000Z","293.478","26.8887"
"2024-04-03T09:26:28.723Z","Azure Monitor","germanynorth","NOK","400 GB Commitment Tier Capacity Reservation","400","1/Day","10516.4865","2023-03-01T00:00:00.000Z","391.1117","26.2912"
"2024-04-03T09:26:28.723Z","Azure Monitor","germanynorth","NOK","500 GB Commitment Tier Capacity Reservation","500","1/Day","12921.5352","2023-03-01T00:00:00.000Z","491.4776","25.8431"
"2024-04-03T09:26:28.723Z","Azure Monitor","germanynorth","NOK","1000 GB Commitment Tier Capacity Reservation","1000","1/Day","25394.9247","2023-03-01T00:00:00.000Z","982.6578","25.3949"
"2024-04-03T09:26:28.723Z","Azure Monitor","germanynorth","NOK","2000 GB Commitment Tier Capacity Reservation","2000","1/Day","49594.7941","2023-03-01T00:00:00.000Z","1952.9431","24.7974"
"2024-04-03T09:26:28.723Z","Azure Monitor","germanynorth","NOK","5000 GB Commitment Tier Capacity Reservation","5000","1/Day","120252.4375","2023-03-01T00:00:00.000Z","4849.397","24.0505"
"2024-05-01T06:09:59.892Z","Azure Monitor","germanynorth","NOK","Pay-as-you-go Data Ingestion","Pay-as-you-go","1 GB","42.8761","2019-09-01T00:00:00.000Z","0","42.8761"
"2024-05-01T06:09:59.892Z","Azure Monitor","germanynorth","NOK","100 GB Commitment Tier Capacity Reservation","100","1/Day","3005.1903","2023-03-01T00:00:00.000Z","70.0901","30.0519"
"2024-05-01T06:09:59.892Z","Azure Monitor","germanynorth","NOK","200 GB Commitment Tier Capacity Reservation","200","1/Day","5642.3981","2023-03-01T00:00:00.000Z","187.7551","28.212"
"2024-05-01T06:09:59.892Z","Azure Monitor","germanynorth","NOK","300 GB Commitment Tier Capacity Reservation","300","1/Day","8279.6059","2023-03-01T00:00:00.000Z","293.4782","27.5987"
"2024-05-01T06:09:59.892Z","Azure Monitor","germanynorth","NOK","400 GB Commitment Tier Capacity Reservation","400","1/Day","10794.1529","2023-03-01T00:00:00.000Z","391.1109","26.9854"
"2024-05-01T06:09:59.892Z","Azure Monitor","germanynorth","NOK","500 GB Commitment Tier Capacity Reservation","500","1/Day","13262.702","2023-03-01T00:00:00.000Z","491.4769","26.5254"
"2024-05-01T06:09:59.892Z","Azure Monitor","germanynorth","NOK","1000 GB Commitment Tier Capacity Reservation","1000","1/Day","26065.4259","2023-03-01T00:00:00.000Z","982.6591","26.0654"
"2024-05-01T06:09:59.892Z","Azure Monitor","germanynorth","NOK","2000 GB Commitment Tier Capacity Reservation","2000","1/Day","50904.2436","2023-03-01T00:00:00.000Z","1952.9431","25.4521"
"2024-05-01T06:09:59.892Z","Azure Monitor","germanynorth","NOK","5000 GB Commitment Tier Capacity Reservation","5000","1/Day","123427.4582","2023-03-01T00:00:00.000Z","4849.4017","24.6855"
"2024-06-02T06:10:06.668Z","Azure Monitor","germanynorth","NOK","Pay-as-you-go Data Ingestion","Pay-as-you-go","1 GB","41.0555","2019-09-01T00:00:00.000Z","0","41.0555"
"2024-06-02T06:10:06.668Z","Azure Monitor","germanynorth","NOK","100 GB Commitment Tier Capacity Reservation","100","1/Day","2877.5794","2023-03-01T00:00:00.000Z","70.09","28.7758"
"2024-06-02T06:10:06.668Z","Azure Monitor","germanynorth","NOK","200 GB Commitment Tier Capacity Reservation","200","1/Day","5402.8021","2023-03-01T00:00:00.000Z","187.7551","27.014"
"2024-06-02T06:10:06.668Z","Azure Monitor","germanynorth","NOK","300 GB Commitment Tier Capacity Reservation","300","1/Day","7928.0249","2023-03-01T00:00:00.000Z","293.4784","26.4267"
"2024-06-02T06:10:06.668Z","Azure Monitor","germanynorth","NOK","400 GB Commitment Tier Capacity Reservation","400","1/Day","10335.7954","2023-03-01T00:00:00.000Z","391.1118","25.8395"
"2024-06-02T06:10:06.668Z","Azure Monitor","germanynorth","NOK","500 GB Commitment Tier Capacity Reservation","500","1/Day","12699.5213","2023-03-01T00:00:00.000Z","491.4771","25.399"
"2024-06-02T06:10:06.668Z","Azure Monitor","germanynorth","NOK","1000 GB Commitment Tier Capacity Reservation","1000","1/Day","24958.5968","2023-03-01T00:00:00.000Z","982.6606","24.9586"
"2024-06-02T06:10:06.668Z","Azure Monitor","germanynorth","NOK","2000 GB Commitment Tier Capacity Reservation","2000","1/Day","48742.6713","2023-03-01T00:00:00.000Z","1952.9409","24.3713"
"2024-06-02T06:10:06.668Z","Azure Monitor","germanynorth","NOK","5000 GB Commitment Tier Capacity Reservation","5000","1/Day","118186.2964","2023-03-01T00:00:00.000Z","4849.4047","23.6373"
"2024-07-01T06:11:21.244Z","Azure Monitor","germanynorth","NOK","Pay-as-you-go Data Ingestion","Pay-as-you-go","1 GB","41.4972","2019-09-01T00:00:00.000Z","0","41.4972"
"2024-07-01T06:11:21.244Z","Azure Monitor","germanynorth","NOK","100 GB Commitment Tier Capacity Reservation","100","1/Day","2908.5422","2023-03-01T00:00:00.000Z","70.0901","29.0854"
"2024-07-01T06:11:21.244Z","Azure Monitor","germanynorth","NOK","200 GB Commitment Tier Capacity Reservation","200","1/Day","5460.9364","2023-03-01T00:00:00.000Z","187.7552","27.3047"
"2024-07-01T06:11:21.244Z","Azure Monitor","germanynorth","NOK","300 GB Commitment Tier Capacity Reservation","300","1/Day","8013.3305","2023-03-01T00:00:00.000Z","293.4781","26.7111"
"2024-07-01T06:11:21.244Z","Azure Monitor","germanynorth","NOK","400 GB Commitment Tier Capacity Reservation","400","1/Day","10447.0087","2023-03-01T00:00:00.000Z","391.1111","26.1175"
"2024-07-01T06:11:21.244Z","Azure Monitor","germanynorth","NOK","500 GB Commitment Tier Capacity Reservation","500","1/Day","12836.1684","2023-03-01T00:00:00.000Z","491.4777","25.6723"
"2024-07-01T06:11:21.244Z","Azure Monitor","germanynorth","NOK","1000 GB Commitment Tier Capacity Reservation","1000","1/Day","25227.1517","2023-03-01T00:00:00.000Z","982.6604","25.2272"
"2024-07-01T06:11:21.244Z","Azure Monitor","germanynorth","NOK","2000 GB Commitment Tier Capacity Reservation","2000","1/Day","49267.1433","2023-03-01T00:00:00.000Z","1952.9374","24.6336"
"2024-07-01T06:11:21.244Z","Azure Monitor","germanynorth","NOK","5000 GB Commitment Tier Capacity Reservation","5000","1/Day","119457.983","2023-03-01T00:00:00.000Z","4849.392","23.8916"
"2024-08-02T06:11:10.559Z","Azure Monitor","germanynorth","NOK","Pay-as-you-go Data Ingestion","Pay-as-you-go","1 GB","42.7675","2019-09-01T00:00:00.000Z","0","42.7675"
"2024-08-02T06:11:10.559Z","Azure Monitor","germanynorth","NOK","100 GB Commitment Tier Capacity Reservation","100","1/Day","2997.5756","2023-03-01T00:00:00.000Z","70.0900","29.9758"
"2024-08-02T06:11:10.559Z","Azure Monitor","germanynorth","NOK","200 GB Commitment Tier Capacity Reservation","200","1/Day","5628.1011","2023-03-01T00:00:00.000Z","187.7548","28.1405"
"2024-08-02T06:11:10.559Z","Azure Monitor","germanynorth","NOK","300 GB Commitment Tier Capacity Reservation","300","1/Day","8258.6266","2023-03-01T00:00:00.000Z","293.4783","27.5288"
"2024-08-02T06:11:10.559Z","Azure Monitor","germanynorth","NOK","400 GB Commitment Tier Capacity Reservation","400","1/Day","10766.8021","2023-03-01T00:00:00.000Z","391.1105","26.9170"
"2024-08-02T06:11:10.559Z","Azure Monitor","germanynorth","NOK","500 GB Commitment Tier Capacity Reservation","500","1/Day","13229.0963","2023-03-01T00:00:00.000Z","491.4774","26.4582"
"2024-08-02T06:11:10.559Z","Azure Monitor","germanynorth","NOK","1000 GB Commitment Tier Capacity Reservation","1000","1/Day","25999.3801","2023-03-01T00:00:00.000Z","982.6587","25.9994"
"2024-08-02T06:11:10.559Z","Azure Monitor","germanynorth","NOK","2000 GB Commitment Tier Capacity Reservation","2000","1/Day","50775.26","2023-03-01T00:00:00.000Z","1952.9397","25.3876"
"2024-08-02T06:11:10.559Z","Azure Monitor","germanynorth","NOK","5000 GB Commitment Tier Capacity Reservation","5000","1/Day","123114.7116","2023-03-01T00:00:00.000Z","4849.4033","24.6229"
