"TimeGenerated","ServiceName","ArmRegionName","CurrencyCode","MeterName","Tier","UnitOfMeasure","RetailPrice","EffectiveStartDate","EffectiveCommitmentTierThresholdGB","EffectivePricePerGB"
"2023-03-29T15:50:58.330Z","Azure Monitor","germanynorth","NZD","Pay-as-you-go Data Ingestion","Pay-as-you-go","1 GB","6.3126","2019-09-01T02:00:00.000Z","0","6.3126"
"2023-03-29T15:50:58.330Z","Azure Monitor","germanynorth","NZD","100 GB Commitment Tier Capacity Reservation","100","1/Day","442.4523","2023-03-01T00:00:00.000Z","70.0903","4.4245"
"2023-03-29T15:50:58.330Z","Azure Monitor","germanynorth","NZD","200 GB Commitment Tier Capacity Reservation","200","1/Day","830.7268","2023-03-01T00:00:00.000Z","187.7561","4.1536"
"2023-03-29T15:50:58.330Z","Azure Monitor","germanynorth","NZD","300 GB Commitment Tier Capacity Reservation","300","1/Day","1219.0012","2023-03-01T00:00:00.000Z","293.4806","4.0633"
"2023-03-29T15:50:58.330Z","Azure Monitor","germanynorth","NZD","400 GB Commitment Tier Capacity Reservation","400","1/Day","1589.2164","2023-03-01T00:00:00.000Z","391.1147","3.973"
"2023-03-29T15:50:58.330Z","Azure Monitor","germanynorth","NZD","500 GB Commitment Tier Capacity Reservation","500","1/Day","1952.6594","2023-03-01T00:00:00.000Z","491.4824","3.9053"
"2023-03-29T15:50:58.330Z","Azure Monitor","germanynorth","NZD","1000 GB Commitment Tier Capacity Reservation","1000","1/Day","3837.5964","2023-03-01T00:00:00.000Z","982.6637","3.8376"
"2023-03-29T15:50:58.330Z","Azure Monitor","germanynorth","NZD","2000 GB Commitment Tier Capacity Reservation","2000","1/Day","7494.6001","2023-03-01T00:00:00.000Z","1952.9394","3.7473"
"2023-03-29T15:50:58.330Z","Azure Monitor","germanynorth","NZD","5000 GB Commitment Tier Capacity Reservation","5000","1/Day","18172.1478","2023-03-01T00:00:00.000Z","4849.3976","3.6344"
"2023-04-12T13:28:34.468Z","Azure Monitor","germanynorth","NZD","Pay-as-you-go Data Ingestion","Pay-as-you-go","1 GB","6.2447","2019-09-01T02:00:00.000Z","0","6.2447"
"2023-04-12T13:28:34.468Z","Azure Monitor","germanynorth","NZD","100 GB Commitment Tier Capacity Reservation","100","1/Day","437.6898","2023-03-01T00:00:00.000Z","70.0898","4.3769"
"2023-04-12T13:28:34.468Z","Azure Monitor","germanynorth","NZD","200 GB Commitment Tier Capacity Reservation","200","1/Day","821.7849","2023-03-01T00:00:00.000Z","187.755","4.1089"
"2023-04-12T13:28:34.468Z","Azure Monitor","germanynorth","NZD","300 GB Commitment Tier Capacity Reservation","300","1/Day","1205.88","2023-03-01T00:00:00.000Z","293.48","4.0196"
"2023-04-12T13:28:34.468Z","Azure Monitor","germanynorth","NZD","400 GB Commitment Tier Capacity Reservation","400","1/Day","1572.1102","2023-03-01T00:00:00.000Z","391.1111","3.9303"
"2023-04-12T13:28:34.468Z","Azure Monitor","germanynorth","NZD","500 GB Commitment Tier Capacity Reservation","500","1/Day","1931.6411","2023-03-01T00:00:00.000Z","491.4742","3.8633"
"2023-04-12T13:28:34.468Z","Azure Monitor","germanynorth","NZD","1000 GB Commitment Tier Capacity Reservation","1000","1/Day","3796.2889","2023-03-01T00:00:00.000Z","982.6544","3.7963"
"2023-04-12T13:28:34.468Z","Azure Monitor","germanynorth","NZD","2000 GB Commitment Tier Capacity Reservation","2000","1/Day","7413.9288","2023-03-01T00:00:00.000Z","1952.9354","3.707"
"2023-04-12T13:28:34.468Z","Azure Monitor","germanynorth","NZD","5000 GB Commitment Tier Capacity Reservation","5000","1/Day","17976.5443","2023-03-01T00:00:00.000Z","4849.351","3.5953"
"2023-05-02T08:07:40.927Z","Azure Monitor","germanynorth","NZD","Pay-as-you-go Data Ingestion","Pay-as-you-go","1 GB","6.3435","2019-09-01T02:00:00.000Z","0","6.3435"
"2023-05-02T08:07:40.927Z","Azure Monitor","germanynorth","NZD","100 GB Commitment Tier Capacity Reservation","100","1/Day","444.6185","2023-03-01T00:00:00.000Z","70.0904","4.4462"
"2023-05-02T08:07:40.927Z","Azure Monitor","germanynorth","NZD","200 GB Commitment Tier Capacity Reservation","200","1/Day","834.794","2023-03-01T00:00:00.000Z","187.7545","4.174"
"2023-05-02T08:07:40.927Z","Azure Monitor","germanynorth","NZD","300 GB Commitment Tier Capacity Reservation","300","1/Day","1224.9694","2023-03-01T00:00:00.000Z","293.4761","4.0832"
"2023-05-02T08:07:40.927Z","Azure Monitor","germanynorth","NZD","400 GB Commitment Tier Capacity Reservation","400","1/Day","1596.9971","2023-03-01T00:00:00.000Z","391.1141","3.9925"
"2023-05-02T08:07:40.927Z","Azure Monitor","germanynorth","NZD","500 GB Commitment Tier Capacity Reservation","500","1/Day","1962.2195","2023-03-01T00:00:00.000Z","491.4764","3.9244"
"2023-05-02T08:07:40.927Z","Azure Monitor","germanynorth","NZD","1000 GB Commitment Tier Capacity Reservation","1000","1/Day","3856.3851","2023-03-01T00:00:00.000Z","982.6687","3.8564"
"2023-05-02T08:07:40.927Z","Azure Monitor","germanynorth","NZD","2000 GB Commitment Tier Capacity Reservation","2000","1/Day","7531.2933","2023-03-01T00:00:00.000Z","1952.9336","3.7656"
"2023-05-02T08:07:40.927Z","Azure Monitor","germanynorth","NZD","5000 GB Commitment Tier Capacity Reservation","5000","1/Day","18261.1179","2023-03-01T00:00:00.000Z","4849.4577","3.6522"
"2023-06-02T08:07:42.568Z","Azure Monitor","germanynorth","NZD","Pay-as-you-go Data Ingestion","Pay-as-you-go","1 GB","6.4338","2019-09-01T02:00:00.000Z","0","6.4338"
"2023-06-02T08:07:42.568Z","Azure Monitor","germanynorth","NZD","100 GB Commitment Tier Capacity Reservation","100","1/Day","450.9476","2023-03-01T00:00:00.000Z","70.0904","4.5095"
"2023-06-02T08:07:42.568Z","Azure Monitor","germanynorth","NZD","200 GB Commitment Tier Capacity Reservation","200","1/Day","846.6771","2023-03-01T00:00:00.000Z","187.7541","4.2334"
"2023-06-02T08:07:42.568Z","Azure Monitor","germanynorth","NZD","300 GB Commitment Tier Capacity Reservation","300","1/Day","1242.4067","2023-03-01T00:00:00.000Z","293.4773","4.1414"
"2023-06-02T08:07:42.568Z","Azure Monitor","germanynorth","NZD","400 GB Commitment Tier Capacity Reservation","400","1/Day","1619.7302","2023-03-01T00:00:00.000Z","391.1069","4.0493"
"2023-06-02T08:07:42.568Z","Azure Monitor","germanynorth","NZD","500 GB Commitment Tier Capacity Reservation","500","1/Day","1990.1515","2023-03-01T00:00:00.000Z","491.4804","3.9803"
"2023-06-02T08:07:42.568Z","Azure Monitor","germanynorth","NZD","1000 GB Commitment Tier Capacity Reservation","1000","1/Day","3911.2803","2023-03-01T00:00:00.000Z","982.6597","3.9113"
"2023-06-02T08:07:42.568Z","Azure Monitor","germanynorth","NZD","2000 GB Commitment Tier Capacity Reservation","2000","1/Day","7638.5004","2023-03-01T00:00:00.000Z","1952.9314","3.8193"
"2023-06-02T08:07:42.568Z","Azure Monitor","germanynorth","NZD","5000 GB Commitment Tier Capacity Reservation","5000","1/Day","18521.0627","2023-03-01T00:00:00.000Z","4849.3344","3.7042"
"2023-07-07T06:09:02.036Z","Azure Monitor","germanynorth","NZD","Pay-as-you-go Data Ingestion","Pay-as-you-go","1 GB","6.3936","2019-09-01T00:00:00.000Z","0","6.3936"
"2023-07-07T06:09:02.036Z","Azure Monitor","germanynorth","NZD","100 GB Commitment Tier Capacity Reservation","100","1/Day","448.129","2023-03-01T00:00:00.000Z","70.0902","4.4813"
"2023-07-07T06:09:02.036Z","Azure Monitor","germanynorth","NZD","200 GB Commitment Tier Capacity Reservation","200","1/Day","841.385","2023-03-01T00:00:00.000Z","187.7547","4.2069"
"2023-07-07T06:09:02.036Z","Azure Monitor","germanynorth","NZD","300 GB Commitment Tier Capacity Reservation","300","1/Day","1234.641","2023-03-01T00:00:00.000Z","293.48","4.1155"
"2023-07-07T06:09:02.036Z","Azure Monitor","germanynorth","NZD","400 GB Commitment Tier Capacity Reservation","400","1/Day","1609.6061","2023-03-01T00:00:00.000Z","391.1083","4.024"
"2023-07-07T06:09:02.036Z","Azure Monitor","germanynorth","NZD","500 GB Commitment Tier Capacity Reservation","500","1/Day","1977.712","2023-03-01T00:00:00.000Z","491.4791","3.9554"
"2023-07-07T06:09:02.036Z","Azure Monitor","germanynorth","NZD","1000 GB Commitment Tier Capacity Reservation","1000","1/Day","3886.8328","2023-03-01T00:00:00.000Z","982.6649","3.8868"
"2023-07-07T06:09:02.036Z","Azure Monitor","germanynorth","NZD","2000 GB Commitment Tier Capacity Reservation","2000","1/Day","7590.7558","2023-03-01T00:00:00.000Z","1952.9577","3.7954"
"2023-07-07T06:09:02.036Z","Azure Monitor","germanynorth","NZD","5000 GB Commitment Tier Capacity Reservation","5000","1/Day","18405.2965","2023-03-01T00:00:00.000Z","4849.3694","3.6811"
"2023-08-01T06:08:30.007Z","Azure Monitor","germanynorth","NZD","Pay-as-you-go Data Ingestion","Pay-as-you-go","1 GB","6.2739","2019-09-01T00:00:00.000Z","0","6.2739"
"2023-08-01T06:08:30.007Z","Azure Monitor","germanynorth","NZD","200 GB Commitment Tier Capacity Reservation","200","1/Day","825.6315","2023-03-01T00:00:00.000Z","184.2393","4.1282"
"2023-08-01T06:08:30.007Z","Azure Monitor","germanynorth","NZD","300 GB Commitment Tier Capacity Reservation","300","1/Day","1211.5245","2023-03-01T00:00:00.000Z","293.4752","4.0384"
"2023-08-01T06:08:30.007Z","Azure Monitor","germanynorth","NZD","400 GB Commitment Tier Capacity Reservation","400","1/Day","1579.469","2023-03-01T00:00:00.000Z","391.1126","3.9487"
"2023-08-01T06:08:30.007Z","Azure Monitor","germanynorth","NZD","500 GB Commitment Tier Capacity Reservation","500","1/Day","1940.6828","2023-03-01T00:00:00.000Z","491.4739","3.8814"
"2023-08-01T06:08:30.007Z","Azure Monitor","germanynorth","NZD","1000 GB Commitment Tier Capacity Reservation","1000","1/Day","3814.0586","2023-03-01T00:00:00.000Z","982.6502","3.8141"
"2023-08-01T06:08:30.007Z","Azure Monitor","germanynorth","NZD","2000 GB Commitment Tier Capacity Reservation","2000","1/Day","7448.6321","2023-03-01T00:00:00.000Z","1952.92","3.7243"
"2023-08-01T06:08:30.007Z","Azure Monitor","germanynorth","NZD","5000 GB Commitment Tier Capacity Reservation","5000","1/Day","18060.6892","2023-03-01T00:00:00.000Z","4849.4185","3.6121"
"2023-08-02T06:09:03.844Z","Azure Monitor","germanynorth","NZD","100 GB Commitment Tier Capacity Reservation","100","1/Day","439.7385","2023-03-01T00:00:00.000Z","70.0901","4.3974"
"2023-09-02T06:07:00.316Z","Azure Monitor","germanynorth","NZD","Pay-as-you-go Data Ingestion","Pay-as-you-go","1 GB","6.5487","2019-09-01T00:00:00.000Z","0","6.5487"
"2023-09-02T06:07:00.316Z","Azure Monitor","germanynorth","NZD","100 GB Commitment Tier Capacity Reservation","100","1/Day","459.0009","2023-03-01T00:00:00.000Z","70.0904","4.59"
"2023-09-02T06:07:00.316Z","Azure Monitor","germanynorth","NZD","200 GB Commitment Tier Capacity Reservation","200","1/Day","861.7977","2023-03-01T00:00:00.000Z","187.7555","4.309"
"2023-09-02T06:07:00.316Z","Azure Monitor","germanynorth","NZD","300 GB Commitment Tier Capacity Reservation","300","1/Day","1264.5944","2023-03-01T00:00:00.000Z","293.4775","4.2153"
"2023-09-02T06:07:00.316Z","Azure Monitor","germanynorth","NZD","400 GB Commitment Tier Capacity Reservation","400","1/Day","1648.6564","2023-03-01T00:00:00.000Z","391.1125","4.1216"
"2023-09-02T06:07:00.316Z","Azure Monitor","germanynorth","NZD","500 GB Commitment Tier Capacity Reservation","500","1/Day","2025.6929","2023-03-01T00:00:00.000Z","491.4822","4.0514"
"2023-09-02T06:07:00.316Z","Azure Monitor","germanynorth","NZD","1000 GB Commitment Tier Capacity Reservation","1000","1/Day","3981.1305","2023-03-01T00:00:00.000Z","982.6555","3.9811"
"2023-09-02T06:07:00.316Z","Azure Monitor","germanynorth","NZD","2000 GB Commitment Tier Capacity Reservation","2000","1/Day","7774.9137","2023-03-01T00:00:00.000Z","1952.9561","3.8875"
"2023-09-02T06:07:00.316Z","Azure Monitor","germanynorth","NZD","5000 GB Commitment Tier Capacity Reservation","5000","1/Day","18851.8238","2023-03-01T00:00:00.000Z","4849.3437","3.7704"
"2023-10-02T06:08:46.154Z","Azure Monitor","germanynorth","NZD","Pay-as-you-go Data Ingestion","Pay-as-you-go","1 GB","6.5454","2019-09-01T00:00:00.000Z","0","6.5454"
"2023-10-02T06:08:46.154Z","Azure Monitor","germanynorth","NZD","100 GB Commitment Tier Capacity Reservation","100","1/Day","458.769","2023-03-01T00:00:00.000Z","70.0903","4.5877"
"2023-10-02T06:08:46.154Z","Azure Monitor","germanynorth","NZD","200 GB Commitment Tier Capacity Reservation","200","1/Day","861.3623","2023-03-01T00:00:00.000Z","187.7547","4.3068"
"2023-10-02T06:08:46.154Z","Azure Monitor","germanynorth","NZD","300 GB Commitment Tier Capacity Reservation","300","1/Day","1263.9555","2023-03-01T00:00:00.000Z","293.479","4.2132"
"2023-10-02T06:08:46.154Z","Azure Monitor","germanynorth","NZD","400 GB Commitment Tier Capacity Reservation","400","1/Day","1647.8235","2023-03-01T00:00:00.000Z","391.1097","4.1196"
"2023-10-02T06:08:46.154Z","Azure Monitor","germanynorth","NZD","500 GB Commitment Tier Capacity Reservation","500","1/Day","2024.6695","2023-03-01T00:00:00.000Z","491.4724","4.0493"
"2023-10-02T06:08:46.154Z","Azure Monitor","germanynorth","NZD","1000 GB Commitment Tier Capacity Reservation","1000","1/Day","3979.1193","2023-03-01T00:00:00.000Z","982.6684","3.9791"
"2023-10-02T06:08:46.154Z","Azure Monitor","germanynorth","NZD","2000 GB Commitment Tier Capacity Reservation","2000","1/Day","7770.9859","2023-03-01T00:00:00.000Z","1952.9506","3.8855"
"2023-10-02T06:08:46.154Z","Azure Monitor","germanynorth","NZD","5000 GB Commitment Tier Capacity Reservation","5000","1/Day","18842.3002","2023-03-01T00:00:00.000Z","4849.3888","3.7685"
"2023-11-01T06:08:41.407Z","Azure Monitor","germanynorth","NZD","Pay-as-you-go Data Ingestion","Pay-as-you-go","1 GB","6.6712","2019-09-01T00:00:00.000Z","0","6.6712"
"2023-11-01T06:08:41.407Z","Azure Monitor","germanynorth","NZD","100 GB Commitment Tier Capacity Reservation","100","1/Day","467.5877","2023-03-01T00:00:00.000Z","70.0905","4.6759"
"2023-11-01T06:08:41.407Z","Azure Monitor","germanynorth","NZD","200 GB Commitment Tier Capacity Reservation","200","1/Day","877.9198","2023-03-01T00:00:00.000Z","187.7542","4.3896"
"2023-11-01T06:08:41.407Z","Azure Monitor","germanynorth","NZD","300 GB Commitment Tier Capacity Reservation","300","1/Day","1288.252","2023-03-01T00:00:00.000Z","293.4782","4.2942"
"2023-11-01T06:08:41.407Z","Azure Monitor","germanynorth","NZD","400 GB Commitment Tier Capacity Reservation","400","1/Day","1679.4988","2023-03-01T00:00:00.000Z","391.1087","4.1987"
"2023-11-01T06:08:41.407Z","Azure Monitor","germanynorth","NZD","500 GB Commitment Tier Capacity Reservation","500","1/Day","2063.5888","2023-03-01T00:00:00.000Z","491.4828","4.1272"
"2023-11-01T06:08:41.407Z","Azure Monitor","germanynorth","NZD","1000 GB Commitment Tier Capacity Reservation","1000","1/Day","4055.608","2023-03-01T00:00:00.000Z","982.6536","4.0556"
"2023-11-01T06:08:41.407Z","Azure Monitor","germanynorth","NZD","2000 GB Commitment Tier Capacity Reservation","2000","1/Day","7920.3639","2023-03-01T00:00:00.000Z","1952.945","3.9602"
"2023-11-01T06:08:41.407Z","Azure Monitor","germanynorth","NZD","5000 GB Commitment Tier Capacity Reservation","5000","1/Day","19204.4967","2023-03-01T00:00:00.000Z","4849.3755","3.8409"
"2023-12-02T06:07:58.693Z","Azure Monitor","germanynorth","NZD","Pay-as-you-go Data Ingestion","Pay-as-you-go","1 GB","6.3373","2019-09-01T00:00:00.000Z","0","6.3373"
"2023-12-02T06:07:58.693Z","Azure Monitor","germanynorth","NZD","100 GB Commitment Tier Capacity Reservation","100","1/Day","444.1836","2023-03-01T00:00:00.000Z","70.0904","4.4418"
"2023-12-02T06:07:58.693Z","Azure Monitor","germanynorth","NZD","200 GB Commitment Tier Capacity Reservation","200","1/Day","833.9773","2023-03-01T00:00:00.000Z","187.7566","4.1699"
"2023-12-02T06:07:58.693Z","Azure Monitor","germanynorth","NZD","300 GB Commitment Tier Capacity Reservation","300","1/Day","1223.7711","2023-03-01T00:00:00.000Z","293.4773","4.0792"
"2023-12-02T06:07:58.693Z","Azure Monitor","germanynorth","NZD","400 GB Commitment Tier Capacity Reservation","400","1/Day","1595.4349","2023-03-01T00:00:00.000Z","391.1147","3.9886"
"2023-12-02T06:07:58.693Z","Azure Monitor","germanynorth","NZD","500 GB Commitment Tier Capacity Reservation","500","1/Day","1960.3","2023-03-01T00:00:00.000Z","491.4757","3.9206"
"2023-12-02T06:07:58.693Z","Azure Monitor","germanynorth","NZD","1000 GB Commitment Tier Capacity Reservation","1000","1/Day","3852.6127","2023-03-01T00:00:00.000Z","982.659","3.8526"
"2023-12-02T06:07:58.693Z","Azure Monitor","germanynorth","NZD","2000 GB Commitment Tier Capacity Reservation","2000","1/Day","7523.926","2023-03-01T00:00:00.000Z","1952.9476","3.762"
"2023-12-02T06:07:58.693Z","Azure Monitor","germanynorth","NZD","5000 GB Commitment Tier Capacity Reservation","5000","1/Day","18243.2543","2023-03-01T00:00:00.000Z","4849.3499","3.6487"
"2024-01-01T06:09:20.544Z","Azure Monitor","germanynorth","NZD","Pay-as-you-go Data Ingestion","Pay-as-you-go","1 GB","6.1314","2019-09-01T00:00:00.000Z","0","6.1314"
"2024-01-01T06:09:20.544Z","Azure Monitor","germanynorth","NZD","100 GB Commitment Tier Capacity Reservation","100","1/Day","429.75","2023-03-01T00:00:00.000Z","70.09","4.2975"
"2024-01-01T06:09:20.544Z","Azure Monitor","germanynorth","NZD","200 GB Commitment Tier Capacity Reservation","200","1/Day","806.8775","2023-03-01T00:00:00.000Z","187.7551","4.0344"
"2024-01-01T06:09:20.544Z","Azure Monitor","germanynorth","NZD","300 GB Commitment Tier Capacity Reservation","300","1/Day","1184.005","2023-03-01T00:00:00.000Z","293.4773","3.9467"
"2024-01-01T06:09:20.544Z","Azure Monitor","germanynorth","NZD","400 GB Commitment Tier Capacity Reservation","400","1/Day","1543.5918","2023-03-01T00:00:00.000Z","391.1095","3.859"
"2024-01-01T06:09:20.544Z","Azure Monitor","germanynorth","NZD","500 GB Commitment Tier Capacity Reservation","500","1/Day","1896.6007","2023-03-01T00:00:00.000Z","491.4747","3.7932"
"2024-01-01T06:09:20.544Z","Azure Monitor","germanynorth","NZD","1000 GB Commitment Tier Capacity Reservation","1000","1/Day","3727.4233","2023-03-01T00:00:00.000Z","982.6593","3.7274"
"2024-01-01T06:09:20.544Z","Azure Monitor","germanynorth","NZD","2000 GB Commitment Tier Capacity Reservation","2000","1/Day","7279.4384","2023-03-01T00:00:00.000Z","1952.9534","3.6397"
"2024-01-01T06:09:20.544Z","Azure Monitor","germanynorth","NZD","5000 GB Commitment Tier Capacity Reservation","5000","1/Day","17650.4456","2023-03-01T00:00:00.000Z","4849.4232","3.5301"
"2024-02-02T06:08:03.849Z","Azure Monitor","germanynorth","NZD","Pay-as-you-go Data Ingestion","Pay-as-you-go","1 GB","6.3617","2019-09-01T00:00:00.000Z","0","6.3617"
"2024-02-02T06:08:03.849Z","Azure Monitor","germanynorth","NZD","100 GB Commitment Tier Capacity Reservation","100","1/Day","445.892","2023-03-01T00:00:00.000Z","70.0901","4.4589"
"2024-02-02T06:08:03.849Z","Azure Monitor","germanynorth","NZD","200 GB Commitment Tier Capacity Reservation","200","1/Day","837.1849","2023-03-01T00:00:00.000Z","187.7559","4.1859"
"2024-02-02T06:08:03.849Z","Azure Monitor","germanynorth","NZD","300 GB Commitment Tier Capacity Reservation","300","1/Day","1228.4779","2023-03-01T00:00:00.000Z","293.48","4.0949"
"2024-02-02T06:08:03.849Z","Azure Monitor","germanynorth","NZD","400 GB Commitment Tier Capacity Reservation","400","1/Day","1601.5712","2023-03-01T00:00:00.000Z","391.1136","4.0039"
"2024-02-02T06:08:03.849Z","Azure Monitor","germanynorth","NZD","500 GB Commitment Tier Capacity Reservation","500","1/Day","1967.8396","2023-03-01T00:00:00.000Z","491.4807","3.9357"
"2024-02-02T06:08:03.849Z","Azure Monitor","germanynorth","NZD","1000 GB Commitment Tier Capacity Reservation","1000","1/Day","3867.4304","2023-03-01T00:00:00.000Z","982.6538","3.8674"
"2024-02-02T06:08:03.849Z","Azure Monitor","germanynorth","NZD","2000 GB Commitment Tier Capacity Reservation","2000","1/Day","7552.8642","2023-03-01T00:00:00.000Z","1952.9566","3.7764"
"2024-02-02T06:08:03.849Z","Azure Monitor","germanynorth","NZD","5000 GB Commitment Tier Capacity Reservation","5000","1/Day","18313.4206","2023-03-01T00:00:00.000Z","4849.4388","3.6627"
"2024-03-02T06:08:20.311Z","Azure Monitor","germanynorth","NZD","Pay-as-you-go Data Ingestion","Pay-as-you-go","1 GB","6.2983","2019-09-01T00:00:00.000Z","0","6.2983"
"2024-03-02T06:08:20.311Z","Azure Monitor","germanynorth","NZD","100 GB Commitment Tier Capacity Reservation","100","1/Day","441.4486","2023-03-01T00:00:00.000Z","70.0901","4.4145"
"2024-03-02T06:08:20.311Z","Azure Monitor","germanynorth","NZD","200 GB Commitment Tier Capacity Reservation","200","1/Day","828.8423","2023-03-01T00:00:00.000Z","187.7545","4.1442"
"2024-03-02T06:08:20.311Z","Azure Monitor","germanynorth","NZD","300 GB Commitment Tier Capacity Reservation","300","1/Day","1216.2359","2023-03-01T00:00:00.000Z","293.4791","4.0541"
"2024-03-02T06:08:20.311Z","Azure Monitor","germanynorth","NZD","400 GB Commitment Tier Capacity Reservation","400","1/Day","1585.6113","2023-03-01T00:00:00.000Z","391.113","3.964"
"2024-03-02T06:08:20.311Z","Azure Monitor","germanynorth","NZD","500 GB Commitment Tier Capacity Reservation","500","1/Day","1948.2298","2023-03-01T00:00:00.000Z","491.4808","3.8965"
"2024-03-02T06:08:20.311Z","Azure Monitor","germanynorth","NZD","1000 GB Commitment Tier Capacity Reservation","1000","1/Day","3828.8909","2023-03-01T00:00:00.000Z","982.6488","3.8289"
"2024-03-02T06:08:20.311Z","Azure Monitor","germanynorth","NZD","2000 GB Commitment Tier Capacity Reservation","2000","1/Day","7477.5986","2023-03-01T00:00:00.000Z","1952.9365","3.7388"
"2024-03-02T06:08:20.311Z","Azure Monitor","germanynorth","NZD","5000 GB Commitment Tier Capacity Reservation","5000","1/Day","18130.9244","2023-03-01T00:00:00.000Z","4849.3967","3.6262"
"2024-04-03T09:26:28.723Z","Azure Monitor","germanynorth","NZD","Pay-as-you-go Data Ingestion","Pay-as-you-go","1 GB","6.467","2019-09-01T00:00:00.000Z","0","6.467"
"2024-04-03T09:26:28.723Z","Azure Monitor","germanynorth","NZD","100 GB Commitment Tier Capacity Reservation","100","1/Day","453.2734","2023-03-01T00:00:00.000Z","70.0902","4.5327"
"2024-04-03T09:26:28.723Z","Azure Monitor","germanynorth","NZD","200 GB Commitment Tier Capacity Reservation","200","1/Day","851.044","2023-03-01T00:00:00.000Z","187.7565","4.2552"
"2024-04-03T09:26:28.723Z","Azure Monitor","germanynorth","NZD","300 GB Commitment Tier Capacity Reservation","300","1/Day","1248.8146","2023-03-01T00:00:00.000Z","293.4796","4.1627"
"2024-04-03T09:26:28.723Z","Azure Monitor","germanynorth","NZD","400 GB Commitment Tier Capacity Reservation","400","1/Day","1628.0842","2023-03-01T00:00:00.000Z","391.1125","4.0702"
"2024-04-03T09:26:28.723Z","Azure Monitor","germanynorth","NZD","500 GB Commitment Tier Capacity Reservation","500","1/Day","2000.4159","2023-03-01T00:00:00.000Z","491.4785","4.0008"
"2024-04-03T09:26:28.723Z","Azure Monitor","germanynorth","NZD","1000 GB Commitment Tier Capacity Reservation","1000","1/Day","3931.4533","2023-03-01T00:00:00.000Z","982.6668","3.9315"
"2024-04-03T09:26:28.723Z","Azure Monitor","germanynorth","NZD","2000 GB Commitment Tier Capacity Reservation","2000","1/Day","7677.897","2023-03-01T00:00:00.000Z","1952.918","3.8389"
"2024-04-03T09:26:28.723Z","Azure Monitor","germanynorth","NZD","5000 GB Commitment Tier Capacity Reservation","5000","1/Day","18616.5876","2023-03-01T00:00:00.000Z","4849.4589","3.7233"
"2024-05-02T06:08:49.743Z","Azure Monitor","germanynorth","NZD","Pay-as-you-go Data Ingestion","Pay-as-you-go","1 GB","6.5454","2019-09-01T00:00:00.000Z","0","6.5454"
"2024-05-02T06:08:49.743Z","Azure Monitor","germanynorth","NZD","100 GB Commitment Tier Capacity Reservation","100","1/Day","458.769","2023-03-01T00:00:00.000Z","70.0903","4.5877"
"2024-05-02T06:08:49.743Z","Azure Monitor","germanynorth","NZD","200 GB Commitment Tier Capacity Reservation","200","1/Day","861.3623","2023-03-01T00:00:00.000Z","187.7547","4.3068"
"2024-05-02T06:08:49.743Z","Azure Monitor","germanynorth","NZD","300 GB Commitment Tier Capacity Reservation","300","1/Day","1263.9555","2023-03-01T00:00:00.000Z","293.479","4.2132"
"2024-05-02T06:08:49.743Z","Azure Monitor","germanynorth","NZD","400 GB Commitment Tier Capacity Reservation","400","1/Day","1647.8235","2023-03-01T00:00:00.000Z","391.1097","4.1196"
"2024-05-02T06:08:49.743Z","Azure Monitor","germanynorth","NZD","500 GB Commitment Tier Capacity Reservation","500","1/Day","2024.6695","2023-03-01T00:00:00.000Z","491.4724","4.0493"
"2024-05-02T06:08:49.743Z","Azure Monitor","germanynorth","NZD","1000 GB Commitment Tier Capacity Reservation","1000","1/Day","3979.1193","2023-03-01T00:00:00.000Z","982.6684","3.9791"
"2024-05-02T06:08:49.743Z","Azure Monitor","germanynorth","NZD","2000 GB Commitment Tier Capacity Reservation","2000","1/Day","7770.9859","2023-03-01T00:00:00.000Z","1952.9506","3.8855"
"2024-05-02T06:08:49.743Z","Azure Monitor","germanynorth","NZD","5000 GB Commitment Tier Capacity Reservation","5000","1/Day","18842.3002","2023-03-01T00:00:00.000Z","4849.3888","3.7685"
"2024-06-02T06:10:06.668Z","Azure Monitor","germanynorth","NZD","Pay-as-you-go Data Ingestion","Pay-as-you-go","1 GB","6.3498","2019-09-01T00:00:00.000Z","0","6.3498"
"2024-06-02T06:10:06.668Z","Azure Monitor","germanynorth","NZD","100 GB Commitment Tier Capacity Reservation","100","1/Day","445.0543","2023-03-01T00:00:00.000Z","70.0895","4.4505"
"2024-06-02T06:10:06.668Z","Azure Monitor","germanynorth","NZD","200 GB Commitment Tier Capacity Reservation","200","1/Day","835.6122","2023-03-01T00:00:00.000Z","187.7569","4.1781"
"2024-06-02T06:10:06.668Z","Azure Monitor","germanynorth","NZD","300 GB Commitment Tier Capacity Reservation","300","1/Day","1226.1701","2023-03-01T00:00:00.000Z","293.4755","4.0872"
"2024-06-02T06:10:06.668Z","Azure Monitor","germanynorth","NZD","400 GB Commitment Tier Capacity Reservation","400","1/Day","1598.5624","2023-03-01T00:00:00.000Z","391.1143","3.9964"
"2024-06-02T06:10:06.668Z","Azure Monitor","germanynorth","NZD","500 GB Commitment Tier Capacity Reservation","500","1/Day","1964.1428","2023-03-01T00:00:00.000Z","491.478","3.9283"
"2024-06-02T06:10:06.668Z","Azure Monitor","germanynorth","NZD","1000 GB Commitment Tier Capacity Reservation","1000","1/Day","3860.165","2023-03-01T00:00:00.000Z","982.6553","3.8602"
"2024-06-02T06:10:06.668Z","Azure Monitor","germanynorth","NZD","2000 GB Commitment Tier Capacity Reservation","2000","1/Day","7538.6752","2023-03-01T00:00:00.000Z","1952.9235","3.7693"
"2024-06-02T06:10:06.668Z","Azure Monitor","germanynorth","NZD","5000 GB Commitment Tier Capacity Reservation","5000","1/Day","18279.0166","2023-03-01T00:00:00.000Z","4849.4459","3.6558"
"2024-07-01T06:11:21.244Z","Azure Monitor","germanynorth","NZD","Pay-as-you-go Data Ingestion","Pay-as-you-go","1 GB","6.3863","2019-09-01T00:00:00.000Z","0","6.3863"
"2024-07-01T06:11:21.244Z","Azure Monitor","germanynorth","NZD","100 GB Commitment Tier Capacity Reservation","100","1/Day","447.6136","2023-03-01T00:00:00.000Z","70.0897","4.4761"
"2024-07-01T06:11:21.244Z","Azure Monitor","germanynorth","NZD","200 GB Commitment Tier Capacity Reservation","200","1/Day","840.4173","2023-03-01T00:00:00.000Z","187.7566","4.2021"
"2024-07-01T06:11:21.244Z","Azure Monitor","germanynorth","NZD","300 GB Commitment Tier Capacity Reservation","300","1/Day","1233.2211","2023-03-01T00:00:00.000Z","293.4773","4.1107"
"2024-07-01T06:11:21.244Z","Azure Monitor","germanynorth","NZD","400 GB Commitment Tier Capacity Reservation","400","1/Day","1607.7549","2023-03-01T00:00:00.000Z","391.1146","4.0194"
"2024-07-01T06:11:21.244Z","Azure Monitor","germanynorth","NZD","500 GB Commitment Tier Capacity Reservation","500","1/Day","1975.4374","2023-03-01T00:00:00.000Z","491.4757","3.9509"
"2024-07-01T06:11:21.244Z","Azure Monitor","germanynorth","NZD","1000 GB Commitment Tier Capacity Reservation","1000","1/Day","3882.3626","2023-03-01T00:00:00.000Z","982.6527","3.8824"
"2024-07-01T06:11:21.244Z","Azure Monitor","germanynorth","NZD","2000 GB Commitment Tier Capacity Reservation","2000","1/Day","7582.0258","2023-03-01T00:00:00.000Z","1952.9224","3.791"
"2024-07-01T06:11:21.244Z","Azure Monitor","germanynorth","NZD","5000 GB Commitment Tier Capacity Reservation","5000","1/Day","18384.1288","2023-03-01T00:00:00.000Z","4849.4141","3.6768"
"2024-08-02T06:11:10.559Z","Azure Monitor","germanynorth","NZD","Pay-as-you-go Data Ingestion","Pay-as-you-go","1 GB","6.6258","2019-09-01T00:00:00.000Z","0","6.6258"
"2024-08-02T06:11:10.559Z","Azure Monitor","germanynorth","NZD","100 GB Commitment Tier Capacity Reservation","100","1/Day","464.3996","2023-03-01T00:00:00.000Z","70.0896","4.6440"
"2024-08-02T06:11:10.559Z","Azure Monitor","germanynorth","NZD","200 GB Commitment Tier Capacity Reservation","200","1/Day","871.9339","2023-03-01T00:00:00.000Z","187.7549","4.3597"
"2024-08-02T06:11:10.559Z","Azure Monitor","germanynorth","NZD","300 GB Commitment Tier Capacity Reservation","300","1/Day","1279.4682","2023-03-01T00:00:00.000Z","293.4762","4.2649"
"2024-08-02T06:11:10.559Z","Azure Monitor","germanynorth","NZD","400 GB Commitment Tier Capacity Reservation","400","1/Day","1668.0474","2023-03-01T00:00:00.000Z","391.1106","4.1701"
"2024-08-02T06:11:10.559Z","Azure Monitor","germanynorth","NZD","500 GB Commitment Tier Capacity Reservation","500","1/Day","2049.5185","2023-03-01T00:00:00.000Z","491.4795","4.0990"
"2024-08-02T06:11:10.559Z","Azure Monitor","germanynorth","NZD","1000 GB Commitment Tier Capacity Reservation","1000","1/Day","4027.9553","2023-03-01T00:00:00.000Z","982.6678","4.0280"
"2024-08-02T06:11:10.559Z","Azure Monitor","germanynorth","NZD","2000 GB Commitment Tier Capacity Reservation","2000","1/Day","7866.3598","2023-03-01T00:00:00.000Z","1952.9195","3.9332"
"2024-08-02T06:11:10.559Z","Azure Monitor","germanynorth","NZD","5000 GB Commitment Tier Capacity Reservation","5000","1/Day","19073.5532","2023-03-01T00:00:00.000Z","4849.3728","3.8147"
