"TimeGenerated","ServiceName","ArmRegionName","CurrencyCode","MeterName","Tier","UnitOfMeasure","RetailPrice","EffectiveStartDate","EffectiveCommitmentTierThresholdGB","EffectivePricePerGB"
"2023-03-29T15:50:58.330Z","Azure Monitor","germanynorth","RUB","Pay-as-you-go Data Ingestion","Pay-as-you-go","1 GB","296.1894","2019-09-01T02:00:00.000Z","0","296.1894"
"2023-03-29T15:50:58.330Z","Azure Monitor","germanynorth","RUB","100 GB Commitment Tier Capacity Reservation","100","1/Day","20759.928","2023-03-01T00:00:00.000Z","70.09","207.5993"
"2023-03-29T15:50:58.330Z","Azure Monitor","germanynorth","RUB","200 GB Commitment Tier Capacity Reservation","200","1/Day","38977.824","2023-03-01T00:00:00.000Z","187.7551","194.8891"
"2023-03-29T15:50:58.330Z","Azure Monitor","germanynorth","RUB","300 GB Commitment Tier Capacity Reservation","300","1/Day","57195.72","2023-03-01T00:00:00.000Z","293.4783","190.6524"
"2023-03-29T15:50:58.330Z","Azure Monitor","germanynorth","RUB","400 GB Commitment Tier Capacity Reservation","400","1/Day","74566.272","2023-03-01T00:00:00.000Z","391.1111","186.4157"
"2023-03-29T15:50:58.330Z","Azure Monitor","germanynorth","RUB","500 GB Commitment Tier Capacity Reservation","500","1/Day","91619.07","2023-03-01T00:00:00.000Z","491.4772","183.2381"
"2023-03-29T15:50:58.330Z","Azure Monitor","germanynorth","RUB","1000 GB Commitment Tier Capacity Reservation","1000","1/Day","180060.6","2023-03-01T00:00:00.000Z","982.6592","180.0606"
"2023-03-29T15:50:58.330Z","Azure Monitor","germanynorth","RUB","2000 GB Commitment Tier Capacity Reservation","2000","1/Day","351647.76","2023-03-01T00:00:00.000Z","1952.9412","175.8239"
"2023-03-29T15:50:58.330Z","Azure Monitor","germanynorth","RUB","5000 GB Commitment Tier Capacity Reservation","5000","1/Day","852639.9","2023-03-01T00:00:00.000Z","4849.397","170.528"
"2023-04-12T13:28:34.468Z","Azure Monitor","germanynorth","RUB","Pay-as-you-go Data Ingestion","Pay-as-you-go","1 GB","300.2708","2019-09-01T02:00:00.000Z","0","300.2708"
"2023-04-12T13:28:34.468Z","Azure Monitor","germanynorth","RUB","100 GB Commitment Tier Capacity Reservation","100","1/Day","21045.99","2023-03-01T00:00:00.000Z","70.09","210.4599"
"2023-04-12T13:28:34.468Z","Azure Monitor","germanynorth","RUB","200 GB Commitment Tier Capacity Reservation","200","1/Day","39514.92","2023-03-01T00:00:00.000Z","187.7551","197.5746"
"2023-04-12T13:28:34.468Z","Azure Monitor","germanynorth","RUB","300 GB Commitment Tier Capacity Reservation","300","1/Day","57983.85","2023-03-01T00:00:00.000Z","293.4783","193.2795"
"2023-04-12T13:28:34.468Z","Azure Monitor","germanynorth","RUB","400 GB Commitment Tier Capacity Reservation","400","1/Day","75593.76","2023-03-01T00:00:00.000Z","391.1111","188.9844"
"2023-04-12T13:28:34.468Z","Azure Monitor","germanynorth","RUB","500 GB Commitment Tier Capacity Reservation","500","1/Day","92881.5375","2023-03-01T00:00:00.000Z","491.4773","185.7631"
"2023-04-12T13:28:34.468Z","Azure Monitor","germanynorth","RUB","1000 GB Commitment Tier Capacity Reservation","1000","1/Day","182541.75","2023-03-01T00:00:00.000Z","982.6588","182.5418"
"2023-04-12T13:28:34.468Z","Azure Monitor","germanynorth","RUB","2000 GB Commitment Tier Capacity Reservation","2000","1/Day","356493.3","2023-03-01T00:00:00.000Z","1952.9406","178.2466"
"2023-04-12T13:28:34.468Z","Azure Monitor","germanynorth","RUB","5000 GB Commitment Tier Capacity Reservation","5000","1/Day","864388.875","2023-03-01T00:00:00.000Z","4849.399","172.8778"
"2023-05-02T08:07:40.927Z","Azure Monitor","germanynorth","RUB","Pay-as-you-go Data Ingestion","Pay-as-you-go","1 GB","321.6493","2019-09-01T02:00:00.000Z","0","321.6493"
"2023-05-02T08:07:40.927Z","Azure Monitor","germanynorth","RUB","100 GB Commitment Tier Capacity Reservation","100","1/Day","22544.41","2023-03-01T00:00:00.000Z","70.09","225.4441"
"2023-05-02T08:07:40.927Z","Azure Monitor","germanynorth","RUB","200 GB Commitment Tier Capacity Reservation","200","1/Day","42328.28","2023-03-01T00:00:00.000Z","187.7551","211.6414"
"2023-05-02T08:07:40.927Z","Azure Monitor","germanynorth","RUB","300 GB Commitment Tier Capacity Reservation","300","1/Day","62112.15","2023-03-01T00:00:00.000Z","293.4783","207.0405"
"2023-05-02T08:07:40.927Z","Azure Monitor","germanynorth","RUB","400 GB Commitment Tier Capacity Reservation","400","1/Day","80975.84","2023-03-01T00:00:00.000Z","391.1111","202.4396"
"2023-05-02T08:07:40.927Z","Azure Monitor","germanynorth","RUB","500 GB Commitment Tier Capacity Reservation","500","1/Day","99494.4625","2023-03-01T00:00:00.000Z","491.4773","198.9889"
"2023-05-02T08:07:40.927Z","Azure Monitor","germanynorth","RUB","1000 GB Commitment Tier Capacity Reservation","1000","1/Day","195538.25","2023-03-01T00:00:00.000Z","982.6591","195.5382"
"2023-05-02T08:07:40.927Z","Azure Monitor","germanynorth","RUB","2000 GB Commitment Tier Capacity Reservation","2000","1/Day","381874.7","2023-03-01T00:00:00.000Z","1952.9417","190.9374"
"2023-05-02T08:07:40.927Z","Azure Monitor","germanynorth","RUB","5000 GB Commitment Tier Capacity Reservation","5000","1/Day","925931.125","2023-03-01T00:00:00.000Z","4849.3963","185.1862"
"2023-06-02T08:07:42.568Z","Azure Monitor","germanynorth","RUB","Pay-as-you-go Data Ingestion","Pay-as-you-go","1 GB","310.5713","2019-09-01T02:00:00.000Z","0","310.5713"
"2023-06-02T08:07:42.568Z","Azure Monitor","germanynorth","RUB","100 GB Commitment Tier Capacity Reservation","100","1/Day","21767.956","2023-03-01T00:00:00.000Z","70.09","217.6796"
"2023-06-02T08:07:42.568Z","Azure Monitor","germanynorth","RUB","200 GB Commitment Tier Capacity Reservation","200","1/Day","40870.448","2023-03-01T00:00:00.000Z","187.7551","204.3522"
"2023-06-02T08:07:42.568Z","Azure Monitor","germanynorth","RUB","300 GB Commitment Tier Capacity Reservation","300","1/Day","59972.94","2023-03-01T00:00:00.000Z","293.4783","199.9098"
"2023-06-02T08:07:42.568Z","Azure Monitor","germanynorth","RUB","400 GB Commitment Tier Capacity Reservation","400","1/Day","78186.944","2023-03-01T00:00:00.000Z","391.1111","195.4674"
"2023-06-02T08:07:42.568Z","Azure Monitor","germanynorth","RUB","500 GB Commitment Tier Capacity Reservation","500","1/Day","96067.765","2023-03-01T00:00:00.000Z","491.4772","192.1355"
"2023-06-02T08:07:42.568Z","Azure Monitor","germanynorth","RUB","1000 GB Commitment Tier Capacity Reservation","1000","1/Day","188803.7","2023-03-01T00:00:00.000Z","982.6591","188.8037"
"2023-06-02T08:07:42.568Z","Azure Monitor","germanynorth","RUB","2000 GB Commitment Tier Capacity Reservation","2000","1/Day","368722.52","2023-03-01T00:00:00.000Z","1952.9412","184.3613"
"2023-06-02T08:07:42.568Z","Azure Monitor","germanynorth","RUB","5000 GB Commitment Tier Capacity Reservation","5000","1/Day","894041.05","2023-03-01T00:00:00.000Z","4849.3965","178.8082"
"2023-07-07T06:09:02.036Z","Azure Monitor","germanynorth","RUB","Pay-as-you-go Data Ingestion","Pay-as-you-go","1 GB","336.6142","2019-09-01T00:00:00.000Z","0","336.6142"
"2023-07-07T06:09:02.036Z","Azure Monitor","germanynorth","RUB","100 GB Commitment Tier Capacity Reservation","100","1/Day","23593.304","2023-03-01T00:00:00.000Z","70.09","235.933"
"2023-07-07T06:09:02.036Z","Azure Monitor","germanynorth","RUB","200 GB Commitment Tier Capacity Reservation","200","1/Day","44297.632","2023-03-01T00:00:00.000Z","187.7551","221.4882"
"2023-07-07T06:09:02.036Z","Azure Monitor","germanynorth","RUB","300 GB Commitment Tier Capacity Reservation","300","1/Day","65001.96","2023-03-01T00:00:00.000Z","293.4782","216.6732"
"2023-07-07T06:09:02.036Z","Azure Monitor","germanynorth","RUB","400 GB Commitment Tier Capacity Reservation","400","1/Day","84743.296","2023-03-01T00:00:00.000Z","391.1111","211.8582"
"2023-07-07T06:09:02.036Z","Azure Monitor","germanynorth","RUB","500 GB Commitment Tier Capacity Reservation","500","1/Day","104123.51","2023-03-01T00:00:00.000Z","491.4774","208.247"
"2023-07-07T06:09:02.036Z","Azure Monitor","germanynorth","RUB","1000 GB Commitment Tier Capacity Reservation","1000","1/Day","204635.8","2023-03-01T00:00:00.000Z","982.6591","204.6358"
"2023-07-07T06:09:02.036Z","Azure Monitor","germanynorth","RUB","2000 GB Commitment Tier Capacity Reservation","2000","1/Day","399641.68","2023-03-01T00:00:00.000Z","1952.9412","199.8208"
"2023-07-07T06:09:02.036Z","Azure Monitor","germanynorth","RUB","5000 GB Commitment Tier Capacity Reservation","5000","1/Day","969010.7","2023-03-01T00:00:00.000Z","4849.3986","193.8021"
"2023-08-01T06:08:30.007Z","Azure Monitor","germanynorth","RUB","Pay-as-you-go Data Ingestion","Pay-as-you-go","1 GB","352.9396","2019-09-01T00:00:00.000Z","0","352.9396"
"2023-08-01T06:08:30.007Z","Azure Monitor","germanynorth","RUB","100 GB Commitment Tier Capacity Reservation","100","1/Day","24737.552","2023-03-01T00:00:00.000Z","70.09","247.3755"
"2023-08-01T06:08:30.007Z","Azure Monitor","germanynorth","RUB","200 GB Commitment Tier Capacity Reservation","200","1/Day","46446.016","2023-03-01T00:00:00.000Z","187.7551","232.2301"
"2023-08-01T06:08:30.007Z","Azure Monitor","germanynorth","RUB","300 GB Commitment Tier Capacity Reservation","300","1/Day","68154.48","2023-03-01T00:00:00.000Z","293.4782","227.1816"
"2023-08-01T06:08:30.007Z","Azure Monitor","germanynorth","RUB","400 GB Commitment Tier Capacity Reservation","400","1/Day","88853.248","2023-03-01T00:00:00.000Z","391.1111","222.1331"
"2023-08-01T06:08:30.007Z","Azure Monitor","germanynorth","RUB","500 GB Commitment Tier Capacity Reservation","500","1/Day","109173.38","2023-03-01T00:00:00.000Z","491.4773","218.3468"
"2023-08-01T06:08:30.007Z","Azure Monitor","germanynorth","RUB","2000 GB Commitment Tier Capacity Reservation","2000","1/Day","419023.84","2023-03-01T00:00:00.000Z","2047.6566","209.5119"
"2023-08-02T06:09:03.844Z","Azure Monitor","germanynorth","RUB","1000 GB Commitment Tier Capacity Reservation","1000","1/Day","214560.4","2023-03-01T00:00:00.000Z","982.6588","214.5604"
"2023-08-02T06:09:03.844Z","Azure Monitor","germanynorth","RUB","5000 GB Commitment Tier Capacity Reservation","5000","1/Day","1016006.6","2023-03-01T00:00:00.000Z","4849.3981","203.2013"
"2023-09-02T06:07:00.316Z","Azure Monitor","germanynorth","RUB","Pay-as-you-go Data Ingestion","Pay-as-you-go","1 GB","371.8887","2019-09-01T00:00:00.000Z","0","371.8887"
"2023-09-02T06:07:00.316Z","Azure Monitor","germanynorth","RUB","100 GB Commitment Tier Capacity Reservation","100","1/Day","26065.697","2023-03-01T00:00:00.000Z","70.09","260.657"
"2023-09-02T06:07:00.316Z","Azure Monitor","germanynorth","RUB","200 GB Commitment Tier Capacity Reservation","200","1/Day","48939.676","2023-03-01T00:00:00.000Z","187.7551","244.6984"
"2023-09-02T06:07:00.316Z","Azure Monitor","germanynorth","RUB","300 GB Commitment Tier Capacity Reservation","300","1/Day","71813.655","2023-03-01T00:00:00.000Z","293.4782","239.3788"
"2023-09-02T06:07:00.316Z","Azure Monitor","germanynorth","RUB","400 GB Commitment Tier Capacity Reservation","400","1/Day","93623.728","2023-03-01T00:00:00.000Z","391.1112","234.0593"
"2023-09-02T06:07:00.316Z","Azure Monitor","germanynorth","RUB","500 GB Commitment Tier Capacity Reservation","500","1/Day","115034.8362","2023-03-01T00:00:00.000Z","491.4773","230.0697"
"2023-09-02T06:07:00.316Z","Azure Monitor","germanynorth","RUB","1000 GB Commitment Tier Capacity Reservation","1000","1/Day","226080.025","2023-03-01T00:00:00.000Z","982.6588","226.08"
"2023-09-02T06:07:00.316Z","Azure Monitor","germanynorth","RUB","2000 GB Commitment Tier Capacity Reservation","2000","1/Day","441520.99","2023-03-01T00:00:00.000Z","1952.9414","220.7605"
"2023-09-02T06:07:00.316Z","Azure Monitor","germanynorth","RUB","5000 GB Commitment Tier Capacity Reservation","5000","1/Day","1070555.4125","2023-03-01T00:00:00.000Z","4849.3975","214.1111"
"2023-10-02T06:08:46.154Z","Azure Monitor","germanynorth","RUB","Pay-as-you-go Data Ingestion","Pay-as-you-go","1 GB","376.0672","2019-09-01T00:00:00.000Z","0","376.0672"
"2023-10-02T06:08:46.154Z","Azure Monitor","germanynorth","RUB","100 GB Commitment Tier Capacity Reservation","100","1/Day","26358.57","2023-03-01T00:00:00.000Z","70.0901","263.5857"
"2023-10-02T06:08:46.154Z","Azure Monitor","germanynorth","RUB","200 GB Commitment Tier Capacity Reservation","200","1/Day","49489.56","2023-03-01T00:00:00.000Z","187.7551","247.4478"
"2023-10-02T06:08:46.154Z","Azure Monitor","germanynorth","RUB","300 GB Commitment Tier Capacity Reservation","300","1/Day","72620.55","2023-03-01T00:00:00.000Z","293.4783","242.0685"
"2023-10-02T06:08:46.154Z","Azure Monitor","germanynorth","RUB","400 GB Commitment Tier Capacity Reservation","400","1/Day","94675.68","2023-03-01T00:00:00.000Z","391.1111","236.6892"
"2023-10-02T06:08:46.154Z","Azure Monitor","germanynorth","RUB","500 GB Commitment Tier Capacity Reservation","500","1/Day","116327.3625","2023-03-01T00:00:00.000Z","491.4773","232.6547"
"2023-10-02T06:08:46.154Z","Azure Monitor","germanynorth","RUB","1000 GB Commitment Tier Capacity Reservation","1000","1/Day","228620.25","2023-03-01T00:00:00.000Z","982.6591","228.6202"
"2023-10-02T06:08:46.154Z","Azure Monitor","germanynorth","RUB","2000 GB Commitment Tier Capacity Reservation","2000","1/Day","446481.9","2023-03-01T00:00:00.000Z","1952.9416","223.241"
"2023-10-02T06:08:46.154Z","Azure Monitor","germanynorth","RUB","5000 GB Commitment Tier Capacity Reservation","5000","1/Day","1082584.125","2023-03-01T00:00:00.000Z","4849.3965","216.5168"
"2023-11-01T06:08:41.407Z","Azure Monitor","germanynorth","RUB","Pay-as-you-go Data Ingestion","Pay-as-you-go","1 GB","368.0989","2019-09-01T00:00:00.000Z","0","368.0989"
"2023-11-01T06:08:41.407Z","Azure Monitor","germanynorth","RUB","100 GB Commitment Tier Capacity Reservation","100","1/Day","25800.068","2023-03-01T00:00:00.000Z","70.09","258.0007"
"2023-11-01T06:08:41.407Z","Azure Monitor","germanynorth","RUB","200 GB Commitment Tier Capacity Reservation","200","1/Day","48440.944","2023-03-01T00:00:00.000Z","187.7551","242.2047"
"2023-11-01T06:08:41.407Z","Azure Monitor","germanynorth","RUB","300 GB Commitment Tier Capacity Reservation","300","1/Day","71081.82","2023-03-01T00:00:00.000Z","293.4783","236.9394"
"2023-11-01T06:08:41.407Z","Azure Monitor","germanynorth","RUB","400 GB Commitment Tier Capacity Reservation","400","1/Day","92669.632","2023-03-01T00:00:00.000Z","391.1111","231.6741"
"2023-11-01T06:08:41.407Z","Azure Monitor","germanynorth","RUB","500 GB Commitment Tier Capacity Reservation","500","1/Day","113862.545","2023-03-01T00:00:00.000Z","491.4772","227.7251"
"2023-11-01T06:08:41.407Z","Azure Monitor","germanynorth","RUB","1000 GB Commitment Tier Capacity Reservation","1000","1/Day","223776.1","2023-03-01T00:00:00.000Z","982.6589","223.7761"
"2023-11-01T06:08:41.407Z","Azure Monitor","germanynorth","RUB","2000 GB Commitment Tier Capacity Reservation","2000","1/Day","437021.56","2023-03-01T00:00:00.000Z","1952.9412","218.5108"
"2023-11-01T06:08:41.407Z","Azure Monitor","germanynorth","RUB","5000 GB Commitment Tier Capacity Reservation","5000","1/Day","1059645.65","2023-03-01T00:00:00.000Z","4849.3971","211.9291"
"2023-12-02T06:07:58.693Z","Azure Monitor","germanynorth","RUB","Pay-as-you-go Data Ingestion","Pay-as-you-go","1 GB","347.8865","2019-09-01T00:00:00.000Z","0","347.8865"
"2023-12-02T06:07:58.693Z","Azure Monitor","germanynorth","RUB","100 GB Commitment Tier Capacity Reservation","100","1/Day","24383.38","2023-03-01T00:00:00.000Z","70.09","243.8338"
"2023-12-02T06:07:58.693Z","Azure Monitor","germanynorth","RUB","200 GB Commitment Tier Capacity Reservation","200","1/Day","45781.04","2023-03-01T00:00:00.000Z","187.7551","228.9052"
"2023-12-02T06:07:58.693Z","Azure Monitor","germanynorth","RUB","300 GB Commitment Tier Capacity Reservation","300","1/Day","67178.7","2023-03-01T00:00:00.000Z","293.4783","223.929"
"2023-12-02T06:07:58.693Z","Azure Monitor","germanynorth","RUB","400 GB Commitment Tier Capacity Reservation","400","1/Day","87581.12","2023-03-01T00:00:00.000Z","391.1111","218.9528"
"2023-12-02T06:07:58.693Z","Azure Monitor","germanynorth","RUB","500 GB Commitment Tier Capacity Reservation","500","1/Day","107610.325","2023-03-01T00:00:00.000Z","491.4773","215.2206"
"2023-12-02T06:07:58.693Z","Azure Monitor","germanynorth","RUB","1000 GB Commitment Tier Capacity Reservation","1000","1/Day","211488.5","2023-03-01T00:00:00.000Z","982.6592","211.4885"
"2023-12-02T06:07:58.693Z","Azure Monitor","germanynorth","RUB","2000 GB Commitment Tier Capacity Reservation","2000","1/Day","413024.6","2023-03-01T00:00:00.000Z","1952.9412","206.5123"
"2023-12-02T06:07:58.693Z","Azure Monitor","germanynorth","RUB","5000 GB Commitment Tier Capacity Reservation","5000","1/Day","1001460.25","2023-03-01T00:00:00.000Z","4849.3976","200.292"
"2024-01-02T06:08:37.104Z","Azure Monitor","germanynorth","RUB","Pay-as-you-go Data Ingestion","Pay-as-you-go","1 GB","355.952","2019-09-01T00:00:00.000Z","0","355.952"
"2024-01-02T06:08:37.104Z","Azure Monitor","germanynorth","RUB","100 GB Commitment Tier Capacity Reservation","100","1/Day","24948.693","2023-03-01T00:00:00.000Z","70.09","249.4869"
"2024-01-02T06:08:37.104Z","Azure Monitor","germanynorth","RUB","200 GB Commitment Tier Capacity Reservation","200","1/Day","46842.444","2023-03-01T00:00:00.000Z","187.7551","234.2122"
"2024-01-02T06:08:37.104Z","Azure Monitor","germanynorth","RUB","300 GB Commitment Tier Capacity Reservation","300","1/Day","68736.195","2023-03-01T00:00:00.000Z","293.4783","229.1206"
"2024-01-02T06:08:37.104Z","Azure Monitor","germanynorth","RUB","400 GB Commitment Tier Capacity Reservation","400","1/Day","89611.632","2023-03-01T00:00:00.000Z","391.1112","224.0291"
"2024-01-02T06:08:37.104Z","Azure Monitor","germanynorth","RUB","500 GB Commitment Tier Capacity Reservation","500","1/Day","110105.2013","2023-03-01T00:00:00.000Z","491.4772","220.2104"
"2024-01-02T06:08:37.104Z","Azure Monitor","germanynorth","RUB","1000 GB Commitment Tier Capacity Reservation","1000","1/Day","216391.725","2023-03-01T00:00:00.000Z","982.659","216.3917"
"2024-01-02T06:08:37.104Z","Azure Monitor","germanynorth","RUB","2000 GB Commitment Tier Capacity Reservation","2000","1/Day","422600.31","2023-03-01T00:00:00.000Z","1952.9414","211.3002"
"2024-01-02T06:08:37.104Z","Azure Monitor","germanynorth","RUB","5000 GB Commitment Tier Capacity Reservation","5000","1/Day","1024678.4625","2023-03-01T00:00:00.000Z","4849.3966","204.9357"
"2024-02-02T06:08:03.849Z","Azure Monitor","germanynorth","RUB","Pay-as-you-go Data Ingestion","Pay-as-you-go","1 GB","348.8583","2019-09-01T00:00:00.000Z","0","348.8583"
"2024-02-02T06:08:03.849Z","Azure Monitor","germanynorth","RUB","100 GB Commitment Tier Capacity Reservation","100","1/Day","24451.49","2023-03-01T00:00:00.000Z","70.09","244.5149"
"2024-02-02T06:08:03.849Z","Azure Monitor","germanynorth","RUB","200 GB Commitment Tier Capacity Reservation","200","1/Day","45908.92","2023-03-01T00:00:00.000Z","187.7551","229.5446"
"2024-02-02T06:08:03.849Z","Azure Monitor","germanynorth","RUB","300 GB Commitment Tier Capacity Reservation","300","1/Day","67366.35","2023-03-01T00:00:00.000Z","293.4783","224.5545"
"2024-02-02T06:08:03.849Z","Azure Monitor","germanynorth","RUB","400 GB Commitment Tier Capacity Reservation","400","1/Day","87825.76","2023-03-01T00:00:00.000Z","391.1111","219.5644"
"2024-02-02T06:08:03.849Z","Azure Monitor","germanynorth","RUB","500 GB Commitment Tier Capacity Reservation","500","1/Day","107910.9125","2023-03-01T00:00:00.000Z","491.4773","215.8218"
"2024-02-02T06:08:03.849Z","Azure Monitor","germanynorth","RUB","1000 GB Commitment Tier Capacity Reservation","1000","1/Day","212079.25","2023-03-01T00:00:00.000Z","982.6591","212.0792"
"2024-02-02T06:08:03.849Z","Azure Monitor","germanynorth","RUB","2000 GB Commitment Tier Capacity Reservation","2000","1/Day","414178.3","2023-03-01T00:00:00.000Z","1952.9416","207.0892"
"2024-02-02T06:08:03.849Z","Azure Monitor","germanynorth","RUB","5000 GB Commitment Tier Capacity Reservation","5000","1/Day","1004257.625","2023-03-01T00:00:00.000Z","4849.3964","200.8515"
"2024-03-02T06:08:20.311Z","Azure Monitor","germanynorth","RUB","Pay-as-you-go Data Ingestion","Pay-as-you-go","1 GB","356.8266","2019-09-01T00:00:00.000Z","0","356.8266"
"2024-03-02T06:08:20.311Z","Azure Monitor","germanynorth","RUB","100 GB Commitment Tier Capacity Reservation","100","1/Day","25009.992","2023-03-01T00:00:00.000Z","70.09","250.0999"
"2024-03-02T06:08:20.311Z","Azure Monitor","germanynorth","RUB","200 GB Commitment Tier Capacity Reservation","200","1/Day","46957.536","2023-03-01T00:00:00.000Z","187.7551","234.7877"
"2024-03-02T06:08:20.311Z","Azure Monitor","germanynorth","RUB","300 GB Commitment Tier Capacity Reservation","300","1/Day","68905.08","2023-03-01T00:00:00.000Z","293.4782","229.6836"
"2024-03-02T06:08:20.311Z","Azure Monitor","germanynorth","RUB","400 GB Commitment Tier Capacity Reservation","400","1/Day","89831.808","2023-03-01T00:00:00.000Z","391.1111","224.5795"
"2024-03-02T06:08:20.311Z","Azure Monitor","germanynorth","RUB","500 GB Commitment Tier Capacity Reservation","500","1/Day","110375.73","2023-03-01T00:00:00.000Z","491.4773","220.7515"
"2024-03-02T06:08:20.311Z","Azure Monitor","germanynorth","RUB","1000 GB Commitment Tier Capacity Reservation","1000","1/Day","216923.4","2023-03-01T00:00:00.000Z","982.6588","216.9234"
"2024-03-02T06:08:20.311Z","Azure Monitor","germanynorth","RUB","2000 GB Commitment Tier Capacity Reservation","2000","1/Day","423638.64","2023-03-01T00:00:00.000Z","1952.9412","211.8193"
"2024-03-02T06:08:20.311Z","Azure Monitor","germanynorth","RUB","5000 GB Commitment Tier Capacity Reservation","5000","1/Day","1027196.1","2023-03-01T00:00:00.000Z","4849.398","205.4392"
"2024-04-03T09:26:28.723Z","Azure Monitor","germanynorth","RUB","Pay-as-you-go Data Ingestion","Pay-as-you-go","1 GB","361.1995","2019-09-01T00:00:00.000Z","0","361.1995"
"2024-04-03T09:26:28.723Z","Azure Monitor","germanynorth","RUB","100 GB Commitment Tier Capacity Reservation","100","1/Day","25316.487","2023-03-01T00:00:00.000Z","70.09","253.1649"
"2024-04-03T09:26:28.723Z","Azure Monitor","germanynorth","RUB","200 GB Commitment Tier Capacity Reservation","200","1/Day","47532.996","2023-03-01T00:00:00.000Z","187.7551","237.665"
"2024-04-03T09:26:28.723Z","Azure Monitor","germanynorth","RUB","300 GB Commitment Tier Capacity Reservation","300","1/Day","69749.505","2023-03-01T00:00:00.000Z","293.4782","232.4984"
"2024-04-03T09:26:28.723Z","Azure Monitor","germanynorth","RUB","400 GB Commitment Tier Capacity Reservation","400","1/Day","90932.688","2023-03-01T00:00:00.000Z","391.111","227.3317"
"2024-04-03T09:26:28.723Z","Azure Monitor","germanynorth","RUB","500 GB Commitment Tier Capacity Reservation","500","1/Day","111728.3737","2023-03-01T00:00:00.000Z","491.4773","223.4567"
"2024-04-03T09:26:28.723Z","Azure Monitor","germanynorth","RUB","1000 GB Commitment Tier Capacity Reservation","1000","1/Day","219581.775","2023-03-01T00:00:00.000Z","982.6592","219.5818"
"2024-04-03T09:26:28.723Z","Azure Monitor","germanynorth","RUB","2000 GB Commitment Tier Capacity Reservation","2000","1/Day","428830.29","2023-03-01T00:00:00.000Z","1952.941","214.4151"
"2024-04-03T09:26:28.723Z","Azure Monitor","germanynorth","RUB","5000 GB Commitment Tier Capacity Reservation","5000","1/Day","1039784.2875","2023-03-01T00:00:00.000Z","4849.3986","207.9569"
"2024-05-01T06:09:59.892Z","Azure Monitor","germanynorth","RUB","Pay-as-you-go Data Ingestion","Pay-as-you-go","1 GB","359.3531","2019-09-01T00:00:00.000Z","0","359.3531"
"2024-05-01T06:09:59.892Z","Azure Monitor","germanynorth","RUB","100 GB Commitment Tier Capacity Reservation","100","1/Day","25187.078","2023-03-01T00:00:00.000Z","70.0901","251.8708"
"2024-05-01T06:09:59.892Z","Azure Monitor","germanynorth","RUB","200 GB Commitment Tier Capacity Reservation","200","1/Day","47290.024","2023-03-01T00:00:00.000Z","187.7551","236.4501"
"2024-05-01T06:09:59.892Z","Azure Monitor","germanynorth","RUB","300 GB Commitment Tier Capacity Reservation","300","1/Day","69392.97","2023-03-01T00:00:00.000Z","293.4783","231.3099"
"2024-05-01T06:09:59.892Z","Azure Monitor","germanynorth","RUB","400 GB Commitment Tier Capacity Reservation","400","1/Day","90467.872","2023-03-01T00:00:00.000Z","391.1111","226.1697"
"2024-05-01T06:09:59.892Z","Azure Monitor","germanynorth","RUB","500 GB Commitment Tier Capacity Reservation","500","1/Day","111157.2575","2023-03-01T00:00:00.000Z","491.4772","222.3145"
"2024-05-01T06:09:59.892Z","Azure Monitor","germanynorth","RUB","1000 GB Commitment Tier Capacity Reservation","1000","1/Day","218459.35","2023-03-01T00:00:00.000Z","982.659","218.4594"
"2024-05-01T06:09:59.892Z","Azure Monitor","germanynorth","RUB","2000 GB Commitment Tier Capacity Reservation","2000","1/Day","426638.26","2023-03-01T00:00:00.000Z","1952.9407","213.3191"
"2024-05-01T06:09:59.892Z","Azure Monitor","germanynorth","RUB","5000 GB Commitment Tier Capacity Reservation","5000","1/Day","1034469.275","2023-03-01T00:00:00.000Z","4849.3983","206.8939"
"2024-06-02T06:10:06.668Z","Azure Monitor","germanynorth","RUB","Pay-as-you-go Data Ingestion","Pay-as-you-go","1 GB","348.178","2019-09-01T00:00:00.000Z","0","348.178"
"2024-06-02T06:10:06.668Z","Azure Monitor","germanynorth","RUB","100 GB Commitment Tier Capacity Reservation","100","1/Day","24403.813","2023-03-01T00:00:00.000Z","70.09","244.0381"
"2024-06-02T06:10:06.668Z","Azure Monitor","germanynorth","RUB","200 GB Commitment Tier Capacity Reservation","200","1/Day","45819.404","2023-03-01T00:00:00.000Z","187.7551","229.097"
"2024-06-02T06:10:06.668Z","Azure Monitor","germanynorth","RUB","300 GB Commitment Tier Capacity Reservation","300","1/Day","67234.995","2023-03-01T00:00:00.000Z","293.4783","224.1166"
"2024-06-02T06:10:06.668Z","Azure Monitor","germanynorth","RUB","400 GB Commitment Tier Capacity Reservation","400","1/Day","87654.512","2023-03-01T00:00:00.000Z","391.1112","219.1363"
"2024-06-02T06:10:06.668Z","Azure Monitor","germanynorth","RUB","500 GB Commitment Tier Capacity Reservation","500","1/Day","107700.5013","2023-03-01T00:00:00.000Z","491.4772","215.401"
"2024-06-02T06:10:06.668Z","Azure Monitor","germanynorth","RUB","1000 GB Commitment Tier Capacity Reservation","1000","1/Day","211665.725","2023-03-01T00:00:00.000Z","982.659","211.6657"
"2024-06-02T06:10:06.668Z","Azure Monitor","germanynorth","RUB","2000 GB Commitment Tier Capacity Reservation","2000","1/Day","413370.71","2023-03-01T00:00:00.000Z","1952.9414","206.6854"
"2024-06-02T06:10:06.668Z","Azure Monitor","germanynorth","RUB","5000 GB Commitment Tier Capacity Reservation","5000","1/Day","1002299.4625","2023-03-01T00:00:00.000Z","4849.3965","200.4599"
"2024-07-01T06:11:21.244Z","Azure Monitor","germanynorth","RUB","Pay-as-you-go Data Ingestion","Pay-as-you-go","1 GB","344.5825","2019-09-01T00:00:00.000Z","0","344.5825"
"2024-07-01T06:11:21.244Z","Azure Monitor","germanynorth","RUB","100 GB Commitment Tier Capacity Reservation","100","1/Day","24151.806","2023-03-01T00:00:00.000Z","70.0901","241.5181"
"2024-07-01T06:11:21.244Z","Azure Monitor","germanynorth","RUB","200 GB Commitment Tier Capacity Reservation","200","1/Day","45346.248","2023-03-01T00:00:00.000Z","187.7551","226.7312"
"2024-07-01T06:11:21.244Z","Azure Monitor","germanynorth","RUB","300 GB Commitment Tier Capacity Reservation","300","1/Day","66540.69","2023-03-01T00:00:00.000Z","293.4783","221.8023"
"2024-07-01T06:11:21.244Z","Azure Monitor","germanynorth","RUB","400 GB Commitment Tier Capacity Reservation","400","1/Day","86749.344","2023-03-01T00:00:00.000Z","391.1111","216.8734"
"2024-07-01T06:11:21.244Z","Azure Monitor","germanynorth","RUB","500 GB Commitment Tier Capacity Reservation","500","1/Day","106588.3275","2023-03-01T00:00:00.000Z","491.4772","213.1767"
"2024-07-01T06:11:21.244Z","Azure Monitor","germanynorth","RUB","1000 GB Commitment Tier Capacity Reservation","1000","1/Day","209479.95","2023-03-01T00:00:00.000Z","982.6588","209.48"
"2024-07-01T06:11:21.244Z","Azure Monitor","germanynorth","RUB","2000 GB Commitment Tier Capacity Reservation","2000","1/Day","409102.02","2023-03-01T00:00:00.000Z","1952.9407","204.551"
"2024-07-01T06:11:21.244Z","Azure Monitor","germanynorth","RUB","5000 GB Commitment Tier Capacity Reservation","5000","1/Day","991949.175","2023-03-01T00:00:00.000Z","4849.3978","198.3898"
"2024-08-02T06:11:10.559Z","Azure Monitor","germanynorth","RUB","Pay-as-you-go Data Ingestion","Pay-as-you-go","1 GB","336.2304","2019-09-01T00:00:00.000Z","0","336.2304"
"2024-08-02T06:11:10.559Z","Azure Monitor","germanynorth","RUB","100 GB Commitment Tier Capacity Reservation","100","1/Day","23566.4006","2023-03-01T00:00:00.000Z","70.0900","235.6640"
"2024-08-02T06:11:10.559Z","Azure Monitor","germanynorth","RUB","200 GB Commitment Tier Capacity Reservation","200","1/Day","44247.1194","2023-03-01T00:00:00.000Z","187.7551","221.2356"
"2024-08-02T06:11:10.559Z","Azure Monitor","germanynorth","RUB","300 GB Commitment Tier Capacity Reservation","300","1/Day","64927.8383","2023-03-01T00:00:00.000Z","293.4783","216.4261"
"2024-08-02T06:11:10.559Z","Azure Monitor","germanynorth","RUB","400 GB Commitment Tier Capacity Reservation","400","1/Day","84646.6632","2023-03-01T00:00:00.000Z","391.1112","211.6167"
"2024-08-02T06:11:10.559Z","Azure Monitor","germanynorth","RUB","500 GB Commitment Tier Capacity Reservation","500","1/Day","104004.7779","2023-03-01T00:00:00.000Z","491.4772","208.0096"
"2024-08-02T06:11:10.559Z","Azure Monitor","germanynorth","RUB","1000 GB Commitment Tier Capacity Reservation","1000","1/Day","204402.4538","2023-03-01T00:00:00.000Z","982.6588","204.4025"
"2024-08-02T06:11:10.559Z","Azure Monitor","germanynorth","RUB","2000 GB Commitment Tier Capacity Reservation","2000","1/Day","399185.9685","2023-03-01T00:00:00.000Z","1952.9407","199.5930"
"2024-08-02T06:11:10.559Z","Azure Monitor","germanynorth","RUB","5000 GB Commitment Tier Capacity Reservation","5000","1/Day","967905.7369","2023-03-01T00:00:00.000Z","4849.3972","193.5811"
