"TimeGenerated","ServiceName","ArmRegionName","CurrencyCode","MeterName","Tier","UnitOfMeasure","RetailPrice","EffectiveStartDate","EffectiveCommitmentTierThresholdGB","EffectivePricePerGB"
"2023-06-28T08:09:29.480Z","Azure Monitor","italynorth","CHF","Pay-as-you-go Data Ingestion","Pay-as-you-go","1 GB","2.7124","2023-06-27T02:00:00.000Z","0","2.7124"
"2023-06-28T08:09:29.480Z","Azure Monitor","italynorth","CHF","100 GB Commitment Tier Capacity Reservation","100","1/Day","229.3638","2023-06-27T02:00:00.000Z","84.5612","2.2936"
"2023-06-28T08:09:29.480Z","Azure Monitor","italynorth","CHF","200 GB Commitment Tier Capacity Reservation","200","1/Day","430.6422","2023-06-27T02:00:00.000Z","187.7582","2.1532"
"2023-06-28T08:09:29.480Z","Azure Monitor","italynorth","CHF","300 GB Commitment Tier Capacity Reservation","300","1/Day","631.9207","2023-06-27T02:00:00.000Z","293.4798","2.1064"
"2023-06-28T08:09:29.480Z","Azure Monitor","italynorth","CHF","400 GB Commitment Tier Capacity Reservation","400","1/Day","823.8373","2023-06-27T02:00:00.000Z","391.1115","2.0596"
"2023-06-28T08:09:29.480Z","Azure Monitor","italynorth","CHF","500 GB Commitment Tier Capacity Reservation","500","1/Day","1012.2433","2023-06-27T02:00:00.000Z","491.4757","2.0245"
"2023-06-28T08:09:29.480Z","Azure Monitor","italynorth","CHF","1000 GB Commitment Tier Capacity Reservation","1000","1/Day","1989.3799","2023-06-27T02:00:00.000Z","982.6525","1.9894"
"2023-06-28T08:09:29.480Z","Azure Monitor","italynorth","CHF","2000 GB Commitment Tier Capacity Reservation","2000","1/Day","3885.142","2023-06-27T02:00:00.000Z","1952.9215","1.9426"
"2023-06-28T08:09:29.480Z","Azure Monitor","italynorth","CHF","5000 GB Commitment Tier Capacity Reservation","5000","1/Day","9420.2992","2023-06-27T02:00:00.000Z","4849.3252","1.8841"
"2023-07-07T06:09:02.036Z","Azure Monitor","italynorth","CHF","Pay-as-you-go Data Ingestion","Pay-as-you-go","1 GB","2.6831","2023-06-27T00:00:00.000Z","0","2.6831"
"2023-07-07T06:09:02.036Z","Azure Monitor","italynorth","CHF","100 GB Commitment Tier Capacity Reservation","100","1/Day","226.886","2023-06-27T00:00:00.000Z","84.5611","2.2689"
"2023-07-07T06:09:02.036Z","Azure Monitor","italynorth","CHF","200 GB Commitment Tier Capacity Reservation","200","1/Day","425.99","2023-06-27T00:00:00.000Z","187.7518","2.13"
"2023-07-07T06:09:02.036Z","Azure Monitor","italynorth","CHF","300 GB Commitment Tier Capacity Reservation","300","1/Day","625.094","2023-06-27T00:00:00.000Z","293.4714","2.0836"
"2023-07-07T06:09:02.036Z","Azure Monitor","italynorth","CHF","400 GB Commitment Tier Capacity Reservation","400","1/Day","814.9374","2023-06-27T00:00:00.000Z","391.1199","2.0373"
"2023-07-07T06:09:02.036Z","Azure Monitor","italynorth","CHF","500 GB Commitment Tier Capacity Reservation","500","1/Day","1001.308","2023-06-27T00:00:00.000Z","491.4878","2.0026"
"2023-07-07T06:09:02.036Z","Azure Monitor","italynorth","CHF","1000 GB Commitment Tier Capacity Reservation","1000","1/Day","1967.8885","2023-06-27T00:00:00.000Z","982.6668","1.9679"
"2023-07-07T06:09:02.036Z","Azure Monitor","italynorth","CHF","2000 GB Commitment Tier Capacity Reservation","2000","1/Day","3843.1706","2023-06-27T00:00:00.000Z","1952.9298","1.9216"
"2023-07-07T06:09:02.036Z","Azure Monitor","italynorth","CHF","5000 GB Commitment Tier Capacity Reservation","5000","1/Day","9318.5311","2023-06-27T00:00:00.000Z","4849.3605","1.8637"
"2023-08-02T06:09:03.844Z","Azure Monitor","italynorth","CHF","Pay-as-you-go Data Ingestion","Pay-as-you-go","1 GB","2.5982","2023-06-27T00:00:00.000Z","0","2.5982"
"2023-08-02T06:09:03.844Z","Azure Monitor","italynorth","CHF","100 GB Commitment Tier Capacity Reservation","100","1/Day","219.7053","2023-06-27T00:00:00.000Z","84.5606","2.1971"
"2023-08-02T06:09:03.844Z","Azure Monitor","italynorth","CHF","200 GB Commitment Tier Capacity Reservation","200","1/Day","412.5079","2023-06-27T00:00:00.000Z","187.7511","2.0625"
"2023-08-02T06:09:03.844Z","Azure Monitor","italynorth","CHF","300 GB Commitment Tier Capacity Reservation","300","1/Day","605.3106","2023-06-27T00:00:00.000Z","293.4839","2.0177"
"2023-08-02T06:09:03.844Z","Azure Monitor","italynorth","CHF","400 GB Commitment Tier Capacity Reservation","400","1/Day","789.1456","2023-06-27T00:00:00.000Z","391.1115","1.9729"
"2023-08-02T06:09:03.844Z","Azure Monitor","italynorth","CHF","500 GB Commitment Tier Capacity Reservation","500","1/Day","969.6179","2023-06-27T00:00:00.000Z","491.4683","1.9392"
"2023-08-02T06:09:03.844Z","Azure Monitor","italynorth","CHF","1000 GB Commitment Tier Capacity Reservation","1000","1/Day","1905.6074","2023-06-27T00:00:00.000Z","982.6771","1.9056"
"2023-08-02T06:09:03.844Z","Azure Monitor","italynorth","CHF","2000 GB Commitment Tier Capacity Reservation","2000","1/Day","3721.5391","2023-06-27T00:00:00.000Z","1952.9487","1.8608"
"2023-08-02T06:09:03.844Z","Azure Monitor","italynorth","CHF","5000 GB Commitment Tier Capacity Reservation","5000","1/Day","9023.6113","2023-06-27T00:00:00.000Z","4849.3182","1.8047"
"2023-09-02T06:07:00.316Z","Azure Monitor","italynorth","CHF","Pay-as-you-go Data Ingestion","Pay-as-you-go","1 GB","2.6358","2023-06-27T00:00:00.000Z","0","2.6358"
"2023-09-02T06:07:00.316Z","Azure Monitor","italynorth","CHF","100 GB Commitment Tier Capacity Reservation","100","1/Day","222.8911","2023-06-27T00:00:00.000Z","84.563","2.2289"
"2023-09-02T06:07:00.316Z","Azure Monitor","italynorth","CHF","200 GB Commitment Tier Capacity Reservation","200","1/Day","418.4894","2023-06-27T00:00:00.000Z","187.756","2.0924"
"2023-09-02T06:07:00.316Z","Azure Monitor","italynorth","CHF","300 GB Commitment Tier Capacity Reservation","300","1/Day","614.0877","2023-06-27T00:00:00.000Z","293.4848","2.047"
"2023-09-02T06:07:00.316Z","Azure Monitor","italynorth","CHF","400 GB Commitment Tier Capacity Reservation","400","1/Day","800.5884","2023-06-27T00:00:00.000Z","391.1033","2.0015"
"2023-09-02T06:07:00.316Z","Azure Monitor","italynorth","CHF","500 GB Commitment Tier Capacity Reservation","500","1/Day","983.6776","2023-06-27T00:00:00.000Z","491.4702","1.9674"
"2023-09-02T06:07:00.316Z","Azure Monitor","italynorth","CHF","1000 GB Commitment Tier Capacity Reservation","1000","1/Day","1933.2391","2023-06-27T00:00:00.000Z","982.6365","1.9332"
"2023-09-02T06:07:00.316Z","Azure Monitor","italynorth","CHF","2000 GB Commitment Tier Capacity Reservation","2000","1/Day","3775.5023","2023-06-27T00:00:00.000Z","1952.9807","1.8878"
"2023-09-02T06:07:00.316Z","Azure Monitor","italynorth","CHF","5000 GB Commitment Tier Capacity Reservation","5000","1/Day","9154.456","2023-06-27T00:00:00.000Z","4849.2722","1.8309"
"2023-10-02T06:08:46.154Z","Azure Monitor","italynorth","CHF","Pay-as-you-go Data Ingestion","Pay-as-you-go","1 GB","2.7504","2023-06-27T00:00:00.000Z","0","2.7504"
"2023-10-02T06:08:46.154Z","Azure Monitor","italynorth","CHF","100 GB Commitment Tier Capacity Reservation","100","1/Day","232.5749","2023-06-27T00:00:00.000Z","84.5604","2.3257"
"2023-10-02T06:08:46.154Z","Azure Monitor","italynorth","CHF","200 GB Commitment Tier Capacity Reservation","200","1/Day","436.6712","2023-06-27T00:00:00.000Z","187.759","2.1834"
"2023-10-02T06:08:46.154Z","Azure Monitor","italynorth","CHF","300 GB Commitment Tier Capacity Reservation","300","1/Day","640.7675","2023-06-27T00:00:00.000Z","293.4723","2.1359"
"2023-10-02T06:08:46.154Z","Azure Monitor","italynorth","CHF","400 GB Commitment Tier Capacity Reservation","400","1/Day","835.371","2023-06-27T00:00:00.000Z","391.1096","2.0884"
"2023-10-02T06:08:46.154Z","Azure Monitor","italynorth","CHF","500 GB Commitment Tier Capacity Reservation","500","1/Day","1026.4146","2023-06-27T00:00:00.000Z","491.4837","2.0528"
"2023-10-02T06:08:46.154Z","Azure Monitor","italynorth","CHF","1000 GB Commitment Tier Capacity Reservation","1000","1/Day","2017.2311","2023-06-27T00:00:00.000Z","982.673","2.0172"
"2023-10-02T06:08:46.154Z","Azure Monitor","italynorth","CHF","2000 GB Commitment Tier Capacity Reservation","2000","1/Day","3939.5336","2023-06-27T00:00:00.000Z","1952.9712","1.9698"
"2023-10-02T06:08:46.154Z","Azure Monitor","italynorth","CHF","5000 GB Commitment Tier Capacity Reservation","5000","1/Day","9552.1823","2023-06-27T00:00:00.000Z","4849.3158","1.9104"
"2023-11-01T06:08:41.407Z","Azure Monitor","italynorth","CHF","Pay-as-you-go Data Ingestion","Pay-as-you-go","1 GB","2.6992","2023-06-27T00:00:00.000Z","0","2.6992"
"2023-11-01T06:08:41.407Z","Azure Monitor","italynorth","CHF","100 GB Commitment Tier Capacity Reservation","100","1/Day","228.2513","2023-06-27T00:00:00.000Z","84.5626","2.2825"
"2023-11-01T06:08:41.407Z","Azure Monitor","italynorth","CHF","200 GB Commitment Tier Capacity Reservation","200","1/Day","428.5535","2023-06-27T00:00:00.000Z","187.7562","2.1428"
"2023-11-01T06:08:41.407Z","Azure Monitor","italynorth","CHF","300 GB Commitment Tier Capacity Reservation","300","1/Day","628.8556","2023-06-27T00:00:00.000Z","293.4738","2.0962"
"2023-11-01T06:08:41.407Z","Azure Monitor","italynorth","CHF","400 GB Commitment Tier Capacity Reservation","400","1/Day","819.8414","2023-06-27T00:00:00.000Z","391.1084","2.0496"
"2023-11-01T06:08:41.407Z","Azure Monitor","italynorth","CHF","500 GB Commitment Tier Capacity Reservation","500","1/Day","1007.3336","2023-06-27T00:00:00.000Z","491.4781","2.0147"
"2023-11-01T06:08:41.407Z","Azure Monitor","italynorth","CHF","1000 GB Commitment Tier Capacity Reservation","1000","1/Day","1979.7307","2023-06-27T00:00:00.000Z","982.6429","1.9797"
"2023-11-01T06:08:41.407Z","Azure Monitor","italynorth","CHF","2000 GB Commitment Tier Capacity Reservation","2000","1/Day","3866.2977","2023-06-27T00:00:00.000Z","1952.9715","1.9331"
"2023-11-01T06:08:41.407Z","Azure Monitor","italynorth","CHF","5000 GB Commitment Tier Capacity Reservation","5000","1/Day","9374.6074","2023-06-27T00:00:00.000Z","4849.5201","1.8749"
"2023-12-02T06:07:58.693Z","Azure Monitor","italynorth","CHF","Pay-as-you-go Data Ingestion","Pay-as-you-go","1 GB","2.6263","2023-06-27T00:00:00.000Z","0","2.6263"
"2023-12-02T06:07:58.693Z","Azure Monitor","italynorth","CHF","100 GB Commitment Tier Capacity Reservation","100","1/Day","222.082","2023-06-27T00:00:00.000Z","84.5608","2.2208"
"2023-12-02T06:07:58.693Z","Azure Monitor","italynorth","CHF","200 GB Commitment Tier Capacity Reservation","200","1/Day","416.9703","2023-06-27T00:00:00.000Z","187.7568","2.0849"
"2023-12-02T06:07:58.693Z","Azure Monitor","italynorth","CHF","300 GB Commitment Tier Capacity Reservation","300","1/Day","611.8586","2023-06-27T00:00:00.000Z","293.4714","2.0395"
"2023-12-02T06:07:58.693Z","Azure Monitor","italynorth","CHF","400 GB Commitment Tier Capacity Reservation","400","1/Day","797.6823","2023-06-27T00:00:00.000Z","391.1166","1.9942"
"2023-12-02T06:07:58.693Z","Azure Monitor","italynorth","CHF","500 GB Commitment Tier Capacity Reservation","500","1/Day","980.1068","2023-06-27T00:00:00.000Z","491.4787","1.9602"
"2023-12-02T06:07:58.693Z","Azure Monitor","italynorth","CHF","1000 GB Commitment Tier Capacity Reservation","1000","1/Day","1926.2215","2023-06-27T00:00:00.000Z","982.6658","1.9262"
"2023-12-02T06:07:58.693Z","Azure Monitor","italynorth","CHF","2000 GB Commitment Tier Capacity Reservation","2000","1/Day","3761.7974","2023-06-27T00:00:00.000Z","1952.963","1.8809"
"2023-12-02T06:07:58.693Z","Azure Monitor","italynorth","CHF","5000 GB Commitment Tier Capacity Reservation","5000","1/Day","9121.2256","2023-06-27T00:00:00.000Z","4849.3942","1.8242"
"2024-01-01T06:09:20.544Z","Azure Monitor","italynorth","CHF","Pay-as-you-go Data Ingestion","Pay-as-you-go","1 GB","2.5291","2023-06-27T00:00:00.000Z","0","2.5291"
"2024-01-01T06:09:20.544Z","Azure Monitor","italynorth","CHF","100 GB Commitment Tier Capacity Reservation","100","1/Day","213.8647","2023-06-27T00:00:00.000Z","84.5616","2.1386"
"2024-01-01T06:09:20.544Z","Azure Monitor","italynorth","CHF","200 GB Commitment Tier Capacity Reservation","200","1/Day","401.5419","2023-06-27T00:00:00.000Z","187.7592","2.0077"
"2024-01-01T06:09:20.544Z","Azure Monitor","italynorth","CHF","300 GB Commitment Tier Capacity Reservation","300","1/Day","589.2191","2023-06-27T00:00:00.000Z","293.4797","1.9641"
"2024-01-01T06:09:20.544Z","Azure Monitor","italynorth","CHF","400 GB Commitment Tier Capacity Reservation","400","1/Day","768.1671","2023-06-27T00:00:00.000Z","391.1039","1.9204"
"2024-01-01T06:09:20.544Z","Azure Monitor","italynorth","CHF","500 GB Commitment Tier Capacity Reservation","500","1/Day","943.8417","2023-06-27T00:00:00.000Z","491.4818","1.8877"
"2024-01-01T06:09:20.544Z","Azure Monitor","italynorth","CHF","1000 GB Commitment Tier Capacity Reservation","1000","1/Day","1854.9491","2023-06-27T00:00:00.000Z","982.6504","1.8549"
"2024-01-01T06:09:20.544Z","Azure Monitor","italynorth","CHF","2000 GB Commitment Tier Capacity Reservation","2000","1/Day","3622.6064","2023-06-27T00:00:00.000Z","1952.9928","1.8113"
"2024-01-01T06:09:20.544Z","Azure Monitor","italynorth","CHF","5000 GB Commitment Tier Capacity Reservation","5000","1/Day","8783.7293","2023-06-27T00:00:00.000Z","4849.4061","1.7567"
"2024-02-02T06:08:03.849Z","Azure Monitor","italynorth","CHF","Pay-as-you-go Data Ingestion","Pay-as-you-go","1 GB","2.5828","2023-06-27T00:00:00.000Z","0","2.5828"
"2024-02-02T06:08:03.849Z","Azure Monitor","italynorth","CHF","100 GB Commitment Tier Capacity Reservation","100","1/Day","218.4032","2023-06-27T00:00:00.000Z","84.5606","2.184"
"2024-02-02T06:08:03.849Z","Azure Monitor","italynorth","CHF","200 GB Commitment Tier Capacity Reservation","200","1/Day","410.0631","2023-06-27T00:00:00.000Z","187.7578","2.0503"
"2024-02-02T06:08:03.849Z","Azure Monitor","italynorth","CHF","300 GB Commitment Tier Capacity Reservation","300","1/Day","601.7231","2023-06-27T00:00:00.000Z","293.4805","2.0057"
"2024-02-02T06:08:03.849Z","Azure Monitor","italynorth","CHF","400 GB Commitment Tier Capacity Reservation","400","1/Day","784.4686","2023-06-27T00:00:00.000Z","391.1196","1.9612"
"2024-02-02T06:08:03.849Z","Azure Monitor","italynorth","CHF","500 GB Commitment Tier Capacity Reservation","500","1/Day","963.8712","2023-06-27T00:00:00.000Z","491.4701","1.9277"
"2024-02-02T06:08:03.849Z","Azure Monitor","italynorth","CHF","1000 GB Commitment Tier Capacity Reservation","1000","1/Day","1894.3134","2023-06-27T00:00:00.000Z","982.6806","1.8943"
"2024-02-02T06:08:03.849Z","Azure Monitor","italynorth","CHF","2000 GB Commitment Tier Capacity Reservation","2000","1/Day","3699.4826","2023-06-27T00:00:00.000Z","1952.955","1.8497"
"2024-02-02T06:08:03.849Z","Azure Monitor","italynorth","CHF","5000 GB Commitment Tier Capacity Reservation","5000","1/Day","8970.1311","2023-06-27T00:00:00.000Z","4849.5059","1.794"
"2024-03-02T06:08:20.311Z","Azure Monitor","italynorth","CHF","Pay-as-you-go Data Ingestion","Pay-as-you-go","1 GB","2.629","2023-06-27T00:00:00.000Z","0","2.629"
"2024-03-02T06:08:20.311Z","Azure Monitor","italynorth","CHF","100 GB Commitment Tier Capacity Reservation","100","1/Day","222.3096","2023-06-27T00:00:00.000Z","84.5605","2.2231"
"2024-03-02T06:08:20.311Z","Azure Monitor","italynorth","CHF","200 GB Commitment Tier Capacity Reservation","200","1/Day","417.3976","2023-06-27T00:00:00.000Z","187.7548","2.087"
"2024-03-02T06:08:20.311Z","Azure Monitor","italynorth","CHF","300 GB Commitment Tier Capacity Reservation","300","1/Day","612.4855","2023-06-27T00:00:00.000Z","293.4765","2.0416"
"2024-03-02T06:08:20.311Z","Azure Monitor","italynorth","CHF","400 GB Commitment Tier Capacity Reservation","400","1/Day","798.4997","2023-06-27T00:00:00.000Z","391.1147","1.9962"
"2024-03-02T06:08:20.311Z","Azure Monitor","italynorth","CHF","500 GB Commitment Tier Capacity Reservation","500","1/Day","981.1111","2023-06-27T00:00:00.000Z","491.4894","1.9622"
"2024-03-02T06:08:20.311Z","Azure Monitor","italynorth","CHF","1000 GB Commitment Tier Capacity Reservation","1000","1/Day","1928.1952","2023-06-27T00:00:00.000Z","982.6701","1.9282"
"2024-03-02T06:08:20.311Z","Azure Monitor","italynorth","CHF","2000 GB Commitment Tier Capacity Reservation","2000","1/Day","3765.6519","2023-06-27T00:00:00.000Z","1952.9364","1.8828"
"2024-03-02T06:08:20.311Z","Azure Monitor","italynorth","CHF","5000 GB Commitment Tier Capacity Reservation","5000","1/Day","9130.5716","2023-06-27T00:00:00.000Z","4849.4644","1.8261"
"2024-04-03T09:26:28.723Z","Azure Monitor","italynorth","CHF","Pay-as-you-go Data Ingestion","Pay-as-you-go","1 GB","2.6995","2023-06-27T00:00:00.000Z","0","2.6995"
"2024-04-03T09:26:28.723Z","Azure Monitor","italynorth","CHF","100 GB Commitment Tier Capacity Reservation","100","1/Day","228.2766","2023-06-27T00:00:00.000Z","84.5625","2.2828"
"2024-04-03T09:26:28.723Z","Azure Monitor","italynorth","CHF","200 GB Commitment Tier Capacity Reservation","200","1/Day","428.601","2023-06-27T00:00:00.000Z","187.7523","2.143"
"2024-04-03T09:26:28.723Z","Azure Monitor","italynorth","CHF","300 GB Commitment Tier Capacity Reservation","300","1/Day","628.9253","2023-06-27T00:00:00.000Z","293.4789","2.0964"
"2024-04-03T09:26:28.723Z","Azure Monitor","italynorth","CHF","400 GB Commitment Tier Capacity Reservation","400","1/Day","819.9323","2023-06-27T00:00:00.000Z","391.1144","2.0498"
"2024-04-03T09:26:28.723Z","Azure Monitor","italynorth","CHF","500 GB Commitment Tier Capacity Reservation","500","1/Day","1007.4452","2023-06-27T00:00:00.000Z","491.4846","2.0149"
"2024-04-03T09:26:28.723Z","Azure Monitor","italynorth","CHF","1000 GB Commitment Tier Capacity Reservation","1000","1/Day","1979.95","2023-06-27T00:00:00.000Z","982.6542","1.98"
"2024-04-03T09:26:28.723Z","Azure Monitor","italynorth","CHF","2000 GB Commitment Tier Capacity Reservation","2000","1/Day","3866.726","2023-06-27T00:00:00.000Z","1952.8919","1.9334"
"2024-04-03T09:26:28.723Z","Azure Monitor","italynorth","CHF","5000 GB Commitment Tier Capacity Reservation","5000","1/Day","9375.6458","2023-06-27T00:00:00.000Z","4849.3047","1.8751"
"2024-05-02T06:08:49.743Z","Azure Monitor","italynorth","CHF","Pay-as-you-go Data Ingestion","Pay-as-you-go","1 GB","2.7344","2023-06-27T00:00:00.000Z","0","2.7344"
"2024-05-02T06:08:49.743Z","Azure Monitor","italynorth","CHF","100 GB Commitment Tier Capacity Reservation","100","1/Day","231.2222","2023-06-27T00:00:00.000Z","84.5605","2.3122"
"2024-05-02T06:08:49.743Z","Azure Monitor","italynorth","CHF","200 GB Commitment Tier Capacity Reservation","200","1/Day","434.1314","2023-06-27T00:00:00.000Z","187.7569","2.1707"
"2024-05-02T06:08:49.743Z","Azure Monitor","italynorth","CHF","300 GB Commitment Tier Capacity Reservation","300","1/Day","637.0407","2023-06-27T00:00:00.000Z","293.4725","2.1235"
"2024-05-02T06:08:49.743Z","Azure Monitor","italynorth","CHF","400 GB Commitment Tier Capacity Reservation","400","1/Day","830.5123","2023-06-27T00:00:00.000Z","391.1054","2.0763"
"2024-05-02T06:08:49.743Z","Azure Monitor","italynorth","CHF","500 GB Commitment Tier Capacity Reservation","500","1/Day","1020.4448","2023-06-27T00:00:00.000Z","491.4727","2.0409"
"2024-05-02T06:08:49.743Z","Azure Monitor","italynorth","CHF","1000 GB Commitment Tier Capacity Reservation","1000","1/Day","2005.4985","2023-06-27T00:00:00.000Z","982.654","2.0055"
"2024-05-02T06:08:49.743Z","Azure Monitor","italynorth","CHF","2000 GB Commitment Tier Capacity Reservation","2000","1/Day","3916.6206","2023-06-27T00:00:00.000Z","1952.9397","1.9583"
"2024-05-02T06:08:49.743Z","Azure Monitor","italynorth","CHF","5000 GB Commitment Tier Capacity Reservation","5000","1/Day","9496.6253","2023-06-27T00:00:00.000Z","4849.4231","1.8993"
"2024-06-02T06:10:06.668Z","Azure Monitor","italynorth","CHF","Pay-as-you-go Data Ingestion","Pay-as-you-go","1 GB","2.7303","2023-06-27T00:00:00.000Z","0","2.7303"
"2024-06-02T06:10:06.668Z","Azure Monitor","italynorth","CHF","100 GB Commitment Tier Capacity Reservation","100","1/Day","230.8808","2023-06-27T00:00:00.000Z","84.5624","2.3088"
"2024-06-02T06:10:06.668Z","Azure Monitor","italynorth","CHF","200 GB Commitment Tier Capacity Reservation","200","1/Day","433.4906","2023-06-27T00:00:00.000Z","187.7558","2.1675"
"2024-06-02T06:10:06.668Z","Azure Monitor","italynorth","CHF","300 GB Commitment Tier Capacity Reservation","300","1/Day","636.1003","2023-06-27T00:00:00.000Z","293.4719","2.1203"
"2024-06-02T06:10:06.668Z","Azure Monitor","italynorth","CHF","400 GB Commitment Tier Capacity Reservation","400","1/Day","829.2863","2023-06-27T00:00:00.000Z","391.1174","2.0732"
"2024-06-02T06:10:06.668Z","Azure Monitor","italynorth","CHF","500 GB Commitment Tier Capacity Reservation","500","1/Day","1018.9384","2023-06-27T00:00:00.000Z","491.481","2.0379"
"2024-06-02T06:10:06.668Z","Azure Monitor","italynorth","CHF","1000 GB Commitment Tier Capacity Reservation","1000","1/Day","2002.5379","2023-06-27T00:00:00.000Z","982.6478","2.0025"
"2024-06-02T06:10:06.668Z","Azure Monitor","italynorth","CHF","2000 GB Commitment Tier Capacity Reservation","2000","1/Day","3910.8388","2023-06-27T00:00:00.000Z","1952.9782","1.9554"
"2024-06-02T06:10:06.668Z","Azure Monitor","italynorth","CHF","5000 GB Commitment Tier Capacity Reservation","5000","1/Day","9482.6062","2023-06-27T00:00:00.000Z","4849.4457","1.8965"
"2024-07-01T06:11:21.244Z","Azure Monitor","italynorth","CHF","Pay-as-you-go Data Ingestion","Pay-as-you-go","1 GB","2.6825","2023-06-27T00:00:00.000Z","0","2.6825"
"2024-07-01T06:11:21.244Z","Azure Monitor","italynorth","CHF","100 GB Commitment Tier Capacity Reservation","100","1/Day","226.8354","2023-06-27T00:00:00.000Z","84.5612","2.2684"
"2024-07-01T06:11:21.244Z","Azure Monitor","italynorth","CHF","200 GB Commitment Tier Capacity Reservation","200","1/Day","425.895","2023-06-27T00:00:00.000Z","187.7513","2.1295"
"2024-07-01T06:11:21.244Z","Azure Monitor","italynorth","CHF","300 GB Commitment Tier Capacity Reservation","300","1/Day","624.9547","2023-06-27T00:00:00.000Z","293.4749","2.0832"
"2024-07-01T06:11:21.244Z","Azure Monitor","italynorth","CHF","400 GB Commitment Tier Capacity Reservation","400","1/Day","814.7557","2023-06-27T00:00:00.000Z","391.1078","2.0369"
"2024-07-01T06:11:21.244Z","Azure Monitor","italynorth","CHF","500 GB Commitment Tier Capacity Reservation","500","1/Day","1001.0848","2023-06-27T00:00:00.000Z","491.4747","2.0022"
"2024-07-01T06:11:21.244Z","Azure Monitor","italynorth","CHF","1000 GB Commitment Tier Capacity Reservation","1000","1/Day","1967.45","2023-06-27T00:00:00.000Z","982.6441","1.9674"
"2024-07-01T06:11:21.244Z","Azure Monitor","italynorth","CHF","2000 GB Commitment Tier Capacity Reservation","2000","1/Day","3842.314","2023-06-27T00:00:00.000Z","1952.9907","1.9212"
"2024-07-01T06:11:21.244Z","Azure Monitor","italynorth","CHF","5000 GB Commitment Tier Capacity Reservation","5000","1/Day","9316.4542","2023-06-27T00:00:00.000Z","4849.2891","1.8633"
"2024-08-02T06:11:10.559Z","Azure Monitor","italynorth","CHF","Pay-as-you-go Data Ingestion","Pay-as-you-go","1 GB","2.6503","2023-06-27T00:00:00.000Z","0","2.6503"
"2024-08-02T06:11:10.559Z","Azure Monitor","italynorth","CHF","100 GB Commitment Tier Capacity Reservation","100","1/Day","224.1174","2023-06-27T00:00:00.000Z","84.5630","2.2412"
"2024-08-02T06:11:10.559Z","Azure Monitor","italynorth","CHF","200 GB Commitment Tier Capacity Reservation","200","1/Day","420.7918","2023-06-27T00:00:00.000Z","187.7529","2.1040"
"2024-08-02T06:11:10.559Z","Azure Monitor","italynorth","CHF","300 GB Commitment Tier Capacity Reservation","300","1/Day","617.4662","2023-06-27T00:00:00.000Z","293.4725","2.0582"
"2024-08-02T06:11:10.559Z","Azure Monitor","italynorth","CHF","400 GB Commitment Tier Capacity Reservation","400","1/Day","804.993","2023-06-27T00:00:00.000Z","391.1151","2.0125"
"2024-08-02T06:11:10.559Z","Azure Monitor","italynorth","CHF","500 GB Commitment Tier Capacity Reservation","500","1/Day","989.0894","2023-06-27T00:00:00.000Z","491.4730","1.9782"
"2024-08-02T06:11:10.559Z","Azure Monitor","italynorth","CHF","1000 GB Commitment Tier Capacity Reservation","1000","1/Day","1943.8752","2023-06-27T00:00:00.000Z","982.6485","1.9439"
"2024-08-02T06:11:10.559Z","Azure Monitor","italynorth","CHF","2000 GB Commitment Tier Capacity Reservation","2000","1/Day","3796.2739","2023-06-27T00:00:00.000Z","1952.9163","1.8981"
"2024-08-02T06:11:10.559Z","Azure Monitor","italynorth","CHF","5000 GB Commitment Tier Capacity Reservation","5000","1/Day","9204.8208","2023-06-27T00:00:00.000Z","4849.4920","1.8410"
