"TimeGenerated","ServiceName","ArmRegionName","CurrencyCode","MeterName","Tier","UnitOfMeasure","RetailPrice","EffectiveStartDate","EffectiveCommitmentTierThresholdGB","EffectivePricePerGB"
"2023-08-16T06:10:02.326Z","Azure Monitor","israelcentral","INR","Pay-as-you-go Data Ingestion","Pay-as-you-go","1 GB","269.5806","2023-08-15T00:00:00.000Z","0","269.5806"
"2023-08-16T06:10:02.326Z","Azure Monitor","israelcentral","INR","100 GB Commitment Tier Capacity Reservation","100","1/Day","20717.5579","2023-08-15T00:00:00.000Z","76.8511","207.1756"
"2023-08-16T06:10:02.326Z","Azure Monitor","israelcentral","INR","200 GB Commitment Tier Capacity Reservation","200","1/Day","38898.272","2023-08-15T00:00:00.000Z","187.7551","194.4914"
"2023-08-16T06:10:02.326Z","Azure Monitor","israelcentral","INR","300 GB Commitment Tier Capacity Reservation","300","1/Day","57078.986","2023-08-15T00:00:00.000Z","293.4782","190.2633"
"2023-08-16T06:10:02.326Z","Azure Monitor","israelcentral","INR","400 GB Commitment Tier Capacity Reservation","400","1/Day","74414.0855","2023-08-15T00:00:00.000Z","391.1111","186.0352"
"2023-08-16T06:10:02.326Z","Azure Monitor","israelcentral","INR","500 GB Commitment Tier Capacity Reservation","500","1/Day","91432.0795","2023-08-15T00:00:00.000Z","491.4773","182.8642"
"2023-08-16T06:10:02.326Z","Azure Monitor","israelcentral","INR","1000 GB Commitment Tier Capacity Reservation","1000","1/Day","179693.1042","2023-08-15T00:00:00.000Z","982.6587","179.6931"
"2023-08-16T06:10:02.326Z","Azure Monitor","israelcentral","INR","2000 GB Commitment Tier Capacity Reservation","2000","1/Day","350930.0623","2023-08-15T00:00:00.000Z","1952.9412","175.465"
"2023-08-16T06:10:02.326Z","Azure Monitor","israelcentral","INR","5000 GB Commitment Tier Capacity Reservation","5000","1/Day","850899.6993","2023-08-15T00:00:00.000Z","4849.3985","170.1799"
"2023-09-02T06:07:00.316Z","Azure Monitor","israelcentral","INR","Pay-as-you-go Data Ingestion","Pay-as-you-go","1 GB","272.1036","2023-08-15T00:00:00.000Z","0","272.1036"
"2023-09-02T06:07:00.316Z","Azure Monitor","israelcentral","INR","100 GB Commitment Tier Capacity Reservation","100","1/Day","20911.4483","2023-08-15T00:00:00.000Z","76.8511","209.1145"
"2023-09-02T06:07:00.316Z","Azure Monitor","israelcentral","INR","200 GB Commitment Tier Capacity Reservation","200","1/Day","39262.311","2023-08-15T00:00:00.000Z","187.7551","196.3116"
"2023-09-02T06:07:00.316Z","Azure Monitor","israelcentral","INR","300 GB Commitment Tier Capacity Reservation","300","1/Day","57613.1738","2023-08-15T00:00:00.000Z","293.4782","192.0439"
"2023-09-02T06:07:00.316Z","Azure Monitor","israelcentral","INR","400 GB Commitment Tier Capacity Reservation","400","1/Day","75110.508","2023-08-15T00:00:00.000Z","391.1111","187.7763"
"2023-09-02T06:07:00.316Z","Azure Monitor","israelcentral","INR","500 GB Commitment Tier Capacity Reservation","500","1/Day","92287.7691","2023-08-15T00:00:00.000Z","491.4772","184.5755"
"2023-09-02T06:07:00.316Z","Azure Monitor","israelcentral","INR","1000 GB Commitment Tier Capacity Reservation","1000","1/Day","181374.8063","2023-08-15T00:00:00.000Z","982.6592","181.3748"
"2023-09-02T06:07:00.316Z","Azure Monitor","israelcentral","INR","2000 GB Commitment Tier Capacity Reservation","2000","1/Day","354214.3275","2023-08-15T00:00:00.000Z","1952.9412","177.1072"
"2023-09-02T06:07:00.316Z","Azure Monitor","israelcentral","INR","5000 GB Commitment Tier Capacity Reservation","5000","1/Day","858863.0531","2023-08-15T00:00:00.000Z","4849.3966","171.7726"
"2023-10-02T06:08:46.154Z","Azure Monitor","israelcentral","INR","Pay-as-you-go Data Ingestion","Pay-as-you-go","1 GB","273.8226","2023-08-15T00:00:00.000Z","0","273.8226"
"2023-10-02T06:08:46.154Z","Azure Monitor","israelcentral","INR","100 GB Commitment Tier Capacity Reservation","100","1/Day","21043.5571","2023-08-15T00:00:00.000Z","76.8511","210.4356"
"2023-10-02T06:08:46.154Z","Azure Monitor","israelcentral","INR","200 GB Commitment Tier Capacity Reservation","200","1/Day","39510.3522","2023-08-15T00:00:00.000Z","187.7551","197.5518"
"2023-10-02T06:08:46.154Z","Azure Monitor","israelcentral","INR","300 GB Commitment Tier Capacity Reservation","300","1/Day","57977.1472","2023-08-15T00:00:00.000Z","293.4782","193.2572"
"2023-10-02T06:08:46.154Z","Azure Monitor","israelcentral","INR","400 GB Commitment Tier Capacity Reservation","400","1/Day","75585.0216","2023-08-15T00:00:00.000Z","391.111","188.9626"
"2023-10-02T06:08:46.154Z","Azure Monitor","israelcentral","INR","500 GB Commitment Tier Capacity Reservation","500","1/Day","92870.8007","2023-08-15T00:00:00.000Z","491.4772","185.7416"
"2023-10-02T06:08:46.154Z","Azure Monitor","israelcentral","INR","1000 GB Commitment Tier Capacity Reservation","1000","1/Day","182520.6487","2023-08-15T00:00:00.000Z","982.659","182.5206"
"2023-10-02T06:08:46.154Z","Azure Monitor","israelcentral","INR","2000 GB Commitment Tier Capacity Reservation","2000","1/Day","356452.0905","2023-08-15T00:00:00.000Z","1952.9417","178.226"
"2023-10-02T06:08:46.154Z","Azure Monitor","israelcentral","INR","5000 GB Commitment Tier Capacity Reservation","5000","1/Day","864288.9544","2023-08-15T00:00:00.000Z","4849.3988","172.8578"
"2023-11-01T06:08:41.407Z","Azure Monitor","israelcentral","INR","Pay-as-you-go Data Ingestion","Pay-as-you-go","1 GB","273.8802","2023-08-15T00:00:00.000Z","0","273.8802"
"2023-11-01T06:08:41.407Z","Azure Monitor","israelcentral","INR","100 GB Commitment Tier Capacity Reservation","100","1/Day","21047.9819","2023-08-15T00:00:00.000Z","76.8511","210.4798"
"2023-11-01T06:08:41.407Z","Azure Monitor","israelcentral","INR","200 GB Commitment Tier Capacity Reservation","200","1/Day","39518.6598","2023-08-15T00:00:00.000Z","187.7551","197.5933"
"2023-11-01T06:08:41.407Z","Azure Monitor","israelcentral","INR","300 GB Commitment Tier Capacity Reservation","300","1/Day","57989.3378","2023-08-15T00:00:00.000Z","293.4783","193.2978"
"2023-11-01T06:08:41.407Z","Azure Monitor","israelcentral","INR","400 GB Commitment Tier Capacity Reservation","400","1/Day","75600.9144","2023-08-15T00:00:00.000Z","391.1111","189.0023"
"2023-11-01T06:08:41.407Z","Azure Monitor","israelcentral","INR","500 GB Commitment Tier Capacity Reservation","500","1/Day","92890.3281","2023-08-15T00:00:00.000Z","491.4772","185.7807"
"2023-11-01T06:08:41.407Z","Azure Monitor","israelcentral","INR","1000 GB Commitment Tier Capacity Reservation","1000","1/Day","182559.0263","2023-08-15T00:00:00.000Z","982.6587","182.559"
"2023-11-01T06:08:41.407Z","Azure Monitor","israelcentral","INR","2000 GB Commitment Tier Capacity Reservation","2000","1/Day","356527.0395","2023-08-15T00:00:00.000Z","1952.9415","178.2635"
"2023-11-01T06:08:41.407Z","Azure Monitor","israelcentral","INR","5000 GB Commitment Tier Capacity Reservation","5000","1/Day","864470.6831","2023-08-15T00:00:00.000Z","4849.3981","172.8941"
"2023-12-02T06:07:58.693Z","Azure Monitor","israelcentral","INR","Pay-as-you-go Data Ingestion","Pay-as-you-go","1 GB","274.2009","2023-08-15T00:00:00.000Z","0","274.2009"
"2023-12-02T06:07:58.693Z","Azure Monitor","israelcentral","INR","100 GB Commitment Tier Capacity Reservation","100","1/Day","21072.6337","2023-08-15T00:00:00.000Z","76.8511","210.7263"
"2023-12-02T06:07:58.693Z","Azure Monitor","israelcentral","INR","200 GB Commitment Tier Capacity Reservation","200","1/Day","39564.945","2023-08-15T00:00:00.000Z","187.7551","197.8247"
"2023-12-02T06:07:58.693Z","Azure Monitor","israelcentral","INR","300 GB Commitment Tier Capacity Reservation","300","1/Day","58057.2562","2023-08-15T00:00:00.000Z","293.4783","193.5242"
"2023-12-02T06:07:58.693Z","Azure Monitor","israelcentral","INR","400 GB Commitment Tier Capacity Reservation","400","1/Day","75689.46","2023-08-15T00:00:00.000Z","391.1111","189.2236"
"2023-12-02T06:07:58.693Z","Azure Monitor","israelcentral","INR","500 GB Commitment Tier Capacity Reservation","500","1/Day","92999.1234","2023-08-15T00:00:00.000Z","491.4774","185.9982"
"2023-12-02T06:07:58.693Z","Azure Monitor","israelcentral","INR","1000 GB Commitment Tier Capacity Reservation","1000","1/Day","182772.8437","2023-08-15T00:00:00.000Z","982.6592","182.7728"
"2023-12-02T06:07:58.693Z","Azure Monitor","israelcentral","INR","2000 GB Commitment Tier Capacity Reservation","2000","1/Day","356944.6125","2023-08-15T00:00:00.000Z","1952.9416","178.4723"
"2023-12-02T06:07:58.693Z","Azure Monitor","israelcentral","INR","5000 GB Commitment Tier Capacity Reservation","5000","1/Day","865483.1719","2023-08-15T00:00:00.000Z","4849.3978","173.0966"
"2024-01-01T06:09:20.544Z","Azure Monitor","israelcentral","INR","Pay-as-you-go Data Ingestion","Pay-as-you-go","1 GB","274.2256","2023-08-15T00:00:00.000Z","0","274.2256"
"2024-01-01T06:09:20.544Z","Azure Monitor","israelcentral","INR","100 GB Commitment Tier Capacity Reservation","100","1/Day","21074.53","2023-08-15T00:00:00.000Z","76.8511","210.7453"
"2024-01-01T06:09:20.544Z","Azure Monitor","israelcentral","INR","200 GB Commitment Tier Capacity Reservation","200","1/Day","39568.5054","2023-08-15T00:00:00.000Z","187.7551","197.8425"
"2024-01-01T06:09:20.544Z","Azure Monitor","israelcentral","INR","300 GB Commitment Tier Capacity Reservation","300","1/Day","58062.4807","2023-08-15T00:00:00.000Z","293.4783","193.5416"
"2024-01-01T06:09:20.544Z","Azure Monitor","israelcentral","INR","400 GB Commitment Tier Capacity Reservation","400","1/Day","75696.2712","2023-08-15T00:00:00.000Z","391.1111","189.2407"
"2024-01-01T06:09:20.544Z","Azure Monitor","israelcentral","INR","500 GB Commitment Tier Capacity Reservation","500","1/Day","93007.4923","2023-08-15T00:00:00.000Z","491.4772","186.015"
"2024-01-01T06:09:20.544Z","Azure Monitor","israelcentral","INR","1000 GB Commitment Tier Capacity Reservation","1000","1/Day","182789.2912","2023-08-15T00:00:00.000Z","982.6589","182.7893"
"2024-01-01T06:09:20.544Z","Azure Monitor","israelcentral","INR","2000 GB Commitment Tier Capacity Reservation","2000","1/Day","356976.7335","2023-08-15T00:00:00.000Z","1952.9411","178.4884"
"2024-01-01T06:09:20.544Z","Azure Monitor","israelcentral","INR","5000 GB Commitment Tier Capacity Reservation","5000","1/Day","865561.0556","2023-08-15T00:00:00.000Z","4849.3967","173.1122"
"2024-02-02T06:08:03.849Z","Azure Monitor","israelcentral","INR","Pay-as-you-go Data Ingestion","Pay-as-you-go","1 GB","273.5347","2023-08-15T00:00:00.000Z","0","273.5347"
"2024-02-02T06:08:03.849Z","Azure Monitor","israelcentral","INR","100 GB Commitment Tier Capacity Reservation","100","1/Day","21021.4336","2023-08-15T00:00:00.000Z","76.8511","210.2143"
"2024-02-02T06:08:03.849Z","Azure Monitor","israelcentral","INR","200 GB Commitment Tier Capacity Reservation","200","1/Day","39468.8142","2023-08-15T00:00:00.000Z","187.7551","197.3441"
"2024-02-02T06:08:03.849Z","Azure Monitor","israelcentral","INR","300 GB Commitment Tier Capacity Reservation","300","1/Day","57916.1947","2023-08-15T00:00:00.000Z","293.4782","193.054"
"2024-02-02T06:08:03.849Z","Azure Monitor","israelcentral","INR","400 GB Commitment Tier Capacity Reservation","400","1/Day","75505.5576","2023-08-15T00:00:00.000Z","391.1111","188.7639"
"2024-02-02T06:08:03.849Z","Azure Monitor","israelcentral","INR","500 GB Commitment Tier Capacity Reservation","500","1/Day","92773.1638","2023-08-15T00:00:00.000Z","491.4773","185.5463"
"2024-02-02T06:08:03.849Z","Azure Monitor","israelcentral","INR","1000 GB Commitment Tier Capacity Reservation","1000","1/Day","182328.7612","2023-08-15T00:00:00.000Z","982.6591","182.3288"
"2024-02-02T06:08:03.849Z","Azure Monitor","israelcentral","INR","2000 GB Commitment Tier Capacity Reservation","2000","1/Day","356077.3455","2023-08-15T00:00:00.000Z","1952.9408","178.0387"
"2024-02-02T06:08:03.849Z","Azure Monitor","israelcentral","INR","5000 GB Commitment Tier Capacity Reservation","5000","1/Day","863380.3106","2023-08-15T00:00:00.000Z","4849.3968","172.6761"
"2024-03-02T06:08:20.311Z","Azure Monitor","israelcentral","INR","Pay-as-you-go Data Ingestion","Pay-as-you-go","1 GB","272.7492","2023-08-15T00:00:00.000Z","0","272.7492"
"2024-03-02T06:08:20.311Z","Azure Monitor","israelcentral","INR","100 GB Commitment Tier Capacity Reservation","100","1/Day","20961.0681","2023-08-15T00:00:00.000Z","76.8511","209.6107"
"2024-03-02T06:08:20.311Z","Azure Monitor","israelcentral","INR","200 GB Commitment Tier Capacity Reservation","200","1/Day","39355.4748","2023-08-15T00:00:00.000Z","187.7551","196.7774"
"2024-03-02T06:08:20.311Z","Azure Monitor","israelcentral","INR","300 GB Commitment Tier Capacity Reservation","300","1/Day","57749.8815","2023-08-15T00:00:00.000Z","293.4782","192.4996"
"2024-03-02T06:08:20.311Z","Azure Monitor","israelcentral","INR","400 GB Commitment Tier Capacity Reservation","400","1/Day","75288.7344","2023-08-15T00:00:00.000Z","391.1111","188.2218"
"2024-03-02T06:08:20.311Z","Azure Monitor","israelcentral","INR","500 GB Commitment Tier Capacity Reservation","500","1/Day","92506.7546","2023-08-15T00:00:00.000Z","491.4774","185.0135"
"2024-03-02T06:08:20.311Z","Azure Monitor","israelcentral","INR","1000 GB Commitment Tier Capacity Reservation","1000","1/Day","181805.1825","2023-08-15T00:00:00.000Z","982.659","181.8052"
"2024-03-02T06:08:20.311Z","Azure Monitor","israelcentral","INR","2000 GB Commitment Tier Capacity Reservation","2000","1/Day","355054.827","2023-08-15T00:00:00.000Z","1952.941","177.5274"
"2024-03-02T06:08:20.311Z","Azure Monitor","israelcentral","INR","5000 GB Commitment Tier Capacity Reservation","5000","1/Day","860901.0113","2023-08-15T00:00:00.000Z","4849.398","172.1802"
"2024-04-03T09:26:28.723Z","Azure Monitor","israelcentral","INR","Pay-as-you-go Data Ingestion","Pay-as-you-go","1 GB","274.0282","2023-08-15T00:00:00.000Z","0","274.0282"
"2024-04-03T09:26:28.723Z","Azure Monitor","israelcentral","INR","100 GB Commitment Tier Capacity Reservation","100","1/Day","21059.3597","2023-08-15T00:00:00.000Z","76.8511","210.5936"
"2024-04-03T09:26:28.723Z","Azure Monitor","israelcentral","INR","200 GB Commitment Tier Capacity Reservation","200","1/Day","39540.0222","2023-08-15T00:00:00.000Z","187.7551","197.7001"
"2024-04-03T09:26:28.723Z","Azure Monitor","israelcentral","INR","300 GB Commitment Tier Capacity Reservation","300","1/Day","58020.6848","2023-08-15T00:00:00.000Z","293.4783","193.4023"
"2024-04-03T09:26:28.723Z","Azure Monitor","israelcentral","INR","400 GB Commitment Tier Capacity Reservation","400","1/Day","75641.7816","2023-08-15T00:00:00.000Z","391.1111","189.1045"
"2024-04-03T09:26:28.723Z","Azure Monitor","israelcentral","INR","500 GB Commitment Tier Capacity Reservation","500","1/Day","92940.5413","2023-08-15T00:00:00.000Z","491.4772","185.8811"
"2024-04-03T09:26:28.723Z","Azure Monitor","israelcentral","INR","1000 GB Commitment Tier Capacity Reservation","1000","1/Day","182657.7113","2023-08-15T00:00:00.000Z","982.6589","182.6577"
"2024-04-03T09:26:28.723Z","Azure Monitor","israelcentral","INR","2000 GB Commitment Tier Capacity Reservation","2000","1/Day","356719.7655","2023-08-15T00:00:00.000Z","1952.9413","178.3599"
"2024-04-03T09:26:28.723Z","Azure Monitor","israelcentral","INR","5000 GB Commitment Tier Capacity Reservation","5000","1/Day","864937.9856","2023-08-15T00:00:00.000Z","4849.3971","172.9876"
"2024-05-01T06:09:59.892Z","Azure Monitor","israelcentral","INR","Pay-as-you-go Data Ingestion","Pay-as-you-go","1 GB","274.2256","2023-08-15T00:00:00.000Z","0","274.2256"
"2024-05-01T06:09:59.892Z","Azure Monitor","israelcentral","INR","100 GB Commitment Tier Capacity Reservation","100","1/Day","21074.53","2023-08-15T00:00:00.000Z","76.8511","210.7453"
"2024-05-01T06:09:59.892Z","Azure Monitor","israelcentral","INR","200 GB Commitment Tier Capacity Reservation","200","1/Day","39568.5054","2023-08-15T00:00:00.000Z","187.7551","197.8425"
"2024-05-01T06:09:59.892Z","Azure Monitor","israelcentral","INR","300 GB Commitment Tier Capacity Reservation","300","1/Day","58062.4807","2023-08-15T00:00:00.000Z","293.4783","193.5416"
"2024-05-01T06:09:59.892Z","Azure Monitor","israelcentral","INR","400 GB Commitment Tier Capacity Reservation","400","1/Day","75696.2712","2023-08-15T00:00:00.000Z","391.1111","189.2407"
"2024-05-01T06:09:59.892Z","Azure Monitor","israelcentral","INR","500 GB Commitment Tier Capacity Reservation","500","1/Day","93007.4923","2023-08-15T00:00:00.000Z","491.4772","186.015"
"2024-05-01T06:09:59.892Z","Azure Monitor","israelcentral","INR","1000 GB Commitment Tier Capacity Reservation","1000","1/Day","182789.2912","2023-08-15T00:00:00.000Z","982.6589","182.7893"
"2024-05-01T06:09:59.892Z","Azure Monitor","israelcentral","INR","2000 GB Commitment Tier Capacity Reservation","2000","1/Day","356976.7335","2023-08-15T00:00:00.000Z","1952.9411","178.4884"
"2024-05-01T06:09:59.892Z","Azure Monitor","israelcentral","INR","5000 GB Commitment Tier Capacity Reservation","5000","1/Day","865561.0556","2023-08-15T00:00:00.000Z","4849.3967","173.1122"
"2024-06-02T06:10:06.668Z","Azure Monitor","israelcentral","INR","Pay-as-you-go Data Ingestion","Pay-as-you-go","1 GB","274.205","2023-08-15T00:00:00.000Z","0","274.205"
"2024-06-02T06:10:06.668Z","Azure Monitor","israelcentral","INR","100 GB Commitment Tier Capacity Reservation","100","1/Day","21072.9498","2023-08-15T00:00:00.000Z","76.8511","210.7295"
"2024-06-02T06:10:06.668Z","Azure Monitor","israelcentral","INR","200 GB Commitment Tier Capacity Reservation","200","1/Day","39565.5384","2023-08-15T00:00:00.000Z","187.7551","197.8277"
"2024-06-02T06:10:06.668Z","Azure Monitor","israelcentral","INR","300 GB Commitment Tier Capacity Reservation","300","1/Day","58058.127","2023-08-15T00:00:00.000Z","293.4782","193.5271"
"2024-06-02T06:10:06.668Z","Azure Monitor","israelcentral","INR","400 GB Commitment Tier Capacity Reservation","400","1/Day","75690.5952","2023-08-15T00:00:00.000Z","391.1111","189.2265"
"2024-06-02T06:10:06.668Z","Azure Monitor","israelcentral","INR","500 GB Commitment Tier Capacity Reservation","500","1/Day","93000.5182","2023-08-15T00:00:00.000Z","491.4772","186.001"
"2024-06-02T06:10:06.668Z","Azure Monitor","israelcentral","INR","1000 GB Commitment Tier Capacity Reservation","1000","1/Day","182775.585","2023-08-15T00:00:00.000Z","982.6592","182.7756"
"2024-06-02T06:10:06.668Z","Azure Monitor","israelcentral","INR","2000 GB Commitment Tier Capacity Reservation","2000","1/Day","356949.966","2023-08-15T00:00:00.000Z","1952.941","178.475"
"2024-06-02T06:10:06.668Z","Azure Monitor","israelcentral","INR","5000 GB Commitment Tier Capacity Reservation","5000","1/Day","865496.1525","2023-08-15T00:00:00.000Z","4849.3971","173.0992"
"2024-07-01T06:11:21.244Z","Azure Monitor","israelcentral","INR","Pay-as-you-go Data Ingestion","Pay-as-you-go","1 GB","274.9823","2023-08-15T00:00:00.000Z","0","274.9823"
"2024-07-01T06:11:21.244Z","Azure Monitor","israelcentral","INR","100 GB Commitment Tier Capacity Reservation","100","1/Day","21132.6833","2023-08-15T00:00:00.000Z","76.8511","211.3268"
"2024-07-01T06:11:21.244Z","Azure Monitor","israelcentral","INR","200 GB Commitment Tier Capacity Reservation","200","1/Day","39677.691","2023-08-15T00:00:00.000Z","187.7551","198.3885"
"2024-07-01T06:11:21.244Z","Azure Monitor","israelcentral","INR","300 GB Commitment Tier Capacity Reservation","300","1/Day","58222.6988","2023-08-15T00:00:00.000Z","293.4782","194.0757"
"2024-07-01T06:11:21.244Z","Azure Monitor","israelcentral","INR","400 GB Commitment Tier Capacity Reservation","400","1/Day","75905.148","2023-08-15T00:00:00.000Z","391.111","189.7629"
"2024-07-01T06:11:21.244Z","Azure Monitor","israelcentral","INR","500 GB Commitment Tier Capacity Reservation","500","1/Day","93264.1378","2023-08-15T00:00:00.000Z","491.4772","186.5283"
"2024-07-01T06:11:21.244Z","Azure Monitor","israelcentral","INR","1000 GB Commitment Tier Capacity Reservation","1000","1/Day","183293.6813","2023-08-15T00:00:00.000Z","982.6588","183.2937"
"2024-07-01T06:11:21.244Z","Azure Monitor","israelcentral","INR","2000 GB Commitment Tier Capacity Reservation","2000","1/Day","357961.7775","2023-08-15T00:00:00.000Z","1952.941","178.9809"
"2024-07-01T06:11:21.244Z","Azure Monitor","israelcentral","INR","5000 GB Commitment Tier Capacity Reservation","5000","1/Day","867949.4906","2023-08-15T00:00:00.000Z","4849.3973","173.5899"
"2024-08-02T06:11:10.559Z","Azure Monitor","israelcentral","INR","Pay-as-you-go Data Ingestion","Pay-as-you-go","1 GB","275.5005","2023-08-15T00:00:00.000Z","0","275.5005"
"2024-08-02T06:11:10.559Z","Azure Monitor","israelcentral","INR","100 GB Commitment Tier Capacity Reservation","100","1/Day","21172.5055","2023-08-15T00:00:00.000Z","76.8511","211.7251"
"2024-08-02T06:11:10.559Z","Azure Monitor","israelcentral","INR","200 GB Commitment Tier Capacity Reservation","200","1/Day","39752.4594","2023-08-15T00:00:00.000Z","187.7551","198.7623"
"2024-08-02T06:11:10.559Z","Azure Monitor","israelcentral","INR","300 GB Commitment Tier Capacity Reservation","300","1/Day","58332.4132","2023-08-15T00:00:00.000Z","293.4783","194.4414"
"2024-08-02T06:11:10.559Z","Azure Monitor","israelcentral","INR","400 GB Commitment Tier Capacity Reservation","400","1/Day","76048.1832","2023-08-15T00:00:00.000Z","391.1111","190.1205"
"2024-08-02T06:11:10.559Z","Azure Monitor","israelcentral","INR","500 GB Commitment Tier Capacity Reservation","500","1/Day","93439.8842","2023-08-15T00:00:00.000Z","491.4772","186.8798"
"2024-08-02T06:11:10.559Z","Azure Monitor","israelcentral","INR","1000 GB Commitment Tier Capacity Reservation","1000","1/Day","183639.0787","2023-08-15T00:00:00.000Z","982.6588","183.6391"
"2024-08-02T06:11:10.559Z","Azure Monitor","israelcentral","INR","2000 GB Commitment Tier Capacity Reservation","2000","1/Day","358636.3185","2023-08-15T00:00:00.000Z","1952.9410","179.3182"
"2024-08-02T06:11:10.559Z","Azure Monitor","israelcentral","INR","5000 GB Commitment Tier Capacity Reservation","5000","1/Day","869585.0494","2023-08-15T00:00:00.000Z","4849.3965","173.9170"
