"TimeGenerated","ServiceName","ArmRegionName","CurrencyCode","MeterName","Tier","UnitOfMeasure","RetailPrice","EffectiveStartDate","EffectiveCommitmentTierThresholdGB","EffectivePricePerGB"
"2023-08-16T06:10:02.326Z","Azure Monitor","israelcentral","SEK","Pay-as-you-go Data Ingestion","Pay-as-you-go","1 GB","34.5082","2023-08-15T00:00:00.000Z","0","34.5082"
"2023-08-16T06:10:02.326Z","Azure Monitor","israelcentral","SEK","100 GB Commitment Tier Capacity Reservation","100","1/Day","2651.9882","2023-08-15T00:00:00.000Z","76.851","26.5199"
"2023-08-16T06:10:02.326Z","Azure Monitor","israelcentral","SEK","200 GB Commitment Tier Capacity Reservation","200","1/Day","4979.2431","2023-08-15T00:00:00.000Z","187.755","24.8962"
"2023-08-16T06:10:02.326Z","Azure Monitor","israelcentral","SEK","300 GB Commitment Tier Capacity Reservation","300","1/Day","7306.4981","2023-08-15T00:00:00.000Z","293.4784","24.355"
"2023-08-16T06:10:02.326Z","Azure Monitor","israelcentral","SEK","400 GB Commitment Tier Capacity Reservation","400","1/Day","9525.5086","2023-08-15T00:00:00.000Z","391.111","23.8138"
"2023-08-16T06:10:02.326Z","Azure Monitor","israelcentral","SEK","500 GB Commitment Tier Capacity Reservation","500","1/Day","11703.9275","2023-08-15T00:00:00.000Z","491.4767","23.4079"
"2023-08-16T06:10:02.326Z","Azure Monitor","israelcentral","SEK","1000 GB Commitment Tier Capacity Reservation","1000","1/Day","23001.9384","2023-08-15T00:00:00.000Z","982.6571","23.0019"
"2023-08-16T06:10:02.326Z","Azure Monitor","israelcentral","SEK","2000 GB Commitment Tier Capacity Reservation","2000","1/Day","44921.4326","2023-08-15T00:00:00.000Z","1952.9444","22.4607"
"2023-08-16T06:10:02.326Z","Azure Monitor","israelcentral","SEK","5000 GB Commitment Tier Capacity Reservation","5000","1/Day","108920.9436","2023-08-15T00:00:00.000Z","4849.4011","21.7842"
"2023-09-02T06:07:00.316Z","Azure Monitor","israelcentral","SEK","Pay-as-you-go Data Ingestion","Pay-as-you-go","1 GB","36.0627","2023-08-15T00:00:00.000Z","0","36.0627"
"2023-09-02T06:07:00.316Z","Azure Monitor","israelcentral","SEK","100 GB Commitment Tier Capacity Reservation","100","1/Day","2771.4551","2023-08-15T00:00:00.000Z","76.851","27.7146"
"2023-09-02T06:07:00.316Z","Azure Monitor","israelcentral","SEK","200 GB Commitment Tier Capacity Reservation","200","1/Day","5203.5483","2023-08-15T00:00:00.000Z","187.7548","26.0177"
"2023-09-02T06:07:00.316Z","Azure Monitor","israelcentral","SEK","300 GB Commitment Tier Capacity Reservation","300","1/Day","7635.6416","2023-08-15T00:00:00.000Z","293.4787","25.4521"
"2023-09-02T06:07:00.316Z","Azure Monitor","israelcentral","SEK","400 GB Commitment Tier Capacity Reservation","400","1/Day","9954.6142","2023-08-15T00:00:00.000Z","391.1117","24.8865"
"2023-09-02T06:07:00.316Z","Azure Monitor","israelcentral","SEK","500 GB Commitment Tier Capacity Reservation","500","1/Day","12231.1666","2023-08-15T00:00:00.000Z","491.478","24.4623"
"2023-09-02T06:07:00.316Z","Azure Monitor","israelcentral","SEK","1000 GB Commitment Tier Capacity Reservation","1000","1/Day","24038.1309","2023-08-15T00:00:00.000Z","982.6603","24.0381"
"2023-09-02T06:07:00.316Z","Azure Monitor","israelcentral","SEK","2000 GB Commitment Tier Capacity Reservation","2000","1/Day","46945.0556","2023-08-15T00:00:00.000Z","1952.9437","23.4725"
"2023-09-02T06:07:00.316Z","Azure Monitor","israelcentral","SEK","5000 GB Commitment Tier Capacity Reservation","5000","1/Day","113827.6198","2023-08-15T00:00:00.000Z","4849.4033","22.7655"
"2023-10-02T06:08:46.154Z","Azure Monitor","israelcentral","SEK","Pay-as-you-go Data Ingestion","Pay-as-you-go","1 GB","36.2272","2023-08-15T00:00:00.000Z","0","36.2272"
"2023-10-02T06:08:46.154Z","Azure Monitor","israelcentral","SEK","100 GB Commitment Tier Capacity Reservation","100","1/Day","2784.0971","2023-08-15T00:00:00.000Z","76.851","27.841"
"2023-10-02T06:08:46.154Z","Azure Monitor","israelcentral","SEK","200 GB Commitment Tier Capacity Reservation","200","1/Day","5227.2843","2023-08-15T00:00:00.000Z","187.7549","26.1364"
"2023-10-02T06:08:46.154Z","Azure Monitor","israelcentral","SEK","300 GB Commitment Tier Capacity Reservation","300","1/Day","7670.4716","2023-08-15T00:00:00.000Z","293.4785","25.5682"
"2023-10-02T06:08:46.154Z","Azure Monitor","israelcentral","SEK","400 GB Commitment Tier Capacity Reservation","400","1/Day","10000.0222","2023-08-15T00:00:00.000Z","391.1117","25.0001"
"2023-10-02T06:08:46.154Z","Azure Monitor","israelcentral","SEK","500 GB Commitment Tier Capacity Reservation","500","1/Day","12286.9591","2023-08-15T00:00:00.000Z","491.4764","24.5739"
"2023-10-02T06:08:46.154Z","Azure Monitor","israelcentral","SEK","1000 GB Commitment Tier Capacity Reservation","1000","1/Day","24147.7809","2023-08-15T00:00:00.000Z","982.6597","24.1478"
"2023-10-02T06:08:46.154Z","Azure Monitor","israelcentral","SEK","2000 GB Commitment Tier Capacity Reservation","2000","1/Day","47159.1956","2023-08-15T00:00:00.000Z","1952.9396","23.5796"
"2023-10-02T06:08:46.154Z","Azure Monitor","israelcentral","SEK","5000 GB Commitment Tier Capacity Reservation","5000","1/Day","114346.8448","2023-08-15T00:00:00.000Z","4849.3971","22.8694"
"2023-11-02T06:08:26.681Z","Azure Monitor","israelcentral","SEK","Pay-as-you-go Data Ingestion","Pay-as-you-go","1 GB","36.604","2023-08-15T00:00:00.000Z","0","36.604"
"2023-11-02T06:08:26.681Z","Azure Monitor","israelcentral","SEK","100 GB Commitment Tier Capacity Reservation","100","1/Day","2813.0599","2023-08-15T00:00:00.000Z","76.8512","28.1306"
"2023-11-02T06:08:26.681Z","Azure Monitor","israelcentral","SEK","200 GB Commitment Tier Capacity Reservation","200","1/Day","5281.6635","2023-08-15T00:00:00.000Z","187.7551","26.4083"
"2023-11-02T06:08:26.681Z","Azure Monitor","israelcentral","SEK","300 GB Commitment Tier Capacity Reservation","300","1/Day","7750.2671","2023-08-15T00:00:00.000Z","293.4785","25.8342"
"2023-11-02T06:08:26.681Z","Azure Monitor","israelcentral","SEK","400 GB Commitment Tier Capacity Reservation","400","1/Day","10104.0519","2023-08-15T00:00:00.000Z","391.1115","25.2601"
"2023-11-02T06:08:26.681Z","Azure Monitor","israelcentral","SEK","500 GB Commitment Tier Capacity Reservation","500","1/Day","12414.7797","2023-08-15T00:00:00.000Z","491.4779","24.8296"
"2023-11-02T06:08:26.681Z","Azure Monitor","israelcentral","SEK","1000 GB Commitment Tier Capacity Reservation","1000","1/Day","24398.989","2023-08-15T00:00:00.000Z","982.6574","24.399"
"2023-11-02T06:08:26.681Z","Azure Monitor","israelcentral","SEK","2000 GB Commitment Tier Capacity Reservation","2000","1/Day","47649.7904","2023-08-15T00:00:00.000Z","1952.9403","23.8249"
"2023-11-02T06:08:26.681Z","Azure Monitor","israelcentral","SEK","5000 GB Commitment Tier Capacity Reservation","5000","1/Day","115536.3893","2023-08-15T00:00:00.000Z","4849.3966","23.1073"
"2023-12-02T06:07:58.693Z","Azure Monitor","israelcentral","SEK","Pay-as-you-go Data Ingestion","Pay-as-you-go","1 GB","34.1418","2023-08-15T00:00:00.000Z","0","34.1418"
"2023-12-02T06:07:58.693Z","Azure Monitor","israelcentral","SEK","100 GB Commitment Tier Capacity Reservation","100","1/Day","2623.8345","2023-08-15T00:00:00.000Z","76.8511","26.2383"
"2023-12-02T06:07:58.693Z","Azure Monitor","israelcentral","SEK","200 GB Commitment Tier Capacity Reservation","200","1/Day","4926.3831","2023-08-15T00:00:00.000Z","187.7554","24.6319"
"2023-12-02T06:07:58.693Z","Azure Monitor","israelcentral","SEK","300 GB Commitment Tier Capacity Reservation","300","1/Day","7228.9317","2023-08-15T00:00:00.000Z","293.4784","24.0964"
"2023-12-02T06:07:58.693Z","Azure Monitor","israelcentral","SEK","400 GB Commitment Tier Capacity Reservation","400","1/Day","9424.385","2023-08-15T00:00:00.000Z","391.1117","23.561"
"2023-12-02T06:07:58.693Z","Azure Monitor","israelcentral","SEK","500 GB Commitment Tier Capacity Reservation","500","1/Day","11579.6776","2023-08-15T00:00:00.000Z","491.4765","23.1594"
"2023-12-02T06:07:58.693Z","Azure Monitor","israelcentral","SEK","1000 GB Commitment Tier Capacity Reservation","1000","1/Day","22757.7478","2023-08-15T00:00:00.000Z","982.6571","22.7577"
"2023-12-02T06:07:58.693Z","Azure Monitor","israelcentral","SEK","2000 GB Commitment Tier Capacity Reservation","2000","1/Day","44444.5429","2023-08-15T00:00:00.000Z","1952.9453","22.2223"
"2023-12-02T06:07:58.693Z","Azure Monitor","israelcentral","SEK","5000 GB Commitment Tier Capacity Reservation","5000","1/Day","107764.6295","2023-08-15T00:00:00.000Z","4849.3914","21.5529"
"2024-01-01T06:09:20.544Z","Azure Monitor","israelcentral","SEK","Pay-as-you-go Data Ingestion","Pay-as-you-go","1 GB","32.6363","2023-08-15T00:00:00.000Z","0","32.6363"
"2024-01-01T06:09:20.544Z","Azure Monitor","israelcentral","SEK","100 GB Commitment Tier Capacity Reservation","100","1/Day","2508.1349","2023-08-15T00:00:00.000Z","76.8511","25.0813"
"2024-01-01T06:09:20.544Z","Azure Monitor","israelcentral","SEK","200 GB Commitment Tier Capacity Reservation","200","1/Day","4709.1512","2023-08-15T00:00:00.000Z","187.7555","23.5458"
"2024-01-01T06:09:20.544Z","Azure Monitor","israelcentral","SEK","300 GB Commitment Tier Capacity Reservation","300","1/Day","6910.1675","2023-08-15T00:00:00.000Z","293.4777","23.0339"
"2024-01-01T06:09:20.544Z","Azure Monitor","israelcentral","SEK","400 GB Commitment Tier Capacity Reservation","400","1/Day","9008.811","2023-08-15T00:00:00.000Z","391.111","22.522"
"2024-01-01T06:09:20.544Z","Azure Monitor","israelcentral","SEK","500 GB Commitment Tier Capacity Reservation","500","1/Day","11069.0646","2023-08-15T00:00:00.000Z","491.4779","22.1381"
"2024-01-01T06:09:20.544Z","Azure Monitor","israelcentral","SEK","1000 GB Commitment Tier Capacity Reservation","1000","1/Day","21754.2311","2023-08-15T00:00:00.000Z","982.6603","21.7542"
"2024-01-01T06:09:20.544Z","Azure Monitor","israelcentral","SEK","2000 GB Commitment Tier Capacity Reservation","2000","1/Day","42484.7336","2023-08-15T00:00:00.000Z","1952.944","21.2424"
"2024-01-01T06:09:20.544Z","Azure Monitor","israelcentral","SEK","5000 GB Commitment Tier Capacity Reservation","5000","1/Day","103012.6823","2023-08-15T00:00:00.000Z","4849.39","20.6025"
"2024-02-02T06:08:03.849Z","Azure Monitor","israelcentral","SEK","Pay-as-you-go Data Ingestion","Pay-as-you-go","1 GB","34.4889","2023-08-15T00:00:00.000Z","0","34.4889"
"2024-02-02T06:08:03.849Z","Azure Monitor","israelcentral","SEK","100 GB Commitment Tier Capacity Reservation","100","1/Day","2650.5091","2023-08-15T00:00:00.000Z","76.8511","26.5051"
"2024-02-02T06:08:03.849Z","Azure Monitor","israelcentral","SEK","200 GB Commitment Tier Capacity Reservation","200","1/Day","4976.466","2023-08-15T00:00:00.000Z","187.755","24.8823"
"2024-02-02T06:08:03.849Z","Azure Monitor","israelcentral","SEK","300 GB Commitment Tier Capacity Reservation","300","1/Day","7302.423","2023-08-15T00:00:00.000Z","293.4786","24.3414"
"2024-02-02T06:08:03.849Z","Azure Monitor","israelcentral","SEK","400 GB Commitment Tier Capacity Reservation","400","1/Day","9520.1959","2023-08-15T00:00:00.000Z","391.1113","23.8005"
"2024-02-02T06:08:03.849Z","Azure Monitor","israelcentral","SEK","500 GB Commitment Tier Capacity Reservation","500","1/Day","11697.3998","2023-08-15T00:00:00.000Z","491.4771","23.3948"
"2024-02-02T06:08:03.849Z","Azure Monitor","israelcentral","SEK","1000 GB Commitment Tier Capacity Reservation","1000","1/Day","22989.1093","2023-08-15T00:00:00.000Z","982.6589","22.9891"
"2024-02-02T06:08:03.849Z","Azure Monitor","israelcentral","SEK","2000 GB Commitment Tier Capacity Reservation","2000","1/Day","44896.3783","2023-08-15T00:00:00.000Z","1952.942","22.4482"
"2024-02-02T06:08:03.849Z","Azure Monitor","israelcentral","SEK","5000 GB Commitment Tier Capacity Reservation","5000","1/Day","108860.1943","2023-08-15T00:00:00.000Z","4849.3952","21.772"
"2024-03-02T06:08:20.311Z","Azure Monitor","israelcentral","SEK","Pay-as-you-go Data Ingestion","Pay-as-you-go","1 GB","33.8826","2023-08-15T00:00:00.000Z","0","33.8826"
"2024-03-02T06:08:20.311Z","Azure Monitor","israelcentral","SEK","100 GB Commitment Tier Capacity Reservation","100","1/Day","2603.9107","2023-08-15T00:00:00.000Z","76.851","26.0391"
"2024-03-02T06:08:20.311Z","Azure Monitor","israelcentral","SEK","200 GB Commitment Tier Capacity Reservation","200","1/Day","4888.9751","2023-08-15T00:00:00.000Z","187.7551","24.4449"
"2024-03-02T06:08:20.311Z","Azure Monitor","israelcentral","SEK","300 GB Commitment Tier Capacity Reservation","300","1/Day","7174.0396","2023-08-15T00:00:00.000Z","293.478","23.9135"
"2024-03-02T06:08:20.311Z","Azure Monitor","israelcentral","SEK","400 GB Commitment Tier Capacity Reservation","400","1/Day","9352.822","2023-08-15T00:00:00.000Z","391.1105","23.3821"
"2024-03-02T06:08:20.311Z","Azure Monitor","israelcentral","SEK","500 GB Commitment Tier Capacity Reservation","500","1/Day","11491.7486","2023-08-15T00:00:00.000Z","491.4763","22.9835"
"2024-03-02T06:08:20.311Z","Azure Monitor","israelcentral","SEK","1000 GB Commitment Tier Capacity Reservation","1000","1/Day","22584.9395","2023-08-15T00:00:00.000Z","982.6588","22.5849"
"2024-03-02T06:08:20.311Z","Azure Monitor","israelcentral","SEK","2000 GB Commitment Tier Capacity Reservation","2000","1/Day","44107.0582","2023-08-15T00:00:00.000Z","1952.9446","22.0535"
"2024-03-02T06:08:20.311Z","Azure Monitor","israelcentral","SEK","5000 GB Commitment Tier Capacity Reservation","5000","1/Day","106946.3309","2023-08-15T00:00:00.000Z","4849.404","21.3893"
"2024-04-03T09:26:28.723Z","Azure Monitor","israelcentral","SEK","Pay-as-you-go Data Ingestion","Pay-as-you-go","1 GB","34.8019","2023-08-15T00:00:00.000Z","0","34.8019"
"2024-04-03T09:26:28.723Z","Azure Monitor","israelcentral","SEK","100 GB Commitment Tier Capacity Reservation","100","1/Day","2674.5668","2023-08-15T00:00:00.000Z","76.8512","26.7457"
"2024-04-03T09:26:28.723Z","Azure Monitor","israelcentral","SEK","200 GB Commitment Tier Capacity Reservation","200","1/Day","5021.6356","2023-08-15T00:00:00.000Z","187.7549","25.1082"
"2024-04-03T09:26:28.723Z","Azure Monitor","israelcentral","SEK","300 GB Commitment Tier Capacity Reservation","300","1/Day","7368.7045","2023-08-15T00:00:00.000Z","293.478","24.5623"
"2024-04-03T09:26:28.723Z","Azure Monitor","israelcentral","SEK","400 GB Commitment Tier Capacity Reservation","400","1/Day","9606.6073","2023-08-15T00:00:00.000Z","391.1119","24.0165"
"2024-04-03T09:26:28.723Z","Azure Monitor","israelcentral","SEK","500 GB Commitment Tier Capacity Reservation","500","1/Day","11803.5729","2023-08-15T00:00:00.000Z","491.4776","23.6071"
"2024-04-03T09:26:28.723Z","Azure Monitor","israelcentral","SEK","1000 GB Commitment Tier Capacity Reservation","1000","1/Day","23197.7733","2023-08-15T00:00:00.000Z","982.6609","23.1978"
"2024-04-03T09:26:28.723Z","Azure Monitor","israelcentral","SEK","2000 GB Commitment Tier Capacity Reservation","2000","1/Day","45303.8867","2023-08-15T00:00:00.000Z","1952.9389","22.6519"
"2024-04-03T09:26:28.723Z","Azure Monitor","israelcentral","SEK","5000 GB Commitment Tier Capacity Reservation","5000","1/Day","109848.2794","2023-08-15T00:00:00.000Z","4849.4069","21.9697"
"2024-05-02T06:08:49.743Z","Azure Monitor","israelcentral","SEK","Pay-as-you-go Data Ingestion","Pay-as-you-go","1 GB","36.0176","2023-08-15T00:00:00.000Z","0","36.0176"
"2024-05-02T06:08:49.743Z","Azure Monitor","israelcentral","SEK","100 GB Commitment Tier Capacity Reservation","100","1/Day","2767.9912","2023-08-15T00:00:00.000Z","76.8511","27.6799"
"2024-05-02T06:08:49.743Z","Azure Monitor","israelcentral","SEK","200 GB Commitment Tier Capacity Reservation","200","1/Day","5197.0447","2023-08-15T00:00:00.000Z","187.7552","25.9852"
"2024-05-02T06:08:49.743Z","Azure Monitor","israelcentral","SEK","300 GB Commitment Tier Capacity Reservation","300","1/Day","7626.0982","2023-08-15T00:00:00.000Z","293.4785","25.4203"
"2024-05-02T06:08:49.743Z","Azure Monitor","israelcentral","SEK","400 GB Commitment Tier Capacity Reservation","400","1/Day","9942.1724","2023-08-15T00:00:00.000Z","391.1115","24.8554"
"2024-05-02T06:08:49.743Z","Azure Monitor","israelcentral","SEK","500 GB Commitment Tier Capacity Reservation","500","1/Day","12215.8795","2023-08-15T00:00:00.000Z","491.4779","24.4318"
"2024-05-02T06:08:49.743Z","Azure Monitor","israelcentral","SEK","1000 GB Commitment Tier Capacity Reservation","1000","1/Day","24008.0868","2023-08-15T00:00:00.000Z","982.6573","24.0081"
"2024-05-02T06:08:49.743Z","Azure Monitor","israelcentral","SEK","2000 GB Commitment Tier Capacity Reservation","2000","1/Day","46886.3813","2023-08-15T00:00:00.000Z","1952.9401","23.4432"
"2024-05-02T06:08:49.743Z","Azure Monitor","israelcentral","SEK","5000 GB Commitment Tier Capacity Reservation","5000","1/Day","113685.3522","2023-08-15T00:00:00.000Z","4849.3957","22.7371"
"2024-06-01T06:08:37.725Z","Azure Monitor","israelcentral","SEK","Pay-as-you-go Data Ingestion","Pay-as-you-go","1 GB","35.0433","2023-08-15T00:00:00.000Z","0","35.0433"
"2024-06-01T06:08:37.725Z","Azure Monitor","israelcentral","SEK","100 GB Commitment Tier Capacity Reservation","100","1/Day","2693.1126","2023-08-15T00:00:00.000Z","76.851","26.9311"
"2024-06-01T06:08:37.725Z","Azure Monitor","israelcentral","SEK","200 GB Commitment Tier Capacity Reservation","200","1/Day","5056.4563","2023-08-15T00:00:00.000Z","187.7553","25.2823"
"2024-06-01T06:08:37.725Z","Azure Monitor","israelcentral","SEK","300 GB Commitment Tier Capacity Reservation","300","1/Day","7419.8001","2023-08-15T00:00:00.000Z","293.478","24.7327"
"2024-06-01T06:08:37.725Z","Azure Monitor","israelcentral","SEK","400 GB Commitment Tier Capacity Reservation","400","1/Day","9673.2208","2023-08-15T00:00:00.000Z","391.1106","24.1831"
"2024-06-01T06:08:37.725Z","Azure Monitor","israelcentral","SEK","500 GB Commitment Tier Capacity Reservation","500","1/Day","11885.4205","2023-08-15T00:00:00.000Z","491.4763","23.7708"
"2024-06-01T06:08:37.725Z","Azure Monitor","israelcentral","SEK","1000 GB Commitment Tier Capacity Reservation","1000","1/Day","23358.6298","2023-08-15T00:00:00.000Z","982.6607","23.3586"
"2024-06-01T06:08:37.725Z","Azure Monitor","israelcentral","SEK","2000 GB Commitment Tier Capacity Reservation","2000","1/Day","45618.0301","2023-08-15T00:00:00.000Z","1952.9437","22.809"
"2024-06-01T06:08:37.725Z","Azure Monitor","israelcentral","SEK","5000 GB Commitment Tier Capacity Reservation","5000","1/Day","110609.9825","2023-08-15T00:00:00.000Z","4849.4008","22.122"
"2024-07-01T06:11:21.244Z","Azure Monitor","israelcentral","SEK","Pay-as-you-go Data Ingestion","Pay-as-you-go","1 GB","34.7412","2023-08-15T00:00:00.000Z","0","34.7412"
"2024-07-01T06:11:21.244Z","Azure Monitor","israelcentral","SEK","100 GB Commitment Tier Capacity Reservation","100","1/Day","2669.9019","2023-08-15T00:00:00.000Z","76.8512","26.699"
"2024-07-01T06:11:21.244Z","Azure Monitor","israelcentral","SEK","200 GB Commitment Tier Capacity Reservation","200","1/Day","5012.877","2023-08-15T00:00:00.000Z","187.7552","25.0644"
"2024-07-01T06:11:21.244Z","Azure Monitor","israelcentral","SEK","300 GB Commitment Tier Capacity Reservation","300","1/Day","7355.8522","2023-08-15T00:00:00.000Z","293.4781","24.5195"
"2024-07-01T06:11:21.244Z","Azure Monitor","israelcentral","SEK","400 GB Commitment Tier Capacity Reservation","400","1/Day","9589.8517","2023-08-15T00:00:00.000Z","391.1112","23.9746"
"2024-07-01T06:11:21.244Z","Azure Monitor","israelcentral","SEK","500 GB Commitment Tier Capacity Reservation","500","1/Day","11782.9855","2023-08-15T00:00:00.000Z","491.4779","23.566"
"2024-07-01T06:11:21.244Z","Azure Monitor","israelcentral","SEK","1000 GB Commitment Tier Capacity Reservation","1000","1/Day","23157.3124","2023-08-15T00:00:00.000Z","982.6577","23.1573"
"2024-07-01T06:11:21.244Z","Azure Monitor","israelcentral","SEK","2000 GB Commitment Tier Capacity Reservation","2000","1/Day","45224.869","2023-08-15T00:00:00.000Z","1952.9422","22.6124"
"2024-07-01T06:11:21.244Z","Azure Monitor","israelcentral","SEK","5000 GB Commitment Tier Capacity Reservation","5000","1/Day","109656.6854","2023-08-15T00:00:00.000Z","4849.405","21.9313"
"2024-08-02T06:11:10.559Z","Azure Monitor","israelcentral","SEK","Pay-as-you-go Data Ingestion","Pay-as-you-go","1 GB","35.6299","2023-08-15T00:00:00.000Z","0","35.6299"
"2024-08-02T06:11:10.559Z","Azure Monitor","israelcentral","SEK","100 GB Commitment Tier Capacity Reservation","100","1/Day","2738.194","2023-08-15T00:00:00.000Z","76.8510","27.3819"
"2024-08-02T06:11:10.559Z","Azure Monitor","israelcentral","SEK","200 GB Commitment Tier Capacity Reservation","200","1/Day","5141.0989","2023-08-15T00:00:00.000Z","187.7554","25.7055"
"2024-08-02T06:11:10.559Z","Azure Monitor","israelcentral","SEK","300 GB Commitment Tier Capacity Reservation","300","1/Day","7544.0039","2023-08-15T00:00:00.000Z","293.4782","25.1467"
"2024-08-02T06:11:10.559Z","Azure Monitor","israelcentral","SEK","400 GB Commitment Tier Capacity Reservation","400","1/Day","9835.1458","2023-08-15T00:00:00.000Z","391.1108","24.5879"
"2024-08-02T06:11:10.559Z","Azure Monitor","israelcentral","SEK","500 GB Commitment Tier Capacity Reservation","500","1/Day","12084.3765","2023-08-15T00:00:00.000Z","491.4766","24.1688"
"2024-08-02T06:11:10.559Z","Azure Monitor","israelcentral","SEK","1000 GB Commitment Tier Capacity Reservation","1000","1/Day","23749.6418","2023-08-15T00:00:00.000Z","982.6571","23.7496"
"2024-08-02T06:11:10.559Z","Azure Monitor","israelcentral","SEK","2000 GB Commitment Tier Capacity Reservation","2000","1/Day","46381.6533","2023-08-15T00:00:00.000Z","1952.9446","23.1908"
"2024-08-02T06:11:10.559Z","Azure Monitor","israelcentral","SEK","5000 GB Commitment Tier Capacity Reservation","5000","1/Day","112461.5389","2023-08-15T00:00:00.000Z","4849.4032","22.4923"
