"TimeGenerated","ServiceName","ArmRegionName","CurrencyCode","MeterName","Tier","UnitOfMeasure","RetailPrice","EffectiveStartDate","EffectiveCommitmentTierThresholdGB","EffectivePricePerGB"
"2023-03-29T15:50:58.330Z","Azure Monitor","eastus2","GBP","Pay-as-you-go Data Ingestion","Pay-as-you-go","1 GB","2.3116","2018-02-01T00:00:00.000Z","0","2.3116"
"2023-03-29T15:50:58.330Z","Azure Monitor","eastus2","GBP","100 GB Commitment Tier Capacity Reservation","100","1/Day","164.1541","2019-11-01T00:00:00.000Z","71.0132","1.6415"
"2023-03-29T15:50:58.330Z","Azure Monitor","eastus2","GBP","200 GB Commitment Tier Capacity Reservation","200","1/Day","308.2077","2019-11-01T00:00:00.000Z","187.7598","1.541"
"2023-03-29T15:50:58.330Z","Azure Monitor","eastus2","GBP","300 GB Commitment Tier Capacity Reservation","300","1/Day","452.2613","2019-11-01T00:00:00.000Z","293.4856","1.5075"
"2023-03-29T15:50:58.330Z","Azure Monitor","eastus2","GBP","400 GB Commitment Tier Capacity Reservation","400","1/Day","589.6147","2019-11-01T00:00:00.000Z","391.1209","1.474"
"2023-03-29T15:50:58.330Z","Azure Monitor","eastus2","GBP","500 GB Commitment Tier Capacity Reservation","500","1/Day","724.4556","2019-11-01T00:00:00.000Z","491.4896","1.4489"
"2023-03-29T15:50:58.330Z","Azure Monitor","eastus2","GBP","1000 GB Commitment Tier Capacity Reservation","1000","1/Day","1423.7856","2021-06-01T02:00:00.000Z","982.6666","1.4238"
"2023-03-29T15:50:58.330Z","Azure Monitor","eastus2","GBP","2000 GB Commitment Tier Capacity Reservation","2000","1/Day","2780.5695","2021-06-01T02:00:00.000Z","1952.9214","1.3903"
"2023-03-29T15:50:58.330Z","Azure Monitor","eastus2","GBP","5000 GB Commitment Tier Capacity Reservation","5000","1/Day","6742.0436","2021-06-01T02:00:00.000Z","4849.3445","1.3484"
"2023-04-12T13:28:34.468Z","Azure Monitor","eastus2","GBP","Pay-as-you-go Data Ingestion","Pay-as-you-go","1 GB","2.242","2018-02-01T00:00:00.000Z","0","2.242"
"2023-04-12T13:28:34.468Z","Azure Monitor","eastus2","GBP","100 GB Commitment Tier Capacity Reservation","100","1/Day","159.2137","2019-11-01T00:00:00.000Z","71.0141","1.5921"
"2023-04-12T13:28:34.468Z","Azure Monitor","eastus2","GBP","200 GB Commitment Tier Capacity Reservation","200","1/Day","298.9318","2019-11-01T00:00:00.000Z","187.7594","1.4947"
"2023-04-12T13:28:34.468Z","Azure Monitor","eastus2","GBP","300 GB Commitment Tier Capacity Reservation","300","1/Day","438.6499","2019-11-01T00:00:00.000Z","293.4702","1.4622"
"2023-04-12T13:28:34.468Z","Azure Monitor","eastus2","GBP","400 GB Commitment Tier Capacity Reservation","400","1/Day","571.8695","2019-11-01T00:00:00.000Z","391.1021","1.4297"
"2023-04-12T13:28:34.468Z","Azure Monitor","eastus2","GBP","500 GB Commitment Tier Capacity Reservation","500","1/Day","702.6522","2019-11-01T00:00:00.000Z","491.4683","1.4053"
"2023-04-12T13:28:34.468Z","Azure Monitor","eastus2","GBP","1000 GB Commitment Tier Capacity Reservation","1000","1/Day","1380.935","2021-06-01T02:00:00.000Z","982.6621","1.3809"
"2023-04-12T13:28:34.468Z","Azure Monitor","eastus2","GBP","2000 GB Commitment Tier Capacity Reservation","2000","1/Day","2696.8848","2021-06-01T02:00:00.000Z","1952.9907","1.3484"
"2023-04-12T13:28:34.468Z","Azure Monitor","eastus2","GBP","5000 GB Commitment Tier Capacity Reservation","5000","1/Day","6539.1333","2021-06-01T02:00:00.000Z","4849.5501","1.3078"
"2023-05-02T08:07:40.927Z","Azure Monitor","eastus2","GBP","Pay-as-you-go Data Ingestion","Pay-as-you-go","1 GB","2.2135","2018-02-01T00:00:00.000Z","0","2.2135"
"2023-05-02T08:07:40.927Z","Azure Monitor","eastus2","GBP","100 GB Commitment Tier Capacity Reservation","100","1/Day","157.1898","2019-11-01T00:00:00.000Z","71.0141","1.5719"
"2023-05-02T08:07:40.927Z","Azure Monitor","eastus2","GBP","200 GB Commitment Tier Capacity Reservation","200","1/Day","295.1319","2019-11-01T00:00:00.000Z","187.7549","1.4757"
"2023-05-02T08:07:40.927Z","Azure Monitor","eastus2","GBP","300 GB Commitment Tier Capacity Reservation","300","1/Day","433.074","2019-11-01T00:00:00.000Z","293.4702","1.4436"
"2023-05-02T08:07:40.927Z","Azure Monitor","eastus2","GBP","400 GB Commitment Tier Capacity Reservation","400","1/Day","564.6002","2019-11-01T00:00:00.000Z","391.1057","1.4115"
"2023-05-02T08:07:40.927Z","Azure Monitor","eastus2","GBP","500 GB Commitment Tier Capacity Reservation","500","1/Day","693.7204","2019-11-01T00:00:00.000Z","491.4774","1.3874"
"2023-05-02T08:07:40.927Z","Azure Monitor","eastus2","GBP","1000 GB Commitment Tier Capacity Reservation","1000","1/Day","1363.3812","2021-06-01T02:00:00.000Z","982.6879","1.3634"
"2023-05-02T08:07:40.927Z","Azure Monitor","eastus2","GBP","2000 GB Commitment Tier Capacity Reservation","2000","1/Day","2662.6033","2021-06-01T02:00:00.000Z","1952.9143","1.3313"
"2023-05-02T08:07:40.927Z","Azure Monitor","eastus2","GBP","5000 GB Commitment Tier Capacity Reservation","5000","1/Day","6456.0109","2021-06-01T02:00:00.000Z","4849.4035","1.2912"
"2023-06-02T08:07:42.568Z","Azure Monitor","eastus2","GBP","Pay-as-you-go Data Ingestion","Pay-as-you-go","1 GB","2.238","2018-02-01T00:00:00.000Z","0","2.238"
"2023-06-02T08:07:42.568Z","Azure Monitor","eastus2","GBP","100 GB Commitment Tier Capacity Reservation","100","1/Day","158.9297","2019-11-01T00:00:00.000Z","71.0142","1.5893"
"2023-06-02T08:07:42.568Z","Azure Monitor","eastus2","GBP","200 GB Commitment Tier Capacity Reservation","200","1/Day","298.3985","2019-11-01T00:00:00.000Z","187.7547","1.492"
"2023-06-02T08:07:42.568Z","Azure Monitor","eastus2","GBP","300 GB Commitment Tier Capacity Reservation","300","1/Day","437.8674","2019-11-01T00:00:00.000Z","293.4768","1.4596"
"2023-06-02T08:07:42.568Z","Azure Monitor","eastus2","GBP","400 GB Commitment Tier Capacity Reservation","400","1/Day","570.8494","2019-11-01T00:00:00.000Z","391.0999","1.4271"
"2023-06-02T08:07:42.568Z","Azure Monitor","eastus2","GBP","500 GB Commitment Tier Capacity Reservation","500","1/Day","701.3987","2019-11-01T00:00:00.000Z","491.4853","1.4028"
"2023-06-02T08:07:42.568Z","Azure Monitor","eastus2","GBP","1000 GB Commitment Tier Capacity Reservation","1000","1/Day","1378.4715","2021-06-01T02:00:00.000Z","982.6572","1.3785"
"2023-06-02T08:07:42.568Z","Azure Monitor","eastus2","GBP","2000 GB Commitment Tier Capacity Reservation","2000","1/Day","2692.0738","2021-06-01T02:00:00.000Z","1952.9008","1.346"
"2023-06-02T08:07:42.568Z","Azure Monitor","eastus2","GBP","5000 GB Commitment Tier Capacity Reservation","5000","1/Day","6527.4681","2021-06-01T02:00:00.000Z","4849.5305","1.3055"
"2023-07-07T06:09:02.036Z","Azure Monitor","eastus2","GBP","Pay-as-you-go Data Ingestion","Pay-as-you-go","1 GB","2.1885","2018-02-01T00:00:00.000Z","0","2.1885"
"2023-07-07T06:09:02.036Z","Azure Monitor","eastus2","GBP","100 GB Commitment Tier Capacity Reservation","100","1/Day","155.4137","2019-11-01T00:00:00.000Z","71.0138","1.5541"
"2023-07-07T06:09:02.036Z","Azure Monitor","eastus2","GBP","200 GB Commitment Tier Capacity Reservation","200","1/Day","291.7972","2019-11-01T00:00:00.000Z","187.7596","1.459"
"2023-07-07T06:09:02.036Z","Azure Monitor","eastus2","GBP","300 GB Commitment Tier Capacity Reservation","300","1/Day","428.1806","2019-11-01T00:00:00.000Z","293.4754","1.4273"
"2023-07-07T06:09:02.036Z","Azure Monitor","eastus2","GBP","400 GB Commitment Tier Capacity Reservation","400","1/Day","558.2207","2019-11-01T00:00:00.000Z","391.1026","1.3956"
"2023-07-07T06:09:02.036Z","Azure Monitor","eastus2","GBP","500 GB Commitment Tier Capacity Reservation","500","1/Day","685.8819","2019-11-01T00:00:00.000Z","491.4602","1.3718"
"2023-07-07T06:09:02.036Z","Azure Monitor","eastus2","GBP","1000 GB Commitment Tier Capacity Reservation","1000","1/Day","1347.9761","2021-06-01T00:00:00.000Z","982.6331","1.348"
"2023-07-07T06:09:02.036Z","Azure Monitor","eastus2","GBP","2000 GB Commitment Tier Capacity Reservation","2000","1/Day","2632.5179","2021-06-01T00:00:00.000Z","1952.9065","1.3163"
"2023-07-07T06:09:02.036Z","Azure Monitor","eastus2","GBP","5000 GB Commitment Tier Capacity Reservation","5000","1/Day","6383.0631","2021-06-01T00:00:00.000Z","4849.2464","1.2766"
"2023-08-01T06:08:30.007Z","Azure Monitor","eastus2","GBP","Pay-as-you-go Data Ingestion","Pay-as-you-go","1 GB","2.1482","2018-02-01T00:00:00.000Z","0","2.1482"
"2023-08-01T06:08:30.007Z","Azure Monitor","eastus2","GBP","100 GB Commitment Tier Capacity Reservation","100","1/Day","152.5529","2019-11-01T00:00:00.000Z","71.0143","1.5255"
"2023-08-01T06:08:30.007Z","Azure Monitor","eastus2","GBP","300 GB Commitment Tier Capacity Reservation","300","1/Day","420.2989","2019-11-01T00:00:00.000Z","288.0733","1.401"
"2023-08-01T06:08:30.007Z","Azure Monitor","eastus2","GBP","400 GB Commitment Tier Capacity Reservation","400","1/Day","547.9452","2019-11-01T00:00:00.000Z","391.1101","1.3699"
"2023-08-01T06:08:30.007Z","Azure Monitor","eastus2","GBP","500 GB Commitment Tier Capacity Reservation","500","1/Day","673.2565","2019-11-01T00:00:00.000Z","491.464","1.3465"
"2023-08-01T06:08:30.007Z","Azure Monitor","eastus2","GBP","1000 GB Commitment Tier Capacity Reservation","1000","1/Day","1323.1631","2021-06-01T00:00:00.000Z","982.6685","1.3232"
"2023-08-01T06:08:30.007Z","Azure Monitor","eastus2","GBP","2000 GB Commitment Tier Capacity Reservation","2000","1/Day","2584.0598","2021-06-01T00:00:00.000Z","1952.8868","1.292"
"2023-08-01T06:08:30.007Z","Azure Monitor","eastus2","GBP","5000 GB Commitment Tier Capacity Reservation","5000","1/Day","6265.5666","2021-06-01T00:00:00.000Z","4849.5098","1.2531"
"2023-08-02T06:09:03.844Z","Azure Monitor","eastus2","GBP","200 GB Commitment Tier Capacity Reservation","200","1/Day","286.4259","2019-11-01T00:00:00.000Z","187.7587","1.4321"
"2023-09-02T06:07:00.316Z","Azure Monitor","eastus2","GBP","Pay-as-you-go Data Ingestion","Pay-as-you-go","1 GB","2.1923","2018-02-01T00:00:00.000Z","0","2.1923"
"2023-09-02T06:07:00.316Z","Azure Monitor","eastus2","GBP","100 GB Commitment Tier Capacity Reservation","100","1/Day","155.6853","2019-11-01T00:00:00.000Z","71.0146","1.5569"
"2023-09-02T06:07:00.316Z","Azure Monitor","eastus2","GBP","200 GB Commitment Tier Capacity Reservation","200","1/Day","292.3071","2019-11-01T00:00:00.000Z","187.7494","1.4615"
"2023-09-02T06:07:00.316Z","Azure Monitor","eastus2","GBP","300 GB Commitment Tier Capacity Reservation","300","1/Day","428.9289","2019-11-01T00:00:00.000Z","293.4854","1.4298"
"2023-09-02T06:07:00.316Z","Azure Monitor","eastus2","GBP","400 GB Commitment Tier Capacity Reservation","400","1/Day","559.1962","2019-11-01T00:00:00.000Z","391.101","1.398"
"2023-09-02T06:07:00.316Z","Azure Monitor","eastus2","GBP","500 GB Commitment Tier Capacity Reservation","500","1/Day","687.0805","2019-11-01T00:00:00.000Z","491.4739","1.3742"
"2023-09-02T06:07:00.316Z","Azure Monitor","eastus2","GBP","1000 GB Commitment Tier Capacity Reservation","1000","1/Day","1350.3316","2021-06-01T00:00:00.000Z","982.6311","1.3503"
"2023-09-02T06:07:00.316Z","Azure Monitor","eastus2","GBP","2000 GB Commitment Tier Capacity Reservation","2000","1/Day","2637.1182","2021-06-01T00:00:00.000Z","1952.9869","1.3186"
"2023-09-02T06:07:00.316Z","Azure Monitor","eastus2","GBP","5000 GB Commitment Tier Capacity Reservation","5000","1/Day","6394.2174","2021-06-01T00:00:00.000Z","4849.2472","1.2788"
"2023-10-02T06:08:46.154Z","Azure Monitor","eastus2","GBP","Pay-as-you-go Data Ingestion","Pay-as-you-go","1 GB","2.2744","2018-02-01T00:00:00.000Z","0","2.2744"
"2023-10-02T06:08:46.154Z","Azure Monitor","eastus2","GBP","100 GB Commitment Tier Capacity Reservation","100","1/Day","161.5163","2019-11-01T00:00:00.000Z","71.0149","1.6152"
"2023-10-02T06:08:46.154Z","Azure Monitor","eastus2","GBP","200 GB Commitment Tier Capacity Reservation","200","1/Day","303.255","2019-11-01T00:00:00.000Z","187.7507","1.5163"
"2023-10-02T06:08:46.154Z","Azure Monitor","eastus2","GBP","300 GB Commitment Tier Capacity Reservation","300","1/Day","444.9938","2019-11-01T00:00:00.000Z","293.4735","1.4833"
"2023-10-02T06:08:46.154Z","Azure Monitor","eastus2","GBP","400 GB Commitment Tier Capacity Reservation","400","1/Day","580.1401","2019-11-01T00:00:00.000Z","391.1145","1.4504"
"2023-10-02T06:08:46.154Z","Azure Monitor","eastus2","GBP","500 GB Commitment Tier Capacity Reservation","500","1/Day","712.8142","2019-11-01T00:00:00.000Z","491.4604","1.4256"
"2023-10-02T06:08:46.154Z","Azure Monitor","eastus2","GBP","1000 GB Commitment Tier Capacity Reservation","1000","1/Day","1400.9065","2021-06-01T00:00:00.000Z","982.6785","1.4009"
"2023-10-02T06:08:46.154Z","Azure Monitor","eastus2","GBP","2000 GB Commitment Tier Capacity Reservation","2000","1/Day","2735.8879","2021-06-01T00:00:00.000Z","1952.9502","1.3679"
"2023-10-02T06:08:46.154Z","Azure Monitor","eastus2","GBP","5000 GB Commitment Tier Capacity Reservation","5000","1/Day","6633.7042","2021-06-01T00:00:00.000Z","4849.5535","1.3267"
"2023-11-01T06:08:41.407Z","Azure Monitor","eastus2","GBP","Pay-as-you-go Data Ingestion","Pay-as-you-go","1 GB","2.2726","2018-02-01T00:00:00.000Z","0","2.2726"
"2023-11-01T06:08:41.407Z","Azure Monitor","eastus2","GBP","100 GB Commitment Tier Capacity Reservation","100","1/Day","161.3899","2019-11-01T00:00:00.000Z","71.0155","1.6139"
"2023-11-01T06:08:41.407Z","Azure Monitor","eastus2","GBP","200 GB Commitment Tier Capacity Reservation","200","1/Day","303.0178","2019-11-01T00:00:00.000Z","187.755","1.5151"
"2023-11-01T06:08:41.407Z","Azure Monitor","eastus2","GBP","300 GB Commitment Tier Capacity Reservation","300","1/Day","444.6457","2019-11-01T00:00:00.000Z","293.4761","1.4822"
"2023-11-01T06:08:41.407Z","Azure Monitor","eastus2","GBP","400 GB Commitment Tier Capacity Reservation","400","1/Day","579.6863","2019-11-01T00:00:00.000Z","391.0986","1.4492"
"2023-11-01T06:08:41.407Z","Azure Monitor","eastus2","GBP","500 GB Commitment Tier Capacity Reservation","500","1/Day","712.2566","2019-11-01T00:00:00.000Z","491.4826","1.4245"
"2023-11-01T06:08:41.407Z","Azure Monitor","eastus2","GBP","1000 GB Commitment Tier Capacity Reservation","1000","1/Day","1399.8106","2021-06-01T00:00:00.000Z","982.668","1.3998"
"2023-11-01T06:08:41.407Z","Azure Monitor","eastus2","GBP","2000 GB Commitment Tier Capacity Reservation","2000","1/Day","2733.7478","2021-06-01T00:00:00.000Z","1952.956","1.3669"
"2023-11-01T06:08:41.407Z","Azure Monitor","eastus2","GBP","5000 GB Commitment Tier Capacity Reservation","5000","1/Day","6628.515","2021-06-01T00:00:00.000Z","4849.305","1.3257"
"2023-12-02T06:07:58.693Z","Azure Monitor","eastus2","GBP","Pay-as-you-go Data Ingestion","Pay-as-you-go","1 GB","2.1762","2018-02-01T00:00:00.000Z","0","2.1762"
"2023-12-02T06:07:58.693Z","Azure Monitor","eastus2","GBP","100 GB Commitment Tier Capacity Reservation","100","1/Day","154.5437","2019-11-01T00:00:00.000Z","71.0154","1.5454"
"2023-12-02T06:07:58.693Z","Azure Monitor","eastus2","GBP","200 GB Commitment Tier Capacity Reservation","200","1/Day","290.1636","2019-11-01T00:00:00.000Z","187.7595","1.4508"
"2023-12-02T06:07:58.693Z","Azure Monitor","eastus2","GBP","300 GB Commitment Tier Capacity Reservation","300","1/Day","425.7836","2019-11-01T00:00:00.000Z","293.4819","1.4193"
"2023-12-02T06:07:58.693Z","Azure Monitor","eastus2","GBP","400 GB Commitment Tier Capacity Reservation","400","1/Day","555.0956","2019-11-01T00:00:00.000Z","391.1052","1.3877"
"2023-12-02T06:07:58.693Z","Azure Monitor","eastus2","GBP","500 GB Commitment Tier Capacity Reservation","500","1/Day","682.0422","2019-11-01T00:00:00.000Z","491.4911","1.3641"
"2023-12-02T06:07:58.693Z","Azure Monitor","eastus2","GBP","1000 GB Commitment Tier Capacity Reservation","1000","1/Day","1340.4297","2021-06-01T00:00:00.000Z","982.6477","1.3404"
"2023-12-02T06:07:58.693Z","Azure Monitor","eastus2","GBP","2000 GB Commitment Tier Capacity Reservation","2000","1/Day","2617.7804","2021-06-01T00:00:00.000Z","1952.9845","1.3089"
"2023-12-02T06:07:58.693Z","Azure Monitor","eastus2","GBP","5000 GB Commitment Tier Capacity Reservation","5000","1/Day","6347.329","2021-06-01T00:00:00.000Z","4849.3613","1.2695"
"2024-01-02T06:08:37.104Z","Azure Monitor","eastus2","GBP","Pay-as-you-go Data Ingestion","Pay-as-you-go","1 GB","2.1584","2018-02-01T00:00:00.000Z","0","2.1584"
"2024-01-02T06:08:37.104Z","Azure Monitor","eastus2","GBP","100 GB Commitment Tier Capacity Reservation","100","1/Day","153.2747","2019-11-01T00:00:00.000Z","71.0131","1.5327"
"2024-01-02T06:08:37.104Z","Azure Monitor","eastus2","GBP","200 GB Commitment Tier Capacity Reservation","200","1/Day","287.781","2019-11-01T00:00:00.000Z","187.7608","1.4389"
"2024-01-02T06:08:37.104Z","Azure Monitor","eastus2","GBP","300 GB Commitment Tier Capacity Reservation","300","1/Day","422.2874","2019-11-01T00:00:00.000Z","293.4793","1.4076"
"2024-01-02T06:08:37.104Z","Azure Monitor","eastus2","GBP","400 GB Commitment Tier Capacity Reservation","400","1/Day","550.5376","2019-11-01T00:00:00.000Z","391.1179","1.3763"
"2024-01-02T06:08:37.104Z","Azure Monitor","eastus2","GBP","500 GB Commitment Tier Capacity Reservation","500","1/Day","676.4418","2019-11-01T00:00:00.000Z","491.493","1.3529"
"2024-01-02T06:08:37.104Z","Azure Monitor","eastus2","GBP","1000 GB Commitment Tier Capacity Reservation","1000","1/Day","1329.4233","2021-06-01T00:00:00.000Z","982.6471","1.3294"
"2024-01-02T06:08:37.104Z","Azure Monitor","eastus2","GBP","2000 GB Commitment Tier Capacity Reservation","2000","1/Day","2596.2854","2021-06-01T00:00:00.000Z","1952.9753","1.2981"
"2024-01-02T06:08:37.104Z","Azure Monitor","eastus2","GBP","5000 GB Commitment Tier Capacity Reservation","5000","1/Day","6295.2102","2021-06-01T00:00:00.000Z","4849.5572","1.259"
"2024-02-02T06:08:03.849Z","Azure Monitor","eastus2","GBP","Pay-as-you-go Data Ingestion","Pay-as-you-go","1 GB","2.1769","2018-02-01T00:00:00.000Z","0","2.1769"
"2024-02-02T06:08:03.849Z","Azure Monitor","eastus2","GBP","100 GB Commitment Tier Capacity Reservation","100","1/Day","154.5924","2019-11-01T00:00:00.000Z","71.0149","1.5459"
"2024-02-02T06:08:03.849Z","Azure Monitor","eastus2","GBP","200 GB Commitment Tier Capacity Reservation","200","1/Day","290.2552","2019-11-01T00:00:00.000Z","187.7581","1.4513"
"2024-02-02T06:08:03.849Z","Azure Monitor","eastus2","GBP","300 GB Commitment Tier Capacity Reservation","300","1/Day","425.9179","2019-11-01T00:00:00.000Z","293.4734","1.4197"
"2024-02-02T06:08:03.849Z","Azure Monitor","eastus2","GBP","400 GB Commitment Tier Capacity Reservation","400","1/Day","555.2707","2019-11-01T00:00:00.000Z","391.1183","1.3882"
"2024-02-02T06:08:03.849Z","Azure Monitor","eastus2","GBP","500 GB Commitment Tier Capacity Reservation","500","1/Day","682.2574","2019-11-01T00:00:00.000Z","491.4691","1.3645"
"2024-02-02T06:08:03.849Z","Azure Monitor","eastus2","GBP","1000 GB Commitment Tier Capacity Reservation","1000","1/Day","1340.8526","2021-06-01T00:00:00.000Z","982.6695","1.3409"
"2024-02-02T06:08:03.849Z","Azure Monitor","eastus2","GBP","2000 GB Commitment Tier Capacity Reservation","2000","1/Day","2618.6063","2021-06-01T00:00:00.000Z","1952.8722","1.3093"
"2024-02-02T06:08:03.849Z","Azure Monitor","eastus2","GBP","5000 GB Commitment Tier Capacity Reservation","5000","1/Day","6349.3315","2021-06-01T00:00:00.000Z","4849.4092","1.2699"
"2024-03-02T06:08:20.311Z","Azure Monitor","eastus2","GBP","Pay-as-you-go Data Ingestion","Pay-as-you-go","1 GB","2.1761","2018-02-01T00:00:00.000Z","0","2.1761"
"2024-03-02T06:08:20.311Z","Azure Monitor","eastus2","GBP","100 GB Commitment Tier Capacity Reservation","100","1/Day","154.5315","2019-11-01T00:00:00.000Z","71.0131","1.5453"
"2024-03-02T06:08:20.311Z","Azure Monitor","eastus2","GBP","200 GB Commitment Tier Capacity Reservation","200","1/Day","290.1407","2019-11-01T00:00:00.000Z","187.7569","1.4507"
"2024-03-02T06:08:20.311Z","Azure Monitor","eastus2","GBP","300 GB Commitment Tier Capacity Reservation","300","1/Day","425.75","2019-11-01T00:00:00.000Z","293.479","1.4192"
"2024-03-02T06:08:20.311Z","Azure Monitor","eastus2","GBP","400 GB Commitment Tier Capacity Reservation","400","1/Day","555.0518","2019-11-01T00:00:00.000Z","391.1019","1.3876"
"2024-03-02T06:08:20.311Z","Azure Monitor","eastus2","GBP","500 GB Commitment Tier Capacity Reservation","500","1/Day","681.9884","2019-11-01T00:00:00.000Z","491.4877","1.364"
"2024-03-02T06:08:20.311Z","Azure Monitor","eastus2","GBP","1000 GB Commitment Tier Capacity Reservation","1000","1/Day","1340.324","2021-06-01T00:00:00.000Z","982.6422","1.3403"
"2024-03-02T06:08:20.311Z","Azure Monitor","eastus2","GBP","2000 GB Commitment Tier Capacity Reservation","2000","1/Day","2617.574","2021-06-01T00:00:00.000Z","1952.9762","1.3088"
"2024-03-02T06:08:20.311Z","Azure Monitor","eastus2","GBP","5000 GB Commitment Tier Capacity Reservation","5000","1/Day","6346.8286","2021-06-01T00:00:00.000Z","4849.3495","1.2694"
"2024-04-03T09:26:28.723Z","Azure Monitor","eastus2","GBP","Pay-as-you-go Data Ingestion","Pay-as-you-go","1 GB","2.1855","2018-02-01T00:00:00.000Z","0","2.1855"
"2024-04-03T09:26:28.723Z","Azure Monitor","eastus2","GBP","100 GB Commitment Tier Capacity Reservation","100","1/Day","155.2045","2019-11-01T00:00:00.000Z","71.0156","1.552"
"2024-04-03T09:26:28.723Z","Azure Monitor","eastus2","GBP","200 GB Commitment Tier Capacity Reservation","200","1/Day","291.4044","2019-11-01T00:00:00.000Z","187.7606","1.457"
"2024-04-03T09:26:28.723Z","Azure Monitor","eastus2","GBP","300 GB Commitment Tier Capacity Reservation","300","1/Day","427.6042","2019-11-01T00:00:00.000Z","293.4826","1.4253"
"2024-04-03T09:26:28.723Z","Azure Monitor","eastus2","GBP","400 GB Commitment Tier Capacity Reservation","400","1/Day","557.4692","2019-11-01T00:00:00.000Z","391.1241","1.3937"
"2024-04-03T09:26:28.723Z","Azure Monitor","eastus2","GBP","500 GB Commitment Tier Capacity Reservation","500","1/Day","684.9586","2019-11-01T00:00:00.000Z","491.4677","1.3699"
"2024-04-03T09:26:28.723Z","Azure Monitor","eastus2","GBP","1000 GB Commitment Tier Capacity Reservation","1000","1/Day","1346.1615","2021-06-01T00:00:00.000Z","982.6714","1.3462"
"2024-04-03T09:26:28.723Z","Azure Monitor","eastus2","GBP","2000 GB Commitment Tier Capacity Reservation","2000","1/Day","2628.9741","2021-06-01T00:00:00.000Z","1952.8852","1.3145"
"2024-04-03T09:26:28.723Z","Azure Monitor","eastus2","GBP","5000 GB Commitment Tier Capacity Reservation","5000","1/Day","6374.4704","2021-06-01T00:00:00.000Z","4849.3499","1.2749"
"2024-05-02T06:08:49.743Z","Azure Monitor","eastus2","GBP","Pay-as-you-go Data Ingestion","Pay-as-you-go","1 GB","2.2148","2018-02-01T00:00:00.000Z","0","2.2148"
"2024-05-02T06:08:49.743Z","Azure Monitor","eastus2","GBP","100 GB Commitment Tier Capacity Reservation","100","1/Day","157.2844","2019-11-01T00:00:00.000Z","71.0152","1.5728"
"2024-05-02T06:08:49.743Z","Azure Monitor","eastus2","GBP","200 GB Commitment Tier Capacity Reservation","200","1/Day","295.3096","2019-11-01T00:00:00.000Z","187.7604","1.4765"
"2024-05-02T06:08:49.743Z","Azure Monitor","eastus2","GBP","300 GB Commitment Tier Capacity Reservation","300","1/Day","433.3347","2019-11-01T00:00:00.000Z","293.4878","1.4444"
"2024-05-02T06:08:49.743Z","Azure Monitor","eastus2","GBP","400 GB Commitment Tier Capacity Reservation","400","1/Day","564.94","2019-11-01T00:00:00.000Z","391.1243","1.4124"
"2024-05-02T06:08:49.743Z","Azure Monitor","eastus2","GBP","500 GB Commitment Tier Capacity Reservation","500","1/Day","694.1379","2019-11-01T00:00:00.000Z","491.4599","1.3883"
"2024-05-02T06:08:49.743Z","Azure Monitor","eastus2","GBP","1000 GB Commitment Tier Capacity Reservation","1000","1/Day","1364.2017","2021-06-01T00:00:00.000Z","982.6419","1.3642"
"2024-05-02T06:08:49.743Z","Azure Monitor","eastus2","GBP","2000 GB Commitment Tier Capacity Reservation","2000","1/Day","2664.2058","2021-06-01T00:00:00.000Z","1952.9437","1.3321"
"2024-05-02T06:08:49.743Z","Azure Monitor","eastus2","GBP","5000 GB Commitment Tier Capacity Reservation","5000","1/Day","6459.8965","2021-06-01T00:00:00.000Z","4849.4081","1.292"
"2024-06-02T06:10:06.668Z","Azure Monitor","eastus2","GBP","Pay-as-you-go Data Ingestion","Pay-as-you-go","1 GB","2.1707","2018-02-01T00:00:00.000Z","0","2.1707"
"2024-06-02T06:10:06.668Z","Azure Monitor","eastus2","GBP","100 GB Commitment Tier Capacity Reservation","100","1/Day","154.1547","2019-11-01T00:00:00.000Z","71.0161","1.5415"
"2024-06-02T06:10:06.668Z","Azure Monitor","eastus2","GBP","200 GB Commitment Tier Capacity Reservation","200","1/Day","289.4333","2019-11-01T00:00:00.000Z","187.7608","1.4472"
"2024-06-02T06:10:06.668Z","Azure Monitor","eastus2","GBP","300 GB Commitment Tier Capacity Reservation","300","1/Day","424.7119","2019-11-01T00:00:00.000Z","293.4715","1.4157"
"2024-06-02T06:10:06.668Z","Azure Monitor","eastus2","GBP","400 GB Commitment Tier Capacity Reservation","400","1/Day","553.6985","2019-11-01T00:00:00.000Z","391.1129","1.3842"
"2024-06-02T06:10:06.668Z","Azure Monitor","eastus2","GBP","500 GB Commitment Tier Capacity Reservation","500","1/Day","680.3256","2019-11-01T00:00:00.000Z","491.4937","1.3607"
"2024-06-02T06:10:06.668Z","Azure Monitor","eastus2","GBP","1000 GB Commitment Tier Capacity Reservation","1000","1/Day","1337.0561","2021-06-01T00:00:00.000Z","982.6237","1.3371"
"2024-06-02T06:10:06.668Z","Azure Monitor","eastus2","GBP","2000 GB Commitment Tier Capacity Reservation","2000","1/Day","2611.1919","2021-06-01T00:00:00.000Z","1952.877","1.3056"
"2024-06-02T06:10:06.668Z","Azure Monitor","eastus2","GBP","5000 GB Commitment Tier Capacity Reservation","5000","1/Day","6331.354","2021-06-01T00:00:00.000Z","4849.3827","1.2663"
"2024-07-01T06:11:21.244Z","Azure Monitor","eastus2","GBP","Pay-as-you-go Data Ingestion","Pay-as-you-go","1 GB","2.1864","2018-02-01T00:00:00.000Z","0","2.1864"
"2024-07-01T06:11:21.244Z","Azure Monitor","eastus2","GBP","100 GB Commitment Tier Capacity Reservation","100","1/Day","155.266","2019-11-01T00:00:00.000Z","71.0145","1.5527"
"2024-07-01T06:11:21.244Z","Azure Monitor","eastus2","GBP","200 GB Commitment Tier Capacity Reservation","200","1/Day","291.5198","2019-11-01T00:00:00.000Z","187.7502","1.4576"
"2024-07-01T06:11:21.244Z","Azure Monitor","eastus2","GBP","300 GB Commitment Tier Capacity Reservation","300","1/Day","427.7736","2019-11-01T00:00:00.000Z","293.478","1.4259"
"2024-07-01T06:11:21.244Z","Azure Monitor","eastus2","GBP","400 GB Commitment Tier Capacity Reservation","400","1/Day","557.69","2019-11-01T00:00:00.000Z","391.1144","1.3942"
"2024-07-01T06:11:21.244Z","Azure Monitor","eastus2","GBP","500 GB Commitment Tier Capacity Reservation","500","1/Day","685.2299","2019-11-01T00:00:00.000Z","491.4861","1.3705"
"2024-07-01T06:11:21.244Z","Azure Monitor","eastus2","GBP","1000 GB Commitment Tier Capacity Reservation","1000","1/Day","1346.6947","2021-06-01T00:00:00.000Z","982.6302","1.3467"
"2024-07-01T06:11:21.244Z","Azure Monitor","eastus2","GBP","2000 GB Commitment Tier Capacity Reservation","2000","1/Day","2630.0154","2021-06-01T00:00:00.000Z","1952.9334","1.315"
"2024-07-01T06:11:21.244Z","Azure Monitor","eastus2","GBP","5000 GB Commitment Tier Capacity Reservation","5000","1/Day","6376.9953","2021-06-01T00:00:00.000Z","4849.4261","1.2754"
"2024-08-02T06:11:10.559Z","Azure Monitor","eastus2","GBP","Pay-as-you-go Data Ingestion","Pay-as-you-go","1 GB","2.1484","2018-02-01T00:00:00.000Z","0","2.1484"
"2024-08-02T06:11:10.559Z","Azure Monitor","eastus2","GBP","100 GB Commitment Tier Capacity Reservation","100","1/Day","152.5707","2019-11-01T00:00:00.000Z","71.0160","1.5257"
"2024-08-02T06:11:10.559Z","Azure Monitor","eastus2","GBP","200 GB Commitment Tier Capacity Reservation","200","1/Day","286.4593","2019-11-01T00:00:00.000Z","187.7560","1.4323"
"2024-08-02T06:11:10.559Z","Azure Monitor","eastus2","GBP","300 GB Commitment Tier Capacity Reservation","300","1/Day","420.348","2019-11-01T00:00:00.000Z","293.4776","1.4012"
"2024-08-02T06:11:10.559Z","Azure Monitor","eastus2","GBP","400 GB Commitment Tier Capacity Reservation","400","1/Day","548.0092","2019-11-01T00:00:00.000Z","391.0999","1.3700"
"2024-08-02T06:11:10.559Z","Azure Monitor","eastus2","GBP","500 GB Commitment Tier Capacity Reservation","500","1/Day","673.3351","2019-11-01T00:00:00.000Z","491.4855","1.3467"
"2024-08-02T06:11:10.559Z","Azure Monitor","eastus2","GBP","1000 GB Commitment Tier Capacity Reservation","1000","1/Day","1323.3176","2021-06-01T00:00:00.000Z","982.6373","1.3233"
"2024-08-02T06:11:10.559Z","Azure Monitor","eastus2","GBP","2000 GB Commitment Tier Capacity Reservation","2000","1/Day","2584.3615","2021-06-01T00:00:00.000Z","1952.9672","1.2922"
"2024-08-02T06:11:10.559Z","Azure Monitor","eastus2","GBP","5000 GB Commitment Tier Capacity Reservation","5000","1/Day","6266.2982","2021-06-01T00:00:00.000Z","4849.3253","1.2533"
