"TimeGenerated","ServiceName","ArmRegionName","CurrencyCode","MeterName","Tier","UnitOfMeasure","RetailPrice","EffectiveStartDate","EffectiveCommitmentTierThresholdGB","EffectivePricePerGB"
"2023-03-29T15:50:58.330Z","Azure Monitor","japaneast","DKK","Pay-as-you-go Data Ingestion","Pay-as-you-go","1 GB","23.5851","2018-02-01T00:00:00.000Z","0","23.5851"
"2023-03-29T15:50:58.330Z","Azure Monitor","japaneast","DKK","100 GB Commitment Tier Capacity Reservation","100","1/Day","2006.8499","2019-11-01T00:00:00.000Z","85.0897","20.0685"
"2023-03-29T15:50:58.330Z","Azure Monitor","japaneast","DKK","200 GB Commitment Tier Capacity Reservation","200","1/Day","3767.963","2019-11-01T00:00:00.000Z","187.7551","18.8398"
"2023-03-29T15:50:58.330Z","Azure Monitor","japaneast","DKK","300 GB Commitment Tier Capacity Reservation","300","1/Day","5529.0762","2019-11-01T00:00:00.000Z","293.4785","18.4303"
"2023-03-29T15:50:58.330Z","Azure Monitor","japaneast","DKK","400 GB Commitment Tier Capacity Reservation","400","1/Day","7208.2771","2019-11-01T00:00:00.000Z","391.1101","18.0207"
"2023-03-29T15:50:58.330Z","Azure Monitor","japaneast","DKK","500 GB Commitment Tier Capacity Reservation","500","1/Day","8856.7609","2019-11-01T00:00:00.000Z","491.4771","17.7135"
"2023-03-29T15:50:58.330Z","Azure Monitor","japaneast","DKK","1000 GB Commitment Tier Capacity Reservation","1000","1/Day","17406.351","2021-06-01T02:00:00.000Z","982.6602","17.4064"
"2023-03-29T15:50:58.330Z","Azure Monitor","japaneast","DKK","2000 GB Commitment Tier Capacity Reservation","2000","1/Day","33993.5796","2021-06-01T02:00:00.000Z","1952.9357","16.9968"
"2023-03-29T15:50:58.330Z","Azure Monitor","japaneast","DKK","5000 GB Commitment Tier Capacity Reservation","5000","1/Day","82424.1915","2021-06-01T02:00:00.000Z","4849.3947","16.4848"
"2023-04-12T13:28:34.468Z","Azure Monitor","japaneast","DKK","Pay-as-you-go Data Ingestion","Pay-as-you-go","1 GB","22.973","2018-02-01T00:00:00.000Z","0","22.973"
"2023-04-12T13:28:34.468Z","Azure Monitor","japaneast","DKK","100 GB Commitment Tier Capacity Reservation","100","1/Day","1954.7702","2019-11-01T00:00:00.000Z","85.0899","19.5477"
"2023-04-12T13:28:34.468Z","Azure Monitor","japaneast","DKK","200 GB Commitment Tier Capacity Reservation","200","1/Day","3670.1808","2019-11-01T00:00:00.000Z","187.7551","18.3509"
"2023-04-12T13:28:34.468Z","Azure Monitor","japaneast","DKK","300 GB Commitment Tier Capacity Reservation","300","1/Day","5385.5914","2019-11-01T00:00:00.000Z","293.4783","17.952"
"2023-04-12T13:28:34.468Z","Azure Monitor","japaneast","DKK","400 GB Commitment Tier Capacity Reservation","400","1/Day","7021.2155","2019-11-01T00:00:00.000Z","391.1105","17.553"
"2023-04-12T13:28:34.468Z","Azure Monitor","japaneast","DKK","500 GB Commitment Tier Capacity Reservation","500","1/Day","8626.9196","2019-11-01T00:00:00.000Z","491.4784","17.2538"
"2023-04-12T13:28:34.468Z","Azure Monitor","japaneast","DKK","1000 GB Commitment Tier Capacity Reservation","1000","1/Day","16954.6397","2021-06-01T02:00:00.000Z","982.6612","16.9546"
"2023-04-12T13:28:34.468Z","Azure Monitor","japaneast","DKK","2000 GB Commitment Tier Capacity Reservation","2000","1/Day","33111.4141","2021-06-01T02:00:00.000Z","1952.9458","16.5557"
"2023-04-12T13:28:34.468Z","Azure Monitor","japaneast","DKK","5000 GB Commitment Tier Capacity Reservation","5000","1/Day","80285.2059","2021-06-01T02:00:00.000Z","4849.3997","16.057"
"2023-05-02T08:07:40.927Z","Azure Monitor","japaneast","DKK","Pay-as-you-go Data Ingestion","Pay-as-you-go","1 GB","22.5447","2018-02-01T00:00:00.000Z","0","22.5447"
"2023-05-02T08:07:40.927Z","Azure Monitor","japaneast","DKK","100 GB Commitment Tier Capacity Reservation","100","1/Day","1918.3216","2019-11-01T00:00:00.000Z","85.0897","19.1832"
"2023-05-02T08:07:40.927Z","Azure Monitor","japaneast","DKK","200 GB Commitment Tier Capacity Reservation","200","1/Day","3601.7466","2019-11-01T00:00:00.000Z","187.7553","18.0087"
"2023-05-02T08:07:40.927Z","Azure Monitor","japaneast","DKK","300 GB Commitment Tier Capacity Reservation","300","1/Day","5285.1717","2019-11-01T00:00:00.000Z","293.4788","17.6172"
"2023-05-02T08:07:40.927Z","Azure Monitor","japaneast","DKK","400 GB Commitment Tier Capacity Reservation","400","1/Day","6890.2979","2019-11-01T00:00:00.000Z","391.112","17.2257"
"2023-05-02T08:07:40.927Z","Azure Monitor","japaneast","DKK","500 GB Commitment Tier Capacity Reservation","500","1/Day","8466.0621","2019-11-01T00:00:00.000Z","491.4786","16.9321"
"2023-05-02T08:07:40.927Z","Azure Monitor","japaneast","DKK","1000 GB Commitment Tier Capacity Reservation","1000","1/Day","16638.5035","2021-06-01T02:00:00.000Z","982.6604","16.6385"
"2023-05-02T08:07:40.927Z","Azure Monitor","japaneast","DKK","2000 GB Commitment Tier Capacity Reservation","2000","1/Day","32494.0186","2021-06-01T02:00:00.000Z","1952.9416","16.247"
"2023-05-02T08:07:40.927Z","Azure Monitor","japaneast","DKK","5000 GB Commitment Tier Capacity Reservation","5000","1/Day","78788.2077","2021-06-01T02:00:00.000Z","4849.4004","15.7576"
"2023-06-02T08:07:42.568Z","Azure Monitor","japaneast","DKK","Pay-as-you-go Data Ingestion","Pay-as-you-go","1 GB","23.2404","2018-02-01T00:00:00.000Z","0","23.2404"
"2023-06-02T08:07:42.568Z","Azure Monitor","japaneast","DKK","100 GB Commitment Tier Capacity Reservation","100","1/Day","1977.5204","2019-11-01T00:00:00.000Z","85.0898","19.7752"
"2023-06-02T08:07:42.568Z","Azure Monitor","japaneast","DKK","200 GB Commitment Tier Capacity Reservation","200","1/Day","3712.8955","2019-11-01T00:00:00.000Z","187.7551","18.5645"
"2023-06-02T08:07:42.568Z","Azure Monitor","japaneast","DKK","300 GB Commitment Tier Capacity Reservation","300","1/Day","5448.2706","2019-11-01T00:00:00.000Z","293.4779","18.1609"
"2023-06-02T08:07:42.568Z","Azure Monitor","japaneast","DKK","400 GB Commitment Tier Capacity Reservation","400","1/Day","7102.9306","2019-11-01T00:00:00.000Z","391.1112","17.7573"
"2023-06-02T08:07:42.568Z","Azure Monitor","japaneast","DKK","500 GB Commitment Tier Capacity Reservation","500","1/Day","8727.3223","2019-11-01T00:00:00.000Z","491.478","17.4546"
"2023-06-02T08:07:42.568Z","Azure Monitor","japaneast","DKK","1000 GB Commitment Tier Capacity Reservation","1000","1/Day","17151.963","2021-06-01T02:00:00.000Z","982.6615","17.152"
"2023-06-02T08:07:42.568Z","Azure Monitor","japaneast","DKK","2000 GB Commitment Tier Capacity Reservation","2000","1/Day","33496.7748","2021-06-01T02:00:00.000Z","1952.937","16.7484"
"2023-06-02T08:07:42.568Z","Azure Monitor","japaneast","DKK","5000 GB Commitment Tier Capacity Reservation","5000","1/Day","81219.5895","2021-06-01T02:00:00.000Z","4849.3939","16.2439"
"2023-07-07T06:09:02.036Z","Azure Monitor","japaneast","DKK","Pay-as-you-go Data Ingestion","Pay-as-you-go","1 GB","22.8192","2018-02-01T00:00:00.000Z","0","22.8192"
"2023-07-07T06:09:02.036Z","Azure Monitor","japaneast","DKK","100 GB Commitment Tier Capacity Reservation","100","1/Day","1941.6828","2019-11-01T00:00:00.000Z","85.0899","19.4168"
"2023-07-07T06:09:02.036Z","Azure Monitor","japaneast","DKK","200 GB Commitment Tier Capacity Reservation","200","1/Day","3645.6086","2019-11-01T00:00:00.000Z","187.7554","18.228"
"2023-07-07T06:09:02.036Z","Azure Monitor","japaneast","DKK","300 GB Commitment Tier Capacity Reservation","300","1/Day","5349.5343","2019-11-01T00:00:00.000Z","293.4789","17.8318"
"2023-07-07T06:09:02.036Z","Azure Monitor","japaneast","DKK","400 GB Commitment Tier Capacity Reservation","400","1/Day","6974.2077","2019-11-01T00:00:00.000Z","391.1107","17.4355"
"2023-07-07T06:09:02.036Z","Azure Monitor","japaneast","DKK","500 GB Commitment Tier Capacity Reservation","500","1/Day","8569.1614","2019-11-01T00:00:00.000Z","491.4778","17.1383"
"2023-07-07T06:09:02.036Z","Azure Monitor","japaneast","DKK","1000 GB Commitment Tier Capacity Reservation","1000","1/Day","16841.1265","2021-06-01T00:00:00.000Z","982.6603","16.8411"
"2023-07-07T06:09:02.036Z","Azure Monitor","japaneast","DKK","2000 GB Commitment Tier Capacity Reservation","2000","1/Day","32889.7294","2021-06-01T00:00:00.000Z","1952.9442","16.4449"
"2023-07-07T06:09:02.036Z","Azure Monitor","japaneast","DKK","5000 GB Commitment Tier Capacity Reservation","5000","1/Day","79747.6873","2021-06-01T00:00:00.000Z","4849.3872","15.9495"
"2023-08-01T06:08:30.007Z","Azure Monitor","japaneast","DKK","Pay-as-you-go Data Ingestion","Pay-as-you-go","1 GB","22.6444","2018-02-01T00:00:00.000Z","0","22.6444"
"2023-08-01T06:08:30.007Z","Azure Monitor","japaneast","DKK","200 GB Commitment Tier Capacity Reservation","200","1/Day","3617.6746","2019-11-01T00:00:00.000Z","186.3167","18.0884"
"2023-08-01T06:08:30.007Z","Azure Monitor","japaneast","DKK","400 GB Commitment Tier Capacity Reservation","400","1/Day","6920.7688","2019-11-01T00:00:00.000Z","388.1139","17.3019"
"2023-08-01T06:08:30.007Z","Azure Monitor","japaneast","DKK","500 GB Commitment Tier Capacity Reservation","500","1/Day","8503.5014","2019-11-01T00:00:00.000Z","491.4779","17.007"
"2023-08-01T06:08:30.007Z","Azure Monitor","japaneast","DKK","1000 GB Commitment Tier Capacity Reservation","1000","1/Day","16712.0837","2021-06-01T00:00:00.000Z","982.6591","16.7121"
"2023-08-01T06:08:30.007Z","Azure Monitor","japaneast","DKK","2000 GB Commitment Tier Capacity Reservation","2000","1/Day","32637.7165","2021-06-01T00:00:00.000Z","1952.9393","16.3189"
"2023-08-01T06:08:30.007Z","Azure Monitor","japaneast","DKK","5000 GB Commitment Tier Capacity Reservation","5000","1/Day","79136.6319","2021-06-01T00:00:00.000Z","4849.3852","15.8273"
"2023-08-02T06:09:03.844Z","Azure Monitor","japaneast","DKK","100 GB Commitment Tier Capacity Reservation","100","1/Day","1926.8049","2019-11-01T00:00:00.000Z","85.0897","19.268"
"2023-08-02T06:09:03.844Z","Azure Monitor","japaneast","DKK","300 GB Commitment Tier Capacity Reservation","300","1/Day","5308.5442","2019-11-01T00:00:00.000Z","293.4778","17.6951"
"2023-09-02T06:07:00.316Z","Azure Monitor","japaneast","DKK","Pay-as-you-go Data Ingestion","Pay-as-you-go","1 GB","22.9904","2018-02-01T00:00:00.000Z","0","22.9904"
"2023-09-02T06:07:00.316Z","Azure Monitor","japaneast","DKK","100 GB Commitment Tier Capacity Reservation","100","1/Day","1956.2481","2019-11-01T00:00:00.000Z","85.0898","19.5625"
"2023-09-02T06:07:00.316Z","Azure Monitor","japaneast","DKK","200 GB Commitment Tier Capacity Reservation","200","1/Day","3672.9556","2019-11-01T00:00:00.000Z","187.7549","18.3648"
"2023-09-02T06:07:00.316Z","Azure Monitor","japaneast","DKK","300 GB Commitment Tier Capacity Reservation","300","1/Day","5389.663","2019-11-01T00:00:00.000Z","293.4779","17.9655"
"2023-09-02T06:07:00.316Z","Azure Monitor","japaneast","DKK","400 GB Commitment Tier Capacity Reservation","400","1/Day","7026.5237","2019-11-01T00:00:00.000Z","391.1121","17.5663"
"2023-09-02T06:07:00.316Z","Azure Monitor","japaneast","DKK","500 GB Commitment Tier Capacity Reservation","500","1/Day","8633.4417","2019-11-01T00:00:00.000Z","491.4775","17.2669"
"2023-09-02T06:07:00.316Z","Azure Monitor","japaneast","DKK","1000 GB Commitment Tier Capacity Reservation","1000","1/Day","16967.4577","2021-06-01T00:00:00.000Z","982.658","16.9675"
"2023-09-02T06:07:00.316Z","Azure Monitor","japaneast","DKK","2000 GB Commitment Tier Capacity Reservation","2000","1/Day","33136.4469","2021-06-01T00:00:00.000Z","1952.9363","16.5682"
"2023-09-02T06:07:00.316Z","Azure Monitor","japaneast","DKK","5000 GB Commitment Tier Capacity Reservation","5000","1/Day","80345.9029","2021-06-01T00:00:00.000Z","4849.4045","16.0692"
"2023-10-02T06:08:46.154Z","Azure Monitor","japaneast","DKK","Pay-as-you-go Data Ingestion","Pay-as-you-go","1 GB","23.6913","2018-02-01T00:00:00.000Z","0","23.6913"
"2023-10-02T06:08:46.154Z","Azure Monitor","japaneast","DKK","100 GB Commitment Tier Capacity Reservation","100","1/Day","2015.8874","2019-11-01T00:00:00.000Z","85.0898","20.1589"
"2023-10-02T06:08:46.154Z","Azure Monitor","japaneast","DKK","200 GB Commitment Tier Capacity Reservation","200","1/Day","3784.9315","2019-11-01T00:00:00.000Z","187.7549","18.9247"
"2023-10-02T06:08:46.154Z","Azure Monitor","japaneast","DKK","300 GB Commitment Tier Capacity Reservation","300","1/Day","5553.9756","2019-11-01T00:00:00.000Z","293.4776","18.5133"
"2023-10-02T06:08:46.154Z","Azure Monitor","japaneast","DKK","400 GB Commitment Tier Capacity Reservation","400","1/Day","7240.7386","2019-11-01T00:00:00.000Z","391.1101","18.1018"
"2023-10-02T06:08:46.154Z","Azure Monitor","japaneast","DKK","500 GB Commitment Tier Capacity Reservation","500","1/Day","8896.6461","2019-11-01T00:00:00.000Z","491.4785","17.7933"
"2023-10-02T06:08:46.154Z","Azure Monitor","japaneast","DKK","1000 GB Commitment Tier Capacity Reservation","1000","1/Day","17484.738","2021-06-01T00:00:00.000Z","982.6585","17.4847"
"2023-10-02T06:08:46.154Z","Azure Monitor","japaneast","DKK","2000 GB Commitment Tier Capacity Reservation","2000","1/Day","34146.6648","2021-06-01T00:00:00.000Z","1952.9454","17.0733"
"2023-10-02T06:08:46.154Z","Azure Monitor","japaneast","DKK","5000 GB Commitment Tier Capacity Reservation","5000","1/Day","82795.377","2021-06-01T00:00:00.000Z","4849.4068","16.5591"
"2023-11-01T06:08:41.407Z","Azure Monitor","japaneast","DKK","Pay-as-you-go Data Ingestion","Pay-as-you-go","1 GB","23.5652","2018-02-01T00:00:00.000Z","0","23.5652"
"2023-11-01T06:08:41.407Z","Azure Monitor","japaneast","DKK","100 GB Commitment Tier Capacity Reservation","100","1/Day","2005.1589","2019-11-01T00:00:00.000Z","85.0898","20.0516"
"2023-11-01T06:08:41.407Z","Azure Monitor","japaneast","DKK","200 GB Commitment Tier Capacity Reservation","200","1/Day","3764.7881","2019-11-01T00:00:00.000Z","187.755","18.8239"
"2023-11-01T06:08:41.407Z","Azure Monitor","japaneast","DKK","300 GB Commitment Tier Capacity Reservation","300","1/Day","5524.4173","2019-11-01T00:00:00.000Z","293.4789","18.4147"
"2023-11-01T06:08:41.407Z","Azure Monitor","japaneast","DKK","400 GB Commitment Tier Capacity Reservation","400","1/Day","7202.2034","2019-11-01T00:00:00.000Z","391.1116","18.0055"
"2023-11-01T06:08:41.407Z","Azure Monitor","japaneast","DKK","500 GB Commitment Tier Capacity Reservation","500","1/Day","8849.2982","2019-11-01T00:00:00.000Z","491.4775","17.6986"
"2023-11-01T06:08:41.407Z","Azure Monitor","japaneast","DKK","1000 GB Commitment Tier Capacity Reservation","1000","1/Day","17391.6842","2021-06-01T00:00:00.000Z","982.6588","17.3917"
"2023-11-01T06:08:41.407Z","Azure Monitor","japaneast","DKK","2000 GB Commitment Tier Capacity Reservation","2000","1/Day","33964.9363","2021-06-01T00:00:00.000Z","1952.9394","16.9825"
"2023-11-01T06:08:41.407Z","Azure Monitor","japaneast","DKK","5000 GB Commitment Tier Capacity Reservation","5000","1/Day","82354.7401","2021-06-01T00:00:00.000Z","4849.3885","16.4709"
"2023-12-02T06:07:58.693Z","Azure Monitor","japaneast","DKK","Pay-as-you-go Data Ingestion","Pay-as-you-go","1 GB","22.6791","2018-02-01T00:00:00.000Z","0","22.6791"
"2023-12-02T06:07:58.693Z","Azure Monitor","japaneast","DKK","100 GB Commitment Tier Capacity Reservation","100","1/Day","1929.7606","2019-11-01T00:00:00.000Z","85.0898","19.2976"
"2023-12-02T06:07:58.693Z","Azure Monitor","japaneast","DKK","200 GB Commitment Tier Capacity Reservation","200","1/Day","3623.224","2019-11-01T00:00:00.000Z","187.7552","18.1161"
"2023-12-02T06:07:58.693Z","Azure Monitor","japaneast","DKK","300 GB Commitment Tier Capacity Reservation","300","1/Day","5316.6875","2019-11-01T00:00:00.000Z","293.4786","17.7223"
"2023-12-02T06:07:58.693Z","Azure Monitor","japaneast","DKK","400 GB Commitment Tier Capacity Reservation","400","1/Day","6931.3851","2019-11-01T00:00:00.000Z","391.1109","17.3285"
"2023-12-02T06:07:58.693Z","Azure Monitor","japaneast","DKK","500 GB Commitment Tier Capacity Reservation","500","1/Day","8516.5456","2019-11-01T00:00:00.000Z","491.4762","17.0331"
"2023-12-02T06:07:58.693Z","Azure Monitor","japaneast","DKK","1000 GB Commitment Tier Capacity Reservation","1000","1/Day","16737.7198","2021-06-01T00:00:00.000Z","982.6585","16.7377"
"2023-12-02T06:07:58.693Z","Azure Monitor","japaneast","DKK","2000 GB Commitment Tier Capacity Reservation","2000","1/Day","32687.7821","2021-06-01T00:00:00.000Z","1952.9435","16.3439"
"2023-12-02T06:07:58.693Z","Azure Monitor","japaneast","DKK","5000 GB Commitment Tier Capacity Reservation","5000","1/Day","79258.0259","2021-06-01T00:00:00.000Z","4849.3949","15.8516"
"2024-01-02T06:08:37.104Z","Azure Monitor","japaneast","DKK","Pay-as-you-go Data Ingestion","Pay-as-you-go","1 GB","22.4228","2018-02-01T00:00:00.000Z","0","22.4228"
"2024-01-02T06:08:37.104Z","Azure Monitor","japaneast","DKK","100 GB Commitment Tier Capacity Reservation","100","1/Day","1907.9483","2019-11-01T00:00:00.000Z","85.0897","19.0795"
"2024-01-02T06:08:37.104Z","Azure Monitor","japaneast","DKK","200 GB Commitment Tier Capacity Reservation","200","1/Day","3582.2702","2019-11-01T00:00:00.000Z","187.7549","17.9114"
"2024-01-02T06:08:37.104Z","Azure Monitor","japaneast","DKK","300 GB Commitment Tier Capacity Reservation","300","1/Day","5256.5922","2019-11-01T00:00:00.000Z","293.4775","17.522"
"2024-01-02T06:08:37.104Z","Azure Monitor","japaneast","DKK","400 GB Commitment Tier Capacity Reservation","400","1/Day","6853.0387","2019-11-01T00:00:00.000Z","391.1105","17.1326"
"2024-01-02T06:08:37.104Z","Azure Monitor","japaneast","DKK","500 GB Commitment Tier Capacity Reservation","500","1/Day","8420.2819","2019-11-01T00:00:00.000Z","491.4772","16.8406"
"2024-01-02T06:08:37.104Z","Azure Monitor","japaneast","DKK","1000 GB Commitment Tier Capacity Reservation","1000","1/Day","16548.531","2021-06-01T00:00:00.000Z","982.6569","16.5485"
"2024-01-02T06:08:37.104Z","Azure Monitor","japaneast","DKK","2000 GB Commitment Tier Capacity Reservation","2000","1/Day","32318.3076","2021-06-01T00:00:00.000Z","1952.9448","16.1592"
"2024-01-02T06:08:37.104Z","Azure Monitor","japaneast","DKK","5000 GB Commitment Tier Capacity Reservation","5000","1/Day","78362.1615","2021-06-01T00:00:00.000Z","4849.3837","15.6724"
"2024-02-02T06:08:03.849Z","Azure Monitor","japaneast","DKK","Pay-as-you-go Data Ingestion","Pay-as-you-go","1 GB","23.0567","2018-02-01T00:00:00.000Z","0","23.0567"
"2024-02-02T06:08:03.849Z","Azure Monitor","japaneast","DKK","100 GB Commitment Tier Capacity Reservation","100","1/Day","1961.8894","2019-11-01T00:00:00.000Z","85.0898","19.6189"
"2024-02-02T06:08:03.849Z","Azure Monitor","japaneast","DKK","200 GB Commitment Tier Capacity Reservation","200","1/Day","3683.5475","2019-11-01T00:00:00.000Z","187.755","18.4177"
"2024-02-02T06:08:03.849Z","Azure Monitor","japaneast","DKK","300 GB Commitment Tier Capacity Reservation","300","1/Day","5405.2056","2019-11-01T00:00:00.000Z","293.4789","18.0174"
"2024-02-02T06:08:03.849Z","Azure Monitor","japaneast","DKK","400 GB Commitment Tier Capacity Reservation","400","1/Day","7046.7866","2019-11-01T00:00:00.000Z","391.1101","17.617"
"2024-02-02T06:08:03.849Z","Azure Monitor","japaneast","DKK","500 GB Commitment Tier Capacity Reservation","500","1/Day","8658.3386","2019-11-01T00:00:00.000Z","491.4763","17.3167"
"2024-02-02T06:08:03.849Z","Azure Monitor","japaneast","DKK","1000 GB Commitment Tier Capacity Reservation","1000","1/Day","17016.388","2021-06-01T00:00:00.000Z","982.6577","17.0164"
"2024-02-02T06:08:03.849Z","Azure Monitor","japaneast","DKK","2000 GB Commitment Tier Capacity Reservation","2000","1/Day","33232.0048","2021-06-01T00:00:00.000Z","1952.9398","16.616"
"2024-02-02T06:08:03.849Z","Azure Monitor","japaneast","DKK","5000 GB Commitment Tier Capacity Reservation","5000","1/Day","80577.602","2021-06-01T00:00:00.000Z","4849.3983","16.1155"
"2024-03-02T06:08:20.311Z","Azure Monitor","japaneast","DKK","Pay-as-you-go Data Ingestion","Pay-as-you-go","1 GB","22.95","2018-02-01T00:00:00.000Z","0","22.95"
"2024-03-02T06:08:20.311Z","Azure Monitor","japaneast","DKK","100 GB Commitment Tier Capacity Reservation","100","1/Day","1952.8093","2019-11-01T00:00:00.000Z","85.0897","19.5281"
"2024-03-02T06:08:20.311Z","Azure Monitor","japaneast","DKK","200 GB Commitment Tier Capacity Reservation","200","1/Day","3666.499","2019-11-01T00:00:00.000Z","187.755","18.3325"
"2024-03-02T06:08:20.311Z","Azure Monitor","japaneast","DKK","300 GB Commitment Tier Capacity Reservation","300","1/Day","5380.1888","2019-11-01T00:00:00.000Z","293.4782","17.934"
"2024-03-02T06:08:20.311Z","Azure Monitor","japaneast","DKK","400 GB Commitment Tier Capacity Reservation","400","1/Day","7014.172","2019-11-01T00:00:00.000Z","391.1103","17.5354"
"2024-03-02T06:08:20.311Z","Azure Monitor","japaneast","DKK","500 GB Commitment Tier Capacity Reservation","500","1/Day","8618.2653","2019-11-01T00:00:00.000Z","491.4781","17.2365"
"2024-03-02T06:08:20.311Z","Azure Monitor","japaneast","DKK","1000 GB Commitment Tier Capacity Reservation","1000","1/Day","16937.6313","2021-06-01T00:00:00.000Z","982.6607","16.9376"
"2024-03-02T06:08:20.311Z","Azure Monitor","japaneast","DKK","2000 GB Commitment Tier Capacity Reservation","2000","1/Day","33078.1975","2021-06-01T00:00:00.000Z","1952.9448","16.5391"
"2024-03-02T06:08:20.311Z","Azure Monitor","japaneast","DKK","5000 GB Commitment Tier Capacity Reservation","5000","1/Day","80204.6656","2021-06-01T00:00:00.000Z","4849.3972","16.0409"
"2024-04-03T09:26:28.723Z","Azure Monitor","japaneast","DKK","Pay-as-you-go Data Ingestion","Pay-as-you-go","1 GB","23.0089","2018-02-01T00:00:00.000Z","0","23.0089"
"2024-04-03T09:26:28.723Z","Azure Monitor","japaneast","DKK","100 GB Commitment Tier Capacity Reservation","100","1/Day","1957.8254","2019-11-01T00:00:00.000Z","85.0899","19.5783"
"2024-04-03T09:26:28.723Z","Azure Monitor","japaneast","DKK","200 GB Commitment Tier Capacity Reservation","200","1/Day","3675.917","2019-11-01T00:00:00.000Z","187.7547","18.3796"
"2024-04-03T09:26:28.723Z","Azure Monitor","japaneast","DKK","300 GB Commitment Tier Capacity Reservation","300","1/Day","5394.0087","2019-11-01T00:00:00.000Z","293.478","17.98"
"2024-04-03T09:26:28.723Z","Azure Monitor","japaneast","DKK","400 GB Commitment Tier Capacity Reservation","400","1/Day","7032.1891","2019-11-01T00:00:00.000Z","391.1117","17.5805"
"2024-04-03T09:26:28.723Z","Azure Monitor","japaneast","DKK","500 GB Commitment Tier Capacity Reservation","500","1/Day","8640.4028","2019-11-01T00:00:00.000Z","491.4765","17.2808"
"2024-04-03T09:26:28.723Z","Azure Monitor","japaneast","DKK","1000 GB Commitment Tier Capacity Reservation","1000","1/Day","16981.1385","2021-06-01T00:00:00.000Z","982.6593","16.9811"
"2024-04-03T09:26:28.723Z","Azure Monitor","japaneast","DKK","2000 GB Commitment Tier Capacity Reservation","2000","1/Day","33163.1646","2021-06-01T00:00:00.000Z","1952.9456","16.5816"
"2024-04-03T09:26:28.723Z","Azure Monitor","japaneast","DKK","5000 GB Commitment Tier Capacity Reservation","5000","1/Day","80410.6852","2021-06-01T00:00:00.000Z","4849.3924","16.0821"
"2024-05-01T06:09:59.892Z","Azure Monitor","japaneast","DKK","Pay-as-you-go Data Ingestion","Pay-as-you-go","1 GB","23.3221","2018-02-01T00:00:00.000Z","0","23.3221"
"2024-05-01T06:09:59.892Z","Azure Monitor","japaneast","DKK","100 GB Commitment Tier Capacity Reservation","100","1/Day","1984.4691","2019-11-01T00:00:00.000Z","85.0896","19.8447"
"2024-05-01T06:09:59.892Z","Azure Monitor","japaneast","DKK","200 GB Commitment Tier Capacity Reservation","200","1/Day","3725.942","2019-11-01T00:00:00.000Z","187.755","18.6297"
"2024-05-01T06:09:59.892Z","Azure Monitor","japaneast","DKK","300 GB Commitment Tier Capacity Reservation","300","1/Day","5467.415","2019-11-01T00:00:00.000Z","293.4784","18.2247"
"2024-05-01T06:09:59.892Z","Azure Monitor","japaneast","DKK","400 GB Commitment Tier Capacity Reservation","400","1/Day","7127.8891","2019-11-01T00:00:00.000Z","391.1115","17.8197"
"2024-05-01T06:09:59.892Z","Azure Monitor","japaneast","DKK","500 GB Commitment Tier Capacity Reservation","500","1/Day","8757.9888","2019-11-01T00:00:00.000Z","491.4779","17.516"
"2024-05-01T06:09:59.892Z","Azure Monitor","japaneast","DKK","1000 GB Commitment Tier Capacity Reservation","1000","1/Day","17212.2323","2021-06-01T00:00:00.000Z","982.6577","17.2122"
"2024-05-01T06:09:59.892Z","Azure Monitor","japaneast","DKK","2000 GB Commitment Tier Capacity Reservation","2000","1/Day","33614.4771","2021-06-01T00:00:00.000Z","1952.9448","16.8072"
"2024-05-01T06:09:59.892Z","Azure Monitor","japaneast","DKK","5000 GB Commitment Tier Capacity Reservation","5000","1/Day","81504.9821","2021-06-01T00:00:00.000Z","4849.4087","16.301"
"2024-06-02T06:10:06.668Z","Azure Monitor","japaneast","DKK","Pay-as-you-go Data Ingestion","Pay-as-you-go","1 GB","23.0425","2018-02-01T00:00:00.000Z","0","23.0425"
"2024-06-02T06:10:06.668Z","Azure Monitor","japaneast","DKK","100 GB Commitment Tier Capacity Reservation","100","1/Day","1960.6816","2019-11-01T00:00:00.000Z","85.0898","19.6068"
"2024-06-02T06:10:06.668Z","Azure Monitor","japaneast","DKK","200 GB Commitment Tier Capacity Reservation","200","1/Day","3681.2797","2019-11-01T00:00:00.000Z","187.7553","18.4064"
"2024-06-02T06:10:06.668Z","Azure Monitor","japaneast","DKK","300 GB Commitment Tier Capacity Reservation","300","1/Day","5401.8779","2019-11-01T00:00:00.000Z","293.4782","18.0063"
"2024-06-02T06:10:06.668Z","Azure Monitor","japaneast","DKK","400 GB Commitment Tier Capacity Reservation","400","1/Day","7042.4482","2019-11-01T00:00:00.000Z","391.1102","17.6061"
"2024-06-02T06:10:06.668Z","Azure Monitor","japaneast","DKK","500 GB Commitment Tier Capacity Reservation","500","1/Day","8653.008","2019-11-01T00:00:00.000Z","491.4778","17.306"
"2024-06-02T06:10:06.668Z","Azure Monitor","japaneast","DKK","1000 GB Commitment Tier Capacity Reservation","1000","1/Day","17005.9118","2021-06-01T00:00:00.000Z","982.6599","17.0059"
"2024-06-02T06:10:06.668Z","Azure Monitor","japaneast","DKK","2000 GB Commitment Tier Capacity Reservation","2000","1/Day","33211.5453","2021-06-01T00:00:00.000Z","1952.9425","16.6058"
"2024-06-02T06:10:06.668Z","Azure Monitor","japaneast","DKK","5000 GB Commitment Tier Capacity Reservation","5000","1/Day","80527.9939","2021-06-01T00:00:00.000Z","4849.3896","16.1056"
"2024-07-01T06:11:21.244Z","Azure Monitor","japaneast","DKK","Pay-as-you-go Data Ingestion","Pay-as-you-go","1 GB","23.3224","2018-02-01T00:00:00.000Z","0","23.3224"
"2024-07-01T06:11:21.244Z","Azure Monitor","japaneast","DKK","100 GB Commitment Tier Capacity Reservation","100","1/Day","1984.4975","2019-11-01T00:00:00.000Z","85.0898","19.845"
"2024-07-01T06:11:21.244Z","Azure Monitor","japaneast","DKK","200 GB Commitment Tier Capacity Reservation","200","1/Day","3725.9954","2019-11-01T00:00:00.000Z","187.7549","18.63"
"2024-07-01T06:11:21.244Z","Azure Monitor","japaneast","DKK","300 GB Commitment Tier Capacity Reservation","300","1/Day","5467.4932","2019-11-01T00:00:00.000Z","293.4779","18.225"
"2024-07-01T06:11:21.244Z","Azure Monitor","japaneast","DKK","400 GB Commitment Tier Capacity Reservation","400","1/Day","7127.9912","2019-11-01T00:00:00.000Z","391.1106","17.82"
"2024-07-01T06:11:21.244Z","Azure Monitor","japaneast","DKK","500 GB Commitment Tier Capacity Reservation","500","1/Day","8758.1142","2019-11-01T00:00:00.000Z","491.4767","17.5162"
"2024-07-01T06:11:21.244Z","Azure Monitor","japaneast","DKK","1000 GB Commitment Tier Capacity Reservation","1000","1/Day","17212.4787","2021-06-01T00:00:00.000Z","982.6605","17.2125"
"2024-07-01T06:11:21.244Z","Azure Monitor","japaneast","DKK","2000 GB Commitment Tier Capacity Reservation","2000","1/Day","33614.9585","2021-06-01T00:00:00.000Z","1952.9388","16.8075"
"2024-07-01T06:11:21.244Z","Azure Monitor","japaneast","DKK","5000 GB Commitment Tier Capacity Reservation","5000","1/Day","81506.1494","2021-06-01T00:00:00.000Z","4849.3916","16.3012"
"2024-08-02T06:11:10.559Z","Azure Monitor","japaneast","DKK","Pay-as-you-go Data Ingestion","Pay-as-you-go","1 GB","23.0438","2018-02-01T00:00:00.000Z","0","23.0438"
"2024-08-02T06:11:10.559Z","Azure Monitor","japaneast","DKK","100 GB Commitment Tier Capacity Reservation","100","1/Day","1960.7953","2019-11-01T00:00:00.000Z","85.0899","19.6080"
"2024-08-02T06:11:10.559Z","Azure Monitor","japaneast","DKK","200 GB Commitment Tier Capacity Reservation","200","1/Day","3681.4932","2019-11-01T00:00:00.000Z","187.7547","18.4075"
"2024-08-02T06:11:10.559Z","Azure Monitor","japaneast","DKK","300 GB Commitment Tier Capacity Reservation","300","1/Day","5402.1911","2019-11-01T00:00:00.000Z","293.4777","18.0073"
"2024-08-02T06:11:10.559Z","Azure Monitor","japaneast","DKK","400 GB Commitment Tier Capacity Reservation","400","1/Day","7042.8565","2019-11-01T00:00:00.000Z","391.1112","17.6071"
"2024-08-02T06:11:10.559Z","Azure Monitor","japaneast","DKK","500 GB Commitment Tier Capacity Reservation","500","1/Day","8653.5097","2019-11-01T00:00:00.000Z","491.4784","17.3070"
"2024-08-02T06:11:10.559Z","Azure Monitor","japaneast","DKK","1000 GB Commitment Tier Capacity Reservation","1000","1/Day","17006.8978","2021-06-01T00:00:00.000Z","982.6601","17.0069"
"2024-08-02T06:11:10.559Z","Azure Monitor","japaneast","DKK","2000 GB Commitment Tier Capacity Reservation","2000","1/Day","33213.4709","2021-06-01T00:00:00.000Z","1952.9409","16.6067"
"2024-08-02T06:11:10.559Z","Azure Monitor","japaneast","DKK","5000 GB Commitment Tier Capacity Reservation","5000","1/Day","80532.6629","2021-06-01T00:00:00.000Z","4849.4079","16.1065"
