"TimeGenerated","ServiceName","ArmRegionName","CurrencyCode","MeterName","Tier","UnitOfMeasure","RetailPrice","EffectiveStartDate","EffectiveCommitmentTierThresholdGB","EffectivePricePerGB"
"2023-03-29T15:50:58.330Z","Azure Monitor","attatlanta1","BRL","100 GB Commitment Tier Capacity Reservation","100","1/Day","1018.1318","2022-04-01T02:00:00.000Z","0","10.1813"
"2023-03-29T15:50:58.330Z","Azure Monitor","attatlanta1","BRL","200 GB Commitment Tier Capacity Reservation","200","1/Day","1911.5944","2022-04-01T02:00:00.000Z","187.7554","9.558"
"2023-03-29T15:50:58.330Z","Azure Monitor","attatlanta1","BRL","300 GB Commitment Tier Capacity Reservation","300","1/Day","2805.057","2022-04-01T02:00:00.000Z","293.4774","9.3502"
"2023-03-29T15:50:58.330Z","Azure Monitor","attatlanta1","BRL","400 GB Commitment Tier Capacity Reservation","400","1/Day","3656.9632","2022-04-01T02:00:00.000Z","391.1107","9.1424"
"2023-03-29T15:50:58.330Z","Azure Monitor","attatlanta1","BRL","500 GB Commitment Tier Capacity Reservation","500","1/Day","4493.2858","2022-04-01T02:00:00.000Z","491.4777","8.9866"
"2023-03-29T15:50:58.330Z","Azure Monitor","attatlanta1","BRL","1000 GB Commitment Tier Capacity Reservation","1000","1/Day","8830.735","2022-04-01T02:00:00.000Z","982.6558","8.8307"
"2023-03-29T15:50:58.330Z","Azure Monitor","attatlanta1","BRL","2000 GB Commitment Tier Capacity Reservation","2000","1/Day","17245.906","2022-04-01T02:00:00.000Z","1952.9489","8.623"
"2023-03-29T15:50:58.330Z","Azure Monitor","attatlanta1","BRL","5000 GB Commitment Tier Capacity Reservation","5000","1/Day","41816.1275","2022-04-01T02:00:00.000Z","4849.3712","8.3632"
"2023-04-12T13:28:34.468Z","Azure Monitor","attatlanta1","BRL","100 GB Commitment Tier Capacity Reservation","100","1/Day","1008.8806","2022-04-01T02:00:00.000Z","0","10.0888"
"2023-04-12T13:28:34.468Z","Azure Monitor","attatlanta1","BRL","200 GB Commitment Tier Capacity Reservation","200","1/Day","1894.2248","2022-04-01T02:00:00.000Z","187.7552","9.4711"
"2023-04-12T13:28:34.468Z","Azure Monitor","attatlanta1","BRL","300 GB Commitment Tier Capacity Reservation","300","1/Day","2779.569","2022-04-01T02:00:00.000Z","293.479","9.2652"
"2023-04-12T13:28:34.468Z","Azure Monitor","attatlanta1","BRL","400 GB Commitment Tier Capacity Reservation","400","1/Day","3623.7344","2022-04-01T02:00:00.000Z","391.1124","9.0593"
"2023-04-12T13:28:34.468Z","Azure Monitor","attatlanta1","BRL","500 GB Commitment Tier Capacity Reservation","500","1/Day","4452.4577","2022-04-01T02:00:00.000Z","491.4792","8.9049"
"2023-04-12T13:28:34.468Z","Azure Monitor","attatlanta1","BRL","1000 GB Commitment Tier Capacity Reservation","1000","1/Day","8750.495","2022-04-01T02:00:00.000Z","982.6607","8.7505"
"2023-04-12T13:28:34.468Z","Azure Monitor","attatlanta1","BRL","2000 GB Commitment Tier Capacity Reservation","2000","1/Day","17089.202","2022-04-01T02:00:00.000Z","1952.9401","8.5446"
"2023-04-12T13:28:34.468Z","Azure Monitor","attatlanta1","BRL","5000 GB Commitment Tier Capacity Reservation","5000","1/Day","41436.1675","2022-04-01T02:00:00.000Z","4849.3982","8.2872"
"2023-05-02T08:07:40.927Z","Azure Monitor","attatlanta1","BRL","100 GB Commitment Tier Capacity Reservation","100","1/Day","989.9764","2022-04-01T02:00:00.000Z","0","9.8998"
"2023-05-02T08:07:40.927Z","Azure Monitor","attatlanta1","BRL","200 GB Commitment Tier Capacity Reservation","200","1/Day","1858.7312","2022-04-01T02:00:00.000Z","187.7544","9.2937"
"2023-05-02T08:07:40.927Z","Azure Monitor","attatlanta1","BRL","300 GB Commitment Tier Capacity Reservation","300","1/Day","2727.486","2022-04-01T02:00:00.000Z","293.4769","9.0916"
"2023-05-02T08:07:40.927Z","Azure Monitor","attatlanta1","BRL","400 GB Commitment Tier Capacity Reservation","400","1/Day","3555.8336","2022-04-01T02:00:00.000Z","391.112","8.8896"
"2023-05-02T08:07:40.927Z","Azure Monitor","attatlanta1","BRL","500 GB Commitment Tier Capacity Reservation","500","1/Day","4369.0285","2022-04-01T02:00:00.000Z","491.4764","8.7381"
"2023-05-02T08:07:40.927Z","Azure Monitor","attatlanta1","BRL","1000 GB Commitment Tier Capacity Reservation","1000","1/Day","8586.53","2022-04-01T02:00:00.000Z","982.6541","8.5865"
"2023-05-02T08:07:40.927Z","Azure Monitor","attatlanta1","BRL","2000 GB Commitment Tier Capacity Reservation","2000","1/Day","16768.988","2022-04-01T02:00:00.000Z","1952.948","8.3845"
"2023-05-02T08:07:40.927Z","Azure Monitor","attatlanta1","BRL","5000 GB Commitment Tier Capacity Reservation","5000","1/Day","40659.745","2022-04-01T02:00:00.000Z","4849.3941","8.1319"
"2023-06-02T08:07:42.568Z","Azure Monitor","attatlanta1","BRL","100 GB Commitment Tier Capacity Reservation","100","1/Day","981.813","2022-04-01T02:00:00.000Z","0","9.8181"
"2023-06-02T08:07:42.568Z","Azure Monitor","attatlanta1","BRL","200 GB Commitment Tier Capacity Reservation","200","1/Day","1843.404","2022-04-01T02:00:00.000Z","187.7557","9.217"
"2023-06-02T08:07:42.568Z","Azure Monitor","attatlanta1","BRL","300 GB Commitment Tier Capacity Reservation","300","1/Day","2704.995","2022-04-01T02:00:00.000Z","293.4789","9.0166"
"2023-06-02T08:07:42.568Z","Azure Monitor","attatlanta1","BRL","400 GB Commitment Tier Capacity Reservation","400","1/Day","3526.512","2022-04-01T02:00:00.000Z","391.1133","8.8163"
"2023-06-02T08:07:42.568Z","Azure Monitor","attatlanta1","BRL","500 GB Commitment Tier Capacity Reservation","500","1/Day","4333.0013","2022-04-01T02:00:00.000Z","491.4762","8.666"
"2023-06-02T08:07:42.568Z","Azure Monitor","attatlanta1","BRL","1000 GB Commitment Tier Capacity Reservation","1000","1/Day","8515.725","2022-04-01T02:00:00.000Z","982.6592","8.5157"
"2023-06-02T08:07:42.568Z","Azure Monitor","attatlanta1","BRL","2000 GB Commitment Tier Capacity Reservation","2000","1/Day","16630.71","2022-04-01T02:00:00.000Z","1952.9469","8.3154"
"2023-06-02T08:07:42.568Z","Azure Monitor","attatlanta1","BRL","5000 GB Commitment Tier Capacity Reservation","5000","1/Day","40324.4625","2022-04-01T02:00:00.000Z","4849.3713","8.0649"
"2023-07-07T06:09:02.036Z","Azure Monitor","attatlanta1","BRL","100 GB Commitment Tier Capacity Reservation","100","1/Day","951.8446","2022-04-01T00:00:00.000Z","0","9.5184"
"2023-07-07T06:09:02.036Z","Azure Monitor","attatlanta1","BRL","200 GB Commitment Tier Capacity Reservation","200","1/Day","1787.1368","2022-04-01T00:00:00.000Z","187.756","8.9357"
"2023-07-07T06:09:02.036Z","Azure Monitor","attatlanta1","BRL","300 GB Commitment Tier Capacity Reservation","300","1/Day","2622.429","2022-04-01T00:00:00.000Z","293.4777","8.7414"
"2023-07-07T06:09:02.036Z","Azure Monitor","attatlanta1","BRL","400 GB Commitment Tier Capacity Reservation","400","1/Day","3418.8704","2022-04-01T00:00:00.000Z","391.1125","8.5472"
"2023-07-07T06:09:02.036Z","Azure Monitor","attatlanta1","BRL","500 GB Commitment Tier Capacity Reservation","500","1/Day","4200.7428","2022-04-01T00:00:00.000Z","491.4759","8.4015"
"2023-07-07T06:09:02.036Z","Azure Monitor","attatlanta1","BRL","1000 GB Commitment Tier Capacity Reservation","1000","1/Day","8255.795","2022-04-01T00:00:00.000Z","982.6573","8.2558"
"2023-07-07T06:09:02.036Z","Azure Monitor","attatlanta1","BRL","2000 GB Commitment Tier Capacity Reservation","2000","1/Day","16123.082","2022-04-01T00:00:00.000Z","1952.94","8.0615"
"2023-07-07T06:09:02.036Z","Azure Monitor","attatlanta1","BRL","5000 GB Commitment Tier Capacity Reservation","5000","1/Day","39093.6175","2022-04-01T00:00:00.000Z","4849.4223","7.8187"
"2023-08-01T06:08:30.007Z","Azure Monitor","attatlanta1","BRL","200 GB Commitment Tier Capacity Reservation","200","1/Day","1740.8424","2022-04-01T00:00:00.000Z","182.8923","8.7042"
"2023-08-01T06:08:30.007Z","Azure Monitor","attatlanta1","BRL","300 GB Commitment Tier Capacity Reservation","300","1/Day","2554.497","2022-04-01T00:00:00.000Z","293.4787","8.515"
"2023-08-01T06:08:30.007Z","Azure Monitor","attatlanta1","BRL","400 GB Commitment Tier Capacity Reservation","400","1/Day","3330.3072","2022-04-01T00:00:00.000Z","391.1107","8.3258"
"2023-08-01T06:08:30.007Z","Azure Monitor","attatlanta1","BRL","500 GB Commitment Tier Capacity Reservation","500","1/Day","4091.9258","2022-04-01T00:00:00.000Z","491.4754","8.1839"
"2023-08-01T06:08:30.007Z","Azure Monitor","attatlanta1","BRL","2000 GB Commitment Tier Capacity Reservation","2000","1/Day","15705.426","2022-04-01T00:00:00.000Z","1902.3506","7.8527"
"2023-08-02T06:09:03.844Z","Azure Monitor","attatlanta1","BRL","100 GB Commitment Tier Capacity Reservation","100","1/Day","927.1878","2022-04-01T00:00:00.000Z","0","9.2719"
"2023-08-02T06:09:03.844Z","Azure Monitor","attatlanta1","BRL","1000 GB Commitment Tier Capacity Reservation","1000","1/Day","8041.935","2022-04-01T00:00:00.000Z","982.6531","8.0419"
"2023-08-02T06:09:03.844Z","Azure Monitor","attatlanta1","BRL","5000 GB Commitment Tier Capacity Reservation","5000","1/Day","38080.9275","2022-04-01T00:00:00.000Z","4849.4056","7.6162"
"2023-09-02T06:07:00.316Z","Azure Monitor","attatlanta1","BRL","100 GB Commitment Tier Capacity Reservation","100","1/Day","955.2746","2022-04-01T00:00:00.000Z","0","9.5527"
"2023-09-02T06:07:00.316Z","Azure Monitor","attatlanta1","BRL","200 GB Commitment Tier Capacity Reservation","200","1/Day","1793.5768","2022-04-01T00:00:00.000Z","187.756","8.9679"
"2023-09-02T06:07:00.316Z","Azure Monitor","attatlanta1","BRL","300 GB Commitment Tier Capacity Reservation","300","1/Day","2631.879","2022-04-01T00:00:00.000Z","293.4777","8.7729"
"2023-09-02T06:07:00.316Z","Azure Monitor","attatlanta1","BRL","400 GB Commitment Tier Capacity Reservation","400","1/Day","3431.1904","2022-04-01T00:00:00.000Z","391.1124","8.578"
"2023-09-02T06:07:00.316Z","Azure Monitor","attatlanta1","BRL","500 GB Commitment Tier Capacity Reservation","500","1/Day","4215.8802","2022-04-01T00:00:00.000Z","491.4759","8.4318"
"2023-09-02T06:07:00.316Z","Azure Monitor","attatlanta1","BRL","1000 GB Commitment Tier Capacity Reservation","1000","1/Day","8285.545","2022-04-01T00:00:00.000Z","982.6544","8.2855"
"2023-09-02T06:07:00.316Z","Azure Monitor","attatlanta1","BRL","2000 GB Commitment Tier Capacity Reservation","2000","1/Day","16181.182","2022-04-01T00:00:00.000Z","1952.9518","8.0906"
"2023-09-02T06:07:00.316Z","Azure Monitor","attatlanta1","BRL","5000 GB Commitment Tier Capacity Reservation","5000","1/Day","39234.4925","2022-04-01T00:00:00.000Z","4849.3922","7.8469"
"2023-10-02T06:08:46.154Z","Azure Monitor","attatlanta1","BRL","100 GB Commitment Tier Capacity Reservation","100","1/Day","985.7036","2022-04-01T00:00:00.000Z","0","9.857"
"2023-10-02T06:08:46.154Z","Azure Monitor","attatlanta1","BRL","200 GB Commitment Tier Capacity Reservation","200","1/Day","1850.7088","2022-04-01T00:00:00.000Z","187.7558","9.2535"
"2023-10-02T06:08:46.154Z","Azure Monitor","attatlanta1","BRL","300 GB Commitment Tier Capacity Reservation","300","1/Day","2715.714","2022-04-01T00:00:00.000Z","293.4797","9.0524"
"2023-10-02T06:08:46.154Z","Azure Monitor","attatlanta1","BRL","400 GB Commitment Tier Capacity Reservation","400","1/Day","3540.4864","2022-04-01T00:00:00.000Z","391.1102","8.8512"
"2023-10-02T06:08:46.154Z","Azure Monitor","attatlanta1","BRL","500 GB Commitment Tier Capacity Reservation","500","1/Day","4350.1715","2022-04-01T00:00:00.000Z","491.4782","8.7003"
"2023-10-02T06:08:46.154Z","Azure Monitor","attatlanta1","BRL","1000 GB Commitment Tier Capacity Reservation","1000","1/Day","8549.47","2022-04-01T00:00:00.000Z","982.6638","8.5495"
"2023-10-02T06:08:46.154Z","Azure Monitor","attatlanta1","BRL","2000 GB Commitment Tier Capacity Reservation","2000","1/Day","16696.612","2022-04-01T00:00:00.000Z","1952.9343","8.3483"
"2023-10-02T06:08:46.154Z","Azure Monitor","attatlanta1","BRL","5000 GB Commitment Tier Capacity Reservation","5000","1/Day","40484.255","2022-04-01T00:00:00.000Z","4849.4011","8.0969"
"2023-11-01T06:08:41.407Z","Azure Monitor","attatlanta1","BRL","100 GB Commitment Tier Capacity Reservation","100","1/Day","970.249","2022-04-01T00:00:00.000Z","0","9.7025"
"2023-11-01T06:08:41.407Z","Azure Monitor","attatlanta1","BRL","200 GB Commitment Tier Capacity Reservation","200","1/Day","1821.692","2022-04-01T00:00:00.000Z","187.7549","9.1085"
"2023-11-01T06:08:41.407Z","Azure Monitor","attatlanta1","BRL","300 GB Commitment Tier Capacity Reservation","300","1/Day","2673.135","2022-04-01T00:00:00.000Z","293.477","8.9104"
"2023-11-01T06:08:41.407Z","Azure Monitor","attatlanta1","BRL","400 GB Commitment Tier Capacity Reservation","400","1/Day","3484.976","2022-04-01T00:00:00.000Z","391.1133","8.7124"
"2023-11-01T06:08:41.407Z","Azure Monitor","attatlanta1","BRL","500 GB Commitment Tier Capacity Reservation","500","1/Day","4281.9663","2022-04-01T00:00:00.000Z","491.4795","8.5639"
"2023-11-01T06:08:41.407Z","Azure Monitor","attatlanta1","BRL","1000 GB Commitment Tier Capacity Reservation","1000","1/Day","8415.425","2022-04-01T00:00:00.000Z","982.6627","8.4154"
"2023-11-01T06:08:41.407Z","Azure Monitor","attatlanta1","BRL","2000 GB Commitment Tier Capacity Reservation","2000","1/Day","16434.83","2022-04-01T00:00:00.000Z","1952.947","8.2174"
"2023-11-01T06:08:41.407Z","Azure Monitor","attatlanta1","BRL","5000 GB Commitment Tier Capacity Reservation","5000","1/Day","39849.5125","2022-04-01T00:00:00.000Z","4849.4064","7.9699"
"2023-12-02T06:07:58.693Z","Azure Monitor","attatlanta1","BRL","100 GB Commitment Tier Capacity Reservation","100","1/Day","953.8732","2022-04-01T00:00:00.000Z","0","9.5387"
"2023-12-02T06:07:58.693Z","Azure Monitor","attatlanta1","BRL","200 GB Commitment Tier Capacity Reservation","200","1/Day","1790.9456","2022-04-01T00:00:00.000Z","187.7557","8.9547"
"2023-12-02T06:07:58.693Z","Azure Monitor","attatlanta1","BRL","300 GB Commitment Tier Capacity Reservation","300","1/Day","2628.018","2022-04-01T00:00:00.000Z","293.4792","8.7601"
"2023-12-02T06:07:58.693Z","Azure Monitor","attatlanta1","BRL","400 GB Commitment Tier Capacity Reservation","400","1/Day","3426.1568","2022-04-01T00:00:00.000Z","391.1093","8.5654"
"2023-12-02T06:07:58.693Z","Azure Monitor","attatlanta1","BRL","500 GB Commitment Tier Capacity Reservation","500","1/Day","4209.6955","2022-04-01T00:00:00.000Z","491.4768","8.4194"
"2023-12-02T06:07:58.693Z","Azure Monitor","attatlanta1","BRL","1000 GB Commitment Tier Capacity Reservation","1000","1/Day","8273.39","2022-04-01T00:00:00.000Z","982.6579","8.2734"
"2023-12-02T06:07:58.693Z","Azure Monitor","attatlanta1","BRL","2000 GB Commitment Tier Capacity Reservation","2000","1/Day","16157.444","2022-04-01T00:00:00.000Z","1952.9388","8.0787"
"2023-12-02T06:07:58.693Z","Azure Monitor","attatlanta1","BRL","5000 GB Commitment Tier Capacity Reservation","5000","1/Day","39176.935","2022-04-01T00:00:00.000Z","4849.4108","7.8354"
"2024-01-01T06:09:20.544Z","Azure Monitor","attatlanta1","BRL","100 GB Commitment Tier Capacity Reservation","100","1/Day","945.749","2022-04-01T00:00:00.000Z","0","9.4575"
"2024-01-01T06:09:20.544Z","Azure Monitor","attatlanta1","BRL","200 GB Commitment Tier Capacity Reservation","200","1/Day","1775.692","2022-04-01T00:00:00.000Z","187.7549","8.8785"
"2024-01-01T06:09:20.544Z","Azure Monitor","attatlanta1","BRL","300 GB Commitment Tier Capacity Reservation","300","1/Day","2605.635","2022-04-01T00:00:00.000Z","293.4769","8.6854"
"2024-01-01T06:09:20.544Z","Azure Monitor","attatlanta1","BRL","400 GB Commitment Tier Capacity Reservation","400","1/Day","3396.976","2022-04-01T00:00:00.000Z","391.1134","8.4924"
"2024-01-01T06:09:20.544Z","Azure Monitor","attatlanta1","BRL","500 GB Commitment Tier Capacity Reservation","500","1/Day","4173.8413","2022-04-01T00:00:00.000Z","491.4796","8.3477"
"2024-01-01T06:09:20.544Z","Azure Monitor","attatlanta1","BRL","1000 GB Commitment Tier Capacity Reservation","1000","1/Day","8202.925","2022-04-01T00:00:00.000Z","982.6569","8.2029"
"2024-01-01T06:09:20.544Z","Azure Monitor","attatlanta1","BRL","2000 GB Commitment Tier Capacity Reservation","2000","1/Day","16019.83","2022-04-01T00:00:00.000Z","1952.9471","8.0099"
"2024-01-01T06:09:20.544Z","Azure Monitor","attatlanta1","BRL","5000 GB Commitment Tier Capacity Reservation","5000","1/Day","38843.2625","2022-04-01T00:00:00.000Z","4849.4067","7.7687"
"2024-02-02T06:08:03.849Z","Azure Monitor","attatlanta1","BRL","100 GB Commitment Tier Capacity Reservation","100","1/Day","969.5924","2022-04-01T00:00:00.000Z","0","9.6959"
"2024-02-02T06:08:03.849Z","Azure Monitor","attatlanta1","BRL","200 GB Commitment Tier Capacity Reservation","200","1/Day","1820.4592","2022-04-01T00:00:00.000Z","187.7556","9.1023"
"2024-02-02T06:08:03.849Z","Azure Monitor","attatlanta1","BRL","300 GB Commitment Tier Capacity Reservation","300","1/Day","2671.326","2022-04-01T00:00:00.000Z","293.4781","8.9044"
"2024-02-02T06:08:03.849Z","Azure Monitor","attatlanta1","BRL","400 GB Commitment Tier Capacity Reservation","400","1/Day","3482.6176","2022-04-01T00:00:00.000Z","391.112","8.7065"
"2024-02-02T06:08:03.849Z","Azure Monitor","attatlanta1","BRL","500 GB Commitment Tier Capacity Reservation","500","1/Day","4279.0685","2022-04-01T00:00:00.000Z","491.4798","8.5581"
"2024-02-02T06:08:03.849Z","Azure Monitor","attatlanta1","BRL","1000 GB Commitment Tier Capacity Reservation","1000","1/Day","8409.73","2022-04-01T00:00:00.000Z","982.6632","8.4097"
"2024-02-02T06:08:03.849Z","Azure Monitor","attatlanta1","BRL","2000 GB Commitment Tier Capacity Reservation","2000","1/Day","16423.708","2022-04-01T00:00:00.000Z","1952.9481","8.2119"
"2024-02-02T06:08:03.849Z","Azure Monitor","attatlanta1","BRL","5000 GB Commitment Tier Capacity Reservation","5000","1/Day","39822.545","2022-04-01T00:00:00.000Z","4849.3704","7.9645"
"2024-03-02T06:08:20.311Z","Azure Monitor","attatlanta1","BRL","100 GB Commitment Tier Capacity Reservation","100","1/Day","969.1906","2022-04-01T00:00:00.000Z","0","9.6919"
"2024-03-02T06:08:20.311Z","Azure Monitor","attatlanta1","BRL","200 GB Commitment Tier Capacity Reservation","200","1/Day","1819.7048","2022-04-01T00:00:00.000Z","187.7552","9.0985"
"2024-03-02T06:08:20.311Z","Azure Monitor","attatlanta1","BRL","300 GB Commitment Tier Capacity Reservation","300","1/Day","2670.219","2022-04-01T00:00:00.000Z","293.479","8.9007"
"2024-03-02T06:08:20.311Z","Azure Monitor","attatlanta1","BRL","400 GB Commitment Tier Capacity Reservation","400","1/Day","3481.1744","2022-04-01T00:00:00.000Z","391.1124","8.7029"
"2024-03-02T06:08:20.311Z","Azure Monitor","attatlanta1","BRL","500 GB Commitment Tier Capacity Reservation","500","1/Day","4277.2953","2022-04-01T00:00:00.000Z","491.4793","8.5546"
"2024-03-02T06:08:20.311Z","Azure Monitor","attatlanta1","BRL","1000 GB Commitment Tier Capacity Reservation","1000","1/Day","8406.245","2022-04-01T00:00:00.000Z","982.6579","8.4062"
"2024-03-02T06:08:20.311Z","Azure Monitor","attatlanta1","BRL","2000 GB Commitment Tier Capacity Reservation","2000","1/Day","16416.902","2022-04-01T00:00:00.000Z","1952.9516","8.2085"
"2024-03-02T06:08:20.311Z","Azure Monitor","attatlanta1","BRL","5000 GB Commitment Tier Capacity Reservation","5000","1/Day","39806.0425","2022-04-01T00:00:00.000Z","4849.3686","7.9612"
"2024-04-03T09:26:28.723Z","Azure Monitor","attatlanta1","BRL","100 GB Commitment Tier Capacity Reservation","100","1/Day","978.1184","2022-04-01T00:00:00.000Z","0","9.7812"
"2024-04-03T09:26:28.723Z","Azure Monitor","attatlanta1","BRL","200 GB Commitment Tier Capacity Reservation","200","1/Day","1836.4672","2022-04-01T00:00:00.000Z","187.7548","9.1823"
"2024-04-03T09:26:28.723Z","Azure Monitor","attatlanta1","BRL","300 GB Commitment Tier Capacity Reservation","300","1/Day","2694.816","2022-04-01T00:00:00.000Z","293.4794","8.9827"
"2024-04-03T09:26:28.723Z","Azure Monitor","attatlanta1","BRL","400 GB Commitment Tier Capacity Reservation","400","1/Day","3513.2416","2022-04-01T00:00:00.000Z","391.112","8.7831"
"2024-04-03T09:26:28.723Z","Azure Monitor","attatlanta1","BRL","500 GB Commitment Tier Capacity Reservation","500","1/Day","4316.696","2022-04-01T00:00:00.000Z","491.4775","8.6334"
"2024-04-03T09:26:28.723Z","Azure Monitor","attatlanta1","BRL","1000 GB Commitment Tier Capacity Reservation","1000","1/Day","8483.68","2022-04-01T00:00:00.000Z","982.658","8.4837"
"2024-04-03T09:26:28.723Z","Azure Monitor","attatlanta1","BRL","2000 GB Commitment Tier Capacity Reservation","2000","1/Day","16568.128","2022-04-01T00:00:00.000Z","1952.9366","8.2841"
"2024-04-03T09:26:28.723Z","Azure Monitor","attatlanta1","BRL","5000 GB Commitment Tier Capacity Reservation","5000","1/Day","40172.72","2022-04-01T00:00:00.000Z","4849.3765","8.0345"
"2024-05-02T06:08:49.743Z","Azure Monitor","attatlanta1","BRL","100 GB Commitment Tier Capacity Reservation","100","1/Day","1005.0194","2022-04-01T00:00:00.000Z","0","10.0502"
"2024-05-02T06:08:49.743Z","Azure Monitor","attatlanta1","BRL","200 GB Commitment Tier Capacity Reservation","200","1/Day","1886.9752","2022-04-01T00:00:00.000Z","187.755","9.4349"
"2024-05-02T06:08:49.743Z","Azure Monitor","attatlanta1","BRL","300 GB Commitment Tier Capacity Reservation","300","1/Day","2768.931","2022-04-01T00:00:00.000Z","293.4775","9.2298"
"2024-05-02T06:08:49.743Z","Azure Monitor","attatlanta1","BRL","400 GB Commitment Tier Capacity Reservation","400","1/Day","3609.8656","2022-04-01T00:00:00.000Z","391.1098","9.0247"
"2024-05-02T06:08:49.743Z","Azure Monitor","attatlanta1","BRL","500 GB Commitment Tier Capacity Reservation","500","1/Day","4435.4172","2022-04-01T00:00:00.000Z","491.4753","8.8708"
"2024-05-02T06:08:49.743Z","Azure Monitor","attatlanta1","BRL","1000 GB Commitment Tier Capacity Reservation","1000","1/Day","8717.005","2022-04-01T00:00:00.000Z","982.6628","8.717"
"2024-05-02T06:08:49.743Z","Azure Monitor","attatlanta1","BRL","2000 GB Commitment Tier Capacity Reservation","2000","1/Day","17023.798","2022-04-01T00:00:00.000Z","1952.9423","8.5119"
"2024-05-02T06:08:49.743Z","Azure Monitor","attatlanta1","BRL","5000 GB Commitment Tier Capacity Reservation","5000","1/Day","41277.5825","2022-04-01T00:00:00.000Z","4849.397","8.2555"
"2024-06-02T06:10:06.668Z","Azure Monitor","attatlanta1","BRL","100 GB Commitment Tier Capacity Reservation","100","1/Day","1018.1122","2022-04-01T00:00:00.000Z","0","10.1811"
"2024-06-02T06:10:06.668Z","Azure Monitor","attatlanta1","BRL","200 GB Commitment Tier Capacity Reservation","200","1/Day","1911.5576","2022-04-01T00:00:00.000Z","187.7555","9.5578"
"2024-06-02T06:10:06.668Z","Azure Monitor","attatlanta1","BRL","300 GB Commitment Tier Capacity Reservation","300","1/Day","2805.003","2022-04-01T00:00:00.000Z","293.4779","9.35"
"2024-06-02T06:10:06.668Z","Azure Monitor","attatlanta1","BRL","400 GB Commitment Tier Capacity Reservation","400","1/Day","3656.8928","2022-04-01T00:00:00.000Z","391.1115","9.1422"
"2024-06-02T06:10:06.668Z","Azure Monitor","attatlanta1","BRL","500 GB Commitment Tier Capacity Reservation","500","1/Day","4493.1993","2022-04-01T00:00:00.000Z","491.479","8.9864"
"2024-06-02T06:10:06.668Z","Azure Monitor","attatlanta1","BRL","1000 GB Commitment Tier Capacity Reservation","1000","1/Day","8830.565","2022-04-01T00:00:00.000Z","982.6588","8.8306"
"2024-06-02T06:10:06.668Z","Azure Monitor","attatlanta1","BRL","2000 GB Commitment Tier Capacity Reservation","2000","1/Day","17245.574","2022-04-01T00:00:00.000Z","1952.9334","8.6228"
"2024-06-02T06:10:06.668Z","Azure Monitor","attatlanta1","BRL","5000 GB Commitment Tier Capacity Reservation","5000","1/Day","41815.3225","2022-04-01T00:00:00.000Z","4849.3903","8.3631"
"2024-07-01T06:11:21.244Z","Azure Monitor","attatlanta1","BRL","100 GB Commitment Tier Capacity Reservation","100","1/Day","1078.9114","2022-04-01T00:00:00.000Z","0","10.7891"
"2024-07-01T06:11:21.244Z","Azure Monitor","attatlanta1","BRL","200 GB Commitment Tier Capacity Reservation","200","1/Day","2025.7112","2022-04-01T00:00:00.000Z","187.7553","10.1286"
"2024-07-01T06:11:21.244Z","Azure Monitor","attatlanta1","BRL","300 GB Commitment Tier Capacity Reservation","300","1/Day","2972.511","2022-04-01T00:00:00.000Z","293.477","9.9084"
"2024-07-01T06:11:21.244Z","Azure Monitor","attatlanta1","BRL","400 GB Commitment Tier Capacity Reservation","400","1/Day","3875.2736","2022-04-01T00:00:00.000Z","391.1099","9.6882"
"2024-07-01T06:11:21.244Z","Azure Monitor","attatlanta1","BRL","500 GB Commitment Tier Capacity Reservation","500","1/Day","4761.5223","2022-04-01T00:00:00.000Z","491.4765","9.523"
"2024-07-01T06:11:21.244Z","Azure Monitor","attatlanta1","BRL","1000 GB Commitment Tier Capacity Reservation","1000","1/Day","9357.905","2022-04-01T00:00:00.000Z","982.6636","9.3579"
"2024-07-01T06:11:21.244Z","Azure Monitor","attatlanta1","BRL","2000 GB Commitment Tier Capacity Reservation","2000","1/Day","18275.438","2022-04-01T00:00:00.000Z","1952.9422","9.1377"
"2024-07-01T06:11:21.244Z","Azure Monitor","attatlanta1","BRL","5000 GB Commitment Tier Capacity Reservation","5000","1/Day","44312.4325","2022-04-01T00:00:00.000Z","4849.4077","8.8625"
"2024-08-02T06:11:10.559Z","Azure Monitor","attatlanta1","BRL","100 GB Commitment Tier Capacity Reservation","100","1/Day","1109.752","2022-04-01T00:00:00.000Z","0","11.0975"
"2024-08-02T06:11:10.559Z","Azure Monitor","attatlanta1","BRL","200 GB Commitment Tier Capacity Reservation","200","1/Day","2083.616","2022-04-01T00:00:00.000Z","187.7554","10.4181"
"2024-08-02T06:11:10.559Z","Azure Monitor","attatlanta1","BRL","300 GB Commitment Tier Capacity Reservation","300","1/Day","3057.48","2022-04-01T00:00:00.000Z","293.4777","10.1916"
"2024-08-02T06:11:10.559Z","Azure Monitor","attatlanta1","BRL","400 GB Commitment Tier Capacity Reservation","400","1/Day","3986.048","2022-04-01T00:00:00.000Z","391.1111","9.9651"
"2024-08-02T06:11:10.559Z","Azure Monitor","attatlanta1","BRL","500 GB Commitment Tier Capacity Reservation","500","1/Day","4897.63","2022-04-01T00:00:00.000Z","491.4783","9.7953"
"2024-08-02T06:11:10.559Z","Azure Monitor","attatlanta1","BRL","1000 GB Commitment Tier Capacity Reservation","1000","1/Day","9625.4","2022-04-01T00:00:00.000Z","982.6549","9.6254"
"2024-08-02T06:11:10.559Z","Azure Monitor","attatlanta1","BRL","2000 GB Commitment Tier Capacity Reservation","2000","1/Day","18797.84","2022-04-01T00:00:00.000Z","1952.9412","9.3989"
"2024-08-02T06:11:10.559Z","Azure Monitor","attatlanta1","BRL","5000 GB Commitment Tier Capacity Reservation","5000","1/Day","45579.1","2022-04-01T00:00:00.000Z","4849.4079","9.1158"
