"TimeGenerated","ServiceName","ArmRegionName","CurrencyCode","MeterName","Tier","UnitOfMeasure","RetailPrice","EffectiveStartDate","EffectiveCommitmentTierThresholdGB","EffectivePricePerGB"
"2023-03-29T15:50:58.330Z","Azure Monitor","jioindiacentral","CHF","Pay-as-you-go Data Ingestion","Pay-as-you-go","1 GB","3.0263","2021-08-01T02:00:00.000Z","0","3.0263"
"2023-03-29T15:50:58.330Z","Azure Monitor","jioindiacentral","CHF","100 GB Commitment Tier Capacity Reservation","100","1/Day","257.8948","2021-08-01T02:00:00.000Z","85.2179","2.5789"
"2023-03-29T15:50:58.330Z","Azure Monitor","jioindiacentral","CHF","200 GB Commitment Tier Capacity Reservation","200","1/Day","484.2107","2021-08-01T02:00:00.000Z","187.7586","2.4211"
"2023-03-29T15:50:58.330Z","Azure Monitor","jioindiacentral","CHF","300 GB Commitment Tier Capacity Reservation","300","1/Day","710.5266","2021-08-01T02:00:00.000Z","293.4726","2.3684"
"2023-03-29T15:50:58.330Z","Azure Monitor","jioindiacentral","CHF","400 GB Commitment Tier Capacity Reservation","400","1/Day","926.3162","2021-08-01T02:00:00.000Z","391.1148","2.3158"
"2023-03-29T15:50:58.330Z","Azure Monitor","jioindiacentral","CHF","500 GB Commitment Tier Capacity Reservation","500","1/Day","1138.1584","2021-08-01T02:00:00.000Z","491.4753","2.2763"
"2023-03-29T15:50:58.330Z","Azure Monitor","jioindiacentral","CHF","1000 GB Commitment Tier Capacity Reservation","1000","1/Day","2236.843","2021-08-01T02:00:00.000Z","982.6662","2.2368"
"2023-03-29T15:50:58.330Z","Azure Monitor","jioindiacentral","CHF","2000 GB Commitment Tier Capacity Reservation","2000","1/Day","4368.4228","2021-08-01T02:00:00.000Z","1952.9787","2.1842"
"2023-03-29T15:50:58.330Z","Azure Monitor","jioindiacentral","CHF","5000 GB Commitment Tier Capacity Reservation","5000","1/Day","10592.1095","2021-08-01T02:00:00.000Z","4849.4229","2.1184"
"2023-04-12T13:28:34.468Z","Azure Monitor","jioindiacentral","CHF","Pay-as-you-go Data Ingestion","Pay-as-you-go","1 GB","2.9608","2021-08-01T02:00:00.000Z","0","2.9608"
"2023-04-12T13:28:34.468Z","Azure Monitor","jioindiacentral","CHF","100 GB Commitment Tier Capacity Reservation","100","1/Day","252.3108","2021-08-01T02:00:00.000Z","85.2171","2.5231"
"2023-04-12T13:28:34.468Z","Azure Monitor","jioindiacentral","CHF","200 GB Commitment Tier Capacity Reservation","200","1/Day","473.7264","2021-08-01T02:00:00.000Z","187.7557","2.3686"
"2023-04-12T13:28:34.468Z","Azure Monitor","jioindiacentral","CHF","300 GB Commitment Tier Capacity Reservation","300","1/Day","695.142","2021-08-01T02:00:00.000Z","293.4822","2.3171"
"2023-04-12T13:28:34.468Z","Azure Monitor","jioindiacentral","CHF","400 GB Commitment Tier Capacity Reservation","400","1/Day","906.2592","2021-08-01T02:00:00.000Z","391.1179","2.2656"
"2023-04-12T13:28:34.468Z","Azure Monitor","jioindiacentral","CHF","500 GB Commitment Tier Capacity Reservation","500","1/Day","1113.5145","2021-08-01T02:00:00.000Z","491.4877","2.227"
"2023-04-12T13:28:34.468Z","Azure Monitor","jioindiacentral","CHF","1000 GB Commitment Tier Capacity Reservation","1000","1/Day","2188.41","2021-08-01T02:00:00.000Z","982.6718","2.1884"
"2023-04-12T13:28:34.468Z","Azure Monitor","jioindiacentral","CHF","2000 GB Commitment Tier Capacity Reservation","2000","1/Day","4273.836","2021-08-01T02:00:00.000Z","1952.9501","2.1369"
"2023-04-12T13:28:34.468Z","Azure Monitor","jioindiacentral","CHF","5000 GB Commitment Tier Capacity Reservation","5000","1/Day","10362.765","2021-08-01T02:00:00.000Z","4849.4384","2.0726"
"2023-05-02T08:07:40.927Z","Azure Monitor","jioindiacentral","CHF","Pay-as-you-go Data Ingestion","Pay-as-you-go","1 GB","2.8672","2021-08-01T02:00:00.000Z","0","2.8672"
"2023-05-02T08:07:40.927Z","Azure Monitor","jioindiacentral","CHF","100 GB Commitment Tier Capacity Reservation","100","1/Day","244.3395","2021-08-01T02:00:00.000Z","85.2189","2.4434"
"2023-05-02T08:07:40.927Z","Azure Monitor","jioindiacentral","CHF","200 GB Commitment Tier Capacity Reservation","200","1/Day","458.7598","2021-08-01T02:00:00.000Z","187.7547","2.2938"
"2023-05-02T08:07:40.927Z","Azure Monitor","jioindiacentral","CHF","300 GB Commitment Tier Capacity Reservation","300","1/Day","673.1802","2021-08-01T02:00:00.000Z","293.4782","2.2439"
"2023-05-02T08:07:40.927Z","Azure Monitor","jioindiacentral","CHF","400 GB Commitment Tier Capacity Reservation","400","1/Day","877.6275","2021-08-01T02:00:00.000Z","391.117","2.1941"
"2023-05-02T08:07:40.927Z","Azure Monitor","jioindiacentral","CHF","500 GB Commitment Tier Capacity Reservation","500","1/Day","1078.3349","2021-08-01T02:00:00.000Z","491.4703","2.1567"
"2023-05-02T08:07:40.927Z","Azure Monitor","jioindiacentral","CHF","1000 GB Commitment Tier Capacity Reservation","1000","1/Day","2119.271","2021-08-01T02:00:00.000Z","982.6452","2.1193"
"2023-05-02T08:07:40.927Z","Azure Monitor","jioindiacentral","CHF","2000 GB Commitment Tier Capacity Reservation","2000","1/Day","4138.8116","2021-08-01T02:00:00.000Z","1952.9145","2.0694"
"2023-05-02T08:07:40.927Z","Azure Monitor","jioindiacentral","CHF","5000 GB Commitment Tier Capacity Reservation","5000","1/Day","10035.3715","2021-08-01T02:00:00.000Z","4849.4112","2.0071"
"2023-06-02T08:07:42.568Z","Azure Monitor","jioindiacentral","CHF","Pay-as-you-go Data Ingestion","Pay-as-you-go","1 GB","2.921","2021-08-01T02:00:00.000Z","0","2.921"
"2023-06-02T08:07:42.568Z","Azure Monitor","jioindiacentral","CHF","100 GB Commitment Tier Capacity Reservation","100","1/Day","248.922","2021-08-01T02:00:00.000Z","85.2181","2.4892"
"2023-06-02T08:07:42.568Z","Azure Monitor","jioindiacentral","CHF","200 GB Commitment Tier Capacity Reservation","200","1/Day","467.3637","2021-08-01T02:00:00.000Z","187.7566","2.3368"
"2023-06-02T08:07:42.568Z","Azure Monitor","jioindiacentral","CHF","300 GB Commitment Tier Capacity Reservation","300","1/Day","685.8054","2021-08-01T02:00:00.000Z","293.4806","2.286"
"2023-06-02T08:07:42.568Z","Azure Monitor","jioindiacentral","CHF","400 GB Commitment Tier Capacity Reservation","400","1/Day","894.087","2021-08-01T02:00:00.000Z","391.1142","2.2352"
"2023-06-02T08:07:42.568Z","Azure Monitor","jioindiacentral","CHF","500 GB Commitment Tier Capacity Reservation","500","1/Day","1098.5586","2021-08-01T02:00:00.000Z","491.4811","2.1971"
"2023-06-02T08:07:42.568Z","Azure Monitor","jioindiacentral","CHF","1000 GB Commitment Tier Capacity Reservation","1000","1/Day","2159.017","2021-08-01T02:00:00.000Z","982.6667","2.159"
"2023-06-02T08:07:42.568Z","Azure Monitor","jioindiacentral","CHF","2000 GB Commitment Tier Capacity Reservation","2000","1/Day","4216.4332","2021-08-01T02:00:00.000Z","1952.9566","2.1082"
"2023-06-02T08:07:42.568Z","Azure Monitor","jioindiacentral","CHF","5000 GB Commitment Tier Capacity Reservation","5000","1/Day","10223.5805","2021-08-01T02:00:00.000Z","4849.4358","2.0447"
"2023-07-07T06:09:02.036Z","Azure Monitor","jioindiacentral","CHF","Pay-as-you-go Data Ingestion","Pay-as-you-go","1 GB","2.8895","2021-08-01T00:00:00.000Z","0","2.8895"
"2023-07-07T06:09:02.036Z","Azure Monitor","jioindiacentral","CHF","100 GB Commitment Tier Capacity Reservation","100","1/Day","246.2328","2021-08-01T00:00:00.000Z","85.2164","2.4623"
"2023-07-07T06:09:02.036Z","Azure Monitor","jioindiacentral","CHF","200 GB Commitment Tier Capacity Reservation","200","1/Day","462.3147","2021-08-01T00:00:00.000Z","187.7573","2.3116"
"2023-07-07T06:09:02.036Z","Azure Monitor","jioindiacentral","CHF","300 GB Commitment Tier Capacity Reservation","300","1/Day","678.3966","2021-08-01T00:00:00.000Z","293.4749","2.2613"
"2023-07-07T06:09:02.036Z","Azure Monitor","jioindiacentral","CHF","400 GB Commitment Tier Capacity Reservation","400","1/Day","884.4282","2021-08-01T00:00:00.000Z","391.1149","2.2111"
"2023-07-07T06:09:02.036Z","Azure Monitor","jioindiacentral","CHF","500 GB Commitment Tier Capacity Reservation","500","1/Day","1086.6908","2021-08-01T00:00:00.000Z","491.4707","2.1734"
"2023-07-07T06:09:02.036Z","Azure Monitor","jioindiacentral","CHF","1000 GB Commitment Tier Capacity Reservation","1000","1/Day","2135.693","2021-08-01T00:00:00.000Z","982.6507","2.1357"
"2023-07-07T06:09:02.036Z","Azure Monitor","jioindiacentral","CHF","2000 GB Commitment Tier Capacity Reservation","2000","1/Day","4170.8828","2021-08-01T00:00:00.000Z","1952.9348","2.0854"
"2023-07-07T06:09:02.036Z","Azure Monitor","jioindiacentral","CHF","5000 GB Commitment Tier Capacity Reservation","5000","1/Day","10113.1345","2021-08-01T00:00:00.000Z","4849.4939","2.0226"
"2023-08-02T06:09:03.844Z","Azure Monitor","jioindiacentral","CHF","Pay-as-you-go Data Ingestion","Pay-as-you-go","1 GB","2.798","2021-08-01T00:00:00.000Z","0","2.798"
"2023-08-02T06:09:03.844Z","Azure Monitor","jioindiacentral","CHF","100 GB Commitment Tier Capacity Reservation","100","1/Day","238.4399","2021-08-01T00:00:00.000Z","85.218","2.3844"
"2023-08-02T06:09:03.844Z","Azure Monitor","jioindiacentral","CHF","200 GB Commitment Tier Capacity Reservation","200","1/Day","447.683","2021-08-01T00:00:00.000Z","187.755","2.2384"
"2023-08-02T06:09:03.844Z","Azure Monitor","jioindiacentral","CHF","300 GB Commitment Tier Capacity Reservation","300","1/Day","656.9262","2021-08-01T00:00:00.000Z","293.4803","2.1898"
"2023-08-02T06:09:03.844Z","Azure Monitor","jioindiacentral","CHF","400 GB Commitment Tier Capacity Reservation","400","1/Day","856.4371","2021-08-01T00:00:00.000Z","391.1029","2.1411"
"2023-08-02T06:09:03.844Z","Azure Monitor","jioindiacentral","CHF","500 GB Commitment Tier Capacity Reservation","500","1/Day","1052.2985","2021-08-01T00:00:00.000Z","491.4756","2.1046"
"2023-08-02T06:09:03.844Z","Azure Monitor","jioindiacentral","CHF","1000 GB Commitment Tier Capacity Reservation","1000","1/Day","2068.101","2021-08-01T00:00:00.000Z","982.6575","2.0681"
"2023-08-02T06:09:03.844Z","Azure Monitor","jioindiacentral","CHF","2000 GB Commitment Tier Capacity Reservation","2000","1/Day","4038.8796","2021-08-01T00:00:00.000Z","1952.9421","2.0194"
"2023-08-02T06:09:03.844Z","Azure Monitor","jioindiacentral","CHF","5000 GB Commitment Tier Capacity Reservation","5000","1/Day","9793.0665","2021-08-01T00:00:00.000Z","4849.4932","1.9586"
"2023-09-02T06:07:00.316Z","Azure Monitor","jioindiacentral","CHF","Pay-as-you-go Data Ingestion","Pay-as-you-go","1 GB","2.8386","2021-08-01T00:00:00.000Z","0","2.8386"
"2023-09-02T06:07:00.316Z","Azure Monitor","jioindiacentral","CHF","100 GB Commitment Tier Capacity Reservation","100","1/Day","241.8973","2021-08-01T00:00:00.000Z","85.2171","2.419"
"2023-09-02T06:07:00.316Z","Azure Monitor","jioindiacentral","CHF","200 GB Commitment Tier Capacity Reservation","200","1/Day","454.1746","2021-08-01T00:00:00.000Z","187.753","2.2709"
"2023-09-02T06:07:00.316Z","Azure Monitor","jioindiacentral","CHF","300 GB Commitment Tier Capacity Reservation","300","1/Day","666.4518","2021-08-01T00:00:00.000Z","293.4747","2.2215"
"2023-09-02T06:07:00.316Z","Azure Monitor","jioindiacentral","CHF","400 GB Commitment Tier Capacity Reservation","400","1/Day","868.8557","2021-08-01T00:00:00.000Z","391.1122","2.1721"
"2023-09-02T06:07:00.316Z","Azure Monitor","jioindiacentral","CHF","500 GB Commitment Tier Capacity Reservation","500","1/Day","1067.557","2021-08-01T00:00:00.000Z","491.4861","2.1351"
"2023-09-02T06:07:00.316Z","Azure Monitor","jioindiacentral","CHF","1000 GB Commitment Tier Capacity Reservation","1000","1/Day","2098.089","2021-08-01T00:00:00.000Z","982.6654","2.0981"
"2023-09-02T06:07:00.316Z","Azure Monitor","jioindiacentral","CHF","2000 GB Commitment Tier Capacity Reservation","2000","1/Day","4097.4444","2021-08-01T00:00:00.000Z","1952.9309","2.0487"
"2023-09-02T06:07:00.316Z","Azure Monitor","jioindiacentral","CHF","5000 GB Commitment Tier Capacity Reservation","5000","1/Day","9935.0685","2021-08-01T00:00:00.000Z","4849.4501","1.987"
"2023-10-02T06:08:46.154Z","Azure Monitor","jioindiacentral","CHF","Pay-as-you-go Data Ingestion","Pay-as-you-go","1 GB","2.9619","2021-08-01T00:00:00.000Z","0","2.9619"
"2023-10-02T06:08:46.154Z","Azure Monitor","jioindiacentral","CHF","100 GB Commitment Tier Capacity Reservation","100","1/Day","252.4068","2021-08-01T00:00:00.000Z","85.2179","2.5241"
"2023-10-02T06:08:46.154Z","Azure Monitor","jioindiacentral","CHF","200 GB Commitment Tier Capacity Reservation","200","1/Day","473.9067","2021-08-01T00:00:00.000Z","187.7527","2.3695"
"2023-10-02T06:08:46.154Z","Azure Monitor","jioindiacentral","CHF","300 GB Commitment Tier Capacity Reservation","300","1/Day","695.4066","2021-08-01T00:00:00.000Z","293.4824","2.318"
"2023-10-02T06:08:46.154Z","Azure Monitor","jioindiacentral","CHF","400 GB Commitment Tier Capacity Reservation","400","1/Day","906.6042","2021-08-01T00:00:00.000Z","391.1148","2.2665"
"2023-10-02T06:08:46.154Z","Azure Monitor","jioindiacentral","CHF","500 GB Commitment Tier Capacity Reservation","500","1/Day","1113.9384","2021-08-01T00:00:00.000Z","491.4795","2.2279"
"2023-10-02T06:08:46.154Z","Azure Monitor","jioindiacentral","CHF","1000 GB Commitment Tier Capacity Reservation","1000","1/Day","2189.243","2021-08-01T00:00:00.000Z","982.6487","2.1892"
"2023-10-02T06:08:46.154Z","Azure Monitor","jioindiacentral","CHF","2000 GB Commitment Tier Capacity Reservation","2000","1/Day","4275.4628","2021-08-01T00:00:00.000Z","1952.9795","2.1377"
"2023-10-02T06:08:46.154Z","Azure Monitor","jioindiacentral","CHF","5000 GB Commitment Tier Capacity Reservation","5000","1/Day","10366.7095","2021-08-01T00:00:00.000Z","4849.4688","2.0733"
"2023-11-01T06:08:41.407Z","Azure Monitor","jioindiacentral","CHF","Pay-as-you-go Data Ingestion","Pay-as-you-go","1 GB","2.9069","2021-08-01T00:00:00.000Z","0","2.9069"
"2023-11-01T06:08:41.407Z","Azure Monitor","jioindiacentral","CHF","100 GB Commitment Tier Capacity Reservation","100","1/Day","247.7146","2021-08-01T00:00:00.000Z","85.2161","2.4771"
"2023-11-01T06:08:41.407Z","Azure Monitor","jioindiacentral","CHF","200 GB Commitment Tier Capacity Reservation","200","1/Day","465.0968","2021-08-01T00:00:00.000Z","187.7586","2.3255"
"2023-11-01T06:08:41.407Z","Azure Monitor","jioindiacentral","CHF","300 GB Commitment Tier Capacity Reservation","300","1/Day","682.479","2021-08-01T00:00:00.000Z","293.4762","2.2749"
"2023-11-01T06:08:41.407Z","Azure Monitor","jioindiacentral","CHF","400 GB Commitment Tier Capacity Reservation","400","1/Day","889.7504","2021-08-01T00:00:00.000Z","391.1163","2.2244"
"2023-11-01T06:08:41.407Z","Azure Monitor","jioindiacentral","CHF","500 GB Commitment Tier Capacity Reservation","500","1/Day","1093.2302","2021-08-01T00:00:00.000Z","491.4719","2.1865"
"2023-11-01T06:08:41.407Z","Azure Monitor","jioindiacentral","CHF","1000 GB Commitment Tier Capacity Reservation","1000","1/Day","2148.545","2021-08-01T00:00:00.000Z","982.6412","2.1485"
"2023-11-01T06:08:41.407Z","Azure Monitor","jioindiacentral","CHF","2000 GB Commitment Tier Capacity Reservation","2000","1/Day","4195.982","2021-08-01T00:00:00.000Z","1952.9821","2.098"
"2023-11-01T06:08:41.407Z","Azure Monitor","jioindiacentral","CHF","5000 GB Commitment Tier Capacity Reservation","5000","1/Day","10173.9925","2021-08-01T00:00:00.000Z","4849.3768","2.0348"
"2023-12-02T06:07:58.693Z","Azure Monitor","jioindiacentral","CHF","Pay-as-you-go Data Ingestion","Pay-as-you-go","1 GB","2.8283","2021-08-01T00:00:00.000Z","0","2.8283"
"2023-12-02T06:07:58.693Z","Azure Monitor","jioindiacentral","CHF","100 GB Commitment Tier Capacity Reservation","100","1/Day","241.0192","2021-08-01T00:00:00.000Z","85.217","2.4102"
"2023-12-02T06:07:58.693Z","Azure Monitor","jioindiacentral","CHF","200 GB Commitment Tier Capacity Reservation","200","1/Day","452.5259","2021-08-01T00:00:00.000Z","187.7545","2.2626"
"2023-12-02T06:07:58.693Z","Azure Monitor","jioindiacentral","CHF","300 GB Commitment Tier Capacity Reservation","300","1/Day","664.0326","2021-08-01T00:00:00.000Z","293.4821","2.2134"
"2023-12-02T06:07:58.693Z","Azure Monitor","jioindiacentral","CHF","400 GB Commitment Tier Capacity Reservation","400","1/Day","865.7018","2021-08-01T00:00:00.000Z","391.1186","2.1643"
"2023-12-02T06:07:58.693Z","Azure Monitor","jioindiacentral","CHF","500 GB Commitment Tier Capacity Reservation","500","1/Day","1063.6818","2021-08-01T00:00:00.000Z","491.4669","2.1274"
"2023-12-02T06:07:58.693Z","Azure Monitor","jioindiacentral","CHF","1000 GB Commitment Tier Capacity Reservation","1000","1/Day","2090.473","2021-08-01T00:00:00.000Z","982.6422","2.0905"
"2023-12-02T06:07:58.693Z","Azure Monitor","jioindiacentral","CHF","2000 GB Commitment Tier Capacity Reservation","2000","1/Day","4082.5708","2021-08-01T00:00:00.000Z","1952.916","2.0413"
"2023-12-02T06:07:58.693Z","Azure Monitor","jioindiacentral","CHF","5000 GB Commitment Tier Capacity Reservation","5000","1/Day","9899.0045","2021-08-01T00:00:00.000Z","4849.3629","1.9798"
"2024-01-01T06:09:20.544Z","Azure Monitor","jioindiacentral","CHF","Pay-as-you-go Data Ingestion","Pay-as-you-go","1 GB","2.7236","2021-08-01T00:00:00.000Z","0","2.7236"
"2024-01-01T06:09:20.544Z","Azure Monitor","jioindiacentral","CHF","100 GB Commitment Tier Capacity Reservation","100","1/Day","232.1012","2021-08-01T00:00:00.000Z","85.2185","2.321"
"2024-01-01T06:09:20.544Z","Azure Monitor","jioindiacentral","CHF","200 GB Commitment Tier Capacity Reservation","200","1/Day","435.7819","2021-08-01T00:00:00.000Z","187.7561","2.1789"
"2024-01-01T06:09:20.544Z","Azure Monitor","jioindiacentral","CHF","300 GB Commitment Tier Capacity Reservation","300","1/Day","639.4626","2021-08-01T00:00:00.000Z","293.4796","2.1315"
"2024-01-01T06:09:20.544Z","Azure Monitor","jioindiacentral","CHF","400 GB Commitment Tier Capacity Reservation","400","1/Day","833.6698","2021-08-01T00:00:00.000Z","391.1188","2.0842"
"2024-01-01T06:09:20.544Z","Azure Monitor","jioindiacentral","CHF","500 GB Commitment Tier Capacity Reservation","500","1/Day","1024.3244","2021-08-01T00:00:00.000Z","491.4713","2.0486"
"2024-01-01T06:09:20.544Z","Azure Monitor","jioindiacentral","CHF","1000 GB Commitment Tier Capacity Reservation","1000","1/Day","2013.123","2021-08-01T00:00:00.000Z","982.6823","2.0131"
"2024-01-01T06:09:20.544Z","Azure Monitor","jioindiacentral","CHF","2000 GB Commitment Tier Capacity Reservation","2000","1/Day","3931.5108","2021-08-01T00:00:00.000Z","1952.9635","1.9658"
"2024-01-01T06:09:20.544Z","Azure Monitor","jioindiacentral","CHF","5000 GB Commitment Tier Capacity Reservation","5000","1/Day","9532.7295","2021-08-01T00:00:00.000Z","4849.2876","1.9065"
"2024-02-02T06:08:03.849Z","Azure Monitor","jioindiacentral","CHF","Pay-as-you-go Data Ingestion","Pay-as-you-go","1 GB","2.7814","2021-08-01T00:00:00.000Z","0","2.7814"
"2024-02-02T06:08:03.849Z","Azure Monitor","jioindiacentral","CHF","100 GB Commitment Tier Capacity Reservation","100","1/Day","237.0267","2021-08-01T00:00:00.000Z","85.2185","2.3703"
"2024-02-02T06:08:03.849Z","Azure Monitor","jioindiacentral","CHF","200 GB Commitment Tier Capacity Reservation","200","1/Day","445.0298","2021-08-01T00:00:00.000Z","187.7525","2.2251"
"2024-02-02T06:08:03.849Z","Azure Monitor","jioindiacentral","CHF","300 GB Commitment Tier Capacity Reservation","300","1/Day","653.0328","2021-08-01T00:00:00.000Z","293.4847","2.1768"
"2024-02-02T06:08:03.849Z","Azure Monitor","jioindiacentral","CHF","400 GB Commitment Tier Capacity Reservation","400","1/Day","851.3613","2021-08-01T00:00:00.000Z","391.1068","2.1284"
"2024-02-02T06:08:03.849Z","Azure Monitor","jioindiacentral","CHF","500 GB Commitment Tier Capacity Reservation","500","1/Day","1046.0618","2021-08-01T00:00:00.000Z","491.478","2.0921"
"2024-02-02T06:08:03.849Z","Azure Monitor","jioindiacentral","CHF","1000 GB Commitment Tier Capacity Reservation","1000","1/Day","2055.844","2021-08-01T00:00:00.000Z","982.67","2.0558"
"2024-02-02T06:08:03.849Z","Azure Monitor","jioindiacentral","CHF","2000 GB Commitment Tier Capacity Reservation","2000","1/Day","4014.9424","2021-08-01T00:00:00.000Z","1952.983","2.0075"
"2024-02-02T06:08:03.849Z","Azure Monitor","jioindiacentral","CHF","5000 GB Commitment Tier Capacity Reservation","5000","1/Day","9735.026","2021-08-01T00:00:00.000Z","4849.328","1.947"
"2024-03-02T06:08:20.311Z","Azure Monitor","jioindiacentral","CHF","Pay-as-you-go Data Ingestion","Pay-as-you-go","1 GB","2.8312","2021-08-01T00:00:00.000Z","0","2.8312"
"2024-03-02T06:08:20.311Z","Azure Monitor","jioindiacentral","CHF","100 GB Commitment Tier Capacity Reservation","100","1/Day","241.2662","2021-08-01T00:00:00.000Z","85.2169","2.4127"
"2024-03-02T06:08:20.311Z","Azure Monitor","jioindiacentral","CHF","200 GB Commitment Tier Capacity Reservation","200","1/Day","452.9896","2021-08-01T00:00:00.000Z","187.7521","2.2649"
"2024-03-02T06:08:20.311Z","Azure Monitor","jioindiacentral","CHF","300 GB Commitment Tier Capacity Reservation","300","1/Day","664.713","2021-08-01T00:00:00.000Z","293.4845","2.2157"
"2024-03-02T06:08:20.311Z","Azure Monitor","jioindiacentral","CHF","400 GB Commitment Tier Capacity Reservation","400","1/Day","866.5888","2021-08-01T00:00:00.000Z","391.1129","2.1665"
"2024-03-02T06:08:20.311Z","Azure Monitor","jioindiacentral","CHF","500 GB Commitment Tier Capacity Reservation","500","1/Day","1064.7717","2021-08-01T00:00:00.000Z","491.4709","2.1295"
"2024-03-02T06:08:20.311Z","Azure Monitor","jioindiacentral","CHF","1000 GB Commitment Tier Capacity Reservation","1000","1/Day","2092.615","2021-08-01T00:00:00.000Z","982.679","2.0926"
"2024-03-02T06:08:20.311Z","Azure Monitor","jioindiacentral","CHF","2000 GB Commitment Tier Capacity Reservation","2000","1/Day","4086.754","2021-08-01T00:00:00.000Z","1952.9552","2.0434"
"2024-03-02T06:08:20.311Z","Azure Monitor","jioindiacentral","CHF","5000 GB Commitment Tier Capacity Reservation","5000","1/Day","9909.1475","2021-08-01T00:00:00.000Z","4849.343","1.9818"
"2024-04-03T09:26:28.723Z","Azure Monitor","jioindiacentral","CHF","Pay-as-you-go Data Ingestion","Pay-as-you-go","1 GB","2.9072","2021-08-01T00:00:00.000Z","0","2.9072"
"2024-04-03T09:26:28.723Z","Azure Monitor","jioindiacentral","CHF","100 GB Commitment Tier Capacity Reservation","100","1/Day","247.742","2021-08-01T00:00:00.000Z","85.2167","2.4774"
"2024-04-03T09:26:28.723Z","Azure Monitor","jioindiacentral","CHF","200 GB Commitment Tier Capacity Reservation","200","1/Day","465.1483","2021-08-01T00:00:00.000Z","187.7566","2.3257"
"2024-04-03T09:26:28.723Z","Azure Monitor","jioindiacentral","CHF","300 GB Commitment Tier Capacity Reservation","300","1/Day","682.5546","2021-08-01T00:00:00.000Z","293.4835","2.2752"
"2024-04-03T09:26:28.723Z","Azure Monitor","jioindiacentral","CHF","400 GB Commitment Tier Capacity Reservation","400","1/Day","889.849","2021-08-01T00:00:00.000Z","391.108","2.2246"
"2024-04-03T09:26:28.723Z","Azure Monitor","jioindiacentral","CHF","500 GB Commitment Tier Capacity Reservation","500","1/Day","1093.3513","2021-08-01T00:00:00.000Z","491.4822","2.1867"
"2024-04-03T09:26:28.723Z","Azure Monitor","jioindiacentral","CHF","1000 GB Commitment Tier Capacity Reservation","1000","1/Day","2148.783","2021-08-01T00:00:00.000Z","982.6602","2.1488"
"2024-04-03T09:26:28.723Z","Azure Monitor","jioindiacentral","CHF","2000 GB Commitment Tier Capacity Reservation","2000","1/Day","4196.4468","2021-08-01T00:00:00.000Z","1952.9257","2.0982"
"2024-04-03T09:26:28.723Z","Azure Monitor","jioindiacentral","CHF","5000 GB Commitment Tier Capacity Reservation","5000","1/Day","10175.1195","2021-08-01T00:00:00.000Z","4849.4517","2.035"
"2024-05-02T06:08:49.743Z","Azure Monitor","jioindiacentral","CHF","Pay-as-you-go Data Ingestion","Pay-as-you-go","1 GB","2.9447","2021-08-01T00:00:00.000Z","0","2.9447"
"2024-05-02T06:08:49.743Z","Azure Monitor","jioindiacentral","CHF","100 GB Commitment Tier Capacity Reservation","100","1/Day","250.9388","2021-08-01T00:00:00.000Z","85.2171","2.5094"
"2024-05-02T06:08:49.743Z","Azure Monitor","jioindiacentral","CHF","200 GB Commitment Tier Capacity Reservation","200","1/Day","471.1504","2021-08-01T00:00:00.000Z","187.7542","2.3558"
"2024-05-02T06:08:49.743Z","Azure Monitor","jioindiacentral","CHF","300 GB Commitment Tier Capacity Reservation","300","1/Day","691.362","2021-08-01T00:00:00.000Z","293.4723","2.3045"
"2024-05-02T06:08:49.743Z","Azure Monitor","jioindiacentral","CHF","400 GB Commitment Tier Capacity Reservation","400","1/Day","901.3312","2021-08-01T00:00:00.000Z","391.1179","2.2533"
"2024-05-02T06:08:49.743Z","Azure Monitor","jioindiacentral","CHF","500 GB Commitment Tier Capacity Reservation","500","1/Day","1107.4595","2021-08-01T00:00:00.000Z","491.4834","2.2149"
"2024-05-02T06:08:49.743Z","Azure Monitor","jioindiacentral","CHF","1000 GB Commitment Tier Capacity Reservation","1000","1/Day","2176.51","2021-08-01T00:00:00.000Z","982.6674","2.1765"
"2024-05-02T06:08:49.743Z","Azure Monitor","jioindiacentral","CHF","2000 GB Commitment Tier Capacity Reservation","2000","1/Day","4250.596","2021-08-01T00:00:00.000Z","1952.9501","2.1253"
"2024-05-02T06:08:49.743Z","Azure Monitor","jioindiacentral","CHF","5000 GB Commitment Tier Capacity Reservation","5000","1/Day","10306.415","2021-08-01T00:00:00.000Z","4849.393","2.0613"
"2024-06-02T06:10:06.668Z","Azure Monitor","jioindiacentral","CHF","Pay-as-you-go Data Ingestion","Pay-as-you-go","1 GB","2.9403","2021-08-01T00:00:00.000Z","0","2.9403"
"2024-06-02T06:10:06.668Z","Azure Monitor","jioindiacentral","CHF","100 GB Commitment Tier Capacity Reservation","100","1/Day","250.5684","2021-08-01T00:00:00.000Z","85.2187","2.5057"
"2024-06-02T06:10:06.668Z","Azure Monitor","jioindiacentral","CHF","200 GB Commitment Tier Capacity Reservation","200","1/Day","470.4549","2021-08-01T00:00:00.000Z","187.7539","2.3523"
"2024-06-02T06:10:06.668Z","Azure Monitor","jioindiacentral","CHF","300 GB Commitment Tier Capacity Reservation","300","1/Day","690.3414","2021-08-01T00:00:00.000Z","293.4751","2.3011"
"2024-06-02T06:10:06.668Z","Azure Monitor","jioindiacentral","CHF","400 GB Commitment Tier Capacity Reservation","400","1/Day","900.0006","2021-08-01T00:00:00.000Z","391.1176","2.25"
"2024-06-02T06:10:06.668Z","Azure Monitor","jioindiacentral","CHF","500 GB Commitment Tier Capacity Reservation","500","1/Day","1105.8246","2021-08-01T00:00:00.000Z","491.4776","2.2116"
"2024-06-02T06:10:06.668Z","Azure Monitor","jioindiacentral","CHF","1000 GB Commitment Tier Capacity Reservation","1000","1/Day","2173.297","2021-08-01T00:00:00.000Z","982.6809","2.1733"
"2024-06-02T06:10:06.668Z","Azure Monitor","jioindiacentral","CHF","2000 GB Commitment Tier Capacity Reservation","2000","1/Day","4244.3212","2021-08-01T00:00:00.000Z","1952.9385","2.1222"
"2024-06-02T06:10:06.668Z","Azure Monitor","jioindiacentral","CHF","5000 GB Commitment Tier Capacity Reservation","5000","1/Day","10291.2005","2021-08-01T00:00:00.000Z","4849.3076","2.0582"
"2024-07-01T06:11:21.244Z","Azure Monitor","jioindiacentral","CHF","Pay-as-you-go Data Ingestion","Pay-as-you-go","1 GB","2.8888","2021-08-01T00:00:00.000Z","0","2.8888"
"2024-07-01T06:11:21.244Z","Azure Monitor","jioindiacentral","CHF","100 GB Commitment Tier Capacity Reservation","100","1/Day","246.178","2021-08-01T00:00:00.000Z","85.2181","2.4618"
"2024-07-01T06:11:21.244Z","Azure Monitor","jioindiacentral","CHF","200 GB Commitment Tier Capacity Reservation","200","1/Day","462.2117","2021-08-01T00:00:00.000Z","187.7536","2.3111"
"2024-07-01T06:11:21.244Z","Azure Monitor","jioindiacentral","CHF","300 GB Commitment Tier Capacity Reservation","300","1/Day","678.2454","2021-08-01T00:00:00.000Z","293.473","2.2608"
"2024-07-01T06:11:21.244Z","Azure Monitor","jioindiacentral","CHF","400 GB Commitment Tier Capacity Reservation","400","1/Day","884.231","2021-08-01T00:00:00.000Z","391.1142","2.2106"
"2024-07-01T06:11:21.244Z","Azure Monitor","jioindiacentral","CHF","500 GB Commitment Tier Capacity Reservation","500","1/Day","1086.4487","2021-08-01T00:00:00.000Z","491.4723","2.1729"
"2024-07-01T06:11:21.244Z","Azure Monitor","jioindiacentral","CHF","1000 GB Commitment Tier Capacity Reservation","1000","1/Day","2135.217","2021-08-01T00:00:00.000Z","982.6577","2.1352"
"2024-07-01T06:11:21.244Z","Azure Monitor","jioindiacentral","CHF","2000 GB Commitment Tier Capacity Reservation","2000","1/Day","4169.9532","2021-08-01T00:00:00.000Z","1952.9567","2.085"
"2024-07-01T06:11:21.244Z","Azure Monitor","jioindiacentral","CHF","5000 GB Commitment Tier Capacity Reservation","5000","1/Day","10110.8805","2021-08-01T00:00:00.000Z","4849.3432","2.0222"
"2024-08-02T06:11:10.559Z","Azure Monitor","jioindiacentral","CHF","Pay-as-you-go Data Ingestion","Pay-as-you-go","1 GB","2.8542","2021-08-01T00:00:00.000Z","0","2.8542"
"2024-08-02T06:11:10.559Z","Azure Monitor","jioindiacentral","CHF","100 GB Commitment Tier Capacity Reservation","100","1/Day","243.2282","2021-08-01T00:00:00.000Z","85.2176","2.4323"
"2024-08-02T06:11:10.559Z","Azure Monitor","jioindiacentral","CHF","200 GB Commitment Tier Capacity Reservation","200","1/Day","456.6733","2021-08-01T00:00:00.000Z","187.7537","2.2834"
"2024-08-02T06:11:10.559Z","Azure Monitor","jioindiacentral","CHF","300 GB Commitment Tier Capacity Reservation","300","1/Day","670.1184","2021-08-01T00:00:00.000Z","293.4739","2.2337"
"2024-08-02T06:11:10.559Z","Azure Monitor","jioindiacentral","CHF","400 GB Commitment Tier Capacity Reservation","400","1/Day","873.6358","2021-08-01T00:00:00.000Z","391.1160","2.1841"
"2024-08-02T06:11:10.559Z","Azure Monitor","jioindiacentral","CHF","500 GB Commitment Tier Capacity Reservation","500","1/Day","1073.4304","2021-08-01T00:00:00.000Z","491.4749","2.1469"
"2024-08-02T06:11:10.559Z","Azure Monitor","jioindiacentral","CHF","1000 GB Commitment Tier Capacity Reservation","1000","1/Day","2109.632","2021-08-01T00:00:00.000Z","982.6410","2.1096"
"2024-08-02T06:11:10.559Z","Azure Monitor","jioindiacentral","CHF","2000 GB Commitment Tier Capacity Reservation","2000","1/Day","4119.9872","2021-08-01T00:00:00.000Z","1952.9708","2.0600"
"2024-08-02T06:11:10.559Z","Azure Monitor","jioindiacentral","CHF","5000 GB Commitment Tier Capacity Reservation","5000","1/Day","9989.728","2021-08-01T00:00:00.000Z","4849.3825","1.9979"
