"TimeGenerated","ServiceName","ArmRegionName","CurrencyCode","MeterName","Tier","UnitOfMeasure","RetailPrice","EffectiveStartDate","EffectiveCommitmentTierThresholdGB","EffectivePricePerGB"
"2023-03-29T15:50:58.330Z","Azure Monitor","canadacentral","DKK","Pay-as-you-go Data Ingestion","Pay-as-you-go","1 GB","19.4895","2018-02-01T00:00:00.000Z","0","19.4895"
"2023-03-29T15:50:58.330Z","Azure Monitor","canadacentral","DKK","100 GB Commitment Tier Capacity Reservation","100","1/Day","1550.1185","2019-11-01T00:00:00.000Z","79.5361","15.5012"
"2023-03-29T15:50:58.330Z","Azure Monitor","canadacentral","DKK","200 GB Commitment Tier Capacity Reservation","200","1/Day","2910.4266","2019-11-01T00:00:00.000Z","187.7549","14.5521"
"2023-03-29T15:50:58.330Z","Azure Monitor","canadacentral","DKK","300 GB Commitment Tier Capacity Reservation","300","1/Day","4270.7347","2019-11-01T00:00:00.000Z","293.4789","14.2358"
"2023-03-29T15:50:58.330Z","Azure Monitor","canadacentral","DKK","400 GB Commitment Tier Capacity Reservation","400","1/Day","5567.7727","2019-11-01T00:00:00.000Z","391.1106","13.9194"
"2023-03-29T15:50:58.330Z","Azure Monitor","canadacentral","DKK","500 GB Commitment Tier Capacity Reservation","500","1/Day","6841.0843","2019-11-01T00:00:00.000Z","491.4784","13.6822"
"2023-03-29T15:50:58.330Z","Azure Monitor","canadacentral","DKK","1000 GB Commitment Tier Capacity Reservation","1000","1/Day","13444.9056","2021-06-01T02:00:00.000Z","982.6567","13.4449"
"2023-03-29T15:50:58.330Z","Azure Monitor","canadacentral","DKK","2000 GB Commitment Tier Capacity Reservation","2000","1/Day","26257.1098","2021-06-01T02:00:00.000Z","1952.942","13.1286"
"2023-03-29T15:50:58.330Z","Azure Monitor","canadacentral","DKK","5000 GB Commitment Tier Capacity Reservation","5000","1/Day","63665.5824","2021-06-01T02:00:00.000Z","4849.3809","12.7331"
"2023-04-12T13:28:34.468Z","Azure Monitor","canadacentral","DKK","Pay-as-you-go Data Ingestion","Pay-as-you-go","1 GB","18.9837","2018-02-01T00:00:00.000Z","0","18.9837"
"2023-04-12T13:28:34.468Z","Azure Monitor","canadacentral","DKK","100 GB Commitment Tier Capacity Reservation","100","1/Day","1509.8915","2019-11-01T00:00:00.000Z","79.5362","15.0989"
"2023-04-12T13:28:34.468Z","Azure Monitor","canadacentral","DKK","200 GB Commitment Tier Capacity Reservation","200","1/Day","2834.8983","2019-11-01T00:00:00.000Z","187.7553","14.1745"
"2023-04-12T13:28:34.468Z","Azure Monitor","canadacentral","DKK","300 GB Commitment Tier Capacity Reservation","300","1/Day","4159.9051","2019-11-01T00:00:00.000Z","293.4781","13.8664"
"2023-04-12T13:28:34.468Z","Azure Monitor","canadacentral","DKK","400 GB Commitment Tier Capacity Reservation","400","1/Day","5423.2837","2019-11-01T00:00:00.000Z","391.1097","13.5582"
"2023-04-12T13:28:34.468Z","Azure Monitor","canadacentral","DKK","500 GB Commitment Tier Capacity Reservation","500","1/Day","6663.5517","2019-11-01T00:00:00.000Z","491.4776","13.3271"
"2023-04-12T13:28:34.468Z","Azure Monitor","canadacentral","DKK","1000 GB Commitment Tier Capacity Reservation","1000","1/Day","13095.9976","2021-06-01T02:00:00.000Z","982.6592","13.096"
"2023-04-12T13:28:34.468Z","Azure Monitor","canadacentral","DKK","2000 GB Commitment Tier Capacity Reservation","2000","1/Day","25575.713","2021-06-01T02:00:00.000Z","1952.9408","12.7879"
"2023-04-12T13:28:34.468Z","Azure Monitor","canadacentral","DKK","5000 GB Commitment Tier Capacity Reservation","5000","1/Day","62013.4004","2021-06-01T02:00:00.000Z","4849.3811","12.4027"
"2023-05-02T08:07:40.927Z","Azure Monitor","canadacentral","DKK","Pay-as-you-go Data Ingestion","Pay-as-you-go","1 GB","18.6297","2018-02-01T00:00:00.000Z","0","18.6297"
"2023-05-02T08:07:40.927Z","Azure Monitor","canadacentral","DKK","100 GB Commitment Tier Capacity Reservation","100","1/Day","1481.738","2019-11-01T00:00:00.000Z","79.5363","14.8174"
"2023-05-02T08:07:40.927Z","Azure Monitor","canadacentral","DKK","200 GB Commitment Tier Capacity Reservation","200","1/Day","2782.0388","2019-11-01T00:00:00.000Z","187.7549","13.9102"
"2023-05-02T08:07:40.927Z","Azure Monitor","canadacentral","DKK","300 GB Commitment Tier Capacity Reservation","300","1/Day","4082.3395","2019-11-01T00:00:00.000Z","293.4781","13.6078"
"2023-05-02T08:07:40.927Z","Azure Monitor","canadacentral","DKK","400 GB Commitment Tier Capacity Reservation","400","1/Day","5322.1612","2019-11-01T00:00:00.000Z","391.1111","13.3054"
"2023-05-02T08:07:40.927Z","Azure Monitor","canadacentral","DKK","500 GB Commitment Tier Capacity Reservation","500","1/Day","6539.3031","2019-11-01T00:00:00.000Z","491.4774","13.0786"
"2023-05-02T08:07:40.927Z","Azure Monitor","canadacentral","DKK","1000 GB Commitment Tier Capacity Reservation","1000","1/Day","12851.8096","2021-06-01T02:00:00.000Z","982.6594","12.8518"
"2023-05-02T08:07:40.927Z","Azure Monitor","canadacentral","DKK","2000 GB Commitment Tier Capacity Reservation","2000","1/Day","25098.8282","2021-06-01T02:00:00.000Z","1952.9426","12.5494"
"2023-05-02T08:07:40.927Z","Azure Monitor","canadacentral","DKK","5000 GB Commitment Tier Capacity Reservation","5000","1/Day","60857.0984","2021-06-01T02:00:00.000Z","4849.403","12.1714"
"2023-06-02T08:07:42.568Z","Azure Monitor","canadacentral","DKK","Pay-as-you-go Data Ingestion","Pay-as-you-go","1 GB","19.2046","2018-02-01T00:00:00.000Z","0","19.2046"
"2023-06-02T08:07:42.568Z","Azure Monitor","canadacentral","DKK","100 GB Commitment Tier Capacity Reservation","100","1/Day","1527.4641","2019-11-01T00:00:00.000Z","79.5364","15.2746"
"2023-06-02T08:07:42.568Z","Azure Monitor","canadacentral","DKK","200 GB Commitment Tier Capacity Reservation","200","1/Day","2867.8917","2019-11-01T00:00:00.000Z","187.7556","14.3395"
"2023-06-02T08:07:42.568Z","Azure Monitor","canadacentral","DKK","300 GB Commitment Tier Capacity Reservation","300","1/Day","4208.3194","2019-11-01T00:00:00.000Z","293.4774","14.0277"
"2023-06-02T08:07:42.568Z","Azure Monitor","canadacentral","DKK","400 GB Commitment Tier Capacity Reservation","400","1/Day","5486.4015","2019-11-01T00:00:00.000Z","391.112","13.716"
"2023-06-02T08:07:42.568Z","Azure Monitor","canadacentral","DKK","500 GB Commitment Tier Capacity Reservation","500","1/Day","6741.1042","2019-11-01T00:00:00.000Z","491.4774","13.4822"
"2023-06-02T08:07:42.568Z","Azure Monitor","canadacentral","DKK","1000 GB Commitment Tier Capacity Reservation","1000","1/Day","13248.4128","2021-06-01T02:00:00.000Z","982.6596","13.2484"
"2023-06-02T08:07:42.568Z","Azure Monitor","canadacentral","DKK","2000 GB Commitment Tier Capacity Reservation","2000","1/Day","25873.3709","2021-06-01T02:00:00.000Z","1952.9431","12.9367"
"2023-06-02T08:07:42.568Z","Azure Monitor","canadacentral","DKK","5000 GB Commitment Tier Capacity Reservation","5000","1/Day","62735.1312","2021-06-01T02:00:00.000Z","4849.3921","12.547"
"2023-07-07T06:09:02.036Z","Azure Monitor","canadacentral","DKK","Pay-as-you-go Data Ingestion","Pay-as-you-go","1 GB","18.8566","2018-02-01T00:00:00.000Z","0","18.8566"
"2023-07-07T06:09:02.036Z","Azure Monitor","canadacentral","DKK","100 GB Commitment Tier Capacity Reservation","100","1/Day","1499.7826","2019-11-01T00:00:00.000Z","79.5362","14.9978"
"2023-07-07T06:09:02.036Z","Azure Monitor","canadacentral","DKK","200 GB Commitment Tier Capacity Reservation","200","1/Day","2815.9183","2019-11-01T00:00:00.000Z","187.7554","14.0796"
"2023-07-07T06:09:02.036Z","Azure Monitor","canadacentral","DKK","300 GB Commitment Tier Capacity Reservation","300","1/Day","4132.0541","2019-11-01T00:00:00.000Z","293.4781","13.7735"
"2023-07-07T06:09:02.036Z","Azure Monitor","canadacentral","DKK","400 GB Commitment Tier Capacity Reservation","400","1/Day","5386.9742","2019-11-01T00:00:00.000Z","391.1115","13.4674"
"2023-07-07T06:09:02.036Z","Azure Monitor","canadacentral","DKK","500 GB Commitment Tier Capacity Reservation","500","1/Day","6618.9385","2019-11-01T00:00:00.000Z","491.4786","13.2379"
"2023-07-07T06:09:02.036Z","Azure Monitor","canadacentral","DKK","1000 GB Commitment Tier Capacity Reservation","1000","1/Day","13008.3184","2021-06-01T00:00:00.000Z","982.6572","13.0083"
"2023-07-07T06:09:02.036Z","Azure Monitor","canadacentral","DKK","2000 GB Commitment Tier Capacity Reservation","2000","1/Day","25404.4806","2021-06-01T00:00:00.000Z","1952.9439","12.7022"
"2023-07-07T06:09:02.036Z","Azure Monitor","canadacentral","DKK","5000 GB Commitment Tier Capacity Reservation","5000","1/Day","61598.2136","2021-06-01T00:00:00.000Z","4849.413","12.3196"
"2023-08-01T06:08:30.007Z","Azure Monitor","canadacentral","DKK","Pay-as-you-go Data Ingestion","Pay-as-you-go","1 GB","18.7121","2018-02-01T00:00:00.000Z","0","18.7121"
"2023-08-01T06:08:30.007Z","Azure Monitor","canadacentral","DKK","100 GB Commitment Tier Capacity Reservation","100","1/Day","1488.2907","2019-11-01T00:00:00.000Z","79.5363","14.8829"
"2023-08-01T06:08:30.007Z","Azure Monitor","canadacentral","DKK","200 GB Commitment Tier Capacity Reservation","200","1/Day","2794.3418","2019-11-01T00:00:00.000Z","187.7552","13.9717"
"2023-08-01T06:08:30.007Z","Azure Monitor","canadacentral","DKK","300 GB Commitment Tier Capacity Reservation","300","1/Day","4100.3928","2019-11-01T00:00:00.000Z","293.4784","13.668"
"2023-08-01T06:08:30.007Z","Azure Monitor","canadacentral","DKK","400 GB Commitment Tier Capacity Reservation","400","1/Day","5345.6973","2019-11-01T00:00:00.000Z","391.1104","13.3642"
"2023-08-01T06:08:30.007Z","Azure Monitor","canadacentral","DKK","500 GB Commitment Tier Capacity Reservation","500","1/Day","6568.2218","2019-11-01T00:00:00.000Z","491.4789","13.1364"
"2023-08-01T06:08:30.007Z","Azure Monitor","canadacentral","DKK","1000 GB Commitment Tier Capacity Reservation","1000","1/Day","12908.644","2021-06-01T00:00:00.000Z","982.6622","12.9086"
"2023-08-02T06:09:03.844Z","Azure Monitor","canadacentral","DKK","2000 GB Commitment Tier Capacity Reservation","2000","1/Day","25209.8224","2021-06-01T00:00:00.000Z","1952.9478","12.6049"
"2023-08-02T06:09:03.844Z","Azure Monitor","canadacentral","DKK","5000 GB Commitment Tier Capacity Reservation","5000","1/Day","61126.226","2021-06-01T00:00:00.000Z","4849.4019","12.2252"
"2023-09-02T06:07:00.316Z","Azure Monitor","canadacentral","DKK","Pay-as-you-go Data Ingestion","Pay-as-you-go","1 GB","18.998","2018-02-01T00:00:00.000Z","0","18.998"
"2023-09-02T06:07:00.316Z","Azure Monitor","canadacentral","DKK","100 GB Commitment Tier Capacity Reservation","100","1/Day","1511.033","2019-11-01T00:00:00.000Z","79.5364","15.1103"
"2023-09-02T06:07:00.316Z","Azure Monitor","canadacentral","DKK","200 GB Commitment Tier Capacity Reservation","200","1/Day","2837.0415","2019-11-01T00:00:00.000Z","187.7555","14.1852"
"2023-09-02T06:07:00.316Z","Azure Monitor","canadacentral","DKK","300 GB Commitment Tier Capacity Reservation","300","1/Day","4163.0501","2019-11-01T00:00:00.000Z","293.4784","13.8768"
"2023-09-02T06:07:00.316Z","Azure Monitor","canadacentral","DKK","400 GB Commitment Tier Capacity Reservation","400","1/Day","5427.3838","2019-11-01T00:00:00.000Z","391.1121","13.5685"
"2023-09-02T06:07:00.316Z","Azure Monitor","canadacentral","DKK","500 GB Commitment Tier Capacity Reservation","500","1/Day","6668.5895","2019-11-01T00:00:00.000Z","491.4758","13.3372"
"2023-09-02T06:07:00.316Z","Azure Monitor","canadacentral","DKK","1000 GB Commitment Tier Capacity Reservation","1000","1/Day","13105.8984","2021-06-01T00:00:00.000Z","982.6574","13.1059"
"2023-09-02T06:07:00.316Z","Azure Monitor","canadacentral","DKK","2000 GB Commitment Tier Capacity Reservation","2000","1/Day","25595.0486","2021-06-01T00:00:00.000Z","1952.9409","12.7975"
"2023-09-02T06:07:00.316Z","Azure Monitor","canadacentral","DKK","5000 GB Commitment Tier Capacity Reservation","5000","1/Day","62060.2836","2021-06-01T00:00:00.000Z","4849.4068","12.4121"
"2023-10-02T06:08:46.154Z","Azure Monitor","canadacentral","DKK","Pay-as-you-go Data Ingestion","Pay-as-you-go","1 GB","19.5772","2018-02-01T00:00:00.000Z","0","19.5772"
"2023-10-02T06:08:46.154Z","Azure Monitor","canadacentral","DKK","100 GB Commitment Tier Capacity Reservation","100","1/Day","1557.0993","2019-11-01T00:00:00.000Z","79.5364","15.571"
"2023-10-02T06:08:46.154Z","Azure Monitor","canadacentral","DKK","200 GB Commitment Tier Capacity Reservation","200","1/Day","2923.5333","2019-11-01T00:00:00.000Z","187.755","14.6177"
"2023-10-02T06:08:46.154Z","Azure Monitor","canadacentral","DKK","300 GB Commitment Tier Capacity Reservation","300","1/Day","4289.9674","2019-11-01T00:00:00.000Z","293.4776","14.2999"
"2023-10-02T06:08:46.154Z","Azure Monitor","canadacentral","DKK","400 GB Commitment Tier Capacity Reservation","400","1/Day","5592.8463","2019-11-01T00:00:00.000Z","391.1109","13.9821"
"2023-10-02T06:08:46.154Z","Azure Monitor","canadacentral","DKK","500 GB Commitment Tier Capacity Reservation","500","1/Day","6871.8922","2019-11-01T00:00:00.000Z","491.4778","13.7438"
"2023-10-02T06:08:46.154Z","Azure Monitor","canadacentral","DKK","1000 GB Commitment Tier Capacity Reservation","1000","1/Day","13505.4528","2021-06-01T00:00:00.000Z","982.6578","13.5055"
"2023-10-02T06:08:46.154Z","Azure Monitor","canadacentral","DKK","2000 GB Commitment Tier Capacity Reservation","2000","1/Day","26375.3549","2021-06-01T00:00:00.000Z","1952.9344","13.1877"
"2023-10-02T06:08:46.154Z","Azure Monitor","canadacentral","DKK","5000 GB Commitment Tier Capacity Reservation","5000","1/Day","63952.2912","2021-06-01T00:00:00.000Z","4849.3893","12.7905"
"2023-11-01T06:08:41.407Z","Azure Monitor","canadacentral","DKK","Pay-as-you-go Data Ingestion","Pay-as-you-go","1 GB","19.473","2018-02-01T00:00:00.000Z","0","19.473"
"2023-11-01T06:08:41.407Z","Azure Monitor","canadacentral","DKK","100 GB Commitment Tier Capacity Reservation","100","1/Day","1548.8124","2019-11-01T00:00:00.000Z","79.5364","15.4881"
"2023-11-01T06:08:41.407Z","Azure Monitor","canadacentral","DKK","200 GB Commitment Tier Capacity Reservation","200","1/Day","2907.9743","2019-11-01T00:00:00.000Z","187.7554","14.5399"
"2023-11-01T06:08:41.407Z","Azure Monitor","canadacentral","DKK","300 GB Commitment Tier Capacity Reservation","300","1/Day","4267.1362","2019-11-01T00:00:00.000Z","293.4777","14.2238"
"2023-11-01T06:08:41.407Z","Azure Monitor","canadacentral","DKK","400 GB Commitment Tier Capacity Reservation","400","1/Day","5563.0812","2019-11-01T00:00:00.000Z","391.1108","13.9077"
"2023-11-01T06:08:41.407Z","Azure Monitor","canadacentral","DKK","500 GB Commitment Tier Capacity Reservation","500","1/Day","6835.32","2019-11-01T00:00:00.000Z","491.4774","13.6706"
"2023-11-01T06:08:41.407Z","Azure Monitor","canadacentral","DKK","1000 GB Commitment Tier Capacity Reservation","1000","1/Day","13433.5768","2021-06-01T00:00:00.000Z","982.6618","13.4336"
"2023-11-01T06:08:41.407Z","Azure Monitor","canadacentral","DKK","2000 GB Commitment Tier Capacity Reservation","2000","1/Day","26234.9853","2021-06-01T00:00:00.000Z","1952.9378","13.1175"
"2023-11-01T06:08:41.407Z","Azure Monitor","canadacentral","DKK","5000 GB Commitment Tier Capacity Reservation","5000","1/Day","63611.9372","2021-06-01T00:00:00.000Z","4849.3949","12.7224"
"2023-12-02T06:07:58.693Z","Azure Monitor","canadacentral","DKK","Pay-as-you-go Data Ingestion","Pay-as-you-go","1 GB","18.7408","2018-02-01T00:00:00.000Z","0","18.7408"
"2023-12-02T06:07:58.693Z","Azure Monitor","canadacentral","DKK","100 GB Commitment Tier Capacity Reservation","100","1/Day","1490.5737","2019-11-01T00:00:00.000Z","79.5363","14.9057"
"2023-12-02T06:07:58.693Z","Azure Monitor","canadacentral","DKK","200 GB Commitment Tier Capacity Reservation","200","1/Day","2798.6282","2019-11-01T00:00:00.000Z","187.7556","13.9931"
"2023-12-02T06:07:58.693Z","Azure Monitor","canadacentral","DKK","300 GB Commitment Tier Capacity Reservation","300","1/Day","4106.6827","2019-11-01T00:00:00.000Z","293.4791","13.6889"
"2023-12-02T06:07:58.693Z","Azure Monitor","canadacentral","DKK","400 GB Commitment Tier Capacity Reservation","400","1/Day","5353.8975","2019-11-01T00:00:00.000Z","391.1123","13.3847"
"2023-12-02T06:07:58.693Z","Azure Monitor","canadacentral","DKK","500 GB Commitment Tier Capacity Reservation","500","1/Day","6578.2973","2019-11-01T00:00:00.000Z","491.4789","13.1566"
"2023-12-02T06:07:58.693Z","Azure Monitor","canadacentral","DKK","1000 GB Commitment Tier Capacity Reservation","1000","1/Day","12928.4456","2021-06-01T00:00:00.000Z","982.6586","12.9284"
"2023-12-02T06:07:58.693Z","Azure Monitor","canadacentral","DKK","2000 GB Commitment Tier Capacity Reservation","2000","1/Day","25248.4938","2021-06-01T00:00:00.000Z","1952.9481","12.6242"
"2023-12-02T06:07:58.693Z","Azure Monitor","canadacentral","DKK","5000 GB Commitment Tier Capacity Reservation","5000","1/Day","61219.9924","2021-06-01T00:00:00.000Z","4849.4156","12.244"
"2024-01-02T06:08:37.104Z","Azure Monitor","canadacentral","DKK","Pay-as-you-go Data Ingestion","Pay-as-you-go","1 GB","18.529","2018-02-01T00:00:00.000Z","0","18.529"
"2024-01-02T06:08:37.104Z","Azure Monitor","canadacentral","DKK","100 GB Commitment Tier Capacity Reservation","100","1/Day","1473.7256","2019-11-01T00:00:00.000Z","79.5362","14.7373"
"2024-01-02T06:08:37.104Z","Azure Monitor","canadacentral","DKK","200 GB Commitment Tier Capacity Reservation","200","1/Day","2766.9949","2019-11-01T00:00:00.000Z","187.7545","13.835"
"2024-01-02T06:08:37.104Z","Azure Monitor","canadacentral","DKK","300 GB Commitment Tier Capacity Reservation","300","1/Day","4060.2643","2019-11-01T00:00:00.000Z","293.4777","13.5342"
"2024-01-02T06:08:37.104Z","Azure Monitor","canadacentral","DKK","400 GB Commitment Tier Capacity Reservation","400","1/Day","5293.3816","2019-11-01T00:00:00.000Z","391.1115","13.2335"
"2024-01-02T06:08:37.104Z","Azure Monitor","canadacentral","DKK","500 GB Commitment Tier Capacity Reservation","500","1/Day","6503.9419","2019-11-01T00:00:00.000Z","491.4756","13.0079"
"2024-01-02T06:08:37.104Z","Azure Monitor","canadacentral","DKK","1000 GB Commitment Tier Capacity Reservation","1000","1/Day","12782.3136","2021-06-01T00:00:00.000Z","982.6577","12.7823"
"2024-01-02T06:08:37.104Z","Azure Monitor","canadacentral","DKK","2000 GB Commitment Tier Capacity Reservation","2000","1/Day","24963.1066","2021-06-01T00:00:00.000Z","1952.9433","12.4816"
"2024-01-02T06:08:37.104Z","Azure Monitor","canadacentral","DKK","5000 GB Commitment Tier Capacity Reservation","5000","1/Day","60528.0144","2021-06-01T00:00:00.000Z","4849.3794","12.1056"
"2024-02-02T06:08:03.849Z","Azure Monitor","canadacentral","DKK","Pay-as-you-go Data Ingestion","Pay-as-you-go","1 GB","19.0528","2018-02-01T00:00:00.000Z","0","19.0528"
"2024-02-02T06:08:03.849Z","Azure Monitor","canadacentral","DKK","100 GB Commitment Tier Capacity Reservation","100","1/Day","1515.3905","2019-11-01T00:00:00.000Z","79.5364","15.1539"
"2024-02-02T06:08:03.849Z","Azure Monitor","canadacentral","DKK","200 GB Commitment Tier Capacity Reservation","200","1/Day","2845.2229","2019-11-01T00:00:00.000Z","187.7552","14.2261"
"2024-02-02T06:08:03.849Z","Azure Monitor","canadacentral","DKK","300 GB Commitment Tier Capacity Reservation","300","1/Day","4175.0554","2019-11-01T00:00:00.000Z","293.4786","13.9169"
"2024-02-02T06:08:03.849Z","Azure Monitor","canadacentral","DKK","400 GB Commitment Tier Capacity Reservation","400","1/Day","5443.0351","2019-11-01T00:00:00.000Z","391.1097","13.6076"
"2024-02-02T06:08:03.849Z","Azure Monitor","canadacentral","DKK","500 GB Commitment Tier Capacity Reservation","500","1/Day","6687.8202","2019-11-01T00:00:00.000Z","491.4768","13.3756"
"2024-02-02T06:08:03.849Z","Azure Monitor","canadacentral","DKK","1000 GB Commitment Tier Capacity Reservation","1000","1/Day","13143.6928","2021-06-01T00:00:00.000Z","982.6619","13.1437"
"2024-02-02T06:08:03.849Z","Azure Monitor","canadacentral","DKK","2000 GB Commitment Tier Capacity Reservation","2000","1/Day","25668.8589","2021-06-01T00:00:00.000Z","1952.9401","12.8344"
"2024-02-02T06:08:03.849Z","Azure Monitor","canadacentral","DKK","5000 GB Commitment Tier Capacity Reservation","5000","1/Day","62239.2512","2021-06-01T00:00:00.000Z","4849.4087","12.4479"
"2024-03-02T06:08:20.311Z","Azure Monitor","canadacentral","DKK","Pay-as-you-go Data Ingestion","Pay-as-you-go","1 GB","18.9647","2018-02-01T00:00:00.000Z","0","18.9647"
"2024-03-02T06:08:20.311Z","Azure Monitor","canadacentral","DKK","100 GB Commitment Tier Capacity Reservation","100","1/Day","1508.3768","2019-11-01T00:00:00.000Z","79.536","15.0838"
"2024-03-02T06:08:20.311Z","Azure Monitor","canadacentral","DKK","200 GB Commitment Tier Capacity Reservation","200","1/Day","2832.0544","2019-11-01T00:00:00.000Z","187.7547","14.1603"
"2024-03-02T06:08:20.311Z","Azure Monitor","canadacentral","DKK","300 GB Commitment Tier Capacity Reservation","300","1/Day","4155.732","2019-11-01T00:00:00.000Z","293.4777","13.8524"
"2024-03-02T06:08:20.311Z","Azure Monitor","canadacentral","DKK","400 GB Commitment Tier Capacity Reservation","400","1/Day","5417.8432","2019-11-01T00:00:00.000Z","391.1122","13.5446"
"2024-03-02T06:08:20.311Z","Azure Monitor","canadacentral","DKK","500 GB Commitment Tier Capacity Reservation","500","1/Day","6656.867","2019-11-01T00:00:00.000Z","491.4776","13.3137"
"2024-03-02T06:08:20.311Z","Azure Monitor","canadacentral","DKK","1000 GB Commitment Tier Capacity Reservation","1000","1/Day","13082.86","2021-06-01T00:00:00.000Z","982.6615","13.0829"
"2024-03-02T06:08:20.311Z","Azure Monitor","canadacentral","DKK","2000 GB Commitment Tier Capacity Reservation","2000","1/Day","25550.056","2021-06-01T00:00:00.000Z","1952.9352","12.775"
"2024-03-02T06:08:20.311Z","Azure Monitor","canadacentral","DKK","5000 GB Commitment Tier Capacity Reservation","5000","1/Day","61951.19","2021-06-01T00:00:00.000Z","4849.4082","12.3902"
"2024-04-03T09:26:28.723Z","Azure Monitor","canadacentral","DKK","Pay-as-you-go Data Ingestion","Pay-as-you-go","1 GB","19.0134","2018-02-01T00:00:00.000Z","0","19.0134"
"2024-04-03T09:26:28.723Z","Azure Monitor","canadacentral","DKK","100 GB Commitment Tier Capacity Reservation","100","1/Day","1512.2513","2019-11-01T00:00:00.000Z","79.5361","15.1225"
"2024-04-03T09:26:28.723Z","Azure Monitor","canadacentral","DKK","200 GB Commitment Tier Capacity Reservation","200","1/Day","2839.329","2019-11-01T00:00:00.000Z","187.7553","14.1966"
"2024-04-03T09:26:28.723Z","Azure Monitor","canadacentral","DKK","300 GB Commitment Tier Capacity Reservation","300","1/Day","4166.4067","2019-11-01T00:00:00.000Z","293.4792","13.888"
"2024-04-03T09:26:28.723Z","Azure Monitor","canadacentral","DKK","400 GB Commitment Tier Capacity Reservation","400","1/Day","5431.7599","2019-11-01T00:00:00.000Z","391.1117","13.5794"
"2024-04-03T09:26:28.723Z","Azure Monitor","canadacentral","DKK","500 GB Commitment Tier Capacity Reservation","500","1/Day","6673.9663","2019-11-01T00:00:00.000Z","491.4773","13.3479"
"2024-04-03T09:26:28.723Z","Azure Monitor","canadacentral","DKK","1000 GB Commitment Tier Capacity Reservation","1000","1/Day","13116.4656","2021-06-01T00:00:00.000Z","982.6614","13.1165"
"2024-04-03T09:26:28.723Z","Azure Monitor","canadacentral","DKK","2000 GB Commitment Tier Capacity Reservation","2000","1/Day","25615.6858","2021-06-01T00:00:00.000Z","1952.9361","12.8078"
"2024-04-03T09:26:28.723Z","Azure Monitor","canadacentral","DKK","5000 GB Commitment Tier Capacity Reservation","5000","1/Day","62110.3224","2021-06-01T00:00:00.000Z","4849.4138","12.4221"
"2024-05-01T06:09:59.892Z","Azure Monitor","canadacentral","DKK","Pay-as-you-go Data Ingestion","Pay-as-you-go","1 GB","19.2721","2018-02-01T00:00:00.000Z","0","19.2721"
"2024-05-01T06:09:59.892Z","Azure Monitor","canadacentral","DKK","100 GB Commitment Tier Capacity Reservation","100","1/Day","1532.8313","2019-11-01T00:00:00.000Z","79.5363","15.3283"
"2024-05-01T06:09:59.892Z","Azure Monitor","canadacentral","DKK","200 GB Commitment Tier Capacity Reservation","200","1/Day","2877.969","2019-11-01T00:00:00.000Z","187.7553","14.3898"
"2024-05-01T06:09:59.892Z","Azure Monitor","canadacentral","DKK","300 GB Commitment Tier Capacity Reservation","300","1/Day","4223.1067","2019-11-01T00:00:00.000Z","293.4792","14.077"
"2024-05-01T06:09:59.892Z","Azure Monitor","canadacentral","DKK","400 GB Commitment Tier Capacity Reservation","400","1/Day","5505.6799","2019-11-01T00:00:00.000Z","391.1117","13.7642"
"2024-05-01T06:09:59.892Z","Azure Monitor","canadacentral","DKK","500 GB Commitment Tier Capacity Reservation","500","1/Day","6764.7913","2019-11-01T00:00:00.000Z","491.4773","13.5296"
"2024-05-01T06:09:59.892Z","Azure Monitor","canadacentral","DKK","1000 GB Commitment Tier Capacity Reservation","1000","1/Day","13294.9656","2021-06-01T00:00:00.000Z","982.6577","13.295"
"2024-05-01T06:09:59.892Z","Azure Monitor","canadacentral","DKK","2000 GB Commitment Tier Capacity Reservation","2000","1/Day","25964.2858","2021-06-01T00:00:00.000Z","1952.9361","12.9821"
"2024-05-01T06:09:59.892Z","Azure Monitor","canadacentral","DKK","5000 GB Commitment Tier Capacity Reservation","5000","1/Day","62955.5724","2021-06-01T00:00:00.000Z","4849.4136","12.5911"
"2024-06-02T06:10:06.668Z","Azure Monitor","canadacentral","DKK","Pay-as-you-go Data Ingestion","Pay-as-you-go","1 GB","19.0411","2018-02-01T00:00:00.000Z","0","19.0411"
"2024-06-02T06:10:06.668Z","Azure Monitor","canadacentral","DKK","100 GB Commitment Tier Capacity Reservation","100","1/Day","1514.4575","2019-11-01T00:00:00.000Z","79.5362","15.1446"
"2024-06-02T06:10:06.668Z","Azure Monitor","canadacentral","DKK","200 GB Commitment Tier Capacity Reservation","200","1/Day","2843.4712","2019-11-01T00:00:00.000Z","187.7548","14.2174"
"2024-06-02T06:10:06.668Z","Azure Monitor","canadacentral","DKK","300 GB Commitment Tier Capacity Reservation","300","1/Day","4172.485","2019-11-01T00:00:00.000Z","293.4774","13.9083"
"2024-06-02T06:10:06.668Z","Azure Monitor","canadacentral","DKK","400 GB Commitment Tier Capacity Reservation","400","1/Day","5439.6841","2019-11-01T00:00:00.000Z","391.1106","13.5992"
"2024-06-02T06:10:06.668Z","Azure Monitor","canadacentral","DKK","500 GB Commitment Tier Capacity Reservation","500","1/Day","6683.7028","2019-11-01T00:00:00.000Z","491.4776","13.3674"
"2024-06-02T06:10:06.668Z","Azure Monitor","canadacentral","DKK","1000 GB Commitment Tier Capacity Reservation","1000","1/Day","13135.6008","2021-06-01T00:00:00.000Z","982.6594","13.1356"
"2024-06-02T06:10:06.668Z","Azure Monitor","canadacentral","DKK","2000 GB Commitment Tier Capacity Reservation","2000","1/Day","25653.0557","2021-06-01T00:00:00.000Z","1952.9413","12.8265"
"2024-06-02T06:10:06.668Z","Azure Monitor","canadacentral","DKK","5000 GB Commitment Tier Capacity Reservation","5000","1/Day","62200.9332","2021-06-01T00:00:00.000Z","4849.4081","12.4402"
"2024-07-01T06:11:21.244Z","Azure Monitor","canadacentral","DKK","Pay-as-you-go Data Ingestion","Pay-as-you-go","1 GB","19.2724","2018-02-01T00:00:00.000Z","0","19.2724"
"2024-07-01T06:11:21.244Z","Azure Monitor","canadacentral","DKK","100 GB Commitment Tier Capacity Reservation","100","1/Day","1532.8533","2019-11-01T00:00:00.000Z","79.5362","15.3285"
"2024-07-01T06:11:21.244Z","Azure Monitor","canadacentral","DKK","200 GB Commitment Tier Capacity Reservation","200","1/Day","2878.0102","2019-11-01T00:00:00.000Z","187.7555","14.3901"
"2024-07-01T06:11:21.244Z","Azure Monitor","canadacentral","DKK","300 GB Commitment Tier Capacity Reservation","300","1/Day","4223.1672","2019-11-01T00:00:00.000Z","293.4773","14.0772"
"2024-07-01T06:11:21.244Z","Azure Monitor","canadacentral","DKK","400 GB Commitment Tier Capacity Reservation","400","1/Day","5505.7587","2019-11-01T00:00:00.000Z","391.1118","13.7644"
"2024-07-01T06:11:21.244Z","Azure Monitor","canadacentral","DKK","500 GB Commitment Tier Capacity Reservation","500","1/Day","6764.8882","2019-11-01T00:00:00.000Z","491.4772","13.5298"
"2024-07-01T06:11:21.244Z","Azure Monitor","canadacentral","DKK","1000 GB Commitment Tier Capacity Reservation","1000","1/Day","13295.156","2021-06-01T00:00:00.000Z","982.6572","13.2952"
"2024-07-01T06:11:21.244Z","Azure Monitor","canadacentral","DKK","2000 GB Commitment Tier Capacity Reservation","2000","1/Day","25964.6576","2021-06-01T00:00:00.000Z","1952.9347","12.9823"
"2024-07-01T06:11:21.244Z","Azure Monitor","canadacentral","DKK","5000 GB Commitment Tier Capacity Reservation","5000","1/Day","62956.474","2021-06-01T00:00:00.000Z","4849.4083","12.5913"
"2024-08-02T06:11:10.559Z","Azure Monitor","canadacentral","DKK","Pay-as-you-go Data Ingestion","Pay-as-you-go","1 GB","19.0422","2018-02-01T00:00:00.000Z","0","19.0422"
"2024-08-02T06:11:10.559Z","Azure Monitor","canadacentral","DKK","100 GB Commitment Tier Capacity Reservation","100","1/Day","1514.5453","2019-11-01T00:00:00.000Z","79.5363","15.1455"
"2024-08-02T06:11:10.559Z","Azure Monitor","canadacentral","DKK","200 GB Commitment Tier Capacity Reservation","200","1/Day","2843.6361","2019-11-01T00:00:00.000Z","187.7545","14.2182"
"2024-08-02T06:11:10.559Z","Azure Monitor","canadacentral","DKK","300 GB Commitment Tier Capacity Reservation","300","1/Day","4172.7269","2019-11-01T00:00:00.000Z","293.4779","13.9091"
"2024-08-02T06:11:10.559Z","Azure Monitor","canadacentral","DKK","400 GB Commitment Tier Capacity Reservation","400","1/Day","5439.9995","2019-11-01T00:00:00.000Z","391.1108","13.6000"
"2024-08-02T06:11:10.559Z","Azure Monitor","canadacentral","DKK","500 GB Commitment Tier Capacity Reservation","500","1/Day","6684.0903","2019-11-01T00:00:00.000Z","491.4772","13.3682"
"2024-08-02T06:11:10.559Z","Azure Monitor","canadacentral","DKK","1000 GB Commitment Tier Capacity Reservation","1000","1/Day","13136.3624","2021-06-01T00:00:00.000Z","982.6575","13.1364"
"2024-08-02T06:11:10.559Z","Azure Monitor","canadacentral","DKK","2000 GB Commitment Tier Capacity Reservation","2000","1/Day","25654.543","2021-06-01T00:00:00.000Z","1952.9356","12.8273"
"2024-08-02T06:11:10.559Z","Azure Monitor","canadacentral","DKK","5000 GB Commitment Tier Capacity Reservation","5000","1/Day","62204.5396","2021-06-01T00:00:00.000Z","4849.3868","12.4409"
