"TimeGenerated","ServiceName","ArmRegionName","CurrencyCode","MeterName","Tier","UnitOfMeasure","RetailPrice","EffectiveStartDate","EffectiveCommitmentTierThresholdGB","EffectivePricePerGB"
"2023-03-29T15:50:58.330Z","Azure Monitor","australiacentral2","CHF","Pay-as-you-go Data Ingestion","Pay-as-you-go","1 GB","3.1391","2020-02-01T00:00:00.000Z","0","3.1391"
"2023-03-29T15:50:58.330Z","Azure Monitor","australiacentral2","CHF","100 GB Commitment Tier Capacity Reservation","100","1/Day","267.1054","2020-09-01T02:00:00.000Z","85.0898","2.6711"
"2023-03-29T15:50:58.330Z","Azure Monitor","australiacentral2","CHF","200 GB Commitment Tier Capacity Reservation","200","1/Day","501.504","2020-09-01T02:00:00.000Z","187.7519","2.5075"
"2023-03-29T15:50:58.330Z","Azure Monitor","australiacentral2","CHF","300 GB Commitment Tier Capacity Reservation","300","1/Day","735.9026","2020-09-01T02:00:00.000Z","293.4806","2.453"
"2023-03-29T15:50:58.330Z","Azure Monitor","australiacentral2","CHF","400 GB Commitment Tier Capacity Reservation","400","1/Day","959.3989","2020-09-01T02:00:00.000Z","391.1125","2.3985"
"2023-03-29T15:50:58.330Z","Azure Monitor","australiacentral2","CHF","500 GB Commitment Tier Capacity Reservation","500","1/Day","1178.8069","2020-09-01T02:00:00.000Z","491.4767","2.3576"
"2023-03-29T15:50:58.330Z","Azure Monitor","australiacentral2","CHF","1000 GB Commitment Tier Capacity Reservation","1000","1/Day","2316.7303","2021-06-01T02:00:00.000Z","982.6647","2.3167"
"2023-03-29T15:50:58.330Z","Azure Monitor","australiacentral2","CHF","2000 GB Commitment Tier Capacity Reservation","2000","1/Day","4524.4379","2021-06-01T02:00:00.000Z","1952.9667","2.2622"
"2023-03-29T15:50:58.330Z","Azure Monitor","australiacentral2","CHF","5000 GB Commitment Tier Capacity Reservation","5000","1/Day","10970.3991","2021-06-01T02:00:00.000Z","4849.4382","2.1941"
"2023-04-12T13:28:34.468Z","Azure Monitor","australiacentral2","CHF","Pay-as-you-go Data Ingestion","Pay-as-you-go","1 GB","3.0711","2020-02-01T00:00:00.000Z","0","3.0711"
"2023-04-12T13:28:34.468Z","Azure Monitor","australiacentral2","CHF","100 GB Commitment Tier Capacity Reservation","100","1/Day","261.3219","2020-09-01T02:00:00.000Z","85.0907","2.6132"
"2023-04-12T13:28:34.468Z","Azure Monitor","australiacentral2","CHF","200 GB Commitment Tier Capacity Reservation","200","1/Day","490.6452","2020-09-01T02:00:00.000Z","187.7565","2.4532"
"2023-04-12T13:28:34.468Z","Azure Monitor","australiacentral2","CHF","300 GB Commitment Tier Capacity Reservation","300","1/Day","719.9685","2020-09-01T02:00:00.000Z","293.4814","2.3999"
"2023-04-12T13:28:34.468Z","Azure Monitor","australiacentral2","CHF","400 GB Commitment Tier Capacity Reservation","400","1/Day","938.6256","2020-09-01T02:00:00.000Z","391.1103","2.3466"
"2023-04-12T13:28:34.468Z","Azure Monitor","australiacentral2","CHF","500 GB Commitment Tier Capacity Reservation","500","1/Day","1153.2829","2020-09-01T02:00:00.000Z","491.4697","2.3066"
"2023-04-12T13:28:34.468Z","Azure Monitor","australiacentral2","CHF","1000 GB Commitment Tier Capacity Reservation","1000","1/Day","2266.5675","2021-06-01T02:00:00.000Z","982.6444","2.2666"
"2023-04-12T13:28:34.468Z","Azure Monitor","australiacentral2","CHF","2000 GB Commitment Tier Capacity Reservation","2000","1/Day","4426.473","2021-06-01T02:00:00.000Z","1952.9132","2.2132"
"2023-04-12T13:28:34.468Z","Azure Monitor","australiacentral2","CHF","5000 GB Commitment Tier Capacity Reservation","5000","1/Day","10732.8638","2021-06-01T02:00:00.000Z","4849.4776","2.1466"
"2023-05-02T08:07:40.927Z","Azure Monitor","australiacentral2","CHF","Pay-as-you-go Data Ingestion","Pay-as-you-go","1 GB","2.9741","2020-02-01T00:00:00.000Z","0","2.9741"
"2023-05-02T08:07:40.927Z","Azure Monitor","australiacentral2","CHF","100 GB Commitment Tier Capacity Reservation","100","1/Day","253.0659","2020-09-01T02:00:00.000Z","85.0899","2.5307"
"2023-05-02T08:07:40.927Z","Azure Monitor","australiacentral2","CHF","200 GB Commitment Tier Capacity Reservation","200","1/Day","475.1441","2020-09-01T02:00:00.000Z","187.752","2.3757"
"2023-05-02T08:07:40.927Z","Azure Monitor","australiacentral2","CHF","300 GB Commitment Tier Capacity Reservation","300","1/Day","697.2223","2020-09-01T02:00:00.000Z","293.4808","2.3241"
"2023-05-02T08:07:40.927Z","Azure Monitor","australiacentral2","CHF","400 GB Commitment Tier Capacity Reservation","400","1/Day","908.9714","2020-09-01T02:00:00.000Z","391.1068","2.2724"
"2023-05-02T08:07:40.927Z","Azure Monitor","australiacentral2","CHF","500 GB Commitment Tier Capacity Reservation","500","1/Day","1116.8469","2020-09-01T02:00:00.000Z","491.4834","2.2337"
"2023-05-02T08:07:40.927Z","Azure Monitor","australiacentral2","CHF","1000 GB Commitment Tier Capacity Reservation","1000","1/Day","2194.9592","2021-06-01T02:00:00.000Z","982.6562","2.195"
"2023-05-02T08:07:40.927Z","Azure Monitor","australiacentral2","CHF","2000 GB Commitment Tier Capacity Reservation","2000","1/Day","4286.6263","2021-06-01T02:00:00.000Z","1952.9049","2.1433"
"2023-05-02T08:07:40.927Z","Azure Monitor","australiacentral2","CHF","5000 GB Commitment Tier Capacity Reservation","5000","1/Day","10393.7776","2021-06-01T02:00:00.000Z","4849.4273","2.0788"
"2023-06-02T08:07:42.568Z","Azure Monitor","australiacentral2","CHF","Pay-as-you-go Data Ingestion","Pay-as-you-go","1 GB","3.0299","2020-02-01T00:00:00.000Z","0","3.0299"
"2023-06-02T08:07:42.568Z","Azure Monitor","australiacentral2","CHF","100 GB Commitment Tier Capacity Reservation","100","1/Day","257.812","2020-09-01T02:00:00.000Z","85.0893","2.5781"
"2023-06-02T08:07:42.568Z","Azure Monitor","australiacentral2","CHF","200 GB Commitment Tier Capacity Reservation","200","1/Day","484.0552","2020-09-01T02:00:00.000Z","187.7566","2.4203"
"2023-06-02T08:07:42.568Z","Azure Monitor","australiacentral2","CHF","300 GB Commitment Tier Capacity Reservation","300","1/Day","710.2984","2020-09-01T02:00:00.000Z","293.4754","2.3677"
"2023-06-02T08:07:42.568Z","Azure Monitor","australiacentral2","CHF","400 GB Commitment Tier Capacity Reservation","400","1/Day","926.0187","2020-09-01T02:00:00.000Z","391.1047","2.315"
"2023-06-02T08:07:42.568Z","Azure Monitor","australiacentral2","CHF","500 GB Commitment Tier Capacity Reservation","500","1/Day","1137.7929","2020-09-01T02:00:00.000Z","491.4872","2.2756"
"2023-06-02T08:07:42.568Z","Azure Monitor","australiacentral2","CHF","1000 GB Commitment Tier Capacity Reservation","1000","1/Day","2236.1247","2021-06-01T02:00:00.000Z","982.6528","2.2361"
"2023-06-02T08:07:42.568Z","Azure Monitor","australiacentral2","CHF","2000 GB Commitment Tier Capacity Reservation","2000","1/Day","4367.0201","2021-06-01T02:00:00.000Z","1952.9628","2.1835"
"2023-06-02T08:07:42.568Z","Azure Monitor","australiacentral2","CHF","5000 GB Commitment Tier Capacity Reservation","5000","1/Day","10588.7084","2021-06-01T02:00:00.000Z","4849.4199","2.1177"
"2023-07-07T06:09:02.036Z","Azure Monitor","australiacentral2","CHF","Pay-as-you-go Data Ingestion","Pay-as-you-go","1 GB","2.9971","2020-02-01T00:00:00.000Z","0","2.9971"
"2023-07-07T06:09:02.036Z","Azure Monitor","australiacentral2","CHF","100 GB Commitment Tier Capacity Reservation","100","1/Day","255.0269","2020-09-01T00:00:00.000Z","85.0912","2.5503"
"2023-07-07T06:09:02.036Z","Azure Monitor","australiacentral2","CHF","200 GB Commitment Tier Capacity Reservation","200","1/Day","478.826","2020-09-01T00:00:00.000Z","187.7528","2.3941"
"2023-07-07T06:09:02.036Z","Azure Monitor","australiacentral2","CHF","300 GB Commitment Tier Capacity Reservation","300","1/Day","702.625","2020-09-01T00:00:00.000Z","293.4819","2.3421"
"2023-07-07T06:09:02.036Z","Azure Monitor","australiacentral2","CHF","400 GB Commitment Tier Capacity Reservation","400","1/Day","916.0149","2020-09-01T00:00:00.000Z","391.1084","2.29"
"2023-07-07T06:09:02.036Z","Azure Monitor","australiacentral2","CHF","500 GB Commitment Tier Capacity Reservation","500","1/Day","1125.5012","2020-09-01T00:00:00.000Z","491.4852","2.251"
"2023-07-07T06:09:02.036Z","Azure Monitor","australiacentral2","CHF","1000 GB Commitment Tier Capacity Reservation","1000","1/Day","2211.9677","2021-06-01T00:00:00.000Z","982.66","2.212"
"2023-07-07T06:09:02.036Z","Azure Monitor","australiacentral2","CHF","2000 GB Commitment Tier Capacity Reservation","2000","1/Day","4319.8429","2021-06-01T00:00:00.000Z","1952.9127","2.1599"
"2023-07-07T06:09:02.036Z","Azure Monitor","australiacentral2","CHF","5000 GB Commitment Tier Capacity Reservation","5000","1/Day","10474.3179","2021-06-01T00:00:00.000Z","4849.4458","2.0949"
"2023-08-02T06:09:03.844Z","Azure Monitor","australiacentral2","CHF","Pay-as-you-go Data Ingestion","Pay-as-you-go","1 GB","2.9023","2020-02-01T00:00:00.000Z","0","2.9023"
"2023-08-02T06:09:03.844Z","Azure Monitor","australiacentral2","CHF","100 GB Commitment Tier Capacity Reservation","100","1/Day","246.9556","2020-09-01T00:00:00.000Z","85.0896","2.4696"
"2023-08-02T06:09:03.844Z","Azure Monitor","australiacentral2","CHF","200 GB Commitment Tier Capacity Reservation","200","1/Day","463.6717","2020-09-01T00:00:00.000Z","187.7517","2.3184"
"2023-08-02T06:09:03.844Z","Azure Monitor","australiacentral2","CHF","300 GB Commitment Tier Capacity Reservation","300","1/Day","680.3879","2020-09-01T00:00:00.000Z","293.473","2.268"
"2023-08-02T06:09:03.844Z","Azure Monitor","australiacentral2","CHF","400 GB Commitment Tier Capacity Reservation","400","1/Day","887.0242","2020-09-01T00:00:00.000Z","391.1041","2.2176"
"2023-08-02T06:09:03.844Z","Azure Monitor","australiacentral2","CHF","500 GB Commitment Tier Capacity Reservation","500","1/Day","1089.8805","2020-09-01T00:00:00.000Z","491.4685","2.1798"
"2023-08-02T06:09:03.844Z","Azure Monitor","australiacentral2","CHF","1000 GB Commitment Tier Capacity Reservation","1000","1/Day","2141.9618","2021-06-01T00:00:00.000Z","982.6414","2.142"
"2023-08-02T06:09:03.844Z","Azure Monitor","australiacentral2","CHF","2000 GB Commitment Tier Capacity Reservation","2000","1/Day","4183.1253","2021-06-01T00:00:00.000Z","1952.9063","2.0916"
"2023-08-02T06:09:03.844Z","Azure Monitor","australiacentral2","CHF","5000 GB Commitment Tier Capacity Reservation","5000","1/Day","10142.8189","2021-06-01T00:00:00.000Z","4849.311","2.0286"
"2023-09-02T06:07:00.316Z","Azure Monitor","australiacentral2","CHF","Pay-as-you-go Data Ingestion","Pay-as-you-go","1 GB","2.9444","2020-02-01T00:00:00.000Z","0","2.9444"
"2023-09-02T06:07:00.316Z","Azure Monitor","australiacentral2","CHF","100 GB Commitment Tier Capacity Reservation","100","1/Day","250.5365","2020-09-01T00:00:00.000Z","85.0892","2.5054"
"2023-09-02T06:07:00.316Z","Azure Monitor","australiacentral2","CHF","200 GB Commitment Tier Capacity Reservation","200","1/Day","470.3951","2020-09-01T00:00:00.000Z","187.7525","2.352"
"2023-09-02T06:07:00.316Z","Azure Monitor","australiacentral2","CHF","300 GB Commitment Tier Capacity Reservation","300","1/Day","690.2536","2020-09-01T00:00:00.000Z","293.4752","2.3008"
"2023-09-02T06:07:00.316Z","Azure Monitor","australiacentral2","CHF","400 GB Commitment Tier Capacity Reservation","400","1/Day","899.8862","2020-09-01T00:00:00.000Z","391.1188","2.2497"
"2023-09-02T06:07:00.316Z","Azure Monitor","australiacentral2","CHF","500 GB Commitment Tier Capacity Reservation","500","1/Day","1105.6841","2020-09-01T00:00:00.000Z","491.4807","2.2114"
"2023-09-02T06:07:00.316Z","Azure Monitor","australiacentral2","CHF","1000 GB Commitment Tier Capacity Reservation","1000","1/Day","2173.0207","2021-06-01T00:00:00.000Z","982.6448","2.173"
"2023-09-02T06:07:00.316Z","Azure Monitor","australiacentral2","CHF","2000 GB Commitment Tier Capacity Reservation","2000","1/Day","4243.7817","2021-06-01T00:00:00.000Z","1952.9598","2.1219"
"2023-09-02T06:07:00.316Z","Azure Monitor","australiacentral2","CHF","5000 GB Commitment Tier Capacity Reservation","5000","1/Day","10289.8924","2021-06-01T00:00:00.000Z","4849.3767","2.058"
"2023-10-02T06:08:46.154Z","Azure Monitor","australiacentral2","CHF","Pay-as-you-go Data Ingestion","Pay-as-you-go","1 GB","3.0723","2020-02-01T00:00:00.000Z","0","3.0723"
"2023-10-02T06:08:46.154Z","Azure Monitor","australiacentral2","CHF","100 GB Commitment Tier Capacity Reservation","100","1/Day","261.4214","2020-09-01T00:00:00.000Z","85.0898","2.6142"
"2023-10-02T06:08:46.154Z","Azure Monitor","australiacentral2","CHF","200 GB Commitment Tier Capacity Reservation","200","1/Day","490.832","2020-09-01T00:00:00.000Z","187.7561","2.4542"
"2023-10-02T06:08:46.154Z","Azure Monitor","australiacentral2","CHF","300 GB Commitment Tier Capacity Reservation","300","1/Day","720.2426","2020-09-01T00:00:00.000Z","293.4735","2.4008"
"2023-10-02T06:08:46.154Z","Azure Monitor","australiacentral2","CHF","400 GB Commitment Tier Capacity Reservation","400","1/Day","938.9829","2020-09-01T00:00:00.000Z","391.1125","2.3475"
"2023-10-02T06:08:46.154Z","Azure Monitor","australiacentral2","CHF","500 GB Commitment Tier Capacity Reservation","500","1/Day","1153.7219","2020-09-01T00:00:00.000Z","491.4683","2.3074"
"2023-10-02T06:08:46.154Z","Azure Monitor","australiacentral2","CHF","1000 GB Commitment Tier Capacity Reservation","1000","1/Day","2267.4303","2021-06-01T00:00:00.000Z","982.6776","2.2674"
"2023-10-02T06:08:46.154Z","Azure Monitor","australiacentral2","CHF","2000 GB Commitment Tier Capacity Reservation","2000","1/Day","4428.1579","2021-06-01T00:00:00.000Z","1952.9672","2.2141"
"2023-10-02T06:08:46.154Z","Azure Monitor","australiacentral2","CHF","5000 GB Commitment Tier Capacity Reservation","5000","1/Day","10736.9491","2021-06-01T00:00:00.000Z","4849.3515","2.1474"
"2023-11-01T06:08:41.407Z","Azure Monitor","australiacentral2","CHF","Pay-as-you-go Data Ingestion","Pay-as-you-go","1 GB","3.0152","2020-02-01T00:00:00.000Z","0","3.0152"
"2023-11-01T06:08:41.407Z","Azure Monitor","australiacentral2","CHF","100 GB Commitment Tier Capacity Reservation","100","1/Day","256.5615","2020-09-01T00:00:00.000Z","85.0894","2.5656"
"2023-11-01T06:08:41.407Z","Azure Monitor","australiacentral2","CHF","200 GB Commitment Tier Capacity Reservation","200","1/Day","481.7074","2020-09-01T00:00:00.000Z","187.7562","2.4085"
"2023-11-01T06:08:41.407Z","Azure Monitor","australiacentral2","CHF","300 GB Commitment Tier Capacity Reservation","300","1/Day","706.8532","2020-09-01T00:00:00.000Z","293.4827","2.3562"
"2023-11-01T06:08:41.407Z","Azure Monitor","australiacentral2","CHF","400 GB Commitment Tier Capacity Reservation","400","1/Day","921.5272","2020-09-01T00:00:00.000Z","391.1074","2.3038"
"2023-11-01T06:08:41.407Z","Azure Monitor","australiacentral2","CHF","500 GB Commitment Tier Capacity Reservation","500","1/Day","1132.2742","2020-09-01T00:00:00.000Z","491.4811","2.2645"
"2023-11-01T06:08:41.407Z","Azure Monitor","australiacentral2","CHF","1000 GB Commitment Tier Capacity Reservation","1000","1/Day","2225.2787","2021-06-01T00:00:00.000Z","982.6799","2.2253"
"2023-11-01T06:08:41.407Z","Azure Monitor","australiacentral2","CHF","2000 GB Commitment Tier Capacity Reservation","2000","1/Day","4345.8385","2021-06-01T00:00:00.000Z","1952.9225","2.1729"
"2023-11-01T06:08:41.407Z","Azure Monitor","australiacentral2","CHF","5000 GB Commitment Tier Capacity Reservation","5000","1/Day","10537.3494","2021-06-01T00:00:00.000Z","4849.4406","2.1075"
"2023-12-02T06:07:58.693Z","Azure Monitor","australiacentral2","CHF","Pay-as-you-go Data Ingestion","Pay-as-you-go","1 GB","2.9337","2020-02-01T00:00:00.000Z","0","2.9337"
"2023-12-02T06:07:58.693Z","Azure Monitor","australiacentral2","CHF","100 GB Commitment Tier Capacity Reservation","100","1/Day","249.6271","2020-09-01T00:00:00.000Z","85.0895","2.4963"
"2023-12-02T06:07:58.693Z","Azure Monitor","australiacentral2","CHF","200 GB Commitment Tier Capacity Reservation","200","1/Day","468.6876","2020-09-01T00:00:00.000Z","187.7529","2.3434"
"2023-12-02T06:07:58.693Z","Azure Monitor","australiacentral2","CHF","300 GB Commitment Tier Capacity Reservation","300","1/Day","687.748","2020-09-01T00:00:00.000Z","293.483","2.2925"
"2023-12-02T06:07:58.693Z","Azure Monitor","australiacentral2","CHF","400 GB Commitment Tier Capacity Reservation","400","1/Day","896.6197","2020-09-01T00:00:00.000Z","391.11","2.2415"
"2023-12-02T06:07:58.693Z","Azure Monitor","australiacentral2","CHF","500 GB Commitment Tier Capacity Reservation","500","1/Day","1101.6705","2020-09-01T00:00:00.000Z","491.4881","2.2033"
"2023-12-02T06:07:58.693Z","Azure Monitor","australiacentral2","CHF","1000 GB Commitment Tier Capacity Reservation","1000","1/Day","2165.1327","2021-06-01T00:00:00.000Z","982.6772","2.1651"
"2023-12-02T06:07:58.693Z","Azure Monitor","australiacentral2","CHF","2000 GB Commitment Tier Capacity Reservation","2000","1/Day","4228.3769","2021-06-01T00:00:00.000Z","1952.9707","2.1142"
"2023-12-02T06:07:58.693Z","Azure Monitor","australiacentral2","CHF","5000 GB Commitment Tier Capacity Reservation","5000","1/Day","10252.5404","2021-06-01T00:00:00.000Z","4849.3711","2.0505"
"2024-01-01T06:09:20.544Z","Azure Monitor","australiacentral2","CHF","Pay-as-you-go Data Ingestion","Pay-as-you-go","1 GB","2.8251","2020-02-01T00:00:00.000Z","0","2.8251"
"2024-01-01T06:09:20.544Z","Azure Monitor","australiacentral2","CHF","100 GB Commitment Tier Capacity Reservation","100","1/Day","240.3906","2020-09-01T00:00:00.000Z","85.091","2.4039"
"2024-01-01T06:09:20.544Z","Azure Monitor","australiacentral2","CHF","200 GB Commitment Tier Capacity Reservation","200","1/Day","451.3456","2020-09-01T00:00:00.000Z","187.7556","2.2567"
"2024-01-01T06:09:20.544Z","Azure Monitor","australiacentral2","CHF","300 GB Commitment Tier Capacity Reservation","300","1/Day","662.3006","2020-09-01T00:00:00.000Z","293.4819","2.2077"
"2024-01-01T06:09:20.544Z","Azure Monitor","australiacentral2","CHF","400 GB Commitment Tier Capacity Reservation","400","1/Day","863.4437","2020-09-01T00:00:00.000Z","391.1055","2.1586"
"2024-01-01T06:09:20.544Z","Azure Monitor","australiacentral2","CHF","500 GB Commitment Tier Capacity Reservation","500","1/Day","1060.9074","2020-09-01T00:00:00.000Z","491.4794","2.1218"
"2024-01-01T06:09:20.544Z","Azure Monitor","australiacentral2","CHF","1000 GB Commitment Tier Capacity Reservation","1000","1/Day","2085.0203","2021-06-01T00:00:00.000Z","982.6658","2.085"
"2024-01-01T06:09:20.544Z","Azure Monitor","australiacentral2","CHF","2000 GB Commitment Tier Capacity Reservation","2000","1/Day","4071.9219","2021-06-01T00:00:00.000Z","1952.9601","2.036"
"2024-01-01T06:09:20.544Z","Azure Monitor","australiacentral2","CHF","5000 GB Commitment Tier Capacity Reservation","5000","1/Day","9873.1841","2021-06-01T00:00:00.000Z","4849.3046","1.9746"
"2024-02-02T06:08:03.849Z","Azure Monitor","australiacentral2","CHF","Pay-as-you-go Data Ingestion","Pay-as-you-go","1 GB","2.8851","2020-02-01T00:00:00.000Z","0","2.8851"
"2024-02-02T06:08:03.849Z","Azure Monitor","australiacentral2","CHF","100 GB Commitment Tier Capacity Reservation","100","1/Day","245.492","2020-09-01T00:00:00.000Z","85.0896","2.4549"
"2024-02-02T06:08:03.849Z","Azure Monitor","australiacentral2","CHF","200 GB Commitment Tier Capacity Reservation","200","1/Day","460.9237","2020-09-01T00:00:00.000Z","187.7566","2.3046"
"2024-02-02T06:08:03.849Z","Azure Monitor","australiacentral2","CHF","300 GB Commitment Tier Capacity Reservation","300","1/Day","676.3554","2020-09-01T00:00:00.000Z","293.4806","2.2545"
"2024-02-02T06:08:03.849Z","Azure Monitor","australiacentral2","CHF","400 GB Commitment Tier Capacity Reservation","400","1/Day","881.767","2020-09-01T00:00:00.000Z","391.1142","2.2044"
"2024-02-02T06:08:03.849Z","Azure Monitor","australiacentral2","CHF","500 GB Commitment Tier Capacity Reservation","500","1/Day","1083.4212","2020-09-01T00:00:00.000Z","491.4812","2.1668"
"2024-02-02T06:08:03.849Z","Azure Monitor","australiacentral2","CHF","1000 GB Commitment Tier Capacity Reservation","1000","1/Day","2129.267","2021-06-01T00:00:00.000Z","982.6781","2.1293"
"2024-02-02T06:08:03.849Z","Azure Monitor","australiacentral2","CHF","2000 GB Commitment Tier Capacity Reservation","2000","1/Day","4158.3332","2021-06-01T00:00:00.000Z","1952.9109","2.0792"
"2024-02-02T06:08:03.849Z","Azure Monitor","australiacentral2","CHF","5000 GB Commitment Tier Capacity Reservation","5000","1/Day","10082.7055","2021-06-01T00:00:00.000Z","4849.3197","2.0165"
"2024-03-02T06:08:20.311Z","Azure Monitor","australiacentral2","CHF","Pay-as-you-go Data Ingestion","Pay-as-you-go","1 GB","2.9367","2020-02-01T00:00:00.000Z","0","2.9367"
"2024-03-02T06:08:20.311Z","Azure Monitor","australiacentral2","CHF","100 GB Commitment Tier Capacity Reservation","100","1/Day","249.8828","2020-09-01T00:00:00.000Z","85.0897","2.4988"
"2024-03-02T06:08:20.311Z","Azure Monitor","australiacentral2","CHF","200 GB Commitment Tier Capacity Reservation","200","1/Day","469.1678","2020-09-01T00:00:00.000Z","187.7572","2.3458"
"2024-03-02T06:08:20.311Z","Azure Monitor","australiacentral2","CHF","300 GB Commitment Tier Capacity Reservation","300","1/Day","688.4527","2020-09-01T00:00:00.000Z","293.4831","2.2948"
"2024-03-02T06:08:20.311Z","Azure Monitor","australiacentral2","CHF","400 GB Commitment Tier Capacity Reservation","400","1/Day","897.5384","2020-09-01T00:00:00.000Z","391.1184","2.2438"
"2024-03-02T06:08:20.311Z","Azure Monitor","australiacentral2","CHF","500 GB Commitment Tier Capacity Reservation","500","1/Day","1102.7993","2020-09-01T00:00:00.000Z","491.4873","2.2056"
"2024-03-02T06:08:20.311Z","Azure Monitor","australiacentral2","CHF","1000 GB Commitment Tier Capacity Reservation","1000","1/Day","2167.3512","2021-06-01T00:00:00.000Z","982.6583","2.1674"
"2024-03-02T06:08:20.311Z","Azure Monitor","australiacentral2","CHF","2000 GB Commitment Tier Capacity Reservation","2000","1/Day","4232.7095","2021-06-01T00:00:00.000Z","1952.8973","2.1164"
"2024-03-02T06:08:20.311Z","Azure Monitor","australiacentral2","CHF","5000 GB Commitment Tier Capacity Reservation","5000","1/Day","10263.0456","2021-06-01T00:00:00.000Z","4849.2939","2.0526"
"2024-04-03T09:26:28.723Z","Azure Monitor","australiacentral2","CHF","Pay-as-you-go Data Ingestion","Pay-as-you-go","1 GB","3.0155","2020-02-01T00:00:00.000Z","0","3.0155"
"2024-04-03T09:26:28.723Z","Azure Monitor","australiacentral2","CHF","100 GB Commitment Tier Capacity Reservation","100","1/Day","256.59","2020-09-01T00:00:00.000Z","85.0904","2.5659"
"2024-04-03T09:26:28.723Z","Azure Monitor","australiacentral2","CHF","200 GB Commitment Tier Capacity Reservation","200","1/Day","481.7608","2020-09-01T00:00:00.000Z","187.7551","2.4088"
"2024-04-03T09:26:28.723Z","Azure Monitor","australiacentral2","CHF","300 GB Commitment Tier Capacity Reservation","300","1/Day","706.9315","2020-09-01T00:00:00.000Z","293.4787","2.3564"
"2024-04-03T09:26:28.723Z","Azure Monitor","australiacentral2","CHF","400 GB Commitment Tier Capacity Reservation","400","1/Day","921.6293","2020-09-01T00:00:00.000Z","391.1175","2.3041"
"2024-04-03T09:26:28.723Z","Azure Monitor","australiacentral2","CHF","500 GB Commitment Tier Capacity Reservation","500","1/Day","1132.3996","2020-09-01T00:00:00.000Z","491.4716","2.2648"
"2024-04-03T09:26:28.723Z","Azure Monitor","australiacentral2","CHF","1000 GB Commitment Tier Capacity Reservation","1000","1/Day","2225.5252","2021-06-01T00:00:00.000Z","982.6586","2.2255"
"2024-04-03T09:26:28.723Z","Azure Monitor","australiacentral2","CHF","2000 GB Commitment Tier Capacity Reservation","2000","1/Day","4346.3199","2021-06-01T00:00:00.000Z","1952.9633","2.1732"
"2024-04-03T09:26:28.723Z","Azure Monitor","australiacentral2","CHF","5000 GB Commitment Tier Capacity Reservation","5000","1/Day","10538.5166","2021-06-01T00:00:00.000Z","4849.3082","2.1077"
"2024-05-02T06:08:49.743Z","Azure Monitor","australiacentral2","CHF","Pay-as-you-go Data Ingestion","Pay-as-you-go","1 GB","3.0544","2020-02-01T00:00:00.000Z","0","3.0544"
"2024-05-02T06:08:49.743Z","Azure Monitor","australiacentral2","CHF","100 GB Commitment Tier Capacity Reservation","100","1/Day","259.9009","2020-09-01T00:00:00.000Z","85.0907","2.599"
"2024-05-02T06:08:49.743Z","Azure Monitor","australiacentral2","CHF","200 GB Commitment Tier Capacity Reservation","200","1/Day","487.9772","2020-09-01T00:00:00.000Z","187.7558","2.4399"
"2024-05-02T06:08:49.743Z","Azure Monitor","australiacentral2","CHF","300 GB Commitment Tier Capacity Reservation","300","1/Day","716.0535","2020-09-01T00:00:00.000Z","293.4766","2.3868"
"2024-05-02T06:08:49.743Z","Azure Monitor","australiacentral2","CHF","400 GB Commitment Tier Capacity Reservation","400","1/Day","933.5216","2020-09-01T00:00:00.000Z","391.1185","2.3338"
"2024-05-02T06:08:49.743Z","Azure Monitor","australiacentral2","CHF","500 GB Commitment Tier Capacity Reservation","500","1/Day","1147.0116","2020-09-01T00:00:00.000Z","491.4781","2.294"
"2024-05-02T06:08:49.743Z","Azure Monitor","australiacentral2","CHF","1000 GB Commitment Tier Capacity Reservation","1000","1/Day","2254.2425","2021-06-01T00:00:00.000Z","982.6689","2.2542"
"2024-05-02T06:08:49.743Z","Azure Monitor","australiacentral2","CHF","2000 GB Commitment Tier Capacity Reservation","2000","1/Day","4402.403","2021-06-01T00:00:00.000Z","1952.978","2.2012"
"2024-05-02T06:08:49.743Z","Azure Monitor","australiacentral2","CHF","5000 GB Commitment Tier Capacity Reservation","5000","1/Day","10674.5013","2021-06-01T00:00:00.000Z","4849.4009","2.1349"
"2024-06-02T06:10:06.668Z","Azure Monitor","australiacentral2","CHF","Pay-as-you-go Data Ingestion","Pay-as-you-go","1 GB","3.0499","2020-02-01T00:00:00.000Z","0","3.0499"
"2024-06-02T06:10:06.668Z","Azure Monitor","australiacentral2","CHF","100 GB Commitment Tier Capacity Reservation","100","1/Day","259.5172","2020-09-01T00:00:00.000Z","85.0904","2.5952"
"2024-06-02T06:10:06.668Z","Azure Monitor","australiacentral2","CHF","200 GB Commitment Tier Capacity Reservation","200","1/Day","487.2568","2020-09-01T00:00:00.000Z","187.7531","2.4363"
"2024-06-02T06:10:06.668Z","Azure Monitor","australiacentral2","CHF","300 GB Commitment Tier Capacity Reservation","300","1/Day","714.9964","2020-09-01T00:00:00.000Z","293.4763","2.3833"
"2024-06-02T06:10:06.668Z","Azure Monitor","australiacentral2","CHF","400 GB Commitment Tier Capacity Reservation","400","1/Day","932.1435","2020-09-01T00:00:00.000Z","391.1146","2.3304"
"2024-06-02T06:10:06.668Z","Azure Monitor","australiacentral2","CHF","500 GB Commitment Tier Capacity Reservation","500","1/Day","1145.3184","2020-09-01T00:00:00.000Z","491.4686","2.2906"
"2024-06-02T06:10:06.668Z","Azure Monitor","australiacentral2","CHF","1000 GB Commitment Tier Capacity Reservation","1000","1/Day","2250.9147","2021-06-01T00:00:00.000Z","982.6747","2.2509"
"2024-06-02T06:10:06.668Z","Azure Monitor","australiacentral2","CHF","2000 GB Commitment Tier Capacity Reservation","2000","1/Day","4395.9041","2021-06-01T00:00:00.000Z","1952.954","2.198"
"2024-06-02T06:10:06.668Z","Azure Monitor","australiacentral2","CHF","5000 GB Commitment Tier Capacity Reservation","5000","1/Day","10658.7434","2021-06-01T00:00:00.000Z","4849.2918","2.1317"
"2024-07-01T06:11:21.244Z","Azure Monitor","australiacentral2","CHF","Pay-as-you-go Data Ingestion","Pay-as-you-go","1 GB","2.9965","2020-02-01T00:00:00.000Z","0","2.9965"
"2024-07-01T06:11:21.244Z","Azure Monitor","australiacentral2","CHF","100 GB Commitment Tier Capacity Reservation","100","1/Day","254.97","2020-09-01T00:00:00.000Z","85.0893","2.5497"
"2024-07-01T06:11:21.244Z","Azure Monitor","australiacentral2","CHF","200 GB Commitment Tier Capacity Reservation","200","1/Day","478.7192","2020-09-01T00:00:00.000Z","187.7551","2.3936"
"2024-07-01T06:11:21.244Z","Azure Monitor","australiacentral2","CHF","300 GB Commitment Tier Capacity Reservation","300","1/Day","702.4685","2020-09-01T00:00:00.000Z","293.4778","2.3416"
"2024-07-01T06:11:21.244Z","Azure Monitor","australiacentral2","CHF","400 GB Commitment Tier Capacity Reservation","400","1/Day","915.8107","2020-09-01T00:00:00.000Z","391.1047","2.2895"
"2024-07-01T06:11:21.244Z","Azure Monitor","australiacentral2","CHF","500 GB Commitment Tier Capacity Reservation","500","1/Day","1125.2504","2020-09-01T00:00:00.000Z","491.483","2.2505"
"2024-07-01T06:11:21.244Z","Azure Monitor","australiacentral2","CHF","1000 GB Commitment Tier Capacity Reservation","1000","1/Day","2211.4748","2021-06-01T00:00:00.000Z","982.6593","2.2115"
"2024-07-01T06:11:21.244Z","Azure Monitor","australiacentral2","CHF","2000 GB Commitment Tier Capacity Reservation","2000","1/Day","4318.8801","2021-06-01T00:00:00.000Z","1952.9189","2.1594"
"2024-07-01T06:11:21.244Z","Azure Monitor","australiacentral2","CHF","5000 GB Commitment Tier Capacity Reservation","5000","1/Day","10471.9834","2021-06-01T00:00:00.000Z","4849.4875","2.0944"
"2024-08-02T06:11:10.559Z","Azure Monitor","australiacentral2","CHF","Pay-as-you-go Data Ingestion","Pay-as-you-go","1 GB","2.9606","2020-02-01T00:00:00.000Z","0","2.9606"
"2024-08-02T06:11:10.559Z","Azure Monitor","australiacentral2","CHF","100 GB Commitment Tier Capacity Reservation","100","1/Day","251.9149","2020-09-01T00:00:00.000Z","85.0891","2.5191"
"2024-08-02T06:11:10.559Z","Azure Monitor","australiacentral2","CHF","200 GB Commitment Tier Capacity Reservation","200","1/Day","472.983","2020-09-01T00:00:00.000Z","187.7587","2.3649"
"2024-08-02T06:11:10.559Z","Azure Monitor","australiacentral2","CHF","300 GB Commitment Tier Capacity Reservation","300","1/Day","694.0512","2020-09-01T00:00:00.000Z","293.4801","2.3135"
"2024-08-02T06:11:10.559Z","Azure Monitor","australiacentral2","CHF","400 GB Commitment Tier Capacity Reservation","400","1/Day","904.8371","2020-09-01T00:00:00.000Z","391.1118","2.2621"
"2024-08-02T06:11:10.559Z","Azure Monitor","australiacentral2","CHF","500 GB Commitment Tier Capacity Reservation","500","1/Day","1111.7672","2020-09-01T00:00:00.000Z","491.4757","2.2235"
"2024-08-02T06:11:10.559Z","Azure Monitor","australiacentral2","CHF","1000 GB Commitment Tier Capacity Reservation","1000","1/Day","2184.976","2021-06-01T00:00:00.000Z","982.6742","2.1850"
"2024-08-02T06:11:10.559Z","Azure Monitor","australiacentral2","CHF","2000 GB Commitment Tier Capacity Reservation","2000","1/Day","4267.1296","2021-06-01T00:00:00.000Z","1952.9197","2.1336"
"2024-08-02T06:11:10.559Z","Azure Monitor","australiacentral2","CHF","5000 GB Commitment Tier Capacity Reservation","5000","1/Day","10346.504","2021-06-01T00:00:00.000Z","4849.3176","2.0693"
