"TimeGenerated","ServiceName","ArmRegionName","CurrencyCode","MeterName","Tier","UnitOfMeasure","RetailPrice","EffectiveStartDate","EffectiveCommitmentTierThresholdGB","EffectivePricePerGB"
"2023-03-29T15:50:58.330Z","Azure Monitor","australiacentral2","EUR","Pay-as-you-go Data Ingestion","Pay-as-you-go","1 GB","3.1684","2020-02-01T00:00:00.000Z","0","3.1684"
"2023-03-29T15:50:58.330Z","Azure Monitor","australiacentral2","EUR","100 GB Commitment Tier Capacity Reservation","100","1/Day","269.6011","2020-09-01T02:00:00.000Z","85.0906","2.696"
"2023-03-29T15:50:58.330Z","Azure Monitor","australiacentral2","EUR","200 GB Commitment Tier Capacity Reservation","200","1/Day","506.1898","2020-09-01T02:00:00.000Z","187.7559","2.5309"
"2023-03-29T15:50:58.330Z","Azure Monitor","australiacentral2","EUR","300 GB Commitment Tier Capacity Reservation","300","1/Day","742.7785","2020-09-01T02:00:00.000Z","293.4839","2.4759"
"2023-03-29T15:50:58.330Z","Azure Monitor","australiacentral2","EUR","400 GB Commitment Tier Capacity Reservation","400","1/Day","968.3631","2020-09-01T02:00:00.000Z","391.1156","2.4209"
"2023-03-29T15:50:58.330Z","Azure Monitor","australiacentral2","EUR","500 GB Commitment Tier Capacity Reservation","500","1/Day","1189.8212","2020-09-01T02:00:00.000Z","491.4789","2.3796"
"2023-03-29T15:50:58.330Z","Azure Monitor","australiacentral2","EUR","1000 GB Commitment Tier Capacity Reservation","1000","1/Day","2338.3769","2021-06-01T02:00:00.000Z","982.6765","2.3384"
"2023-03-29T15:50:58.330Z","Azure Monitor","australiacentral2","EUR","2000 GB Commitment Tier Capacity Reservation","2000","1/Day","4566.7125","2021-06-01T02:00:00.000Z","1952.9219","2.2834"
"2023-03-29T15:50:58.330Z","Azure Monitor","australiacentral2","EUR","5000 GB Commitment Tier Capacity Reservation","5000","1/Day","11072.9023","2021-06-01T02:00:00.000Z","4849.3047","2.2146"
"2023-04-12T13:28:34.468Z","Azure Monitor","australiacentral2","EUR","Pay-as-you-go Data Ingestion","Pay-as-you-go","1 GB","3.0837","2020-02-01T00:00:00.000Z","0","3.0837"
"2023-04-12T13:28:34.468Z","Azure Monitor","australiacentral2","EUR","100 GB Commitment Tier Capacity Reservation","100","1/Day","262.395","2020-09-01T02:00:00.000Z","85.091","2.624"
"2023-04-12T13:28:34.468Z","Azure Monitor","australiacentral2","EUR","200 GB Commitment Tier Capacity Reservation","200","1/Day","492.66","2020-09-01T02:00:00.000Z","187.7515","2.4633"
"2023-04-12T13:28:34.468Z","Azure Monitor","australiacentral2","EUR","300 GB Commitment Tier Capacity Reservation","300","1/Day","722.9249","2020-09-01T02:00:00.000Z","293.4782","2.4097"
"2023-04-12T13:28:34.468Z","Azure Monitor","australiacentral2","EUR","400 GB Commitment Tier Capacity Reservation","400","1/Day","942.4799","2020-09-01T02:00:00.000Z","391.1192","2.3562"
"2023-04-12T13:28:34.468Z","Azure Monitor","australiacentral2","EUR","500 GB Commitment Tier Capacity Reservation","500","1/Day","1158.0187","2020-09-01T02:00:00.000Z","491.4773","2.316"
"2023-04-12T13:28:34.468Z","Azure Monitor","australiacentral2","EUR","1000 GB Commitment Tier Capacity Reservation","1000","1/Day","2275.8748","2021-06-01T02:00:00.000Z","982.6748","2.2759"
"2023-04-12T13:28:34.468Z","Azure Monitor","australiacentral2","EUR","2000 GB Commitment Tier Capacity Reservation","2000","1/Day","4444.6496","2021-06-01T02:00:00.000Z","1952.9195","2.2223"
"2023-04-12T13:28:34.468Z","Azure Monitor","australiacentral2","EUR","5000 GB Commitment Tier Capacity Reservation","5000","1/Day","10776.9366","2021-06-01T02:00:00.000Z","4849.4517","2.1554"
"2023-05-02T08:07:40.927Z","Azure Monitor","australiacentral2","EUR","Pay-as-you-go Data Ingestion","Pay-as-you-go","1 GB","3.0244","2020-02-01T00:00:00.000Z","0","3.0244"
"2023-05-02T08:07:40.927Z","Azure Monitor","australiacentral2","EUR","100 GB Commitment Tier Capacity Reservation","100","1/Day","257.346","2020-09-01T02:00:00.000Z","85.0899","2.5735"
"2023-05-02T08:07:40.927Z","Azure Monitor","australiacentral2","EUR","200 GB Commitment Tier Capacity Reservation","200","1/Day","483.1802","2020-09-01T02:00:00.000Z","187.7522","2.4159"
"2023-05-02T08:07:40.927Z","Azure Monitor","australiacentral2","EUR","300 GB Commitment Tier Capacity Reservation","300","1/Day","709.0144","2020-09-01T02:00:00.000Z","293.4784","2.3634"
"2023-05-02T08:07:40.927Z","Azure Monitor","australiacentral2","EUR","400 GB Commitment Tier Capacity Reservation","400","1/Day","924.3446","2020-09-01T02:00:00.000Z","391.108","2.3109"
"2023-05-02T08:07:40.927Z","Azure Monitor","australiacentral2","EUR","500 GB Commitment Tier Capacity Reservation","500","1/Day","1135.736","2020-09-01T02:00:00.000Z","491.4691","2.2715"
"2023-05-02T08:07:40.927Z","Azure Monitor","australiacentral2","EUR","1000 GB Commitment Tier Capacity Reservation","1000","1/Day","2232.0822","2021-06-01T02:00:00.000Z","982.6468","2.2321"
"2023-05-02T08:07:40.927Z","Azure Monitor","australiacentral2","EUR","2000 GB Commitment Tier Capacity Reservation","2000","1/Day","4359.1253","2021-06-01T02:00:00.000Z","1952.9256","2.1796"
"2023-05-02T08:07:40.927Z","Azure Monitor","australiacentral2","EUR","5000 GB Commitment Tier Capacity Reservation","5000","1/Day","10569.5658","2021-06-01T02:00:00.000Z","4849.3145","2.1139"
"2023-06-02T08:07:42.568Z","Azure Monitor","australiacentral2","EUR","Pay-as-you-go Data Ingestion","Pay-as-you-go","1 GB","3.1199","2020-02-01T00:00:00.000Z","0","3.1199"
"2023-06-02T08:07:42.568Z","Azure Monitor","australiacentral2","EUR","100 GB Commitment Tier Capacity Reservation","100","1/Day","265.471","2020-09-01T02:00:00.000Z","85.0896","2.6547"
"2023-06-02T08:07:42.568Z","Azure Monitor","australiacentral2","EUR","200 GB Commitment Tier Capacity Reservation","200","1/Day","498.4354","2020-09-01T02:00:00.000Z","187.7558","2.4922"
"2023-06-02T08:07:42.568Z","Azure Monitor","australiacentral2","EUR","300 GB Commitment Tier Capacity Reservation","300","1/Day","731.3997","2020-09-01T02:00:00.000Z","293.4755","2.438"
"2023-06-02T08:07:42.568Z","Azure Monitor","australiacentral2","EUR","400 GB Commitment Tier Capacity Reservation","400","1/Day","953.5286","2020-09-01T02:00:00.000Z","391.111","2.3838"
"2023-06-02T08:07:42.568Z","Azure Monitor","australiacentral2","EUR","500 GB Commitment Tier Capacity Reservation","500","1/Day","1171.594","2020-09-01T02:00:00.000Z","491.4817","2.3432"
"2023-06-02T08:07:42.568Z","Azure Monitor","australiacentral2","EUR","1000 GB Commitment Tier Capacity Reservation","1000","1/Day","2302.5548","2021-06-01T02:00:00.000Z","982.654","2.3026"
"2023-06-02T08:07:42.568Z","Azure Monitor","australiacentral2","EUR","2000 GB Commitment Tier Capacity Reservation","2000","1/Day","4496.754","2021-06-01T02:00:00.000Z","1952.9028","2.2484"
"2023-06-02T08:07:42.568Z","Azure Monitor","australiacentral2","EUR","5000 GB Commitment Tier Capacity Reservation","5000","1/Day","10903.274","2021-06-01T02:00:00.000Z","4849.348","2.1807"
"2023-07-07T06:09:02.036Z","Azure Monitor","australiacentral2","EUR","Pay-as-you-go Data Ingestion","Pay-as-you-go","1 GB","3.0641","2020-02-01T00:00:00.000Z","0","3.0641"
"2023-07-07T06:09:02.036Z","Azure Monitor","australiacentral2","EUR","100 GB Commitment Tier Capacity Reservation","100","1/Day","260.722","2020-09-01T00:00:00.000Z","85.0893","2.6072"
"2023-07-07T06:09:02.036Z","Azure Monitor","australiacentral2","EUR","200 GB Commitment Tier Capacity Reservation","200","1/Day","489.5188","2020-09-01T00:00:00.000Z","187.7565","2.4476"
"2023-07-07T06:09:02.036Z","Azure Monitor","australiacentral2","EUR","300 GB Commitment Tier Capacity Reservation","300","1/Day","718.3157","2020-09-01T00:00:00.000Z","293.4776","2.3944"
"2023-07-07T06:09:02.036Z","Azure Monitor","australiacentral2","EUR","400 GB Commitment Tier Capacity Reservation","400","1/Day","936.4708","2020-09-01T00:00:00.000Z","391.1088","2.3412"
"2023-07-07T06:09:02.036Z","Azure Monitor","australiacentral2","EUR","500 GB Commitment Tier Capacity Reservation","500","1/Day","1150.6353","2020-09-01T00:00:00.000Z","491.4725","2.3013"
"2023-07-07T06:09:02.036Z","Azure Monitor","australiacentral2","EUR","1000 GB Commitment Tier Capacity Reservation","1000","1/Day","2261.3642","2021-06-01T00:00:00.000Z","982.6464","2.2614"
"2023-07-07T06:09:02.036Z","Azure Monitor","australiacentral2","EUR","2000 GB Commitment Tier Capacity Reservation","2000","1/Day","4416.3112","2021-06-01T00:00:00.000Z","1952.9102","2.2082"
"2023-07-07T06:09:02.036Z","Azure Monitor","australiacentral2","EUR","5000 GB Commitment Tier Capacity Reservation","5000","1/Day","10708.2244","2021-06-01T00:00:00.000Z","4849.3001","2.1416"
"2023-08-01T06:08:30.007Z","Azure Monitor","australiacentral2","EUR","Pay-as-you-go Data Ingestion","Pay-as-you-go","1 GB","3.0387","2020-02-01T00:00:00.000Z","0","3.0387"
"2023-08-01T06:08:30.007Z","Azure Monitor","australiacentral2","EUR","100 GB Commitment Tier Capacity Reservation","100","1/Day","258.5634","2020-09-01T00:00:00.000Z","85.0901","2.5856"
"2023-08-01T06:08:30.007Z","Azure Monitor","australiacentral2","EUR","200 GB Commitment Tier Capacity Reservation","200","1/Day","485.466","2020-09-01T00:00:00.000Z","187.7576","2.4273"
"2023-08-01T06:08:30.007Z","Azure Monitor","australiacentral2","EUR","300 GB Commitment Tier Capacity Reservation","300","1/Day","712.3686","2020-09-01T00:00:00.000Z","293.4819","2.3746"
"2023-08-01T06:08:30.007Z","Azure Monitor","australiacentral2","EUR","400 GB Commitment Tier Capacity Reservation","400","1/Day","928.7176","2020-09-01T00:00:00.000Z","391.1049","2.3218"
"2023-08-01T06:08:30.007Z","Azure Monitor","australiacentral2","EUR","500 GB Commitment Tier Capacity Reservation","500","1/Day","1141.109","2020-09-01T00:00:00.000Z","491.476","2.2822"
"2023-08-01T06:08:30.007Z","Azure Monitor","australiacentral2","EUR","1000 GB Commitment Tier Capacity Reservation","1000","1/Day","2242.642","2021-06-01T00:00:00.000Z","982.6667","2.2426"
"2023-08-01T06:08:30.007Z","Azure Monitor","australiacentral2","EUR","2000 GB Commitment Tier Capacity Reservation","2000","1/Day","4379.748","2021-06-01T00:00:00.000Z","1952.9778","2.1899"
"2023-08-01T06:08:30.007Z","Azure Monitor","australiacentral2","EUR","5000 GB Commitment Tier Capacity Reservation","5000","1/Day","10619.5697","2021-06-01T00:00:00.000Z","4849.34","2.1239"
"2023-09-02T06:07:00.316Z","Azure Monitor","australiacentral2","EUR","Pay-as-you-go Data Ingestion","Pay-as-you-go","1 GB","3.0843","2020-02-01T00:00:00.000Z","0","3.0843"
"2023-09-02T06:07:00.316Z","Azure Monitor","australiacentral2","EUR","100 GB Commitment Tier Capacity Reservation","100","1/Day","262.4434","2020-09-01T00:00:00.000Z","85.0901","2.6244"
"2023-09-02T06:07:00.316Z","Azure Monitor","australiacentral2","EUR","200 GB Commitment Tier Capacity Reservation","200","1/Day","492.7509","2020-09-01T00:00:00.000Z","187.7575","2.4638"
"2023-09-02T06:07:00.316Z","Azure Monitor","australiacentral2","EUR","300 GB Commitment Tier Capacity Reservation","300","1/Day","723.0585","2020-09-01T00:00:00.000Z","293.4729","2.4102"
"2023-09-02T06:07:00.316Z","Azure Monitor","australiacentral2","EUR","400 GB Commitment Tier Capacity Reservation","400","1/Day","942.654","2020-09-01T00:00:00.000Z","391.1103","2.3566"
"2023-09-02T06:07:00.316Z","Azure Monitor","australiacentral2","EUR","500 GB Commitment Tier Capacity Reservation","500","1/Day","1158.2325","2020-09-01T00:00:00.000Z","491.4846","2.3165"
"2023-09-02T06:07:00.316Z","Azure Monitor","australiacentral2","EUR","1000 GB Commitment Tier Capacity Reservation","1000","1/Day","2276.2951","2021-06-01T00:00:00.000Z","982.6441","2.2763"
"2023-09-02T06:07:00.316Z","Azure Monitor","australiacentral2","EUR","2000 GB Commitment Tier Capacity Reservation","2000","1/Day","4445.4705","2021-06-01T00:00:00.000Z","1952.937","2.2227"
"2023-09-02T06:07:00.316Z","Azure Monitor","australiacentral2","EUR","5000 GB Commitment Tier Capacity Reservation","5000","1/Day","10778.927","2021-06-01T00:00:00.000Z","4849.4745","2.1558"
"2023-10-02T06:08:46.154Z","Azure Monitor","australiacentral2","EUR","Pay-as-you-go Data Ingestion","Pay-as-you-go","1 GB","3.1775","2020-02-01T00:00:00.000Z","0","3.1775"
"2023-10-02T06:08:46.154Z","Azure Monitor","australiacentral2","EUR","100 GB Commitment Tier Capacity Reservation","100","1/Day","270.3705","2020-09-01T00:00:00.000Z","85.0891","2.7037"
"2023-10-02T06:08:46.154Z","Azure Monitor","australiacentral2","EUR","200 GB Commitment Tier Capacity Reservation","200","1/Day","507.6345","2020-09-01T00:00:00.000Z","187.7555","2.5382"
"2023-10-02T06:08:46.154Z","Azure Monitor","australiacentral2","EUR","300 GB Commitment Tier Capacity Reservation","300","1/Day","744.8984","2020-09-01T00:00:00.000Z","293.4751","2.483"
"2023-10-02T06:08:46.154Z","Azure Monitor","australiacentral2","EUR","400 GB Commitment Tier Capacity Reservation","400","1/Day","971.1269","2020-09-01T00:00:00.000Z","391.1103","2.4278"
"2023-10-02T06:08:46.154Z","Azure Monitor","australiacentral2","EUR","500 GB Commitment Tier Capacity Reservation","500","1/Day","1193.217","2020-09-01T00:00:00.000Z","491.4808","2.3864"
"2023-10-02T06:08:46.154Z","Azure Monitor","australiacentral2","EUR","1000 GB Commitment Tier Capacity Reservation","1000","1/Day","2345.0507","2021-06-01T00:00:00.000Z","982.6729","2.3451"
"2023-10-02T06:08:46.154Z","Azure Monitor","australiacentral2","EUR","2000 GB Commitment Tier Capacity Reservation","2000","1/Day","4579.746","2021-06-01T00:00:00.000Z","1952.9001","2.2899"
"2023-10-02T06:08:46.154Z","Azure Monitor","australiacentral2","EUR","5000 GB Commitment Tier Capacity Reservation","5000","1/Day","11104.5046","2021-06-01T00:00:00.000Z","4849.3404","2.2209"
"2023-11-01T06:08:41.407Z","Azure Monitor","australiacentral2","EUR","Pay-as-you-go Data Ingestion","Pay-as-you-go","1 GB","3.1572","2020-02-01T00:00:00.000Z","0","3.1572"
"2023-11-01T06:08:41.407Z","Azure Monitor","australiacentral2","EUR","100 GB Commitment Tier Capacity Reservation","100","1/Day","268.6454","2020-09-01T00:00:00.000Z","85.0898","2.6865"
"2023-11-01T06:08:41.407Z","Azure Monitor","australiacentral2","EUR","200 GB Commitment Tier Capacity Reservation","200","1/Day","504.3955","2020-09-01T00:00:00.000Z","187.7519","2.522"
"2023-11-01T06:08:41.407Z","Azure Monitor","australiacentral2","EUR","300 GB Commitment Tier Capacity Reservation","300","1/Day","740.1456","2020-09-01T00:00:00.000Z","293.4757","2.4672"
"2023-11-01T06:08:41.407Z","Azure Monitor","australiacentral2","EUR","400 GB Commitment Tier Capacity Reservation","400","1/Day","964.9305","2020-09-01T00:00:00.000Z","391.1035","2.4123"
"2023-11-01T06:08:41.407Z","Azure Monitor","australiacentral2","EUR","500 GB Commitment Tier Capacity Reservation","500","1/Day","1185.6036","2020-09-01T00:00:00.000Z","491.4827","2.3712"
"2023-11-01T06:08:41.407Z","Azure Monitor","australiacentral2","EUR","1000 GB Commitment Tier Capacity Reservation","1000","1/Day","2330.0879","2021-06-01T00:00:00.000Z","982.6619","2.3301"
"2023-11-01T06:08:41.407Z","Azure Monitor","australiacentral2","EUR","2000 GB Commitment Tier Capacity Reservation","2000","1/Day","4550.5246","2021-06-01T00:00:00.000Z","1952.931","2.2753"
"2023-11-01T06:08:41.407Z","Azure Monitor","australiacentral2","EUR","5000 GB Commitment Tier Capacity Reservation","5000","1/Day","11033.6516","2021-06-01T00:00:00.000Z","4849.3173","2.2067"
"2023-12-02T06:07:58.693Z","Azure Monitor","australiacentral2","EUR","Pay-as-you-go Data Ingestion","Pay-as-you-go","1 GB","3.0416","2020-02-01T00:00:00.000Z","0","3.0416"
"2023-12-02T06:07:58.693Z","Azure Monitor","australiacentral2","EUR","100 GB Commitment Tier Capacity Reservation","100","1/Day","258.8107","2020-09-01T00:00:00.000Z","85.0903","2.5881"
"2023-12-02T06:07:58.693Z","Azure Monitor","australiacentral2","EUR","200 GB Commitment Tier Capacity Reservation","200","1/Day","485.9302","2020-09-01T00:00:00.000Z","187.7556","2.4297"
"2023-12-02T06:07:58.693Z","Azure Monitor","australiacentral2","EUR","300 GB Commitment Tier Capacity Reservation","300","1/Day","713.0498","2020-09-01T00:00:00.000Z","293.4724","2.3768"
"2023-12-02T06:07:58.693Z","Azure Monitor","australiacentral2","EUR","400 GB Commitment Tier Capacity Reservation","400","1/Day","929.6057","2020-09-01T00:00:00.000Z","391.1165","2.324"
"2023-12-02T06:07:58.693Z","Azure Monitor","australiacentral2","EUR","500 GB Commitment Tier Capacity Reservation","500","1/Day","1142.2002","2020-09-01T00:00:00.000Z","491.4803","2.2844"
"2023-12-02T06:07:58.693Z","Azure Monitor","australiacentral2","EUR","1000 GB Commitment Tier Capacity Reservation","1000","1/Day","2244.7864","2021-06-01T00:00:00.000Z","982.6591","2.2448"
"2023-12-02T06:07:58.693Z","Azure Monitor","australiacentral2","EUR","2000 GB Commitment Tier Capacity Reservation","2000","1/Day","4383.9359","2021-06-01T00:00:00.000Z","1952.9294","2.192"
"2023-12-02T06:07:58.693Z","Azure Monitor","australiacentral2","EUR","5000 GB Commitment Tier Capacity Reservation","5000","1/Day","10629.7241","2021-06-01T00:00:00.000Z","4849.3267","2.1259"
"2024-01-01T06:09:20.544Z","Azure Monitor","australiacentral2","EUR","Pay-as-you-go Data Ingestion","Pay-as-you-go","1 GB","3.0077","2020-02-01T00:00:00.000Z","0","3.0077"
"2024-01-01T06:09:20.544Z","Azure Monitor","australiacentral2","EUR","100 GB Commitment Tier Capacity Reservation","100","1/Day","255.9208","2020-09-01T00:00:00.000Z","85.0885","2.5592"
"2024-01-01T06:09:20.544Z","Azure Monitor","australiacentral2","EUR","200 GB Commitment Tier Capacity Reservation","200","1/Day","480.5043","2020-09-01T00:00:00.000Z","187.7557","2.4025"
"2024-01-01T06:09:20.544Z","Azure Monitor","australiacentral2","EUR","300 GB Commitment Tier Capacity Reservation","300","1/Day","705.0878","2020-09-01T00:00:00.000Z","293.4809","2.3503"
"2024-01-01T06:09:20.544Z","Azure Monitor","australiacentral2","EUR","400 GB Commitment Tier Capacity Reservation","400","1/Day","919.2256","2020-09-01T00:00:00.000Z","391.1099","2.2981"
"2024-01-01T06:09:20.544Z","Azure Monitor","australiacentral2","EUR","500 GB Commitment Tier Capacity Reservation","500","1/Day","1129.4462","2020-09-01T00:00:00.000Z","491.4696","2.2589"
"2024-01-01T06:09:20.544Z","Azure Monitor","australiacentral2","EUR","1000 GB Commitment Tier Capacity Reservation","1000","1/Day","2219.7208","2021-06-01T00:00:00.000Z","982.6556","2.2197"
"2024-01-01T06:09:20.544Z","Azure Monitor","australiacentral2","EUR","2000 GB Commitment Tier Capacity Reservation","2000","1/Day","4334.9842","2021-06-01T00:00:00.000Z","1952.9595","2.1675"
"2024-01-01T06:09:20.544Z","Azure Monitor","australiacentral2","EUR","5000 GB Commitment Tier Capacity Reservation","5000","1/Day","10511.0311","2021-06-01T00:00:00.000Z","4849.38","2.1022"
"2024-02-02T06:08:03.849Z","Azure Monitor","australiacentral2","EUR","Pay-as-you-go Data Ingestion","Pay-as-you-go","1 GB","3.093","2020-02-01T00:00:00.000Z","0","3.093"
"2024-02-02T06:08:03.849Z","Azure Monitor","australiacentral2","EUR","100 GB Commitment Tier Capacity Reservation","100","1/Day","263.1847","2020-09-01T00:00:00.000Z","85.0904","2.6318"
"2024-02-02T06:08:03.849Z","Azure Monitor","australiacentral2","EUR","200 GB Commitment Tier Capacity Reservation","200","1/Day","494.1427","2020-09-01T00:00:00.000Z","187.7585","2.4707"
"2024-02-02T06:08:03.849Z","Azure Monitor","australiacentral2","EUR","300 GB Commitment Tier Capacity Reservation","300","1/Day","725.1007","2020-09-01T00:00:00.000Z","293.4799","2.417"
"2024-02-02T06:08:03.849Z","Azure Monitor","australiacentral2","EUR","400 GB Commitment Tier Capacity Reservation","400","1/Day","945.3165","2020-09-01T00:00:00.000Z","391.1115","2.3633"
"2024-02-02T06:08:03.849Z","Azure Monitor","australiacentral2","EUR","500 GB Commitment Tier Capacity Reservation","500","1/Day","1161.5039","2020-09-01T00:00:00.000Z","491.4754","2.323"
"2024-02-02T06:08:03.849Z","Azure Monitor","australiacentral2","EUR","1000 GB Commitment Tier Capacity Reservation","1000","1/Day","2282.7245","2021-06-01T00:00:00.000Z","982.6623","2.2827"
"2024-02-02T06:08:03.849Z","Azure Monitor","australiacentral2","EUR","2000 GB Commitment Tier Capacity Reservation","2000","1/Day","4458.0266","2021-06-01T00:00:00.000Z","1952.9621","2.229"
"2024-02-02T06:08:03.849Z","Azure Monitor","australiacentral2","EUR","5000 GB Commitment Tier Capacity Reservation","5000","1/Day","10809.3717","2021-06-01T00:00:00.000Z","4849.4265","2.1619"
"2024-03-02T06:08:20.311Z","Azure Monitor","australiacentral2","EUR","Pay-as-you-go Data Ingestion","Pay-as-you-go","1 GB","3.0789","2020-02-01T00:00:00.000Z","0","3.0789"
"2024-03-02T06:08:20.311Z","Azure Monitor","australiacentral2","EUR","100 GB Commitment Tier Capacity Reservation","100","1/Day","261.9838","2020-09-01T00:00:00.000Z","85.0901","2.6198"
"2024-03-02T06:08:20.311Z","Azure Monitor","australiacentral2","EUR","200 GB Commitment Tier Capacity Reservation","200","1/Day","491.8879","2020-09-01T00:00:00.000Z","187.7578","2.4594"
"2024-03-02T06:08:20.311Z","Azure Monitor","australiacentral2","EUR","300 GB Commitment Tier Capacity Reservation","300","1/Day","721.792","2020-09-01T00:00:00.000Z","293.483","2.406"
"2024-03-02T06:08:20.311Z","Azure Monitor","australiacentral2","EUR","400 GB Commitment Tier Capacity Reservation","400","1/Day","941.0029","2020-09-01T00:00:00.000Z","391.1068","2.3525"
"2024-03-02T06:08:20.311Z","Azure Monitor","australiacentral2","EUR","500 GB Commitment Tier Capacity Reservation","500","1/Day","1156.2039","2020-09-01T00:00:00.000Z","491.4788","2.3124"
"2024-03-02T06:08:20.311Z","Azure Monitor","australiacentral2","EUR","1000 GB Commitment Tier Capacity Reservation","1000","1/Day","2272.3083","2021-06-01T00:00:00.000Z","982.6623","2.2723"
"2024-03-02T06:08:20.311Z","Azure Monitor","australiacentral2","EUR","2000 GB Commitment Tier Capacity Reservation","2000","1/Day","4437.6844","2021-06-01T00:00:00.000Z","1952.9483","2.2188"
"2024-03-02T06:08:20.311Z","Azure Monitor","australiacentral2","EUR","5000 GB Commitment Tier Capacity Reservation","5000","1/Day","10760.0479","2021-06-01T00:00:00.000Z","4849.4898","2.152"
"2024-04-03T09:26:28.723Z","Azure Monitor","australiacentral2","EUR","Pay-as-you-go Data Ingestion","Pay-as-you-go","1 GB","3.0845","2020-02-01T00:00:00.000Z","0","3.0845"
"2024-04-03T09:26:28.723Z","Azure Monitor","australiacentral2","EUR","100 GB Commitment Tier Capacity Reservation","100","1/Day","262.4556","2020-09-01T00:00:00.000Z","85.0885","2.6246"
"2024-04-03T09:26:28.723Z","Azure Monitor","australiacentral2","EUR","200 GB Commitment Tier Capacity Reservation","200","1/Day","492.7737","2020-09-01T00:00:00.000Z","187.7519","2.4639"
"2024-04-03T09:26:28.723Z","Azure Monitor","australiacentral2","EUR","300 GB Commitment Tier Capacity Reservation","300","1/Day","723.0918","2020-09-01T00:00:00.000Z","293.4745","2.4103"
"2024-04-03T09:26:28.723Z","Azure Monitor","australiacentral2","EUR","400 GB Commitment Tier Capacity Reservation","400","1/Day","942.6975","2020-09-01T00:00:00.000Z","391.1121","2.3567"
"2024-04-03T09:26:28.723Z","Azure Monitor","australiacentral2","EUR","500 GB Commitment Tier Capacity Reservation","500","1/Day","1158.286","2020-09-01T00:00:00.000Z","491.4864","2.3166"
"2024-04-03T09:26:28.723Z","Azure Monitor","australiacentral2","EUR","1000 GB Commitment Tier Capacity Reservation","1000","1/Day","2276.4002","2021-06-01T00:00:00.000Z","982.6471","2.2764"
"2024-04-03T09:26:28.723Z","Azure Monitor","australiacentral2","EUR","2000 GB Commitment Tier Capacity Reservation","2000","1/Day","4445.6758","2021-06-01T00:00:00.000Z","1952.9414","2.2228"
"2024-04-03T09:26:28.723Z","Azure Monitor","australiacentral2","EUR","5000 GB Commitment Tier Capacity Reservation","5000","1/Day","10779.4247","2021-06-01T00:00:00.000Z","4849.4803","2.1559"
"2024-05-01T06:09:59.892Z","Azure Monitor","australiacentral2","EUR","Pay-as-you-go Data Ingestion","Pay-as-you-go","1 GB","3.1273","2020-02-01T00:00:00.000Z","0","3.1273"
"2024-05-01T06:09:59.892Z","Azure Monitor","australiacentral2","EUR","100 GB Commitment Tier Capacity Reservation","100","1/Day","266.1049","2020-09-01T00:00:00.000Z","85.0909","2.661"
"2024-05-01T06:09:59.892Z","Azure Monitor","australiacentral2","EUR","200 GB Commitment Tier Capacity Reservation","200","1/Day","499.6255","2020-09-01T00:00:00.000Z","187.7585","2.4981"
"2024-05-01T06:09:59.892Z","Azure Monitor","australiacentral2","EUR","300 GB Commitment Tier Capacity Reservation","300","1/Day","733.1461","2020-09-01T00:00:00.000Z","293.4815","2.4438"
"2024-05-01T06:09:59.892Z","Azure Monitor","australiacentral2","EUR","400 GB Commitment Tier Capacity Reservation","400","1/Day","955.8052","2020-09-01T00:00:00.000Z","391.1143","2.3895"
"2024-05-01T06:09:59.892Z","Azure Monitor","australiacentral2","EUR","500 GB Commitment Tier Capacity Reservation","500","1/Day","1174.3914","2020-09-01T00:00:00.000Z","491.48","2.3488"
"2024-05-01T06:09:59.892Z","Azure Monitor","australiacentral2","EUR","1000 GB Commitment Tier Capacity Reservation","1000","1/Day","2308.0524","2021-06-01T00:00:00.000Z","982.6517","2.3081"
"2024-05-01T06:09:59.892Z","Azure Monitor","australiacentral2","EUR","2000 GB Commitment Tier Capacity Reservation","2000","1/Day","4507.4906","2021-06-01T00:00:00.000Z","1952.9009","2.2537"
"2024-05-01T06:09:59.892Z","Azure Monitor","australiacentral2","EUR","5000 GB Commitment Tier Capacity Reservation","5000","1/Day","10929.3071","2021-06-01T00:00:00.000Z","4849.4951","2.1859"
"2024-06-02T06:10:06.668Z","Azure Monitor","australiacentral2","EUR","Pay-as-you-go Data Ingestion","Pay-as-you-go","1 GB","3.0886","2020-02-01T00:00:00.000Z","0","3.0886"
"2024-06-02T06:10:06.668Z","Azure Monitor","australiacentral2","EUR","100 GB Commitment Tier Capacity Reservation","100","1/Day","262.8075","2020-09-01T00:00:00.000Z","85.0895","2.6281"
"2024-06-02T06:10:06.668Z","Azure Monitor","australiacentral2","EUR","200 GB Commitment Tier Capacity Reservation","200","1/Day","493.4344","2020-09-01T00:00:00.000Z","187.7533","2.4672"
"2024-06-02T06:10:06.668Z","Azure Monitor","australiacentral2","EUR","300 GB Commitment Tier Capacity Reservation","300","1/Day","724.0614","2020-09-01T00:00:00.000Z","293.475","2.4135"
"2024-06-02T06:10:06.668Z","Azure Monitor","australiacentral2","EUR","400 GB Commitment Tier Capacity Reservation","400","1/Day","943.9615","2020-09-01T00:00:00.000Z","391.1173","2.3599"
"2024-06-02T06:10:06.668Z","Azure Monitor","australiacentral2","EUR","500 GB Commitment Tier Capacity Reservation","500","1/Day","1159.8391","2020-09-01T00:00:00.000Z","491.4781","2.3197"
"2024-06-02T06:10:06.668Z","Azure Monitor","australiacentral2","EUR","1000 GB Commitment Tier Capacity Reservation","1000","1/Day","2279.4526","2021-06-01T00:00:00.000Z","982.6497","2.2795"
"2024-06-02T06:10:06.668Z","Azure Monitor","australiacentral2","EUR","2000 GB Commitment Tier Capacity Reservation","2000","1/Day","4451.6368","2021-06-01T00:00:00.000Z","1952.9005","2.2258"
"2024-06-02T06:10:06.668Z","Azure Monitor","australiacentral2","EUR","5000 GB Commitment Tier Capacity Reservation","5000","1/Day","10793.8783","2021-06-01T00:00:00.000Z","4849.4376","2.1588"
"2024-07-01T06:11:21.244Z","Azure Monitor","australiacentral2","EUR","Pay-as-you-go Data Ingestion","Pay-as-you-go","1 GB","3.1269","2020-02-01T00:00:00.000Z","0","3.1269"
"2024-07-01T06:11:21.244Z","Azure Monitor","australiacentral2","EUR","100 GB Commitment Tier Capacity Reservation","100","1/Day","266.0675","2020-09-01T00:00:00.000Z","85.0899","2.6607"
"2024-07-01T06:11:21.244Z","Azure Monitor","australiacentral2","EUR","200 GB Commitment Tier Capacity Reservation","200","1/Day","499.5553","2020-09-01T00:00:00.000Z","187.7533","2.4978"
"2024-07-01T06:11:21.244Z","Azure Monitor","australiacentral2","EUR","300 GB Commitment Tier Capacity Reservation","300","1/Day","733.0431","2020-09-01T00:00:00.000Z","293.4755","2.4435"
"2024-07-01T06:11:21.244Z","Azure Monitor","australiacentral2","EUR","400 GB Commitment Tier Capacity Reservation","400","1/Day","955.671","2020-09-01T00:00:00.000Z","391.1074","2.3892"
"2024-07-01T06:11:21.244Z","Azure Monitor","australiacentral2","EUR","500 GB Commitment Tier Capacity Reservation","500","1/Day","1174.2265","2020-09-01T00:00:00.000Z","491.4727","2.3485"
"2024-07-01T06:11:21.244Z","Azure Monitor","australiacentral2","EUR","1000 GB Commitment Tier Capacity Reservation","1000","1/Day","2307.7283","2021-06-01T00:00:00.000Z","982.6393","2.3077"
"2024-07-01T06:11:21.244Z","Azure Monitor","australiacentral2","EUR","2000 GB Commitment Tier Capacity Reservation","2000","1/Day","4506.8577","2021-06-01T00:00:00.000Z","1952.9652","2.2534"
"2024-07-01T06:11:21.244Z","Azure Monitor","australiacentral2","EUR","5000 GB Commitment Tier Capacity Reservation","5000","1/Day","10927.7723","2021-06-01T00:00:00.000Z","4849.4596","2.1856"
"2024-08-02T06:11:10.559Z","Azure Monitor","australiacentral2","EUR","Pay-as-you-go Data Ingestion","Pay-as-you-go","1 GB","3.088","2020-02-01T00:00:00.000Z","0","3.088"
"2024-08-02T06:11:10.559Z","Azure Monitor","australiacentral2","EUR","100 GB Commitment Tier Capacity Reservation","100","1/Day","262.7589","2020-09-01T00:00:00.000Z","85.0903","2.6276"
"2024-08-02T06:11:10.559Z","Azure Monitor","australiacentral2","EUR","200 GB Commitment Tier Capacity Reservation","200","1/Day","493.3432","2020-09-01T00:00:00.000Z","187.7543","2.4667"
"2024-08-02T06:11:10.559Z","Azure Monitor","australiacentral2","EUR","300 GB Commitment Tier Capacity Reservation","300","1/Day","723.9275","2020-09-01T00:00:00.000Z","293.4802","2.4131"
"2024-08-02T06:11:10.559Z","Azure Monitor","australiacentral2","EUR","400 GB Commitment Tier Capacity Reservation","400","1/Day","943.787","2020-09-01T00:00:00.000Z","391.1098","2.3595"
"2024-08-02T06:11:10.559Z","Azure Monitor","australiacentral2","EUR","500 GB Commitment Tier Capacity Reservation","500","1/Day","1159.6246","2020-09-01T00:00:00.000Z","491.4705","2.3192"
"2024-08-02T06:11:10.559Z","Azure Monitor","australiacentral2","EUR","1000 GB Commitment Tier Capacity Reservation","1000","1/Day","2279.0311","2021-06-01T00:00:00.000Z","982.6798","2.2790"
"2024-08-02T06:11:10.559Z","Azure Monitor","australiacentral2","EUR","2000 GB Commitment Tier Capacity Reservation","2000","1/Day","4450.8136","2021-06-01T00:00:00.000Z","1952.9678","2.2254"
"2024-08-02T06:11:10.559Z","Azure Monitor","australiacentral2","EUR","5000 GB Commitment Tier Capacity Reservation","5000","1/Day","10791.8824","2021-06-01T00:00:00.000Z","4849.4124","2.1584"
