"TimeGenerated","ServiceName","ArmRegionName","CurrencyCode","MeterName","Tier","UnitOfMeasure","RetailPrice","EffectiveStartDate","EffectiveCommitmentTierThresholdGB","EffectivePricePerGB"
"2023-03-29T15:50:58.330Z","Azure Monitor","australiacentral2","TWD","Pay-as-you-go Data Ingestion","Pay-as-you-go","1 GB","101.7681","2020-02-01T00:00:00.000Z","0","101.7681"
"2023-03-29T15:50:58.330Z","Azure Monitor","australiacentral2","TWD","100 GB Commitment Tier Capacity Reservation","100","1/Day","8659.4319","2020-09-01T02:00:00.000Z","85.0898","86.5943"
"2023-03-29T15:50:58.330Z","Azure Monitor","australiacentral2","TWD","200 GB Commitment Tier Capacity Reservation","200","1/Day","16258.5252","2020-09-01T02:00:00.000Z","187.7551","81.2926"
"2023-03-29T15:50:58.330Z","Azure Monitor","australiacentral2","TWD","300 GB Commitment Tier Capacity Reservation","300","1/Day","23857.6185","2020-09-01T02:00:00.000Z","293.4784","79.5254"
"2023-03-29T15:50:58.330Z","Azure Monitor","australiacentral2","TWD","400 GB Commitment Tier Capacity Reservation","400","1/Day","31103.2656","2020-09-01T02:00:00.000Z","391.1111","77.7582"
"2023-03-29T15:50:58.330Z","Azure Monitor","australiacentral2","TWD","500 GB Commitment Tier Capacity Reservation","500","1/Day","38216.3704","2020-09-01T02:00:00.000Z","491.477","76.4327"
"2023-03-29T15:50:58.330Z","Azure Monitor","australiacentral2","TWD","1000 GB Commitment Tier Capacity Reservation","1000","1/Day","75107.3175","2021-06-01T02:00:00.000Z","982.6595","75.1073"
"2023-03-29T15:50:58.330Z","Azure Monitor","australiacentral2","TWD","2000 GB Commitment Tier Capacity Reservation","2000","1/Day","146680.173","2021-06-01T02:00:00.000Z","1952.9416","73.3401"
"2023-03-29T15:50:58.330Z","Azure Monitor","australiacentral2","TWD","5000 GB Commitment Tier Capacity Reservation","5000","1/Day","355655.2387","2021-06-01T02:00:00.000Z","4849.3967","71.131"
"2023-04-12T13:28:34.468Z","Azure Monitor","australiacentral2","TWD","Pay-as-you-go Data Ingestion","Pay-as-you-go","1 GB","101.6579","2020-02-01T00:00:00.000Z","0","101.6579"
"2023-04-12T13:28:34.468Z","Azure Monitor","australiacentral2","TWD","100 GB Commitment Tier Capacity Reservation","100","1/Day","8650.0533","2020-09-01T02:00:00.000Z","85.0898","86.5005"
"2023-04-12T13:28:34.468Z","Azure Monitor","australiacentral2","TWD","200 GB Commitment Tier Capacity Reservation","200","1/Day","16240.9164","2020-09-01T02:00:00.000Z","187.7552","81.2046"
"2023-04-12T13:28:34.468Z","Azure Monitor","australiacentral2","TWD","300 GB Commitment Tier Capacity Reservation","300","1/Day","23831.7795","2020-09-01T02:00:00.000Z","293.4782","79.4393"
"2023-04-12T13:28:34.468Z","Azure Monitor","australiacentral2","TWD","400 GB Commitment Tier Capacity Reservation","400","1/Day","31069.5792","2020-09-01T02:00:00.000Z","391.1109","77.6739"
"2023-04-12T13:28:34.468Z","Azure Monitor","australiacentral2","TWD","500 GB Commitment Tier Capacity Reservation","500","1/Day","38174.9801","2020-09-01T02:00:00.000Z","491.4776","76.35"
"2023-04-12T13:28:34.468Z","Azure Monitor","australiacentral2","TWD","1000 GB Commitment Tier Capacity Reservation","1000","1/Day","75025.9725","2021-06-01T02:00:00.000Z","982.6584","75.026"
"2023-04-12T13:28:34.468Z","Azure Monitor","australiacentral2","TWD","2000 GB Commitment Tier Capacity Reservation","2000","1/Day","146521.311","2021-06-01T02:00:00.000Z","1952.9405","73.2607"
"2023-04-12T13:28:34.468Z","Azure Monitor","australiacentral2","TWD","5000 GB Commitment Tier Capacity Reservation","5000","1/Day","355270.0462","2021-06-01T02:00:00.000Z","4849.3946","71.054"
"2023-05-02T08:07:40.927Z","Azure Monitor","australiacentral2","TWD","Pay-as-you-go Data Ingestion","Pay-as-you-go","1 GB","102.6248","2020-02-01T00:00:00.000Z","0","102.6248"
"2023-05-02T08:07:40.927Z","Azure Monitor","australiacentral2","TWD","100 GB Commitment Tier Capacity Reservation","100","1/Day","8732.3292","2020-09-01T02:00:00.000Z","85.0899","87.3233"
"2023-05-02T08:07:40.927Z","Azure Monitor","australiacentral2","TWD","200 GB Commitment Tier Capacity Reservation","200","1/Day","16395.3936","2020-09-01T02:00:00.000Z","187.7551","81.977"
"2023-05-02T08:07:40.927Z","Azure Monitor","australiacentral2","TWD","300 GB Commitment Tier Capacity Reservation","300","1/Day","24058.458","2020-09-01T02:00:00.000Z","293.4781","80.1949"
"2023-05-02T08:07:40.927Z","Azure Monitor","australiacentral2","TWD","400 GB Commitment Tier Capacity Reservation","400","1/Day","31365.1008","2020-09-01T02:00:00.000Z","391.1109","78.4128"
"2023-05-02T08:07:40.927Z","Azure Monitor","australiacentral2","TWD","500 GB Commitment Tier Capacity Reservation","500","1/Day","38538.0855","2020-09-01T02:00:00.000Z","491.477","77.0762"
"2023-05-02T08:07:40.927Z","Azure Monitor","australiacentral2","TWD","1000 GB Commitment Tier Capacity Reservation","1000","1/Day","75739.59","2021-06-01T02:00:00.000Z","982.6586","75.7396"
"2023-05-02T08:07:40.927Z","Azure Monitor","australiacentral2","TWD","2000 GB Commitment Tier Capacity Reservation","2000","1/Day","147914.964","2021-06-01T02:00:00.000Z","1952.9409","73.9575"
"2023-05-02T08:07:40.927Z","Azure Monitor","australiacentral2","TWD","5000 GB Commitment Tier Capacity Reservation","5000","1/Day","358649.235","2021-06-01T02:00:00.000Z","4849.3964","71.7298"
"2023-06-02T08:07:42.568Z","Azure Monitor","australiacentral2","TWD","Pay-as-you-go Data Ingestion","Pay-as-you-go","1 GB","102.6766","2020-02-01T00:00:00.000Z","0","102.6766"
"2023-06-02T08:07:42.568Z","Azure Monitor","australiacentral2","TWD","100 GB Commitment Tier Capacity Reservation","100","1/Day","8736.7343","2020-09-01T02:00:00.000Z","85.0898","87.3673"
"2023-06-02T08:07:42.568Z","Azure Monitor","australiacentral2","TWD","200 GB Commitment Tier Capacity Reservation","200","1/Day","16403.6644","2020-09-01T02:00:00.000Z","187.7552","82.0183"
"2023-06-02T08:07:42.568Z","Azure Monitor","australiacentral2","TWD","300 GB Commitment Tier Capacity Reservation","300","1/Day","24070.5945","2020-09-01T02:00:00.000Z","293.4783","80.2353"
"2023-06-02T08:07:42.568Z","Azure Monitor","australiacentral2","TWD","400 GB Commitment Tier Capacity Reservation","400","1/Day","31380.9232","2020-09-01T02:00:00.000Z","391.1112","78.4523"
"2023-06-02T08:07:42.568Z","Azure Monitor","australiacentral2","TWD","500 GB Commitment Tier Capacity Reservation","500","1/Day","38557.5264","2020-09-01T02:00:00.000Z","491.4773","77.1151"
"2023-06-02T08:07:42.568Z","Azure Monitor","australiacentral2","TWD","1000 GB Commitment Tier Capacity Reservation","1000","1/Day","75777.7975","2021-06-01T02:00:00.000Z","982.6584","75.7778"
"2023-06-02T08:07:42.568Z","Azure Monitor","australiacentral2","TWD","2000 GB Commitment Tier Capacity Reservation","2000","1/Day","147989.581","2021-06-01T02:00:00.000Z","1952.9411","73.9948"
"2023-06-02T08:07:42.568Z","Azure Monitor","australiacentral2","TWD","5000 GB Commitment Tier Capacity Reservation","5000","1/Day","358830.1587","2021-06-01T02:00:00.000Z","4849.397","71.766"
"2023-07-07T06:09:02.036Z","Azure Monitor","australiacentral2","TWD","Pay-as-you-go Data Ingestion","Pay-as-you-go","1 GB","103.7604","2020-02-01T00:00:00.000Z","0","103.7604"
"2023-07-07T06:09:02.036Z","Azure Monitor","australiacentral2","TWD","100 GB Commitment Tier Capacity Reservation","100","1/Day","8828.9572","2020-09-01T00:00:00.000Z","85.0899","88.2896"
"2023-07-07T06:09:02.036Z","Azure Monitor","australiacentral2","TWD","200 GB Commitment Tier Capacity Reservation","200","1/Day","16576.8176","2020-09-01T00:00:00.000Z","187.755","82.8841"
"2023-07-07T06:09:02.036Z","Azure Monitor","australiacentral2","TWD","300 GB Commitment Tier Capacity Reservation","300","1/Day","24324.678","2020-09-01T00:00:00.000Z","293.4782","81.0823"
"2023-07-07T06:09:02.036Z","Azure Monitor","australiacentral2","TWD","400 GB Commitment Tier Capacity Reservation","400","1/Day","31712.1728","2020-09-01T00:00:00.000Z","391.1109","79.2804"
"2023-07-07T06:09:02.036Z","Azure Monitor","australiacentral2","TWD","500 GB Commitment Tier Capacity Reservation","500","1/Day","38964.5305","2020-09-01T00:00:00.000Z","491.4775","77.9291"
"2023-07-07T06:09:02.036Z","Azure Monitor","australiacentral2","TWD","1000 GB Commitment Tier Capacity Reservation","1000","1/Day","76577.69","2021-06-01T00:00:00.000Z","982.6585","76.5777"
"2023-07-07T06:09:02.036Z","Azure Monitor","australiacentral2","TWD","2000 GB Commitment Tier Capacity Reservation","2000","1/Day","149551.724","2021-06-01T00:00:00.000Z","1952.9409","74.7759"
"2023-07-07T06:09:02.036Z","Azure Monitor","australiacentral2","TWD","5000 GB Commitment Tier Capacity Reservation","5000","1/Day","362617.885","2021-06-01T00:00:00.000Z","4849.3951","72.5236"
"2023-08-01T06:08:30.007Z","Azure Monitor","australiacentral2","TWD","100 GB Commitment Tier Capacity Reservation","100","1/Day","8878.1238","2020-09-01T00:00:00.000Z","85.5637","88.7812"
"2023-08-01T06:08:30.007Z","Azure Monitor","australiacentral2","TWD","200 GB Commitment Tier Capacity Reservation","200","1/Day","16669.1304","2020-09-01T00:00:00.000Z","187.7552","83.3457"
"2023-08-01T06:08:30.007Z","Azure Monitor","australiacentral2","TWD","400 GB Commitment Tier Capacity Reservation","400","1/Day","31888.7712","2020-09-01T00:00:00.000Z","393.2889","79.7219"
"2023-08-01T06:08:30.007Z","Azure Monitor","australiacentral2","TWD","500 GB Commitment Tier Capacity Reservation","500","1/Day","39181.5158","2020-09-01T00:00:00.000Z","491.4774","78.363"
"2023-08-01T06:08:30.007Z","Azure Monitor","australiacentral2","TWD","1000 GB Commitment Tier Capacity Reservation","1000","1/Day","77004.135","2021-06-01T00:00:00.000Z","982.6594","77.0041"
"2023-08-01T06:08:30.007Z","Azure Monitor","australiacentral2","TWD","2000 GB Commitment Tier Capacity Reservation","2000","1/Day","150384.546","2021-06-01T00:00:00.000Z","1952.9421","75.1923"
"2023-08-02T06:09:03.844Z","Azure Monitor","australiacentral2","TWD","Pay-as-you-go Data Ingestion","Pay-as-you-go","1 GB","104.3383","2020-02-01T00:00:00.000Z","0","104.3383"
"2023-08-02T06:09:03.844Z","Azure Monitor","australiacentral2","TWD","300 GB Commitment Tier Capacity Reservation","300","1/Day","24460.137","2020-09-01T00:00:00.000Z","293.4781","81.5338"
"2023-08-02T06:09:03.844Z","Azure Monitor","australiacentral2","TWD","5000 GB Commitment Tier Capacity Reservation","5000","1/Day","364637.2275","2021-06-01T00:00:00.000Z","4849.3958","72.9274"
"2023-09-02T06:07:00.316Z","Azure Monitor","australiacentral2","TWD","Pay-as-you-go Data Ingestion","Pay-as-you-go","1 GB","106.5009","2020-02-01T00:00:00.000Z","0","106.5009"
"2023-09-02T06:07:00.316Z","Azure Monitor","australiacentral2","TWD","100 GB Commitment Tier Capacity Reservation","100","1/Day","9062.1433","2020-09-01T00:00:00.000Z","85.0898","90.6214"
"2023-09-02T06:07:00.316Z","Azure Monitor","australiacentral2","TWD","200 GB Commitment Tier Capacity Reservation","200","1/Day","17014.6364","2020-09-01T00:00:00.000Z","187.7552","85.0732"
"2023-09-02T06:07:00.316Z","Azure Monitor","australiacentral2","TWD","300 GB Commitment Tier Capacity Reservation","300","1/Day","24967.1295","2020-09-01T00:00:00.000Z","293.4782","83.2238"
"2023-09-02T06:07:00.316Z","Azure Monitor","australiacentral2","TWD","400 GB Commitment Tier Capacity Reservation","400","1/Day","32549.7392","2020-09-01T00:00:00.000Z","391.1109","81.3743"
"2023-09-02T06:07:00.316Z","Azure Monitor","australiacentral2","TWD","500 GB Commitment Tier Capacity Reservation","500","1/Day","39993.6426","2020-09-01T00:00:00.000Z","491.4776","79.9873"
"2023-09-02T06:07:00.316Z","Azure Monitor","australiacentral2","TWD","1000 GB Commitment Tier Capacity Reservation","1000","1/Day","78600.2225","2021-06-01T00:00:00.000Z","982.6588","78.6002"
"2023-09-02T06:07:00.316Z","Azure Monitor","australiacentral2","TWD","2000 GB Commitment Tier Capacity Reservation","2000","1/Day","153501.611","2021-06-01T00:00:00.000Z","1952.9417","76.7508"
"2023-09-02T06:07:00.316Z","Azure Monitor","australiacentral2","TWD","5000 GB Commitment Tier Capacity Reservation","5000","1/Day","372195.1713","2021-06-01T00:00:00.000Z","4849.3979","74.439"
"2023-10-02T06:08:46.154Z","Azure Monitor","australiacentral2","TWD","Pay-as-you-go Data Ingestion","Pay-as-you-go","1 GB","107.725","2020-02-01T00:00:00.000Z","0","107.725"
"2023-10-02T06:08:46.154Z","Azure Monitor","australiacentral2","TWD","100 GB Commitment Tier Capacity Reservation","100","1/Day","9166.3026","2020-09-01T00:00:00.000Z","85.0898","91.663"
"2023-10-02T06:08:46.154Z","Azure Monitor","australiacentral2","TWD","200 GB Commitment Tier Capacity Reservation","200","1/Day","17210.2008","2020-09-01T00:00:00.000Z","187.7552","86.051"
"2023-10-02T06:08:46.154Z","Azure Monitor","australiacentral2","TWD","300 GB Commitment Tier Capacity Reservation","300","1/Day","25254.099","2020-09-01T00:00:00.000Z","293.4783","84.1803"
"2023-10-02T06:08:46.154Z","Azure Monitor","australiacentral2","TWD","400 GB Commitment Tier Capacity Reservation","400","1/Day","32923.8624","2020-09-01T00:00:00.000Z","391.1113","82.3097"
"2023-10-02T06:08:46.154Z","Azure Monitor","australiacentral2","TWD","500 GB Commitment Tier Capacity Reservation","500","1/Day","40453.3252","2020-09-01T00:00:00.000Z","491.477","80.9067"
"2023-10-02T06:08:46.154Z","Azure Monitor","australiacentral2","TWD","1000 GB Commitment Tier Capacity Reservation","1000","1/Day","79503.645","2021-06-01T00:00:00.000Z","982.6584","79.5036"
"2023-10-02T06:08:46.154Z","Azure Monitor","australiacentral2","TWD","2000 GB Commitment Tier Capacity Reservation","2000","1/Day","155265.942","2021-06-01T00:00:00.000Z","1952.9423","77.633"
"2023-10-02T06:08:46.154Z","Azure Monitor","australiacentral2","TWD","5000 GB Commitment Tier Capacity Reservation","5000","1/Day","376473.1425","2021-06-01T00:00:00.000Z","4849.3958","75.2946"
"2023-11-01T06:08:41.407Z","Azure Monitor","australiacentral2","TWD","Pay-as-you-go Data Ingestion","Pay-as-you-go","1 GB","108.3362","2020-02-01T00:00:00.000Z","0","108.3362"
"2023-11-01T06:08:41.407Z","Azure Monitor","australiacentral2","TWD","100 GB Commitment Tier Capacity Reservation","100","1/Day","9218.3112","2020-09-01T00:00:00.000Z","85.0899","92.1831"
"2023-11-01T06:08:41.407Z","Azure Monitor","australiacentral2","TWD","200 GB Commitment Tier Capacity Reservation","200","1/Day","17307.8496","2020-09-01T00:00:00.000Z","187.7551","86.5392"
"2023-11-01T06:08:41.407Z","Azure Monitor","australiacentral2","TWD","300 GB Commitment Tier Capacity Reservation","300","1/Day","25397.388","2020-09-01T00:00:00.000Z","293.4784","84.658"
"2023-11-01T06:08:41.407Z","Azure Monitor","australiacentral2","TWD","400 GB Commitment Tier Capacity Reservation","400","1/Day","33110.6688","2020-09-01T00:00:00.000Z","391.1109","82.7767"
"2023-11-01T06:08:41.407Z","Azure Monitor","australiacentral2","TWD","500 GB Commitment Tier Capacity Reservation","500","1/Day","40682.853","2020-09-01T00:00:00.000Z","491.4771","81.3657"
"2023-11-01T06:08:41.407Z","Azure Monitor","australiacentral2","TWD","1000 GB Commitment Tier Capacity Reservation","1000","1/Day","79954.74","2021-06-01T00:00:00.000Z","982.659","79.9547"
"2023-11-01T06:08:41.407Z","Azure Monitor","australiacentral2","TWD","2000 GB Commitment Tier Capacity Reservation","2000","1/Day","156146.904","2021-06-01T00:00:00.000Z","1952.9422","78.0735"
"2023-11-01T06:08:41.407Z","Azure Monitor","australiacentral2","TWD","5000 GB Commitment Tier Capacity Reservation","5000","1/Day","378609.21","2021-06-01T00:00:00.000Z","4849.3946","75.7218"
"2023-12-02T06:07:58.693Z","Azure Monitor","australiacentral2","TWD","Pay-as-you-go Data Ingestion","Pay-as-you-go","1 GB","105.0964","2020-02-01T00:00:00.000Z","0","105.0964"
"2023-12-02T06:07:58.693Z","Azure Monitor","australiacentral2","TWD","100 GB Commitment Tier Capacity Reservation","100","1/Day","8942.6372","2020-09-01T00:00:00.000Z","85.0899","89.4264"
"2023-12-02T06:07:58.693Z","Azure Monitor","australiacentral2","TWD","200 GB Commitment Tier Capacity Reservation","200","1/Day","16790.2576","2020-09-01T00:00:00.000Z","187.755","83.9513"
"2023-12-02T06:07:58.693Z","Azure Monitor","australiacentral2","TWD","300 GB Commitment Tier Capacity Reservation","300","1/Day","24637.878","2020-09-01T00:00:00.000Z","293.4782","82.1263"
"2023-12-02T06:07:58.693Z","Azure Monitor","australiacentral2","TWD","400 GB Commitment Tier Capacity Reservation","400","1/Day","32120.4928","2020-09-01T00:00:00.000Z","391.1109","80.3012"
"2023-12-02T06:07:58.693Z","Azure Monitor","australiacentral2","TWD","500 GB Commitment Tier Capacity Reservation","500","1/Day","39466.2305","2020-09-01T00:00:00.000Z","491.4775","78.9325"
"2023-12-02T06:07:58.693Z","Azure Monitor","australiacentral2","TWD","1000 GB Commitment Tier Capacity Reservation","1000","1/Day","77563.69","2021-06-01T00:00:00.000Z","982.6585","77.5637"
"2023-12-02T06:07:58.693Z","Azure Monitor","australiacentral2","TWD","2000 GB Commitment Tier Capacity Reservation","2000","1/Day","151477.324","2021-06-01T00:00:00.000Z","1952.9409","75.7387"
"2023-12-02T06:07:58.693Z","Azure Monitor","australiacentral2","TWD","5000 GB Commitment Tier Capacity Reservation","5000","1/Day","367286.885","2021-06-01T00:00:00.000Z","4849.3952","73.4574"
"2024-01-01T06:09:20.544Z","Azure Monitor","australiacentral2","TWD","Pay-as-you-go Data Ingestion","Pay-as-you-go","1 GB","103.1926","2020-02-01T00:00:00.000Z","0","103.1926"
"2024-01-01T06:09:20.544Z","Azure Monitor","australiacentral2","TWD","100 GB Commitment Tier Capacity Reservation","100","1/Day","8780.6432","2020-09-01T00:00:00.000Z","85.0899","87.8064"
"2024-01-01T06:09:20.544Z","Azure Monitor","australiacentral2","TWD","200 GB Commitment Tier Capacity Reservation","200","1/Day","16486.1056","2020-09-01T00:00:00.000Z","187.7552","82.4305"
"2024-01-01T06:09:20.544Z","Azure Monitor","australiacentral2","TWD","300 GB Commitment Tier Capacity Reservation","300","1/Day","24191.568","2020-09-01T00:00:00.000Z","293.4784","80.6386"
"2024-01-01T06:09:20.544Z","Azure Monitor","australiacentral2","TWD","400 GB Commitment Tier Capacity Reservation","400","1/Day","31538.6368","2020-09-01T00:00:00.000Z","391.1109","78.8466"
"2024-01-01T06:09:20.544Z","Azure Monitor","australiacentral2","TWD","500 GB Commitment Tier Capacity Reservation","500","1/Day","38751.308","2020-09-01T00:00:00.000Z","491.4772","77.5026"
"2024-01-01T06:09:20.544Z","Azure Monitor","australiacentral2","TWD","1000 GB Commitment Tier Capacity Reservation","1000","1/Day","76158.64","2021-06-01T00:00:00.000Z","982.6592","76.1586"
"2024-01-01T06:09:20.544Z","Azure Monitor","australiacentral2","TWD","2000 GB Commitment Tier Capacity Reservation","2000","1/Day","148733.344","2021-06-01T00:00:00.000Z","1952.9422","74.3667"
"2024-01-01T06:09:20.544Z","Azure Monitor","australiacentral2","TWD","5000 GB Commitment Tier Capacity Reservation","5000","1/Day","360633.56","2021-06-01T00:00:00.000Z","4849.3958","72.1267"
"2024-02-02T06:08:03.849Z","Azure Monitor","australiacentral2","TWD","Pay-as-you-go Data Ingestion","Pay-as-you-go","1 GB","104.2965","2020-02-01T00:00:00.000Z","0","104.2965"
"2024-02-02T06:08:03.849Z","Azure Monitor","australiacentral2","TWD","100 GB Commitment Tier Capacity Reservation","100","1/Day","8874.5713","2020-09-01T00:00:00.000Z","85.0898","88.7457"
"2024-02-02T06:08:03.849Z","Azure Monitor","australiacentral2","TWD","200 GB Commitment Tier Capacity Reservation","200","1/Day","16662.4604","2020-09-01T00:00:00.000Z","187.7551","83.3123"
"2024-02-02T06:08:03.849Z","Azure Monitor","australiacentral2","TWD","300 GB Commitment Tier Capacity Reservation","300","1/Day","24450.3495","2020-09-01T00:00:00.000Z","293.4783","81.5012"
"2024-02-02T06:08:03.849Z","Azure Monitor","australiacentral2","TWD","400 GB Commitment Tier Capacity Reservation","400","1/Day","31876.0112","2020-09-01T00:00:00.000Z","391.1109","79.69"
"2024-02-02T06:08:03.849Z","Azure Monitor","australiacentral2","TWD","500 GB Commitment Tier Capacity Reservation","500","1/Day","39165.8376","2020-09-01T00:00:00.000Z","491.4774","78.3317"
"2024-02-02T06:08:03.849Z","Azure Monitor","australiacentral2","TWD","1000 GB Commitment Tier Capacity Reservation","1000","1/Day","76973.3225","2021-06-01T00:00:00.000Z","982.6586","76.9733"
"2024-02-02T06:08:03.849Z","Azure Monitor","australiacentral2","TWD","2000 GB Commitment Tier Capacity Reservation","2000","1/Day","150324.371","2021-06-01T00:00:00.000Z","1952.9417","75.1622"
"2024-02-02T06:08:03.849Z","Azure Monitor","australiacentral2","TWD","5000 GB Commitment Tier Capacity Reservation","5000","1/Day","364491.3213","2021-06-01T00:00:00.000Z","4849.3967","72.8983"
"2024-03-02T06:08:20.311Z","Azure Monitor","australiacentral2","TWD","Pay-as-you-go Data Ingestion","Pay-as-you-go","1 GB","105.5206","2020-02-01T00:00:00.000Z","0","105.5206"
"2024-03-02T06:08:20.311Z","Azure Monitor","australiacentral2","TWD","100 GB Commitment Tier Capacity Reservation","100","1/Day","8978.7306","2020-09-01T00:00:00.000Z","85.0898","89.7873"
"2024-03-02T06:08:20.311Z","Azure Monitor","australiacentral2","TWD","200 GB Commitment Tier Capacity Reservation","200","1/Day","16858.0248","2020-09-01T00:00:00.000Z","187.7551","84.2901"
"2024-03-02T06:08:20.311Z","Azure Monitor","australiacentral2","TWD","300 GB Commitment Tier Capacity Reservation","300","1/Day","24737.319","2020-09-01T00:00:00.000Z","293.4783","82.4577"
"2024-03-02T06:08:20.311Z","Azure Monitor","australiacentral2","TWD","400 GB Commitment Tier Capacity Reservation","400","1/Day","32250.1344","2020-09-01T00:00:00.000Z","391.1113","80.6253"
"2024-03-02T06:08:20.311Z","Azure Monitor","australiacentral2","TWD","500 GB Commitment Tier Capacity Reservation","500","1/Day","39625.5203","2020-09-01T00:00:00.000Z","491.4775","79.251"
"2024-03-02T06:08:20.311Z","Azure Monitor","australiacentral2","TWD","1000 GB Commitment Tier Capacity Reservation","1000","1/Day","77876.745","2021-06-01T00:00:00.000Z","982.6595","77.8767"
"2024-03-02T06:08:20.311Z","Azure Monitor","australiacentral2","TWD","2000 GB Commitment Tier Capacity Reservation","2000","1/Day","152088.702","2021-06-01T00:00:00.000Z","1952.9423","76.0444"
"2024-03-02T06:08:20.311Z","Azure Monitor","australiacentral2","TWD","5000 GB Commitment Tier Capacity Reservation","5000","1/Day","368769.2925","2021-06-01T00:00:00.000Z","4849.3945","73.7539"
"2024-04-03T09:26:28.723Z","Azure Monitor","australiacentral2","TWD","Pay-as-you-go Data Ingestion","Pay-as-you-go","1 GB","106.5026","2020-02-01T00:00:00.000Z","0","106.5026"
"2024-04-03T09:26:28.723Z","Azure Monitor","australiacentral2","TWD","100 GB Commitment Tier Capacity Reservation","100","1/Day","9062.2854","2020-09-01T00:00:00.000Z","85.0898","90.6229"
"2024-04-03T09:26:28.723Z","Azure Monitor","australiacentral2","TWD","200 GB Commitment Tier Capacity Reservation","200","1/Day","17014.9032","2020-09-01T00:00:00.000Z","187.755","85.0745"
"2024-04-03T09:26:28.723Z","Azure Monitor","australiacentral2","TWD","300 GB Commitment Tier Capacity Reservation","300","1/Day","24967.521","2020-09-01T00:00:00.000Z","293.4783","83.2251"
"2024-04-03T09:26:28.723Z","Azure Monitor","australiacentral2","TWD","400 GB Commitment Tier Capacity Reservation","400","1/Day","32550.2496","2020-09-01T00:00:00.000Z","391.111","81.3756"
"2024-04-03T09:26:28.723Z","Azure Monitor","australiacentral2","TWD","500 GB Commitment Tier Capacity Reservation","500","1/Day","39994.2697","2020-09-01T00:00:00.000Z","491.4774","79.9885"
"2024-04-03T09:26:28.723Z","Azure Monitor","australiacentral2","TWD","1000 GB Commitment Tier Capacity Reservation","1000","1/Day","78601.455","2021-06-01T00:00:00.000Z","982.6594","78.6015"
"2024-04-03T09:26:28.723Z","Azure Monitor","australiacentral2","TWD","2000 GB Commitment Tier Capacity Reservation","2000","1/Day","153504.018","2021-06-01T00:00:00.000Z","1952.9401","76.752"
"2024-04-03T09:26:28.723Z","Azure Monitor","australiacentral2","TWD","5000 GB Commitment Tier Capacity Reservation","5000","1/Day","372201.0075","2021-06-01T00:00:00.000Z","4849.3982","74.4402"
"2024-05-01T06:09:59.892Z","Azure Monitor","australiacentral2","TWD","Pay-as-you-go Data Ingestion","Pay-as-you-go","1 GB","108.7003","2020-02-01T00:00:00.000Z","0","108.7003"
"2024-05-01T06:09:59.892Z","Azure Monitor","australiacentral2","TWD","100 GB Commitment Tier Capacity Reservation","100","1/Day","9249.289","2020-09-01T00:00:00.000Z","85.0898","92.4929"
"2024-05-01T06:09:59.892Z","Azure Monitor","australiacentral2","TWD","200 GB Commitment Tier Capacity Reservation","200","1/Day","17366.012","2020-09-01T00:00:00.000Z","187.7551","86.8301"
"2024-05-01T06:09:59.892Z","Azure Monitor","australiacentral2","TWD","300 GB Commitment Tier Capacity Reservation","300","1/Day","25482.735","2020-09-01T00:00:00.000Z","293.4781","84.9424"
"2024-05-01T06:09:59.892Z","Azure Monitor","australiacentral2","TWD","400 GB Commitment Tier Capacity Reservation","400","1/Day","33221.936","2020-09-01T00:00:00.000Z","391.1113","83.0548"
"2024-05-01T06:09:59.892Z","Azure Monitor","australiacentral2","TWD","500 GB Commitment Tier Capacity Reservation","500","1/Day","40819.5663","2020-09-01T00:00:00.000Z","491.4775","81.6391"
"2024-05-01T06:09:59.892Z","Azure Monitor","australiacentral2","TWD","1000 GB Commitment Tier Capacity Reservation","1000","1/Day","80223.425","2021-06-01T00:00:00.000Z","982.6594","80.2234"
"2024-05-01T06:09:59.892Z","Azure Monitor","australiacentral2","TWD","2000 GB Commitment Tier Capacity Reservation","2000","1/Day","156671.63","2021-06-01T00:00:00.000Z","1952.9418","78.3358"
"2024-05-01T06:09:59.892Z","Azure Monitor","australiacentral2","TWD","5000 GB Commitment Tier Capacity Reservation","5000","1/Day","379881.5125","2021-06-01T00:00:00.000Z","4849.3985","75.9763"
"2024-06-01T06:08:37.725Z","Azure Monitor","australiacentral2","TWD","Pay-as-you-go Data Ingestion","Pay-as-you-go","1 GB","107.8887","2020-02-01T00:00:00.000Z","0","107.8887"
"2024-06-01T06:08:37.725Z","Azure Monitor","australiacentral2","TWD","100 GB Commitment Tier Capacity Reservation","100","1/Day","9180.2284","2020-09-01T00:00:00.000Z","85.0898","91.8023"
"2024-06-01T06:08:37.725Z","Azure Monitor","australiacentral2","TWD","200 GB Commitment Tier Capacity Reservation","200","1/Day","17236.3472","2020-09-01T00:00:00.000Z","187.7551","86.1817"
"2024-06-01T06:08:37.725Z","Azure Monitor","australiacentral2","TWD","300 GB Commitment Tier Capacity Reservation","300","1/Day","25292.466","2020-09-01T00:00:00.000Z","293.4784","84.3082"
"2024-06-01T06:08:37.725Z","Azure Monitor","australiacentral2","TWD","400 GB Commitment Tier Capacity Reservation","400","1/Day","32973.8816","2020-09-01T00:00:00.000Z","391.1112","82.4347"
"2024-06-01T06:08:37.725Z","Azure Monitor","australiacentral2","TWD","500 GB Commitment Tier Capacity Reservation","500","1/Day","40514.7835","2020-09-01T00:00:00.000Z","491.4773","81.0296"
"2024-06-01T06:08:37.725Z","Azure Monitor","australiacentral2","TWD","1000 GB Commitment Tier Capacity Reservation","1000","1/Day","79624.43","2021-06-01T00:00:00.000Z","982.6586","79.6244"
"2024-06-01T06:08:37.725Z","Azure Monitor","australiacentral2","TWD","2000 GB Commitment Tier Capacity Reservation","2000","1/Day","155501.828","2021-06-01T00:00:00.000Z","1952.9419","77.7509"
"2024-06-01T06:08:37.725Z","Azure Monitor","australiacentral2","TWD","5000 GB Commitment Tier Capacity Reservation","5000","1/Day","377045.095","2021-06-01T00:00:00.000Z","4849.3985","75.409"
"2024-07-01T06:11:21.244Z","Azure Monitor","australiacentral2","TWD","Pay-as-you-go Data Ingestion","Pay-as-you-go","1 GB","108.6869","2020-02-01T00:00:00.000Z","0","108.6869"
"2024-07-01T06:11:21.244Z","Azure Monitor","australiacentral2","TWD","100 GB Commitment Tier Capacity Reservation","100","1/Day","9248.1522","2020-09-01T00:00:00.000Z","85.0899","92.4815"
"2024-07-01T06:11:21.244Z","Azure Monitor","australiacentral2","TWD","200 GB Commitment Tier Capacity Reservation","200","1/Day","17363.8776","2020-09-01T00:00:00.000Z","187.7551","86.8194"
"2024-07-01T06:11:21.244Z","Azure Monitor","australiacentral2","TWD","300 GB Commitment Tier Capacity Reservation","300","1/Day","25479.603","2020-09-01T00:00:00.000Z","293.4782","84.932"
"2024-07-01T06:11:21.244Z","Azure Monitor","australiacentral2","TWD","400 GB Commitment Tier Capacity Reservation","400","1/Day","33217.8528","2020-09-01T00:00:00.000Z","391.1112","83.0446"
"2024-07-01T06:11:21.244Z","Azure Monitor","australiacentral2","TWD","500 GB Commitment Tier Capacity Reservation","500","1/Day","40814.5493","2020-09-01T00:00:00.000Z","491.4775","81.6291"
"2024-07-01T06:11:21.244Z","Azure Monitor","australiacentral2","TWD","1000 GB Commitment Tier Capacity Reservation","1000","1/Day","80213.565","2021-06-01T00:00:00.000Z","982.6589","80.2136"
"2024-07-01T06:11:21.244Z","Azure Monitor","australiacentral2","TWD","2000 GB Commitment Tier Capacity Reservation","2000","1/Day","156652.374","2021-06-01T00:00:00.000Z","1952.9403","78.3262"
"2024-07-01T06:11:21.244Z","Azure Monitor","australiacentral2","TWD","5000 GB Commitment Tier Capacity Reservation","5000","1/Day","379834.8225","2021-06-01T00:00:00.000Z","4849.3968","75.967"
"2024-08-02T06:11:10.559Z","Azure Monitor","australiacentral2","TWD","Pay-as-you-go Data Ingestion","Pay-as-you-go","1 GB","109.7891","2020-02-01T00:00:00.000Z","0","109.7891"
"2024-08-02T06:11:10.559Z","Azure Monitor","australiacentral2","TWD","100 GB Commitment Tier Capacity Reservation","100","1/Day","9341.9382","2020-09-01T00:00:00.000Z","85.0899","93.4194"
"2024-08-02T06:11:10.559Z","Azure Monitor","australiacentral2","TWD","200 GB Commitment Tier Capacity Reservation","200","1/Day","17539.9656","2020-09-01T00:00:00.000Z","187.7551","87.6998"
"2024-08-02T06:11:10.559Z","Azure Monitor","australiacentral2","TWD","300 GB Commitment Tier Capacity Reservation","300","1/Day","25737.993","2020-09-01T00:00:00.000Z","293.4784","85.7933"
"2024-08-02T06:11:10.559Z","Azure Monitor","australiacentral2","TWD","400 GB Commitment Tier Capacity Reservation","400","1/Day","33554.7168","2020-09-01T00:00:00.000Z","391.1112","83.8868"
"2024-08-02T06:11:10.559Z","Azure Monitor","australiacentral2","TWD","500 GB Commitment Tier Capacity Reservation","500","1/Day","41228.4518","2020-09-01T00:00:00.000Z","491.4772","82.4569"
"2024-08-02T06:11:10.559Z","Azure Monitor","australiacentral2","TWD","1000 GB Commitment Tier Capacity Reservation","1000","1/Day","81027.015","2021-06-01T00:00:00.000Z","982.6590","81.0270"
"2024-08-02T06:11:10.559Z","Azure Monitor","australiacentral2","TWD","2000 GB Commitment Tier Capacity Reservation","2000","1/Day","158240.994","2021-06-01T00:00:00.000Z","1952.9415","79.1205"
"2024-08-02T06:11:10.559Z","Azure Monitor","australiacentral2","TWD","5000 GB Commitment Tier Capacity Reservation","5000","1/Day","383686.7475","2021-06-01T00:00:00.000Z","4849.3974","76.7373"
