"TimeGenerated","ServiceName","ArmRegionName","CurrencyCode","MeterName","Tier","UnitOfMeasure","RetailPrice","EffectiveStartDate","EffectiveCommitmentTierThresholdGB","EffectivePricePerGB"
"2023-03-29T15:50:58.330Z","Azure Monitor","brazilsouth","NOK","Pay-as-you-go Data Ingestion","Pay-as-you-go","1 GB","47.9072","2018-02-01T00:00:00.000Z","0","47.9072"
"2023-03-29T15:50:58.330Z","Azure Monitor","brazilsouth","NOK","100 GB Commitment Tier Capacity Reservation","100","1/Day","4082.5232","2019-11-01T00:00:00.000Z","85.2173","40.8252"
"2023-03-29T15:50:58.330Z","Azure Monitor","brazilsouth","NOK","200 GB Commitment Tier Capacity Reservation","200","1/Day","7665.1456","2019-11-01T00:00:00.000Z","187.7552","38.3257"
"2023-03-29T15:50:58.330Z","Azure Monitor","brazilsouth","NOK","300 GB Commitment Tier Capacity Reservation","300","1/Day","11247.768","2019-11-01T00:00:00.000Z","293.4785","37.4926"
"2023-03-29T15:50:58.330Z","Azure Monitor","brazilsouth","NOK","400 GB Commitment Tier Capacity Reservation","400","1/Day","14663.7568","2019-11-01T00:00:00.000Z","391.1107","36.6594"
"2023-03-29T15:50:58.330Z","Azure Monitor","brazilsouth","NOK","500 GB Commitment Tier Capacity Reservation","500","1/Day","18017.258","2019-11-01T00:00:00.000Z","491.4772","36.0345"
"2023-03-29T15:50:58.330Z","Azure Monitor","brazilsouth","NOK","1000 GB Commitment Tier Capacity Reservation","1000","1/Day","35409.64","2021-06-01T02:00:00.000Z","982.6594","35.4096"
"2023-03-29T15:50:58.330Z","Azure Monitor","brazilsouth","NOK","2000 GB Commitment Tier Capacity Reservation","2000","1/Day","69152.944","2021-06-01T02:00:00.000Z","1952.9434","34.5765"
"2023-03-29T15:50:58.330Z","Azure Monitor","brazilsouth","NOK","5000 GB Commitment Tier Capacity Reservation","5000","1/Day","167675.06","2021-06-01T02:00:00.000Z","4849.3937","33.535"
"2023-04-12T13:28:34.468Z","Azure Monitor","brazilsouth","NOK","Pay-as-you-go Data Ingestion","Pay-as-you-go","1 GB","47.9516","2018-02-01T00:00:00.000Z","0","47.9516"
"2023-04-12T13:28:34.468Z","Azure Monitor","brazilsouth","NOK","100 GB Commitment Tier Capacity Reservation","100","1/Day","4086.306","2019-11-01T00:00:00.000Z","85.2173","40.8631"
"2023-04-12T13:28:34.468Z","Azure Monitor","brazilsouth","NOK","200 GB Commitment Tier Capacity Reservation","200","1/Day","7672.248","2019-11-01T00:00:00.000Z","187.7549","38.3612"
"2023-04-12T13:28:34.468Z","Azure Monitor","brazilsouth","NOK","300 GB Commitment Tier Capacity Reservation","300","1/Day","11258.19","2019-11-01T00:00:00.000Z","293.4786","37.5273"
"2023-04-12T13:28:34.468Z","Azure Monitor","brazilsouth","NOK","400 GB Commitment Tier Capacity Reservation","400","1/Day","14677.344","2019-11-01T00:00:00.000Z","391.1111","36.6934"
"2023-04-12T13:28:34.468Z","Azure Monitor","brazilsouth","NOK","500 GB Commitment Tier Capacity Reservation","500","1/Day","18033.9525","2019-11-01T00:00:00.000Z","491.4767","36.0679"
"2023-04-12T13:28:34.468Z","Azure Monitor","brazilsouth","NOK","1000 GB Commitment Tier Capacity Reservation","1000","1/Day","35442.45","2021-06-01T02:00:00.000Z","982.6591","35.4424"
"2023-04-12T13:28:34.468Z","Azure Monitor","brazilsouth","NOK","2000 GB Commitment Tier Capacity Reservation","2000","1/Day","69217.02","2021-06-01T02:00:00.000Z","1952.9439","34.6085"
"2023-04-12T13:28:34.468Z","Azure Monitor","brazilsouth","NOK","5000 GB Commitment Tier Capacity Reservation","5000","1/Day","167830.425","2021-06-01T02:00:00.000Z","4849.399","33.5661"
"2023-05-02T08:07:40.927Z","Azure Monitor","brazilsouth","NOK","Pay-as-you-go Data Ingestion","Pay-as-you-go","1 GB","48.8614","2018-02-01T00:00:00.000Z","0","48.8614"
"2023-05-02T08:07:40.927Z","Azure Monitor","brazilsouth","NOK","100 GB Commitment Tier Capacity Reservation","100","1/Day","4163.8436","2019-11-01T00:00:00.000Z","85.2174","41.6384"
"2023-05-02T08:07:40.927Z","Azure Monitor","brazilsouth","NOK","200 GB Commitment Tier Capacity Reservation","200","1/Day","7817.8288","2019-11-01T00:00:00.000Z","187.7553","39.0891"
"2023-05-02T08:07:40.927Z","Azure Monitor","brazilsouth","NOK","300 GB Commitment Tier Capacity Reservation","300","1/Day","11471.814","2019-11-01T00:00:00.000Z","293.4786","38.2394"
"2023-05-02T08:07:40.927Z","Azure Monitor","brazilsouth","NOK","400 GB Commitment Tier Capacity Reservation","400","1/Day","14955.8464","2019-11-01T00:00:00.000Z","391.1109","37.3896"
"2023-05-02T08:07:40.927Z","Azure Monitor","brazilsouth","NOK","500 GB Commitment Tier Capacity Reservation","500","1/Day","18376.1465","2019-11-01T00:00:00.000Z","491.4775","36.7523"
"2023-05-02T08:07:40.927Z","Azure Monitor","brazilsouth","NOK","1000 GB Commitment Tier Capacity Reservation","1000","1/Day","36114.97","2021-06-01T02:00:00.000Z","982.6588","36.115"
"2023-05-02T08:07:40.927Z","Azure Monitor","brazilsouth","NOK","2000 GB Commitment Tier Capacity Reservation","2000","1/Day","70530.412","2021-06-01T02:00:00.000Z","1952.9396","35.2652"
"2023-05-02T08:07:40.927Z","Azure Monitor","brazilsouth","NOK","5000 GB Commitment Tier Capacity Reservation","5000","1/Day","171015.005","2021-06-01T02:00:00.000Z","4849.3984","34.203"
"2023-06-02T08:07:42.568Z","Azure Monitor","brazilsouth","NOK","Pay-as-you-go Data Ingestion","Pay-as-you-go","1 GB","50.9629","2018-02-01T00:00:00.000Z","0","50.9629"
"2023-06-02T08:07:42.568Z","Azure Monitor","brazilsouth","NOK","100 GB Commitment Tier Capacity Reservation","100","1/Day","4342.9288","2019-11-01T00:00:00.000Z","85.2175","43.4293"
"2023-06-02T08:07:42.568Z","Azure Monitor","brazilsouth","NOK","200 GB Commitment Tier Capacity Reservation","200","1/Day","8154.0704","2019-11-01T00:00:00.000Z","187.7551","40.7704"
"2023-06-02T08:07:42.568Z","Azure Monitor","brazilsouth","NOK","300 GB Commitment Tier Capacity Reservation","300","1/Day","11965.212","2019-11-01T00:00:00.000Z","293.4779","39.884"
"2023-06-02T08:07:42.568Z","Azure Monitor","brazilsouth","NOK","400 GB Commitment Tier Capacity Reservation","400","1/Day","15599.0912","2019-11-01T00:00:00.000Z","391.1115","38.9977"
"2023-06-02T08:07:42.568Z","Azure Monitor","brazilsouth","NOK","500 GB Commitment Tier Capacity Reservation","500","1/Day","19166.497","2019-11-01T00:00:00.000Z","491.4776","38.333"
"2023-06-02T08:07:42.568Z","Azure Monitor","brazilsouth","NOK","1000 GB Commitment Tier Capacity Reservation","1000","1/Day","37668.26","2021-06-01T02:00:00.000Z","982.6588","37.6683"
"2023-06-02T08:07:42.568Z","Azure Monitor","brazilsouth","NOK","2000 GB Commitment Tier Capacity Reservation","2000","1/Day","73563.896","2021-06-01T02:00:00.000Z","1952.9391","36.7819"
"2023-06-02T08:07:42.568Z","Azure Monitor","brazilsouth","NOK","5000 GB Commitment Tier Capacity Reservation","5000","1/Day","178370.29","2021-06-01T02:00:00.000Z","4849.4039","35.6741"
"2023-07-07T06:09:02.036Z","Azure Monitor","brazilsouth","NOK","Pay-as-you-go Data Ingestion","Pay-as-you-go","1 GB","49.7474","2018-02-01T00:00:00.000Z","0","49.7474"
"2023-07-07T06:09:02.036Z","Azure Monitor","brazilsouth","NOK","100 GB Commitment Tier Capacity Reservation","100","1/Day","4239.3428","2019-11-01T00:00:00.000Z","85.2174","42.3934"
"2023-07-07T06:09:02.036Z","Azure Monitor","brazilsouth","NOK","200 GB Commitment Tier Capacity Reservation","200","1/Day","7959.5824","2019-11-01T00:00:00.000Z","187.7552","39.7979"
"2023-07-07T06:09:02.036Z","Azure Monitor","brazilsouth","NOK","300 GB Commitment Tier Capacity Reservation","300","1/Day","11679.822","2019-11-01T00:00:00.000Z","293.4783","38.9327"
"2023-07-07T06:09:02.036Z","Azure Monitor","brazilsouth","NOK","400 GB Commitment Tier Capacity Reservation","400","1/Day","15227.0272","2019-11-01T00:00:00.000Z","391.1115","38.0676"
"2023-07-07T06:09:02.036Z","Azure Monitor","brazilsouth","NOK","500 GB Commitment Tier Capacity Reservation","500","1/Day","18709.3445","2019-11-01T00:00:00.000Z","491.4769","37.4187"
"2023-07-07T06:09:02.036Z","Azure Monitor","brazilsouth","NOK","1000 GB Commitment Tier Capacity Reservation","1000","1/Day","36769.81","2021-06-01T00:00:00.000Z","982.6587","36.7698"
"2023-07-07T06:09:02.036Z","Azure Monitor","brazilsouth","NOK","2000 GB Commitment Tier Capacity Reservation","2000","1/Day","71809.276","2021-06-01T00:00:00.000Z","1952.9417","35.9046"
"2023-07-07T06:09:02.036Z","Azure Monitor","brazilsouth","NOK","5000 GB Commitment Tier Capacity Reservation","5000","1/Day","174115.865","2021-06-01T00:00:00.000Z","4849.4027","34.8232"
"2023-08-01T06:08:30.007Z","Azure Monitor","brazilsouth","NOK","Pay-as-you-go Data Ingestion","Pay-as-you-go","1 GB","46.5755","2018-02-01T00:00:00.000Z","0","46.5755"
"2023-08-01T06:08:30.007Z","Azure Monitor","brazilsouth","NOK","200 GB Commitment Tier Capacity Reservation","200","1/Day","7452.0736","2019-11-01T00:00:00.000Z","175.7838","37.2604"
"2023-08-01T06:08:30.007Z","Azure Monitor","brazilsouth","NOK","300 GB Commitment Tier Capacity Reservation","300","1/Day","10935.108","2019-11-01T00:00:00.000Z","293.478","36.4504"
"2023-08-01T06:08:30.007Z","Azure Monitor","brazilsouth","NOK","1000 GB Commitment Tier Capacity Reservation","1000","1/Day","34425.34","2021-06-01T00:00:00.000Z","920.0036","34.4253"
"2023-08-01T06:08:30.007Z","Azure Monitor","brazilsouth","NOK","2000 GB Commitment Tier Capacity Reservation","2000","1/Day","67230.664","2021-06-01T00:00:00.000Z","1952.9434","33.6153"
"2023-08-01T06:08:30.007Z","Azure Monitor","brazilsouth","NOK","5000 GB Commitment Tier Capacity Reservation","5000","1/Day","163014.11","2021-06-01T00:00:00.000Z","4849.4022","32.6028"
"2023-08-02T06:09:03.844Z","Azure Monitor","brazilsouth","NOK","100 GB Commitment Tier Capacity Reservation","100","1/Day","3969.0392","2019-11-01T00:00:00.000Z","85.2173","39.6904"
"2023-08-02T06:09:03.844Z","Azure Monitor","brazilsouth","NOK","400 GB Commitment Tier Capacity Reservation","400","1/Day","14256.1408","2019-11-01T00:00:00.000Z","391.1107","35.6404"
"2023-08-02T06:09:03.844Z","Azure Monitor","brazilsouth","NOK","500 GB Commitment Tier Capacity Reservation","500","1/Day","17516.423","2019-11-01T00:00:00.000Z","491.4766","35.0328"
"2023-09-02T06:07:00.316Z","Azure Monitor","brazilsouth","NOK","Pay-as-you-go Data Ingestion","Pay-as-you-go","1 GB","49.1094","2018-02-01T00:00:00.000Z","0","49.1094"
"2023-09-02T06:07:00.316Z","Azure Monitor","brazilsouth","NOK","100 GB Commitment Tier Capacity Reservation","100","1/Day","4184.9724","2019-11-01T00:00:00.000Z","85.2173","41.8497"
"2023-09-02T06:07:00.316Z","Azure Monitor","brazilsouth","NOK","200 GB Commitment Tier Capacity Reservation","200","1/Day","7857.4992","2019-11-01T00:00:00.000Z","187.7552","39.2875"
"2023-09-02T06:07:00.316Z","Azure Monitor","brazilsouth","NOK","300 GB Commitment Tier Capacity Reservation","300","1/Day","11530.026","2019-11-01T00:00:00.000Z","293.4782","38.4334"
"2023-09-02T06:07:00.316Z","Azure Monitor","brazilsouth","NOK","400 GB Commitment Tier Capacity Reservation","400","1/Day","15031.7376","2019-11-01T00:00:00.000Z","391.1113","37.5793"
"2023-09-02T06:07:00.316Z","Azure Monitor","brazilsouth","NOK","500 GB Commitment Tier Capacity Reservation","500","1/Day","18469.3935","2019-11-01T00:00:00.000Z","491.4778","36.9388"
"2023-09-02T06:07:00.316Z","Azure Monitor","brazilsouth","NOK","1000 GB Commitment Tier Capacity Reservation","1000","1/Day","36298.23","2021-06-01T00:00:00.000Z","982.6586","36.2982"
"2023-09-02T06:07:00.316Z","Azure Monitor","brazilsouth","NOK","2000 GB Commitment Tier Capacity Reservation","2000","1/Day","70888.308","2021-06-01T00:00:00.000Z","1952.9428","35.4442"
"2023-09-02T06:07:00.316Z","Azure Monitor","brazilsouth","NOK","5000 GB Commitment Tier Capacity Reservation","5000","1/Day","171882.795","2021-06-01T00:00:00.000Z","4849.3913","34.3766"
"2023-10-02T06:08:46.154Z","Azure Monitor","brazilsouth","NOK","Pay-as-you-go Data Ingestion","Pay-as-you-go","1 GB","49.4615","2018-02-01T00:00:00.000Z","0","49.4615"
"2023-10-02T06:08:46.154Z","Azure Monitor","brazilsouth","NOK","100 GB Commitment Tier Capacity Reservation","100","1/Day","4214.98","2019-11-01T00:00:00.000Z","85.2174","42.1498"
"2023-10-02T06:08:46.154Z","Azure Monitor","brazilsouth","NOK","200 GB Commitment Tier Capacity Reservation","200","1/Day","7913.84","2019-11-01T00:00:00.000Z","187.7551","39.5692"
"2023-10-02T06:08:46.154Z","Azure Monitor","brazilsouth","NOK","300 GB Commitment Tier Capacity Reservation","300","1/Day","11612.7","2019-11-01T00:00:00.000Z","293.4783","38.709"
"2023-10-02T06:08:46.154Z","Azure Monitor","brazilsouth","NOK","400 GB Commitment Tier Capacity Reservation","400","1/Day","15139.52","2019-11-01T00:00:00.000Z","391.1111","37.8488"
"2023-10-02T06:08:46.154Z","Azure Monitor","brazilsouth","NOK","500 GB Commitment Tier Capacity Reservation","500","1/Day","18601.825","2019-11-01T00:00:00.000Z","491.4773","37.2036"
"2023-10-02T06:08:46.154Z","Azure Monitor","brazilsouth","NOK","1000 GB Commitment Tier Capacity Reservation","1000","1/Day","36558.5","2021-06-01T00:00:00.000Z","982.6603","36.5585"
"2023-10-02T06:08:46.154Z","Azure Monitor","brazilsouth","NOK","2000 GB Commitment Tier Capacity Reservation","2000","1/Day","71396.6","2021-06-01T00:00:00.000Z","1952.9412","35.6983"
"2023-10-02T06:08:46.154Z","Azure Monitor","brazilsouth","NOK","5000 GB Commitment Tier Capacity Reservation","5000","1/Day","173115.25","2021-06-01T00:00:00.000Z","4849.3976","34.623"
"2023-11-02T06:08:26.681Z","Azure Monitor","brazilsouth","NOK","Pay-as-you-go Data Ingestion","Pay-as-you-go","1 GB","51.3091","2018-02-01T00:00:00.000Z","0","51.3091"
"2023-11-02T06:08:26.681Z","Azure Monitor","brazilsouth","NOK","100 GB Commitment Tier Capacity Reservation","100","1/Day","4372.4268","2019-11-01T00:00:00.000Z","85.2174","43.7243"
"2023-11-02T06:08:26.681Z","Azure Monitor","brazilsouth","NOK","200 GB Commitment Tier Capacity Reservation","200","1/Day","8209.4544","2019-11-01T00:00:00.000Z","187.755","41.0473"
"2023-11-02T06:08:26.681Z","Azure Monitor","brazilsouth","NOK","300 GB Commitment Tier Capacity Reservation","300","1/Day","12046.482","2019-11-01T00:00:00.000Z","293.4781","40.1549"
"2023-11-02T06:08:26.681Z","Azure Monitor","brazilsouth","NOK","400 GB Commitment Tier Capacity Reservation","400","1/Day","15705.0432","2019-11-01T00:00:00.000Z","391.1115","39.2626"
"2023-11-02T06:08:26.681Z","Azure Monitor","brazilsouth","NOK","500 GB Commitment Tier Capacity Reservation","500","1/Day","19296.6795","2019-11-01T00:00:00.000Z","491.4774","38.5934"
"2023-11-02T06:08:26.681Z","Azure Monitor","brazilsouth","NOK","1000 GB Commitment Tier Capacity Reservation","1000","1/Day","37924.11","2021-06-01T00:00:00.000Z","982.6579","37.9241"
"2023-11-02T06:08:26.681Z","Azure Monitor","brazilsouth","NOK","2000 GB Commitment Tier Capacity Reservation","2000","1/Day","74063.556","2021-06-01T00:00:00.000Z","1952.9417","37.0318"
"2023-11-02T06:08:26.681Z","Azure Monitor","brazilsouth","NOK","5000 GB Commitment Tier Capacity Reservation","5000","1/Day","179581.815","2021-06-01T00:00:00.000Z","4849.3947","35.9164"
"2023-12-02T06:07:58.693Z","Azure Monitor","brazilsouth","NOK","Pay-as-you-go Data Ingestion","Pay-as-you-go","1 GB","48.9868","2018-02-01T00:00:00.000Z","0","48.9868"
"2023-12-02T06:07:58.693Z","Azure Monitor","brazilsouth","NOK","100 GB Commitment Tier Capacity Reservation","100","1/Day","4174.5256","2019-11-01T00:00:00.000Z","85.2174","41.7453"
"2023-12-02T06:07:58.693Z","Azure Monitor","brazilsouth","NOK","200 GB Commitment Tier Capacity Reservation","200","1/Day","7837.8848","2019-11-01T00:00:00.000Z","187.7549","39.1894"
"2023-12-02T06:07:58.693Z","Azure Monitor","brazilsouth","NOK","300 GB Commitment Tier Capacity Reservation","300","1/Day","11501.244","2019-11-01T00:00:00.000Z","293.4784","38.3375"
"2023-12-02T06:07:58.693Z","Azure Monitor","brazilsouth","NOK","400 GB Commitment Tier Capacity Reservation","400","1/Day","14994.2144","2019-11-01T00:00:00.000Z","391.1109","37.4855"
"2023-12-02T06:07:58.693Z","Azure Monitor","brazilsouth","NOK","500 GB Commitment Tier Capacity Reservation","500","1/Day","18423.289","2019-11-01T00:00:00.000Z","491.4777","36.8466"
"2023-12-02T06:07:58.693Z","Azure Monitor","brazilsouth","NOK","1000 GB Commitment Tier Capacity Reservation","1000","1/Day","36207.62","2021-06-01T00:00:00.000Z","982.6584","36.2076"
"2023-12-02T06:07:58.693Z","Azure Monitor","brazilsouth","NOK","2000 GB Commitment Tier Capacity Reservation","2000","1/Day","70711.352","2021-06-01T00:00:00.000Z","1952.9423","35.3557"
"2023-12-02T06:07:58.693Z","Azure Monitor","brazilsouth","NOK","5000 GB Commitment Tier Capacity Reservation","5000","1/Day","171453.73","2021-06-01T00:00:00.000Z","4849.3943","34.2907"
"2024-01-02T06:08:37.104Z","Azure Monitor","brazilsouth","NOK","Pay-as-you-go Data Ingestion","Pay-as-you-go","1 GB","46.3353","2018-02-01T00:00:00.000Z","0","46.3353"
"2024-01-02T06:08:37.104Z","Azure Monitor","brazilsouth","NOK","100 GB Commitment Tier Capacity Reservation","100","1/Day","3948.5768","2019-11-01T00:00:00.000Z","85.2175","39.4858"
"2024-01-02T06:08:37.104Z","Azure Monitor","brazilsouth","NOK","200 GB Commitment Tier Capacity Reservation","200","1/Day","7413.6544","2019-11-01T00:00:00.000Z","187.7549","37.0683"
"2024-01-02T06:08:37.104Z","Azure Monitor","brazilsouth","NOK","300 GB Commitment Tier Capacity Reservation","300","1/Day","10878.732","2019-11-01T00:00:00.000Z","293.478","36.2624"
"2024-01-02T06:08:37.104Z","Azure Monitor","brazilsouth","NOK","400 GB Commitment Tier Capacity Reservation","400","1/Day","14182.6432","2019-11-01T00:00:00.000Z","391.1115","35.4566"
"2024-01-02T06:08:37.104Z","Azure Monitor","brazilsouth","NOK","500 GB Commitment Tier Capacity Reservation","500","1/Day","17426.117","2019-11-01T00:00:00.000Z","491.4774","34.8522"
"2024-01-02T06:08:37.104Z","Azure Monitor","brazilsouth","NOK","1000 GB Commitment Tier Capacity Reservation","1000","1/Day","34247.86","2021-06-01T00:00:00.000Z","982.6599","34.2479"
"2024-01-02T06:08:37.104Z","Azure Monitor","brazilsouth","NOK","2000 GB Commitment Tier Capacity Reservation","2000","1/Day","66884.056","2021-06-01T00:00:00.000Z","1952.9389","33.442"
"2024-01-02T06:08:37.104Z","Azure Monitor","brazilsouth","NOK","5000 GB Commitment Tier Capacity Reservation","5000","1/Day","162173.69","2021-06-01T00:00:00.000Z","4849.4017","32.4347"
"2024-02-02T06:08:03.849Z","Azure Monitor","brazilsouth","NOK","Pay-as-you-go Data Ingestion","Pay-as-you-go","1 GB","48.1236","2018-02-01T00:00:00.000Z","0","48.1236"
"2024-02-02T06:08:03.849Z","Azure Monitor","brazilsouth","NOK","100 GB Commitment Tier Capacity Reservation","100","1/Day","4100.9668","2019-11-01T00:00:00.000Z","85.2174","41.0097"
"2024-02-02T06:08:03.849Z","Azure Monitor","brazilsouth","NOK","200 GB Commitment Tier Capacity Reservation","200","1/Day","7699.7744","2019-11-01T00:00:00.000Z","187.755","38.4989"
"2024-02-02T06:08:03.849Z","Azure Monitor","brazilsouth","NOK","300 GB Commitment Tier Capacity Reservation","300","1/Day","11298.582","2019-11-01T00:00:00.000Z","293.478","37.6619"
"2024-02-02T06:08:03.849Z","Azure Monitor","brazilsouth","NOK","400 GB Commitment Tier Capacity Reservation","400","1/Day","14730.0032","2019-11-01T00:00:00.000Z","391.1115","36.825"
"2024-02-02T06:08:03.849Z","Azure Monitor","brazilsouth","NOK","500 GB Commitment Tier Capacity Reservation","500","1/Day","18098.6545","2019-11-01T00:00:00.000Z","491.4774","36.1973"
"2024-02-02T06:08:03.849Z","Azure Monitor","brazilsouth","NOK","1000 GB Commitment Tier Capacity Reservation","1000","1/Day","35569.61","2021-06-01T00:00:00.000Z","982.6592","35.5696"
"2024-02-02T06:08:03.849Z","Azure Monitor","brazilsouth","NOK","2000 GB Commitment Tier Capacity Reservation","2000","1/Day","69465.356","2021-06-01T00:00:00.000Z","1952.9417","34.7327"
"2024-02-02T06:08:03.849Z","Azure Monitor","brazilsouth","NOK","5000 GB Commitment Tier Capacity Reservation","5000","1/Day","168432.565","2021-06-01T00:00:00.000Z","4849.3945","33.6865"
"2024-03-02T06:08:20.311Z","Azure Monitor","brazilsouth","NOK","Pay-as-you-go Data Ingestion","Pay-as-you-go","1 GB","48.4276","2018-02-01T00:00:00.000Z","0","48.4276"
"2024-03-02T06:08:20.311Z","Azure Monitor","brazilsouth","NOK","100 GB Commitment Tier Capacity Reservation","100","1/Day","4126.878","2019-11-01T00:00:00.000Z","85.2175","41.2688"
"2024-03-02T06:08:20.311Z","Azure Monitor","brazilsouth","NOK","200 GB Commitment Tier Capacity Reservation","200","1/Day","7748.424","2019-11-01T00:00:00.000Z","187.755","38.7421"
"2024-03-02T06:08:20.311Z","Azure Monitor","brazilsouth","NOK","300 GB Commitment Tier Capacity Reservation","300","1/Day","11369.97","2019-11-01T00:00:00.000Z","293.4784","37.8999"
"2024-03-02T06:08:20.311Z","Azure Monitor","brazilsouth","NOK","400 GB Commitment Tier Capacity Reservation","400","1/Day","14823.072","2019-11-01T00:00:00.000Z","391.1111","37.0577"
"2024-03-02T06:08:20.311Z","Azure Monitor","brazilsouth","NOK","500 GB Commitment Tier Capacity Reservation","500","1/Day","18213.0075","2019-11-01T00:00:00.000Z","491.477","36.426"
"2024-03-02T06:08:20.311Z","Azure Monitor","brazilsouth","NOK","1000 GB Commitment Tier Capacity Reservation","1000","1/Day","35794.35","2021-06-01T00:00:00.000Z","982.6594","35.7944"
"2024-03-02T06:08:20.311Z","Azure Monitor","brazilsouth","NOK","2000 GB Commitment Tier Capacity Reservation","2000","1/Day","69904.26","2021-06-01T00:00:00.000Z","1952.9384","34.9521"
"2024-03-02T06:08:20.311Z","Azure Monitor","brazilsouth","NOK","5000 GB Commitment Tier Capacity Reservation","5000","1/Day","169496.775","2021-06-01T00:00:00.000Z","4849.4018","33.8994"
"2024-04-03T09:26:28.723Z","Azure Monitor","brazilsouth","NOK","Pay-as-you-go Data Ingestion","Pay-as-you-go","1 GB","49.4357","2018-02-01T00:00:00.000Z","0","49.4357"
"2024-04-03T09:26:28.723Z","Azure Monitor","brazilsouth","NOK","100 GB Commitment Tier Capacity Reservation","100","1/Day","4212.7848","2019-11-01T00:00:00.000Z","85.2175","42.1278"
"2024-04-03T09:26:28.723Z","Azure Monitor","brazilsouth","NOK","200 GB Commitment Tier Capacity Reservation","200","1/Day","7909.7184","2019-11-01T00:00:00.000Z","187.7553","39.5486"
"2024-04-03T09:26:28.723Z","Azure Monitor","brazilsouth","NOK","300 GB Commitment Tier Capacity Reservation","300","1/Day","11606.652","2019-11-01T00:00:00.000Z","293.4782","38.6888"
"2024-04-03T09:26:28.723Z","Azure Monitor","brazilsouth","NOK","400 GB Commitment Tier Capacity Reservation","400","1/Day","15131.6352","2019-11-01T00:00:00.000Z","391.1115","37.8291"
"2024-04-03T09:26:28.723Z","Azure Monitor","brazilsouth","NOK","500 GB Commitment Tier Capacity Reservation","500","1/Day","18592.137","2019-11-01T00:00:00.000Z","491.4771","37.1843"
"2024-04-03T09:26:28.723Z","Azure Monitor","brazilsouth","NOK","1000 GB Commitment Tier Capacity Reservation","1000","1/Day","36539.46","2021-06-01T00:00:00.000Z","982.6583","36.5395"
"2024-04-03T09:26:28.723Z","Azure Monitor","brazilsouth","NOK","2000 GB Commitment Tier Capacity Reservation","2000","1/Day","71359.416","2021-06-01T00:00:00.000Z","1952.939","35.6797"
"2024-04-03T09:26:28.723Z","Azure Monitor","brazilsouth","NOK","5000 GB Commitment Tier Capacity Reservation","5000","1/Day","173025.09","2021-06-01T00:00:00.000Z","4849.3987","34.605"
"2024-05-01T06:09:59.892Z","Azure Monitor","brazilsouth","NOK","Pay-as-you-go Data Ingestion","Pay-as-you-go","1 GB","50.741","2018-02-01T00:00:00.000Z","0","50.741"
"2024-05-01T06:09:59.892Z","Azure Monitor","brazilsouth","NOK","100 GB Commitment Tier Capacity Reservation","100","1/Day","4324.0148","2019-11-01T00:00:00.000Z","85.2174","43.2401"
"2024-05-01T06:09:59.892Z","Azure Monitor","brazilsouth","NOK","200 GB Commitment Tier Capacity Reservation","200","1/Day","8118.5584","2019-11-01T00:00:00.000Z","187.7553","40.5928"
"2024-05-01T06:09:59.892Z","Azure Monitor","brazilsouth","NOK","300 GB Commitment Tier Capacity Reservation","300","1/Day","11913.102","2019-11-01T00:00:00.000Z","293.4782","39.7103"
"2024-05-01T06:09:59.892Z","Azure Monitor","brazilsouth","NOK","400 GB Commitment Tier Capacity Reservation","400","1/Day","15531.1552","2019-11-01T00:00:00.000Z","391.1115","38.8279"
"2024-05-01T06:09:59.892Z","Azure Monitor","brazilsouth","NOK","500 GB Commitment Tier Capacity Reservation","500","1/Day","19083.0245","2019-11-01T00:00:00.000Z","491.4771","38.166"
"2024-05-01T06:09:59.892Z","Azure Monitor","brazilsouth","NOK","1000 GB Commitment Tier Capacity Reservation","1000","1/Day","37504.21","2021-06-01T00:00:00.000Z","982.6602","37.5042"
"2024-05-01T06:09:59.892Z","Azure Monitor","brazilsouth","NOK","2000 GB Commitment Tier Capacity Reservation","2000","1/Day","73243.516","2021-06-01T00:00:00.000Z","1952.9417","36.6218"
"2024-05-01T06:09:59.892Z","Azure Monitor","brazilsouth","NOK","5000 GB Commitment Tier Capacity Reservation","5000","1/Day","177593.465","2021-06-01T00:00:00.000Z","4849.392","35.5187"
"2024-06-02T06:10:06.668Z","Azure Monitor","brazilsouth","NOK","Pay-as-you-go Data Ingestion","Pay-as-you-go","1 GB","48.5864","2018-02-01T00:00:00.000Z","0","48.5864"
"2024-06-02T06:10:06.668Z","Azure Monitor","brazilsouth","NOK","100 GB Commitment Tier Capacity Reservation","100","1/Day","4140.402","2019-11-01T00:00:00.000Z","85.2173","41.404"
"2024-06-02T06:10:06.668Z","Azure Monitor","brazilsouth","NOK","200 GB Commitment Tier Capacity Reservation","200","1/Day","7773.816","2019-11-01T00:00:00.000Z","187.7552","38.8691"
"2024-06-02T06:10:06.668Z","Azure Monitor","brazilsouth","NOK","300 GB Commitment Tier Capacity Reservation","300","1/Day","11407.23","2019-11-01T00:00:00.000Z","293.4781","38.0241"
"2024-06-02T06:10:06.668Z","Azure Monitor","brazilsouth","NOK","400 GB Commitment Tier Capacity Reservation","400","1/Day","14871.648","2019-11-01T00:00:00.000Z","391.1111","37.1791"
"2024-06-02T06:10:06.668Z","Azure Monitor","brazilsouth","NOK","500 GB Commitment Tier Capacity Reservation","500","1/Day","18272.6925","2019-11-01T00:00:00.000Z","491.4775","36.5454"
"2024-06-02T06:10:06.668Z","Azure Monitor","brazilsouth","NOK","1000 GB Commitment Tier Capacity Reservation","1000","1/Day","35911.65","2021-06-01T00:00:00.000Z","982.6586","35.9116"
"2024-06-02T06:10:06.668Z","Azure Monitor","brazilsouth","NOK","2000 GB Commitment Tier Capacity Reservation","2000","1/Day","70133.34","2021-06-01T00:00:00.000Z","1952.9439","35.0667"
"2024-06-02T06:10:06.668Z","Azure Monitor","brazilsouth","NOK","5000 GB Commitment Tier Capacity Reservation","5000","1/Day","170052.225","2021-06-01T00:00:00.000Z","4849.3934","34.0104"
"2024-07-01T06:11:21.244Z","Azure Monitor","brazilsouth","NOK","Pay-as-you-go Data Ingestion","Pay-as-you-go","1 GB","49.1091","2018-02-01T00:00:00.000Z","0","49.1091"
"2024-07-01T06:11:21.244Z","Azure Monitor","brazilsouth","NOK","100 GB Commitment Tier Capacity Reservation","100","1/Day","4184.9528","2019-11-01T00:00:00.000Z","85.2175","41.8495"
"2024-07-01T06:11:21.244Z","Azure Monitor","brazilsouth","NOK","200 GB Commitment Tier Capacity Reservation","200","1/Day","7857.4624","2019-11-01T00:00:00.000Z","187.7552","39.2873"
"2024-07-01T06:11:21.244Z","Azure Monitor","brazilsouth","NOK","300 GB Commitment Tier Capacity Reservation","300","1/Day","11529.972","2019-11-01T00:00:00.000Z","293.4784","38.4332"
"2024-07-01T06:11:21.244Z","Azure Monitor","brazilsouth","NOK","400 GB Commitment Tier Capacity Reservation","400","1/Day","15031.6672","2019-11-01T00:00:00.000Z","391.1115","37.5792"
"2024-07-01T06:11:21.244Z","Azure Monitor","brazilsouth","NOK","500 GB Commitment Tier Capacity Reservation","500","1/Day","18469.307","2019-11-01T00:00:00.000Z","491.4769","36.9386"
"2024-07-01T06:11:21.244Z","Azure Monitor","brazilsouth","NOK","1000 GB Commitment Tier Capacity Reservation","1000","1/Day","36298.06","2021-06-01T00:00:00.000Z","982.6593","36.2981"
"2024-07-01T06:11:21.244Z","Azure Monitor","brazilsouth","NOK","2000 GB Commitment Tier Capacity Reservation","2000","1/Day","70887.976","2021-06-01T00:00:00.000Z","1952.939","35.444"
"2024-07-01T06:11:21.244Z","Azure Monitor","brazilsouth","NOK","5000 GB Commitment Tier Capacity Reservation","5000","1/Day","171881.99","2021-06-01T00:00:00.000Z","4849.3959","34.3764"
"2024-08-02T06:11:10.559Z","Azure Monitor","brazilsouth","NOK","Pay-as-you-go Data Ingestion","Pay-as-you-go","1 GB","50.6124","2018-02-01T00:00:00.000Z","0","50.6124"
"2024-08-02T06:11:10.559Z","Azure Monitor","brazilsouth","NOK","100 GB Commitment Tier Capacity Reservation","100","1/Day","4313.0584","2019-11-01T00:00:00.000Z","85.2174","43.1306"
"2024-08-02T06:11:10.559Z","Azure Monitor","brazilsouth","NOK","200 GB Commitment Tier Capacity Reservation","200","1/Day","8097.9872","2019-11-01T00:00:00.000Z","187.7550","40.4899"
"2024-08-02T06:11:10.559Z","Azure Monitor","brazilsouth","NOK","300 GB Commitment Tier Capacity Reservation","300","1/Day","11882.916","2019-11-01T00:00:00.000Z","293.4785","39.6097"
"2024-08-02T06:11:10.559Z","Azure Monitor","brazilsouth","NOK","400 GB Commitment Tier Capacity Reservation","400","1/Day","15491.8016","2019-11-01T00:00:00.000Z","391.1113","38.7295"
"2024-08-02T06:11:10.559Z","Azure Monitor","brazilsouth","NOK","500 GB Commitment Tier Capacity Reservation","500","1/Day","19034.671","2019-11-01T00:00:00.000Z","491.4773","38.0693"
"2024-08-02T06:11:10.559Z","Azure Monitor","brazilsouth","NOK","1000 GB Commitment Tier Capacity Reservation","1000","1/Day","37409.18","2021-06-01T00:00:00.000Z","982.6600","37.4092"
"2024-08-02T06:11:10.559Z","Azure Monitor","brazilsouth","NOK","2000 GB Commitment Tier Capacity Reservation","2000","1/Day","73057.928","2021-06-01T00:00:00.000Z","1952.9401","36.5290"
"2024-08-02T06:11:10.559Z","Azure Monitor","brazilsouth","NOK","5000 GB Commitment Tier Capacity Reservation","5000","1/Day","177143.47","2021-06-01T00:00:00.000Z","4849.3928","35.4287"
