"TimeGenerated","ServiceName","ArmRegionName","CurrencyCode","MeterName","Tier","UnitOfMeasure","RetailPrice","EffectiveStartDate","EffectiveCommitmentTierThresholdGB","EffectivePricePerGB"
"2023-03-29T15:50:58.330Z","Azure Monitor","brazilsoutheast","BRL","Pay-as-you-go Data Ingestion","Pay-as-you-go","1 GB","27.4792","2020-09-01T02:00:00.000Z","0","27.4792"
"2023-03-29T15:50:58.330Z","Azure Monitor","brazilsoutheast","BRL","100 GB Commitment Tier Capacity Reservation","100","1/Day","2341.7031","2020-10-01T02:00:00.000Z","85.2173","23.417"
"2023-03-29T15:50:58.330Z","Azure Monitor","brazilsoutheast","BRL","200 GB Commitment Tier Capacity Reservation","200","1/Day","4396.6671","2020-10-01T02:00:00.000Z","187.7554","21.9833"
"2023-03-29T15:50:58.330Z","Azure Monitor","brazilsoutheast","BRL","300 GB Commitment Tier Capacity Reservation","300","1/Day","6451.6311","2020-10-01T02:00:00.000Z","293.4787","21.5054"
"2023-03-29T15:50:58.330Z","Azure Monitor","brazilsoutheast","BRL","400 GB Commitment Tier Capacity Reservation","400","1/Day","8411.0154","2020-10-01T02:00:00.000Z","391.1118","21.0275"
"2023-03-29T15:50:58.330Z","Azure Monitor","brazilsoutheast","BRL","500 GB Commitment Tier Capacity Reservation","500","1/Day","10334.5572","2020-10-01T02:00:00.000Z","491.4782","20.6691"
"2023-03-29T15:50:58.330Z","Azure Monitor","brazilsoutheast","BRL","1000 GB Commitment Tier Capacity Reservation","1000","1/Day","20310.6905","2021-06-01T02:00:00.000Z","982.6596","20.3107"
"2023-03-29T15:50:58.330Z","Azure Monitor","brazilsoutheast","BRL","2000 GB Commitment Tier Capacity Reservation","2000","1/Day","39665.5838","2021-06-01T02:00:00.000Z","1952.9403","19.8328"
"2023-03-29T15:50:58.330Z","Azure Monitor","brazilsoutheast","BRL","5000 GB Commitment Tier Capacity Reservation","5000","1/Day","96177.0933","2021-06-01T02:00:00.000Z","4849.3956","19.2354"
"2023-04-12T13:28:34.468Z","Azure Monitor","brazilsoutheast","BRL","Pay-as-you-go Data Ingestion","Pay-as-you-go","1 GB","27.2295","2020-09-01T02:00:00.000Z","0","27.2295"
"2023-04-12T13:28:34.468Z","Azure Monitor","brazilsoutheast","BRL","100 GB Commitment Tier Capacity Reservation","100","1/Day","2320.4254","2020-10-01T02:00:00.000Z","85.2173","23.2043"
"2023-04-12T13:28:34.468Z","Azure Monitor","brazilsoutheast","BRL","200 GB Commitment Tier Capacity Reservation","200","1/Day","4356.717","2020-10-01T02:00:00.000Z","187.7547","21.7836"
"2023-04-12T13:28:34.468Z","Azure Monitor","brazilsoutheast","BRL","300 GB Commitment Tier Capacity Reservation","300","1/Day","6393.0087","2020-10-01T02:00:00.000Z","293.4781","21.31"
"2023-04-12T13:28:34.468Z","Azure Monitor","brazilsoutheast","BRL","400 GB Commitment Tier Capacity Reservation","400","1/Day","8334.5891","2020-10-01T02:00:00.000Z","391.1116","20.8365"
"2023-04-12T13:28:34.468Z","Azure Monitor","brazilsoutheast","BRL","500 GB Commitment Tier Capacity Reservation","500","1/Day","10240.6528","2020-10-01T02:00:00.000Z","491.4766","20.4813"
"2023-04-12T13:28:34.468Z","Azure Monitor","brazilsoutheast","BRL","1000 GB Commitment Tier Capacity Reservation","1000","1/Day","20126.1385","2021-06-01T02:00:00.000Z","982.6592","20.1261"
"2023-04-12T13:28:34.468Z","Azure Monitor","brazilsoutheast","BRL","2000 GB Commitment Tier Capacity Reservation","2000","1/Day","39305.1646","2021-06-01T02:00:00.000Z","1952.9449","19.6526"
"2023-04-12T13:28:34.468Z","Azure Monitor","brazilsoutheast","BRL","5000 GB Commitment Tier Capacity Reservation","5000","1/Day","95303.1852","2021-06-01T02:00:00.000Z","4849.3932","19.0606"
"2023-05-02T08:07:40.927Z","Azure Monitor","brazilsoutheast","BRL","Pay-as-you-go Data Ingestion","Pay-as-you-go","1 GB","26.7193","2020-09-01T02:00:00.000Z","0","26.7193"
"2023-05-02T08:07:40.927Z","Azure Monitor","brazilsoutheast","BRL","100 GB Commitment Tier Capacity Reservation","100","1/Day","2276.9457","2020-10-01T02:00:00.000Z","85.2173","22.7695"
"2023-05-02T08:07:40.927Z","Azure Monitor","brazilsoutheast","BRL","200 GB Commitment Tier Capacity Reservation","200","1/Day","4275.0818","2020-10-01T02:00:00.000Z","187.7548","21.3754"
"2023-05-02T08:07:40.927Z","Azure Monitor","brazilsoutheast","BRL","300 GB Commitment Tier Capacity Reservation","300","1/Day","6273.2178","2020-10-01T02:00:00.000Z","293.4784","20.9107"
"2023-05-02T08:07:40.927Z","Azure Monitor","brazilsoutheast","BRL","400 GB Commitment Tier Capacity Reservation","400","1/Day","8178.4173","2020-10-01T02:00:00.000Z","391.1116","20.446"
"2023-05-02T08:07:40.927Z","Azure Monitor","brazilsoutheast","BRL","500 GB Commitment Tier Capacity Reservation","500","1/Day","10048.7655","2020-10-01T02:00:00.000Z","491.4783","20.0975"
"2023-05-02T08:07:40.927Z","Azure Monitor","brazilsoutheast","BRL","1000 GB Commitment Tier Capacity Reservation","1000","1/Day","19749.019","2021-06-01T02:00:00.000Z","982.6605","19.749"
"2023-05-02T08:07:40.927Z","Azure Monitor","brazilsoutheast","BRL","2000 GB Commitment Tier Capacity Reservation","2000","1/Day","38568.6724","2021-06-01T02:00:00.000Z","1952.9431","19.2843"
"2023-05-02T08:07:40.927Z","Azure Monitor","brazilsoutheast","BRL","5000 GB Commitment Tier Capacity Reservation","5000","1/Day","93517.4135","2021-06-01T02:00:00.000Z","4849.4067","18.7035"
"2023-06-02T08:07:42.568Z","Azure Monitor","brazilsoutheast","BRL","Pay-as-you-go Data Ingestion","Pay-as-you-go","1 GB","26.4989","2020-09-01T02:00:00.000Z","0","26.4989"
"2023-06-02T08:07:42.568Z","Azure Monitor","brazilsoutheast","BRL","100 GB Commitment Tier Capacity Reservation","100","1/Day","2258.1699","2020-10-01T02:00:00.000Z","85.2175","22.5817"
"2023-06-02T08:07:42.568Z","Azure Monitor","brazilsoutheast","BRL","200 GB Commitment Tier Capacity Reservation","200","1/Day","4239.8292","2020-10-01T02:00:00.000Z","187.7551","21.1991"
"2023-06-02T08:07:42.568Z","Azure Monitor","brazilsoutheast","BRL","300 GB Commitment Tier Capacity Reservation","300","1/Day","6221.4885","2020-10-01T02:00:00.000Z","293.4789","20.7383"
"2023-06-02T08:07:42.568Z","Azure Monitor","brazilsoutheast","BRL","400 GB Commitment Tier Capacity Reservation","400","1/Day","8110.9776","2020-10-01T02:00:00.000Z","391.111","20.2774"
"2023-06-02T08:07:42.568Z","Azure Monitor","brazilsoutheast","BRL","500 GB Commitment Tier Capacity Reservation","500","1/Day","9965.9029","2020-10-01T02:00:00.000Z","491.4783","19.9318"
"2023-06-02T08:07:42.568Z","Azure Monitor","brazilsoutheast","BRL","1000 GB Commitment Tier Capacity Reservation","1000","1/Day","19586.1675","2021-06-01T02:00:00.000Z","982.6592","19.5862"
"2023-06-02T08:07:42.568Z","Azure Monitor","brazilsoutheast","BRL","2000 GB Commitment Tier Capacity Reservation","2000","1/Day","38250.633","2021-06-01T02:00:00.000Z","1952.9379","19.1253"
"2023-06-02T08:07:42.568Z","Azure Monitor","brazilsoutheast","BRL","5000 GB Commitment Tier Capacity Reservation","5000","1/Day","92746.2638","2021-06-01T02:00:00.000Z","4849.4018","18.5493"
"2023-07-07T06:09:02.036Z","Azure Monitor","brazilsoutheast","BRL","Pay-as-you-go Data Ingestion","Pay-as-you-go","1 GB","25.6901","2020-09-01T00:00:00.000Z","0","25.6901"
"2023-07-07T06:09:02.036Z","Azure Monitor","brazilsoutheast","BRL","100 GB Commitment Tier Capacity Reservation","100","1/Day","2189.2426","2020-10-01T00:00:00.000Z","85.2174","21.8924"
"2023-07-07T06:09:02.036Z","Azure Monitor","brazilsoutheast","BRL","200 GB Commitment Tier Capacity Reservation","200","1/Day","4110.4146","2020-10-01T00:00:00.000Z","187.7553","20.5521"
"2023-07-07T06:09:02.036Z","Azure Monitor","brazilsoutheast","BRL","300 GB Commitment Tier Capacity Reservation","300","1/Day","6031.5867","2020-10-01T00:00:00.000Z","293.4779","20.1053"
"2023-07-07T06:09:02.036Z","Azure Monitor","brazilsoutheast","BRL","400 GB Commitment Tier Capacity Reservation","400","1/Day","7863.4019","2020-10-01T00:00:00.000Z","391.1109","19.6585"
"2023-07-07T06:09:02.036Z","Azure Monitor","brazilsoutheast","BRL","500 GB Commitment Tier Capacity Reservation","500","1/Day","9661.7083","2020-10-01T00:00:00.000Z","491.4774","19.3234"
"2023-07-07T06:09:02.036Z","Azure Monitor","brazilsoutheast","BRL","1000 GB Commitment Tier Capacity Reservation","1000","1/Day","18988.3285","2021-06-01T00:00:00.000Z","982.6598","18.9883"
"2023-07-07T06:09:02.036Z","Azure Monitor","brazilsoutheast","BRL","2000 GB Commitment Tier Capacity Reservation","2000","1/Day","37083.0886","2021-06-01T00:00:00.000Z","1952.9441","18.5415"
"2023-07-07T06:09:02.036Z","Azure Monitor","brazilsoutheast","BRL","5000 GB Commitment Tier Capacity Reservation","5000","1/Day","89915.3203","2021-06-01T00:00:00.000Z","4849.4092","17.9831"
"2023-08-01T06:08:30.007Z","Azure Monitor","brazilsoutheast","BRL","Pay-as-you-go Data Ingestion","Pay-as-you-go","1 GB","25.0246","2020-09-01T00:00:00.000Z","0","25.0246"
"2023-08-01T06:08:30.007Z","Azure Monitor","brazilsoutheast","BRL","200 GB Commitment Tier Capacity Reservation","200","1/Day","4003.9375","2020-10-01T00:00:00.000Z","182.8917","20.0197"
"2023-08-01T06:08:30.007Z","Azure Monitor","brazilsoutheast","BRL","300 GB Commitment Tier Capacity Reservation","300","1/Day","5875.3431","2020-10-01T00:00:00.000Z","293.4781","19.5845"
"2023-08-01T06:08:30.007Z","Azure Monitor","brazilsoutheast","BRL","400 GB Commitment Tier Capacity Reservation","400","1/Day","7659.7066","2020-10-01T00:00:00.000Z","391.1107","19.1493"
"2023-08-01T06:08:30.007Z","Azure Monitor","brazilsoutheast","BRL","1000 GB Commitment Tier Capacity Reservation","1000","1/Day","18496.4505","2021-06-01T00:00:00.000Z","957.2048","18.4965"
"2023-08-01T06:08:30.007Z","Azure Monitor","brazilsoutheast","BRL","2000 GB Commitment Tier Capacity Reservation","2000","1/Day","36122.4798","2021-06-01T00:00:00.000Z","1952.936","18.0612"
"2023-08-02T06:09:03.844Z","Azure Monitor","brazilsoutheast","BRL","100 GB Commitment Tier Capacity Reservation","100","1/Day","2132.5319","2020-10-01T00:00:00.000Z","85.2174","21.3253"
"2023-08-02T06:09:03.844Z","Azure Monitor","brazilsoutheast","BRL","500 GB Commitment Tier Capacity Reservation","500","1/Day","9411.4292","2020-10-01T00:00:00.000Z","491.4764","18.8229"
"2023-08-02T06:09:03.844Z","Azure Monitor","brazilsoutheast","BRL","5000 GB Commitment Tier Capacity Reservation","5000","1/Day","87586.1333","2021-06-01T00:00:00.000Z","4849.4083","17.5172"
"2023-09-02T06:07:00.316Z","Azure Monitor","brazilsoutheast","BRL","Pay-as-you-go Data Ingestion","Pay-as-you-go","1 GB","25.7827","2020-09-01T00:00:00.000Z","0","25.7827"
"2023-09-02T06:07:00.316Z","Azure Monitor","brazilsoutheast","BRL","100 GB Commitment Tier Capacity Reservation","100","1/Day","2197.1316","2020-10-01T00:00:00.000Z","85.2173","21.9713"
"2023-09-02T06:07:00.316Z","Azure Monitor","brazilsoutheast","BRL","200 GB Commitment Tier Capacity Reservation","200","1/Day","4125.2266","2020-10-01T00:00:00.000Z","187.7552","20.6261"
"2023-09-02T06:07:00.316Z","Azure Monitor","brazilsoutheast","BRL","300 GB Commitment Tier Capacity Reservation","300","1/Day","6053.3217","2020-10-01T00:00:00.000Z","293.4787","20.1777"
"2023-09-02T06:07:00.316Z","Azure Monitor","brazilsoutheast","BRL","400 GB Commitment Tier Capacity Reservation","400","1/Day","7891.7379","2020-10-01T00:00:00.000Z","391.1119","19.7293"
"2023-09-02T06:07:00.316Z","Azure Monitor","brazilsoutheast","BRL","500 GB Commitment Tier Capacity Reservation","500","1/Day","9696.5246","2020-10-01T00:00:00.000Z","491.4784","19.393"
"2023-09-02T06:07:00.316Z","Azure Monitor","brazilsoutheast","BRL","1000 GB Commitment Tier Capacity Reservation","1000","1/Day","19056.7535","2021-06-01T00:00:00.000Z","982.6615","19.0568"
"2023-09-02T06:07:00.316Z","Azure Monitor","brazilsoutheast","BRL","2000 GB Commitment Tier Capacity Reservation","2000","1/Day","37216.7186","2021-06-01T00:00:00.000Z","1952.9364","18.6084"
"2023-09-02T06:07:00.316Z","Azure Monitor","brazilsoutheast","BRL","5000 GB Commitment Tier Capacity Reservation","5000","1/Day","90239.3327","2021-06-01T00:00:00.000Z","4849.387","18.0479"
"2023-10-02T06:08:46.154Z","Azure Monitor","brazilsoutheast","BRL","Pay-as-you-go Data Ingestion","Pay-as-you-go","1 GB","26.6039","2020-09-01T00:00:00.000Z","0","26.6039"
"2023-10-02T06:08:46.154Z","Azure Monitor","brazilsoutheast","BRL","100 GB Commitment Tier Capacity Reservation","100","1/Day","2267.1183","2020-10-01T00:00:00.000Z","85.2175","22.6712"
"2023-10-02T06:08:46.154Z","Azure Monitor","brazilsoutheast","BRL","200 GB Commitment Tier Capacity Reservation","200","1/Day","4256.6302","2020-10-01T00:00:00.000Z","187.755","21.2832"
"2023-10-02T06:08:46.154Z","Azure Monitor","brazilsoutheast","BRL","300 GB Commitment Tier Capacity Reservation","300","1/Day","6246.1422","2020-10-01T00:00:00.000Z","293.4776","20.8205"
"2023-10-02T06:08:46.154Z","Azure Monitor","brazilsoutheast","BRL","400 GB Commitment Tier Capacity Reservation","400","1/Day","8143.1187","2020-10-01T00:00:00.000Z","391.1106","20.3578"
"2023-10-02T06:08:46.154Z","Azure Monitor","brazilsoutheast","BRL","500 GB Commitment Tier Capacity Reservation","500","1/Day","10005.3944","2020-10-01T00:00:00.000Z","491.4772","20.0108"
"2023-10-02T06:08:46.154Z","Azure Monitor","brazilsoutheast","BRL","1000 GB Commitment Tier Capacity Reservation","1000","1/Day","19663.781","2021-06-01T00:00:00.000Z","982.6584","19.6638"
"2023-10-02T06:08:46.154Z","Azure Monitor","brazilsoutheast","BRL","2000 GB Commitment Tier Capacity Reservation","2000","1/Day","38402.2076","2021-06-01T00:00:00.000Z","1952.9393","19.2011"
"2023-10-02T06:08:46.154Z","Azure Monitor","brazilsoutheast","BRL","5000 GB Commitment Tier Capacity Reservation","5000","1/Day","93113.7865","2021-06-01T00:00:00.000Z","4849.3986","18.6228"
"2023-11-01T06:08:41.407Z","Azure Monitor","brazilsoutheast","BRL","Pay-as-you-go Data Ingestion","Pay-as-you-go","1 GB","26.1868","2020-09-01T00:00:00.000Z","0","26.1868"
"2023-11-01T06:08:41.407Z","Azure Monitor","brazilsoutheast","BRL","100 GB Commitment Tier Capacity Reservation","100","1/Day","2231.5727","2020-10-01T00:00:00.000Z","85.2175","22.3157"
"2023-11-01T06:08:41.407Z","Azure Monitor","brazilsoutheast","BRL","200 GB Commitment Tier Capacity Reservation","200","1/Day","4189.8916","2020-10-01T00:00:00.000Z","187.7553","20.9495"
"2023-11-01T06:08:41.407Z","Azure Monitor","brazilsoutheast","BRL","300 GB Commitment Tier Capacity Reservation","300","1/Day","6148.2105","2020-10-01T00:00:00.000Z","293.4777","20.494"
"2023-11-01T06:08:41.407Z","Azure Monitor","brazilsoutheast","BRL","400 GB Commitment Tier Capacity Reservation","400","1/Day","8015.4448","2020-10-01T00:00:00.000Z","391.1118","20.0386"
"2023-11-01T06:08:41.407Z","Azure Monitor","brazilsoutheast","BRL","500 GB Commitment Tier Capacity Reservation","500","1/Day","9848.5224","2020-10-01T00:00:00.000Z","491.4776","19.697"
"2023-11-01T06:08:41.407Z","Azure Monitor","brazilsoutheast","BRL","1000 GB Commitment Tier Capacity Reservation","1000","1/Day","19355.4775","2021-06-01T00:00:00.000Z","982.6612","19.3555"
"2023-11-01T06:08:41.407Z","Azure Monitor","brazilsoutheast","BRL","2000 GB Commitment Tier Capacity Reservation","2000","1/Day","37800.109","2021-06-01T00:00:00.000Z","1952.9389","18.9001"
"2023-11-01T06:08:41.407Z","Azure Monitor","brazilsoutheast","BRL","5000 GB Commitment Tier Capacity Reservation","5000","1/Day","91653.8788","2021-06-01T00:00:00.000Z","4849.3859","18.3308"
"2023-12-02T06:07:58.693Z","Azure Monitor","brazilsoutheast","BRL","Pay-as-you-go Data Ingestion","Pay-as-you-go","1 GB","25.7448","2020-09-01T00:00:00.000Z","0","25.7448"
"2023-12-02T06:07:58.693Z","Azure Monitor","brazilsoutheast","BRL","100 GB Commitment Tier Capacity Reservation","100","1/Day","2193.9084","2020-10-01T00:00:00.000Z","85.2175","21.9391"
"2023-12-02T06:07:58.693Z","Azure Monitor","brazilsoutheast","BRL","200 GB Commitment Tier Capacity Reservation","200","1/Day","4119.1749","2020-10-01T00:00:00.000Z","187.755","20.5959"
"2023-12-02T06:07:58.693Z","Azure Monitor","brazilsoutheast","BRL","300 GB Commitment Tier Capacity Reservation","300","1/Day","6044.4414","2020-10-01T00:00:00.000Z","293.4779","20.1481"
"2023-12-02T06:07:58.693Z","Azure Monitor","brazilsoutheast","BRL","400 GB Commitment Tier Capacity Reservation","400","1/Day","7880.1606","2020-10-01T00:00:00.000Z","391.1118","19.7004"
"2023-12-02T06:07:58.693Z","Azure Monitor","brazilsoutheast","BRL","500 GB Commitment Tier Capacity Reservation","500","1/Day","9682.2996","2020-10-01T00:00:00.000Z","491.4773","19.3646"
"2023-12-02T06:07:58.693Z","Azure Monitor","brazilsoutheast","BRL","1000 GB Commitment Tier Capacity Reservation","1000","1/Day","19028.797","2021-06-01T00:00:00.000Z","982.6589","19.0288"
"2023-12-02T06:07:58.693Z","Azure Monitor","brazilsoutheast","BRL","2000 GB Commitment Tier Capacity Reservation","2000","1/Day","37162.1212","2021-06-01T00:00:00.000Z","1952.9409","18.5811"
"2023-12-02T06:07:58.693Z","Azure Monitor","brazilsoutheast","BRL","5000 GB Commitment Tier Capacity Reservation","5000","1/Day","90106.9505","2021-06-01T00:00:00.000Z","4849.3873","18.0214"
"2024-01-01T06:09:20.544Z","Azure Monitor","brazilsoutheast","BRL","Pay-as-you-go Data Ingestion","Pay-as-you-go","1 GB","25.5256","2020-09-01T00:00:00.000Z","0","25.5256"
"2024-01-01T06:09:20.544Z","Azure Monitor","brazilsoutheast","BRL","100 GB Commitment Tier Capacity Reservation","100","1/Day","2175.2227","2020-10-01T00:00:00.000Z","85.2173","21.7522"
"2024-01-01T06:09:20.544Z","Azure Monitor","brazilsoutheast","BRL","200 GB Commitment Tier Capacity Reservation","200","1/Day","4084.0916","2020-10-01T00:00:00.000Z","187.7553","20.4205"
"2024-01-01T06:09:20.544Z","Azure Monitor","brazilsoutheast","BRL","300 GB Commitment Tier Capacity Reservation","300","1/Day","5992.9605","2020-10-01T00:00:00.000Z","293.4777","19.9765"
"2024-01-01T06:09:20.544Z","Azure Monitor","brazilsoutheast","BRL","400 GB Commitment Tier Capacity Reservation","400","1/Day","7813.0448","2020-10-01T00:00:00.000Z","391.1118","19.5326"
"2024-01-01T06:09:20.544Z","Azure Monitor","brazilsoutheast","BRL","500 GB Commitment Tier Capacity Reservation","500","1/Day","9599.8349","2020-10-01T00:00:00.000Z","491.4776","19.1997"
"2024-01-01T06:09:20.544Z","Azure Monitor","brazilsoutheast","BRL","1000 GB Commitment Tier Capacity Reservation","1000","1/Day","18866.7275","2021-06-01T00:00:00.000Z","982.6574","18.8667"
"2024-01-01T06:09:20.544Z","Azure Monitor","brazilsoutheast","BRL","2000 GB Commitment Tier Capacity Reservation","2000","1/Day","36845.609","2021-06-01T00:00:00.000Z","1952.944","18.4228"
"2024-01-01T06:09:20.544Z","Azure Monitor","brazilsoutheast","BRL","5000 GB Commitment Tier Capacity Reservation","5000","1/Day","89339.5038","2021-06-01T00:00:00.000Z","4849.3988","17.8679"
"2024-02-02T06:08:03.849Z","Azure Monitor","brazilsoutheast","BRL","Pay-as-you-go Data Ingestion","Pay-as-you-go","1 GB","26.1691","2020-09-01T00:00:00.000Z","0","26.1691"
"2024-02-02T06:08:03.849Z","Azure Monitor","brazilsoutheast","BRL","100 GB Commitment Tier Capacity Reservation","100","1/Day","2230.0625","2020-10-01T00:00:00.000Z","85.2174","22.3006"
"2024-02-02T06:08:03.849Z","Azure Monitor","brazilsoutheast","BRL","200 GB Commitment Tier Capacity Reservation","200","1/Day","4187.0562","2020-10-01T00:00:00.000Z","187.7553","20.9353"
"2024-02-02T06:08:03.849Z","Azure Monitor","brazilsoutheast","BRL","300 GB Commitment Tier Capacity Reservation","300","1/Day","6144.0498","2020-10-01T00:00:00.000Z","293.478","20.4802"
"2024-02-02T06:08:03.849Z","Azure Monitor","brazilsoutheast","BRL","400 GB Commitment Tier Capacity Reservation","400","1/Day","8010.0205","2020-10-01T00:00:00.000Z","391.1105","20.0251"
"2024-02-02T06:08:03.849Z","Azure Monitor","brazilsoutheast","BRL","500 GB Commitment Tier Capacity Reservation","500","1/Day","9841.8575","2020-10-01T00:00:00.000Z","491.4761","19.6837"
"2024-02-02T06:08:03.849Z","Azure Monitor","brazilsoutheast","BRL","1000 GB Commitment Tier Capacity Reservation","1000","1/Day","19342.379","2021-06-01T00:00:00.000Z","982.6597","19.3424"
"2024-02-02T06:08:03.849Z","Azure Monitor","brazilsoutheast","BRL","2000 GB Commitment Tier Capacity Reservation","2000","1/Day","37774.5284","2021-06-01T00:00:00.000Z","1952.9391","18.8873"
"2024-02-02T06:08:03.849Z","Azure Monitor","brazilsoutheast","BRL","5000 GB Commitment Tier Capacity Reservation","5000","1/Day","91591.8535","2021-06-01T00:00:00.000Z","4849.3884","18.3184"
"2024-03-02T06:08:20.311Z","Azure Monitor","brazilsoutheast","BRL","Pay-as-you-go Data Ingestion","Pay-as-you-go","1 GB","26.1583","2020-09-01T00:00:00.000Z","0","26.1583"
"2024-03-02T06:08:20.311Z","Azure Monitor","brazilsoutheast","BRL","100 GB Commitment Tier Capacity Reservation","100","1/Day","2229.1384","2020-10-01T00:00:00.000Z","85.2173","22.2914"
"2024-03-02T06:08:20.311Z","Azure Monitor","brazilsoutheast","BRL","200 GB Commitment Tier Capacity Reservation","200","1/Day","4185.321","2020-10-01T00:00:00.000Z","187.755","20.9266"
"2024-03-02T06:08:20.311Z","Azure Monitor","brazilsoutheast","BRL","300 GB Commitment Tier Capacity Reservation","300","1/Day","6141.5037","2020-10-01T00:00:00.000Z","293.4783","20.4717"
"2024-03-02T06:08:20.311Z","Azure Monitor","brazilsoutheast","BRL","400 GB Commitment Tier Capacity Reservation","400","1/Day","8006.7011","2020-10-01T00:00:00.000Z","391.1107","20.0168"
"2024-03-02T06:08:20.311Z","Azure Monitor","brazilsoutheast","BRL","500 GB Commitment Tier Capacity Reservation","500","1/Day","9837.7791","2020-10-01T00:00:00.000Z","491.4761","19.6756"
"2024-03-02T06:08:20.311Z","Azure Monitor","brazilsoutheast","BRL","1000 GB Commitment Tier Capacity Reservation","1000","1/Day","19334.3635","2021-06-01T00:00:00.000Z","982.6569","19.3344"
"2024-03-02T06:08:20.311Z","Azure Monitor","brazilsoutheast","BRL","2000 GB Commitment Tier Capacity Reservation","2000","1/Day","37758.8746","2021-06-01T00:00:00.000Z","1952.9375","18.8794"
"2024-03-02T06:08:20.311Z","Azure Monitor","brazilsoutheast","BRL","5000 GB Commitment Tier Capacity Reservation","5000","1/Day","91553.8978","2021-06-01T00:00:00.000Z","4849.4072","18.3108"
"2024-04-03T09:26:28.723Z","Azure Monitor","brazilsoutheast","BRL","Pay-as-you-go Data Ingestion","Pay-as-you-go","1 GB","26.3992","2020-09-01T00:00:00.000Z","0","26.3992"
"2024-04-03T09:26:28.723Z","Azure Monitor","brazilsoutheast","BRL","100 GB Commitment Tier Capacity Reservation","100","1/Day","2249.6723","2020-10-01T00:00:00.000Z","85.2174","22.4967"
"2024-04-03T09:26:28.723Z","Azure Monitor","brazilsoutheast","BRL","200 GB Commitment Tier Capacity Reservation","200","1/Day","4223.8746","2020-10-01T00:00:00.000Z","187.7553","21.1194"
"2024-04-03T09:26:28.723Z","Azure Monitor","brazilsoutheast","BRL","300 GB Commitment Tier Capacity Reservation","300","1/Day","6198.0768","2020-10-01T00:00:00.000Z","293.4779","20.6603"
"2024-04-03T09:26:28.723Z","Azure Monitor","brazilsoutheast","BRL","400 GB Commitment Tier Capacity Reservation","400","1/Day","8080.4557","2020-10-01T00:00:00.000Z","391.1103","20.2011"
"2024-04-03T09:26:28.723Z","Azure Monitor","brazilsoutheast","BRL","500 GB Commitment Tier Capacity Reservation","500","1/Day","9928.4008","2020-10-01T00:00:00.000Z","491.4782","19.8568"
"2024-04-03T09:26:28.723Z","Azure Monitor","brazilsoutheast","BRL","1000 GB Commitment Tier Capacity Reservation","1000","1/Day","19512.464","2021-06-01T00:00:00.000Z","982.659","19.5125"
"2024-04-03T09:26:28.723Z","Azure Monitor","brazilsoutheast","BRL","2000 GB Commitment Tier Capacity Reservation","2000","1/Day","38106.6944","2021-06-01T00:00:00.000Z","1952.9376","19.0533"
"2024-04-03T09:26:28.723Z","Azure Monitor","brazilsoutheast","BRL","5000 GB Commitment Tier Capacity Reservation","5000","1/Day","92397.256","2021-06-01T00:00:00.000Z","4849.4096","18.4795"
"2024-05-02T06:08:49.743Z","Azure Monitor","brazilsoutheast","BRL","Pay-as-you-go Data Ingestion","Pay-as-you-go","1 GB","27.1253","2020-09-01T00:00:00.000Z","0","27.1253"
"2024-05-02T06:08:49.743Z","Azure Monitor","brazilsoutheast","BRL","100 GB Commitment Tier Capacity Reservation","100","1/Day","2311.5446","2020-10-01T00:00:00.000Z","85.2173","23.1154"
"2024-05-02T06:08:49.743Z","Azure Monitor","brazilsoutheast","BRL","200 GB Commitment Tier Capacity Reservation","200","1/Day","4340.043","2020-10-01T00:00:00.000Z","187.7555","21.7002"
"2024-05-02T06:08:49.743Z","Azure Monitor","brazilsoutheast","BRL","300 GB Commitment Tier Capacity Reservation","300","1/Day","6368.5413","2020-10-01T00:00:00.000Z","293.4785","21.2285"
"2024-05-02T06:08:49.743Z","Azure Monitor","brazilsoutheast","BRL","400 GB Commitment Tier Capacity Reservation","400","1/Day","8302.6909","2020-10-01T00:00:00.000Z","391.1106","20.7567"
"2024-05-02T06:08:49.743Z","Azure Monitor","brazilsoutheast","BRL","500 GB Commitment Tier Capacity Reservation","500","1/Day","10201.4597","2020-10-01T00:00:00.000Z","491.4779","20.4029"
"2024-05-02T06:08:49.743Z","Azure Monitor","brazilsoutheast","BRL","1000 GB Commitment Tier Capacity Reservation","1000","1/Day","20049.1115","2021-06-01T00:00:00.000Z","982.6599","20.0491"
"2024-05-02T06:08:49.743Z","Azure Monitor","brazilsoutheast","BRL","2000 GB Commitment Tier Capacity Reservation","2000","1/Day","39154.7354","2021-06-01T00:00:00.000Z","1952.9423","19.5774"
"2024-05-02T06:08:49.743Z","Azure Monitor","brazilsoutheast","BRL","5000 GB Commitment Tier Capacity Reservation","5000","1/Day","94938.4397","2021-06-01T00:00:00.000Z","4849.3896","18.9877"
"2024-06-02T06:10:06.668Z","Azure Monitor","brazilsoutheast","BRL","Pay-as-you-go Data Ingestion","Pay-as-you-go","1 GB","27.4786","2020-09-01T00:00:00.000Z","0","27.4786"
"2024-06-02T06:10:06.668Z","Azure Monitor","brazilsoutheast","BRL","100 GB Commitment Tier Capacity Reservation","100","1/Day","2341.6581","2020-10-01T00:00:00.000Z","85.2175","23.4166"
"2024-06-02T06:10:06.668Z","Azure Monitor","brazilsoutheast","BRL","200 GB Commitment Tier Capacity Reservation","200","1/Day","4396.5825","2020-10-01T00:00:00.000Z","187.7549","21.9829"
"2024-06-02T06:10:06.668Z","Azure Monitor","brazilsoutheast","BRL","300 GB Commitment Tier Capacity Reservation","300","1/Day","6451.5069","2020-10-01T00:00:00.000Z","293.4784","21.505"
"2024-06-02T06:10:06.668Z","Azure Monitor","brazilsoutheast","BRL","400 GB Commitment Tier Capacity Reservation","400","1/Day","8410.8534","2020-10-01T00:00:00.000Z","391.1115","21.0271"
"2024-06-02T06:10:06.668Z","Azure Monitor","brazilsoutheast","BRL","500 GB Commitment Tier Capacity Reservation","500","1/Day","10334.3583","2020-10-01T00:00:00.000Z","491.4781","20.6687"
"2024-06-02T06:10:06.668Z","Azure Monitor","brazilsoutheast","BRL","1000 GB Commitment Tier Capacity Reservation","1000","1/Day","20310.2995","2021-06-01T00:00:00.000Z","982.6597","20.3103"
"2024-06-02T06:10:06.668Z","Azure Monitor","brazilsoutheast","BRL","2000 GB Commitment Tier Capacity Reservation","2000","1/Day","39664.8202","2021-06-01T00:00:00.000Z","1952.9411","19.8324"
"2024-06-02T06:10:06.668Z","Azure Monitor","brazilsoutheast","BRL","5000 GB Commitment Tier Capacity Reservation","5000","1/Day","96175.2418","2021-06-01T00:00:00.000Z","4849.4001","19.235"
"2024-07-01T06:11:21.244Z","Azure Monitor","brazilsoutheast","BRL","Pay-as-you-go Data Ingestion","Pay-as-you-go","1 GB","29.1196","2020-09-01T00:00:00.000Z","0","29.1196"
"2024-07-01T06:11:21.244Z","Azure Monitor","brazilsoutheast","BRL","100 GB Commitment Tier Capacity Reservation","100","1/Day","2481.4962","2020-10-01T00:00:00.000Z","85.2174","24.815"
"2024-07-01T06:11:21.244Z","Azure Monitor","brazilsoutheast","BRL","200 GB Commitment Tier Capacity Reservation","200","1/Day","4659.1358","2020-10-01T00:00:00.000Z","187.7548","23.2957"
"2024-07-01T06:11:21.244Z","Azure Monitor","brazilsoutheast","BRL","300 GB Commitment Tier Capacity Reservation","300","1/Day","6836.7753","2020-10-01T00:00:00.000Z","293.478","22.7893"
"2024-07-01T06:11:21.244Z","Azure Monitor","brazilsoutheast","BRL","400 GB Commitment Tier Capacity Reservation","400","1/Day","8913.1293","2020-10-01T00:00:00.000Z","391.1103","22.2828"
"2024-07-01T06:11:21.244Z","Azure Monitor","brazilsoutheast","BRL","500 GB Commitment Tier Capacity Reservation","500","1/Day","10951.5012","2020-10-01T00:00:00.000Z","491.4778","21.903"
"2024-07-01T06:11:21.244Z","Azure Monitor","brazilsoutheast","BRL","1000 GB Commitment Tier Capacity Reservation","1000","1/Day","21523.1815","2021-06-01T00:00:00.000Z","982.6591","21.5232"
"2024-07-01T06:11:21.244Z","Azure Monitor","brazilsoutheast","BRL","2000 GB Commitment Tier Capacity Reservation","2000","1/Day","42033.5074","2021-06-01T00:00:00.000Z","1952.9395","21.0168"
"2024-07-01T06:11:21.244Z","Azure Monitor","brazilsoutheast","BRL","5000 GB Commitment Tier Capacity Reservation","5000","1/Day","101918.5948","2021-06-01T00:00:00.000Z","4849.3869","20.3837"
"2024-08-02T06:11:10.559Z","Azure Monitor","brazilsoutheast","BRL","Pay-as-you-go Data Ingestion","Pay-as-you-go","1 GB","29.952","2020-09-01T00:00:00.000Z","0","29.952"
"2024-08-02T06:11:10.559Z","Azure Monitor","brazilsoutheast","BRL","100 GB Commitment Tier Capacity Reservation","100","1/Day","2552.4296","2020-10-01T00:00:00.000Z","85.2173","25.5243"
"2024-08-02T06:11:10.559Z","Azure Monitor","brazilsoutheast","BRL","200 GB Commitment Tier Capacity Reservation","200","1/Day","4792.3168","2020-10-01T00:00:00.000Z","187.7551","23.9616"
"2024-08-02T06:11:10.559Z","Azure Monitor","brazilsoutheast","BRL","300 GB Commitment Tier Capacity Reservation","300","1/Day","7032.204","2020-10-01T00:00:00.000Z","293.4781","23.4407"
"2024-08-02T06:11:10.559Z","Azure Monitor","brazilsoutheast","BRL","400 GB Commitment Tier Capacity Reservation","400","1/Day","9167.9104","2020-10-01T00:00:00.000Z","391.1108","22.9198"
"2024-08-02T06:11:10.559Z","Azure Monitor","brazilsoutheast","BRL","500 GB Commitment Tier Capacity Reservation","500","1/Day","11264.549","2020-10-01T00:00:00.000Z","491.4768","22.5291"
"2024-08-02T06:11:10.559Z","Azure Monitor","brazilsoutheast","BRL","1000 GB Commitment Tier Capacity Reservation","1000","1/Day","22138.42","2021-06-01T00:00:00.000Z","982.6589","22.1384"
"2024-08-02T06:11:10.559Z","Azure Monitor","brazilsoutheast","BRL","2000 GB Commitment Tier Capacity Reservation","2000","1/Day","43235.032","2021-06-01T00:00:00.000Z","1952.9429","21.6175"
"2024-08-02T06:11:10.559Z","Azure Monitor","brazilsoutheast","BRL","5000 GB Commitment Tier Capacity Reservation","5000","1/Day","104831.93","2021-06-01T00:00:00.000Z","4849.4012","20.9664"
