"TimeGenerated","ServiceName","ArmRegionName","CurrencyCode","MeterName","Tier","UnitOfMeasure","RetailPrice","EffectiveStartDate","EffectiveCommitmentTierThresholdGB","EffectivePricePerGB"
"2023-03-29T15:50:58.330Z","Azure Monitor","brazilsoutheast","CAD","Pay-as-you-go Data Ingestion","Pay-as-you-go","1 GB","7.2177","2020-09-01T02:00:00.000Z","0","7.2177"
"2023-03-29T15:50:58.330Z","Azure Monitor","brazilsoutheast","CAD","100 GB Commitment Tier Capacity Reservation","100","1/Day","615.0715","2020-10-01T02:00:00.000Z","85.2171","6.1507"
"2023-03-29T15:50:58.330Z","Azure Monitor","brazilsoutheast","CAD","200 GB Commitment Tier Capacity Reservation","200","1/Day","1154.8282","2020-10-01T02:00:00.000Z","187.7556","5.7741"
"2023-03-29T15:50:58.330Z","Azure Monitor","brazilsoutheast","CAD","300 GB Commitment Tier Capacity Reservation","300","1/Day","1694.5848","2020-10-01T02:00:00.000Z","293.4803","5.6486"
"2023-03-29T15:50:58.330Z","Azure Monitor","brazilsoutheast","CAD","400 GB Commitment Tier Capacity Reservation","400","1/Day","2209.2365","2020-10-01T02:00:00.000Z","391.1122","5.5231"
"2023-03-29T15:50:58.330Z","Azure Monitor","brazilsoutheast","CAD","500 GB Commitment Tier Capacity Reservation","500","1/Day","2714.4738","2020-10-01T02:00:00.000Z","491.4765","5.4289"
"2023-03-29T15:50:58.330Z","Azure Monitor","brazilsoutheast","CAD","1000 GB Commitment Tier Capacity Reservation","1000","1/Day","5334.804","2021-06-01T02:00:00.000Z","982.6676","5.3348"
"2023-03-29T15:50:58.330Z","Azure Monitor","brazilsoutheast","CAD","2000 GB Commitment Tier Capacity Reservation","2000","1/Day","10418.5584","2021-06-01T02:00:00.000Z","1952.9426","5.2093"
"2023-03-29T15:50:58.330Z","Azure Monitor","brazilsoutheast","CAD","5000 GB Commitment Tier Capacity Reservation","5000","1/Day","25261.866","2021-06-01T02:00:00.000Z","4849.3782","5.0524"
"2023-04-12T13:28:34.468Z","Azure Monitor","brazilsoutheast","CAD","Pay-as-you-go Data Ingestion","Pay-as-you-go","1 GB","7.1867","2020-09-01T02:00:00.000Z","0","7.1867"
"2023-04-12T13:28:34.468Z","Azure Monitor","brazilsoutheast","CAD","100 GB Commitment Tier Capacity Reservation","100","1/Day","612.4343","2020-10-01T02:00:00.000Z","85.2177","6.1243"
"2023-04-12T13:28:34.468Z","Azure Monitor","brazilsoutheast","CAD","200 GB Commitment Tier Capacity Reservation","200","1/Day","1149.8767","2020-10-01T02:00:00.000Z","187.7564","5.7494"
"2023-04-12T13:28:34.468Z","Azure Monitor","brazilsoutheast","CAD","300 GB Commitment Tier Capacity Reservation","300","1/Day","1687.3191","2020-10-01T02:00:00.000Z","293.4774","5.6244"
"2023-04-12T13:28:34.468Z","Azure Monitor","brazilsoutheast","CAD","400 GB Commitment Tier Capacity Reservation","400","1/Day","2199.7642","2020-10-01T02:00:00.000Z","391.1109","5.4994"
"2023-04-12T13:28:34.468Z","Azure Monitor","brazilsoutheast","CAD","500 GB Commitment Tier Capacity Reservation","500","1/Day","2702.8352","2020-10-01T02:00:00.000Z","491.4782","5.4057"
"2023-04-12T13:28:34.468Z","Azure Monitor","brazilsoutheast","CAD","1000 GB Commitment Tier Capacity Reservation","1000","1/Day","5311.9305","2021-06-01T02:00:00.000Z","982.6536","5.3119"
"2023-04-12T13:28:34.468Z","Azure Monitor","brazilsoutheast","CAD","2000 GB Commitment Tier Capacity Reservation","2000","1/Day","10373.8878","2021-06-01T02:00:00.000Z","1952.9524","5.1869"
"2023-04-12T13:28:34.468Z","Azure Monitor","brazilsoutheast","CAD","5000 GB Commitment Tier Capacity Reservation","5000","1/Day","25153.5533","2021-06-01T02:00:00.000Z","4849.4386","5.0307"
"2023-05-02T08:07:40.927Z","Azure Monitor","brazilsoutheast","CAD","Pay-as-you-go Data Ingestion","Pay-as-you-go","1 GB","7.2074","2020-09-01T02:00:00.000Z","0","7.2074"
"2023-05-02T08:07:40.927Z","Azure Monitor","brazilsoutheast","CAD","100 GB Commitment Tier Capacity Reservation","100","1/Day","614.1925","2020-10-01T02:00:00.000Z","85.2169","6.1419"
"2023-05-02T08:07:40.927Z","Azure Monitor","brazilsoutheast","CAD","200 GB Commitment Tier Capacity Reservation","200","1/Day","1153.1777","2020-10-01T02:00:00.000Z","187.7559","5.7659"
"2023-05-02T08:07:40.927Z","Azure Monitor","brazilsoutheast","CAD","300 GB Commitment Tier Capacity Reservation","300","1/Day","1692.1629","2020-10-01T02:00:00.000Z","293.4777","5.6405"
"2023-05-02T08:07:40.927Z","Azure Monitor","brazilsoutheast","CAD","400 GB Commitment Tier Capacity Reservation","400","1/Day","2206.079","2020-10-01T02:00:00.000Z","391.1141","5.5152"
"2023-05-02T08:07:40.927Z","Azure Monitor","brazilsoutheast","CAD","500 GB Commitment Tier Capacity Reservation","500","1/Day","2710.5943","2020-10-01T02:00:00.000Z","491.4771","5.4212"
"2023-05-02T08:07:40.927Z","Azure Monitor","brazilsoutheast","CAD","1000 GB Commitment Tier Capacity Reservation","1000","1/Day","5327.1795","2021-06-01T02:00:00.000Z","982.6569","5.3272"
"2023-05-02T08:07:40.927Z","Azure Monitor","brazilsoutheast","CAD","2000 GB Commitment Tier Capacity Reservation","2000","1/Day","10403.6682","2021-06-01T02:00:00.000Z","1952.9337","5.2018"
"2023-05-02T08:07:40.927Z","Azure Monitor","brazilsoutheast","CAD","5000 GB Commitment Tier Capacity Reservation","5000","1/Day","25225.7618","2021-06-01T02:00:00.000Z","4849.4294","5.0452"
"2023-06-02T08:07:42.568Z","Azure Monitor","brazilsoutheast","CAD","Pay-as-you-go Data Ingestion","Pay-as-you-go","1 GB","7.2171","2020-09-01T02:00:00.000Z","0","7.2171"
"2023-06-02T08:07:42.568Z","Azure Monitor","brazilsoutheast","CAD","100 GB Commitment Tier Capacity Reservation","100","1/Day","615.0264","2020-10-01T02:00:00.000Z","85.2179","6.1503"
"2023-06-02T08:07:42.568Z","Azure Monitor","brazilsoutheast","CAD","200 GB Commitment Tier Capacity Reservation","200","1/Day","1154.7435","2020-10-01T02:00:00.000Z","187.754","5.7737"
"2023-06-02T08:07:42.568Z","Azure Monitor","brazilsoutheast","CAD","300 GB Commitment Tier Capacity Reservation","300","1/Day","1694.4606","2020-10-01T02:00:00.000Z","293.4792","5.6482"
"2023-06-02T08:07:42.568Z","Azure Monitor","brazilsoutheast","CAD","400 GB Commitment Tier Capacity Reservation","400","1/Day","2209.0746","2020-10-01T02:00:00.000Z","391.1113","5.5227"
"2023-06-02T08:07:42.568Z","Azure Monitor","brazilsoutheast","CAD","500 GB Commitment Tier Capacity Reservation","500","1/Day","2714.2749","2020-10-01T02:00:00.000Z","491.4761","5.4285"
"2023-06-02T08:07:42.568Z","Azure Monitor","brazilsoutheast","CAD","1000 GB Commitment Tier Capacity Reservation","1000","1/Day","5334.413","2021-06-01T02:00:00.000Z","982.668","5.3344"
"2023-06-02T08:07:42.568Z","Azure Monitor","brazilsoutheast","CAD","2000 GB Commitment Tier Capacity Reservation","2000","1/Day","10417.7948","2021-06-01T02:00:00.000Z","1952.9459","5.2089"
"2023-06-02T08:07:42.568Z","Azure Monitor","brazilsoutheast","CAD","5000 GB Commitment Tier Capacity Reservation","5000","1/Day","25260.0145","2021-06-01T02:00:00.000Z","4849.3952","5.052"
"2023-07-07T06:09:02.036Z","Azure Monitor","brazilsoutheast","CAD","Pay-as-you-go Data Ingestion","Pay-as-you-go","1 GB","7.0169","2020-09-01T00:00:00.000Z","0","7.0169"
"2023-07-07T06:09:02.036Z","Azure Monitor","brazilsoutheast","CAD","100 GB Commitment Tier Capacity Reservation","100","1/Day","597.9637","2020-10-01T00:00:00.000Z","85.2176","5.9796"
"2023-07-07T06:09:02.036Z","Azure Monitor","brazilsoutheast","CAD","200 GB Commitment Tier Capacity Reservation","200","1/Day","1122.7073","2020-10-01T00:00:00.000Z","187.7563","5.6135"
"2023-07-07T06:09:02.036Z","Azure Monitor","brazilsoutheast","CAD","300 GB Commitment Tier Capacity Reservation","300","1/Day","1647.4509","2020-10-01T00:00:00.000Z","293.4802","5.4915"
"2023-07-07T06:09:02.036Z","Azure Monitor","brazilsoutheast","CAD","400 GB Commitment Tier Capacity Reservation","400","1/Day","2147.7878","2020-10-01T00:00:00.000Z","391.1113","5.3695"
"2023-07-07T06:09:02.036Z","Azure Monitor","brazilsoutheast","CAD","500 GB Commitment Tier Capacity Reservation","500","1/Day","2638.9723","2020-10-01T00:00:00.000Z","491.4745","5.2779"
"2023-07-07T06:09:02.036Z","Azure Monitor","brazilsoutheast","CAD","1000 GB Commitment Tier Capacity Reservation","1000","1/Day","5186.4195","2021-06-01T00:00:00.000Z","982.6673","5.1864"
"2023-07-07T06:09:02.036Z","Azure Monitor","brazilsoutheast","CAD","2000 GB Commitment Tier Capacity Reservation","2000","1/Day","10128.7722","2021-06-01T00:00:00.000Z","1952.9485","5.0644"
"2023-07-07T06:09:02.036Z","Azure Monitor","brazilsoutheast","CAD","5000 GB Commitment Tier Capacity Reservation","5000","1/Day","24559.2217","2021-06-01T00:00:00.000Z","4849.3843","4.9118"
"2023-08-01T06:08:30.007Z","Azure Monitor","brazilsoutheast","CAD","Pay-as-you-go Data Ingestion","Pay-as-you-go","1 GB","6.9809","2020-09-01T00:00:00.000Z","0","6.9809"
"2023-08-01T06:08:30.007Z","Azure Monitor","brazilsoutheast","CAD","1000 GB Commitment Tier Capacity Reservation","1000","1/Day","5159.8315","2021-06-01T00:00:00.000Z","977.6296","5.1598"
"2023-08-02T06:09:03.844Z","Azure Monitor","brazilsoutheast","CAD","100 GB Commitment Tier Capacity Reservation","100","1/Day","594.8982","2020-10-01T00:00:00.000Z","85.218","5.949"
"2023-08-02T06:09:03.844Z","Azure Monitor","brazilsoutheast","CAD","200 GB Commitment Tier Capacity Reservation","200","1/Day","1116.9518","2020-10-01T00:00:00.000Z","187.7545","5.5848"
"2023-08-02T06:09:03.844Z","Azure Monitor","brazilsoutheast","CAD","300 GB Commitment Tier Capacity Reservation","300","1/Day","1639.0053","2020-10-01T00:00:00.000Z","293.4761","5.4634"
"2023-08-02T06:09:03.844Z","Azure Monitor","brazilsoutheast","CAD","400 GB Commitment Tier Capacity Reservation","400","1/Day","2136.7773","2020-10-01T00:00:00.000Z","391.1076","5.3419"
"2023-08-02T06:09:03.844Z","Azure Monitor","brazilsoutheast","CAD","500 GB Commitment Tier Capacity Reservation","500","1/Day","2625.4437","2020-10-01T00:00:00.000Z","491.4813","5.2509"
"2023-08-02T06:09:03.844Z","Azure Monitor","brazilsoutheast","CAD","2000 GB Commitment Tier Capacity Reservation","2000","1/Day","10076.8474","2021-06-01T00:00:00.000Z","1952.9531","5.0384"
"2023-08-02T06:09:03.844Z","Azure Monitor","brazilsoutheast","CAD","5000 GB Commitment Tier Capacity Reservation","5000","1/Day","24433.3197","2021-06-01T00:00:00.000Z","4849.4204","4.8867"
"2023-09-02T06:07:00.316Z","Azure Monitor","brazilsoutheast","CAD","Pay-as-you-go Data Ingestion","Pay-as-you-go","1 GB","7.1947","2020-09-01T00:00:00.000Z","0","7.1947"
"2023-09-02T06:07:00.316Z","Azure Monitor","brazilsoutheast","CAD","100 GB Commitment Tier Capacity Reservation","100","1/Day","613.1105","2020-10-01T00:00:00.000Z","85.217","6.1311"
"2023-09-02T06:07:00.316Z","Azure Monitor","brazilsoutheast","CAD","200 GB Commitment Tier Capacity Reservation","200","1/Day","1151.1463","2020-10-01T00:00:00.000Z","187.7553","5.7557"
"2023-09-02T06:07:00.316Z","Azure Monitor","brazilsoutheast","CAD","300 GB Commitment Tier Capacity Reservation","300","1/Day","1689.1821","2020-10-01T00:00:00.000Z","293.4799","5.6306"
"2023-09-02T06:07:00.316Z","Azure Monitor","brazilsoutheast","CAD","400 GB Commitment Tier Capacity Reservation","400","1/Day","2202.193","2020-10-01T00:00:00.000Z","391.1116","5.5055"
"2023-09-02T06:07:00.316Z","Azure Monitor","brazilsoutheast","CAD","500 GB Commitment Tier Capacity Reservation","500","1/Day","2705.8195","2020-10-01T00:00:00.000Z","491.4757","5.4116"
"2023-09-02T06:07:00.316Z","Azure Monitor","brazilsoutheast","CAD","1000 GB Commitment Tier Capacity Reservation","1000","1/Day","5317.7955","2021-06-01T00:00:00.000Z","982.666","5.3178"
"2023-09-02T06:07:00.316Z","Azure Monitor","brazilsoutheast","CAD","2000 GB Commitment Tier Capacity Reservation","2000","1/Day","10385.3418","2021-06-01T00:00:00.000Z","1952.9395","5.1927"
"2023-09-02T06:07:00.316Z","Azure Monitor","brazilsoutheast","CAD","5000 GB Commitment Tier Capacity Reservation","5000","1/Day","25181.3257","2021-06-01T00:00:00.000Z","4849.3704","5.0363"
"2023-10-02T06:08:46.154Z","Azure Monitor","brazilsoutheast","CAD","Pay-as-you-go Data Ingestion","Pay-as-you-go","1 GB","7.1508","2020-09-01T00:00:00.000Z","0","7.1508"
"2023-10-02T06:08:46.154Z","Azure Monitor","brazilsoutheast","CAD","100 GB Commitment Tier Capacity Reservation","100","1/Day","609.3689","2020-10-01T00:00:00.000Z","85.2169","6.0937"
"2023-10-02T06:08:46.154Z","Azure Monitor","brazilsoutheast","CAD","200 GB Commitment Tier Capacity Reservation","200","1/Day","1144.1212","2020-10-01T00:00:00.000Z","187.7548","5.7206"
"2023-10-02T06:08:46.154Z","Azure Monitor","brazilsoutheast","CAD","300 GB Commitment Tier Capacity Reservation","300","1/Day","1678.8735","2020-10-01T00:00:00.000Z","293.4786","5.5962"
"2023-10-02T06:08:46.154Z","Azure Monitor","brazilsoutheast","CAD","400 GB Commitment Tier Capacity Reservation","400","1/Day","2188.7536","2020-10-01T00:00:00.000Z","391.1143","5.4719"
"2023-10-02T06:08:46.154Z","Azure Monitor","brazilsoutheast","CAD","500 GB Commitment Tier Capacity Reservation","500","1/Day","2689.3066","2020-10-01T00:00:00.000Z","491.4758","5.3786"
"2023-10-02T06:08:46.154Z","Azure Monitor","brazilsoutheast","CAD","1000 GB Commitment Tier Capacity Reservation","1000","1/Day","5285.3425","2021-06-01T00:00:00.000Z","982.6614","5.2853"
"2023-10-02T06:08:46.154Z","Azure Monitor","brazilsoutheast","CAD","2000 GB Commitment Tier Capacity Reservation","2000","1/Day","10321.963","2021-06-01T00:00:00.000Z","1952.9569","5.161"
"2023-10-02T06:08:46.154Z","Azure Monitor","brazilsoutheast","CAD","5000 GB Commitment Tier Capacity Reservation","5000","1/Day","25027.6513","2021-06-01T00:00:00.000Z","4849.3802","5.0055"
"2023-11-02T06:08:26.681Z","Azure Monitor","brazilsoutheast","CAD","Pay-as-you-go Data Ingestion","Pay-as-you-go","1 GB","7.3293","2020-09-01T00:00:00.000Z","0","7.3293"
"2023-11-02T06:08:26.681Z","Azure Monitor","brazilsoutheast","CAD","100 GB Commitment Tier Capacity Reservation","100","1/Day","624.5834","2020-10-01T00:00:00.000Z","85.2173","6.2458"
"2023-11-02T06:08:26.681Z","Azure Monitor","brazilsoutheast","CAD","200 GB Commitment Tier Capacity Reservation","200","1/Day","1172.6872","2020-10-01T00:00:00.000Z","187.7561","5.8634"
"2023-11-02T06:08:26.681Z","Azure Monitor","brazilsoutheast","CAD","300 GB Commitment Tier Capacity Reservation","300","1/Day","1720.791","2020-10-01T00:00:00.000Z","293.4801","5.736"
"2023-11-02T06:08:26.681Z","Azure Monitor","brazilsoutheast","CAD","400 GB Commitment Tier Capacity Reservation","400","1/Day","2243.4016","2020-10-01T00:00:00.000Z","391.1091","5.6085"
"2023-11-02T06:08:26.681Z","Azure Monitor","brazilsoutheast","CAD","500 GB Commitment Tier Capacity Reservation","500","1/Day","2756.4522","2020-10-01T00:00:00.000Z","491.4776","5.5129"
"2023-11-02T06:08:26.681Z","Azure Monitor","brazilsoutheast","CAD","1000 GB Commitment Tier Capacity Reservation","1000","1/Day","5417.305","2021-06-01T00:00:00.000Z","982.6598","5.4173"
"2023-11-02T06:08:26.681Z","Azure Monitor","brazilsoutheast","CAD","2000 GB Commitment Tier Capacity Reservation","2000","1/Day","10579.678","2021-06-01T00:00:00.000Z","1952.943","5.2898"
"2023-11-02T06:08:26.681Z","Azure Monitor","brazilsoutheast","CAD","5000 GB Commitment Tier Capacity Reservation","5000","1/Day","25652.5325","2021-06-01T00:00:00.000Z","4849.4333","5.1305"
"2023-12-02T06:07:58.693Z","Azure Monitor","brazilsoutheast","CAD","Pay-as-you-go Data Ingestion","Pay-as-you-go","1 GB","7.1862","2020-09-01T00:00:00.000Z","0","7.1862"
"2023-12-02T06:07:58.693Z","Azure Monitor","brazilsoutheast","CAD","100 GB Commitment Tier Capacity Reservation","100","1/Day","612.3893","2020-10-01T00:00:00.000Z","85.2174","6.1239"
"2023-12-02T06:07:58.693Z","Azure Monitor","brazilsoutheast","CAD","200 GB Commitment Tier Capacity Reservation","200","1/Day","1149.7921","2020-10-01T00:00:00.000Z","187.7549","5.749"
"2023-12-02T06:07:58.693Z","Azure Monitor","brazilsoutheast","CAD","300 GB Commitment Tier Capacity Reservation","300","1/Day","1687.1949","2020-10-01T00:00:00.000Z","293.4762","5.624"
"2023-12-02T06:07:58.693Z","Azure Monitor","brazilsoutheast","CAD","400 GB Commitment Tier Capacity Reservation","400","1/Day","2199.6022","2020-10-01T00:00:00.000Z","391.1099","5.499"
"2023-12-02T06:07:58.693Z","Azure Monitor","brazilsoutheast","CAD","500 GB Commitment Tier Capacity Reservation","500","1/Day","2702.6363","2020-10-01T00:00:00.000Z","491.4778","5.4053"
"2023-12-02T06:07:58.693Z","Azure Monitor","brazilsoutheast","CAD","1000 GB Commitment Tier Capacity Reservation","1000","1/Day","5311.5395","2021-06-01T00:00:00.000Z","982.654","5.3115"
"2023-12-02T06:07:58.693Z","Azure Monitor","brazilsoutheast","CAD","2000 GB Commitment Tier Capacity Reservation","2000","1/Day","10373.1242","2021-06-01T00:00:00.000Z","1952.9557","5.1866"
"2023-12-02T06:07:58.693Z","Azure Monitor","brazilsoutheast","CAD","5000 GB Commitment Tier Capacity Reservation","5000","1/Day","25151.7017","2021-06-01T00:00:00.000Z","4849.3621","5.0303"
"2024-01-01T06:09:20.544Z","Azure Monitor","brazilsoutheast","CAD","Pay-as-you-go Data Ingestion","Pay-as-you-go","1 GB","6.9862","2020-09-01T00:00:00.000Z","0","6.9862"
"2024-01-01T06:09:20.544Z","Azure Monitor","brazilsoutheast","CAD","100 GB Commitment Tier Capacity Reservation","100","1/Day","595.349","2020-10-01T00:00:00.000Z","85.2179","5.9535"
"2024-01-01T06:09:20.544Z","Azure Monitor","brazilsoutheast","CAD","200 GB Commitment Tier Capacity Reservation","200","1/Day","1117.7982","2020-10-01T00:00:00.000Z","187.7548","5.589"
"2024-01-01T06:09:20.544Z","Azure Monitor","brazilsoutheast","CAD","300 GB Commitment Tier Capacity Reservation","300","1/Day","1640.2473","2020-10-01T00:00:00.000Z","293.4778","5.4675"
"2024-01-01T06:09:20.544Z","Azure Monitor","brazilsoutheast","CAD","400 GB Commitment Tier Capacity Reservation","400","1/Day","2138.3965","2020-10-01T00:00:00.000Z","391.1105","5.346"
"2024-01-01T06:09:20.544Z","Azure Monitor","brazilsoutheast","CAD","500 GB Commitment Tier Capacity Reservation","500","1/Day","2627.4332","2020-10-01T00:00:00.000Z","491.4765","5.2549"
"2024-01-01T06:09:20.544Z","Azure Monitor","brazilsoutheast","CAD","1000 GB Commitment Tier Capacity Reservation","1000","1/Day","5163.7415","2021-06-01T00:00:00.000Z","982.6527","5.1637"
"2024-01-01T06:09:20.544Z","Azure Monitor","brazilsoutheast","CAD","2000 GB Commitment Tier Capacity Reservation","2000","1/Day","10084.4834","2021-06-01T00:00:00.000Z","1952.9569","5.0422"
"2024-01-01T06:09:20.544Z","Azure Monitor","brazilsoutheast","CAD","5000 GB Commitment Tier Capacity Reservation","5000","1/Day","24451.8348","2021-06-01T00:00:00.000Z","4849.4377","4.8904"
"2024-02-02T06:08:03.849Z","Azure Monitor","brazilsoutheast","CAD","Pay-as-you-go Data Ingestion","Pay-as-you-go","1 GB","7.1164","2020-09-01T00:00:00.000Z","0","7.1164"
"2024-02-02T06:08:03.849Z","Azure Monitor","brazilsoutheast","CAD","100 GB Commitment Tier Capacity Reservation","100","1/Day","606.4387","2020-10-01T00:00:00.000Z","85.2171","6.0644"
"2024-02-02T06:08:03.849Z","Azure Monitor","brazilsoutheast","CAD","200 GB Commitment Tier Capacity Reservation","200","1/Day","1138.6196","2020-10-01T00:00:00.000Z","187.7547","5.6931"
"2024-02-02T06:08:03.849Z","Azure Monitor","brazilsoutheast","CAD","300 GB Commitment Tier Capacity Reservation","300","1/Day","1670.8005","2020-10-01T00:00:00.000Z","293.4782","5.5693"
"2024-02-02T06:08:03.849Z","Azure Monitor","brazilsoutheast","CAD","400 GB Commitment Tier Capacity Reservation","400","1/Day","2178.2288","2020-10-01T00:00:00.000Z","391.1136","5.4456"
"2024-02-02T06:08:03.849Z","Azure Monitor","brazilsoutheast","CAD","500 GB Commitment Tier Capacity Reservation","500","1/Day","2676.3749","2020-10-01T00:00:00.000Z","491.4748","5.3527"
"2024-02-02T06:08:03.849Z","Azure Monitor","brazilsoutheast","CAD","1000 GB Commitment Tier Capacity Reservation","1000","1/Day","5259.9275","2021-06-01T00:00:00.000Z","982.6681","5.2599"
"2024-02-02T06:08:03.849Z","Azure Monitor","brazilsoutheast","CAD","2000 GB Commitment Tier Capacity Reservation","2000","1/Day","10272.329","2021-06-01T00:00:00.000Z","1952.9514","5.1362"
"2024-02-02T06:08:03.849Z","Azure Monitor","brazilsoutheast","CAD","5000 GB Commitment Tier Capacity Reservation","5000","1/Day","24907.3038","2021-06-01T00:00:00.000Z","4849.3641","4.9815"
"2024-03-02T06:08:20.311Z","Azure Monitor","brazilsoutheast","CAD","Pay-as-you-go Data Ingestion","Pay-as-you-go","1 GB","7.1518","2020-09-01T00:00:00.000Z","0","7.1518"
"2024-03-02T06:08:20.311Z","Azure Monitor","brazilsoutheast","CAD","100 GB Commitment Tier Capacity Reservation","100","1/Day","609.4591","2020-10-01T00:00:00.000Z","85.2176","6.0946"
"2024-03-02T06:08:20.311Z","Azure Monitor","brazilsoutheast","CAD","200 GB Commitment Tier Capacity Reservation","200","1/Day","1144.2905","2020-10-01T00:00:00.000Z","187.7548","5.7215"
"2024-03-02T06:08:20.311Z","Azure Monitor","brazilsoutheast","CAD","300 GB Commitment Tier Capacity Reservation","300","1/Day","1679.1219","2020-10-01T00:00:00.000Z","293.4758","5.5971"
"2024-03-02T06:08:20.311Z","Azure Monitor","brazilsoutheast","CAD","400 GB Commitment Tier Capacity Reservation","400","1/Day","2189.0774","2020-10-01T00:00:00.000Z","391.1092","5.4727"
"2024-03-02T06:08:20.311Z","Azure Monitor","brazilsoutheast","CAD","500 GB Commitment Tier Capacity Reservation","500","1/Day","2689.7045","2020-10-01T00:00:00.000Z","491.4767","5.3794"
"2024-03-02T06:08:20.311Z","Azure Monitor","brazilsoutheast","CAD","1000 GB Commitment Tier Capacity Reservation","1000","1/Day","5286.1245","2021-06-01T00:00:00.000Z","982.6606","5.2861"
"2024-03-02T06:08:20.311Z","Azure Monitor","brazilsoutheast","CAD","2000 GB Commitment Tier Capacity Reservation","2000","1/Day","10323.4902","2021-06-01T00:00:00.000Z","1952.9502","5.1617"
"2024-03-02T06:08:20.311Z","Azure Monitor","brazilsoutheast","CAD","5000 GB Commitment Tier Capacity Reservation","5000","1/Day","25031.3543","2021-06-01T00:00:00.000Z","4849.44","5.0063"
"2024-04-03T09:26:28.723Z","Azure Monitor","brazilsoutheast","CAD","Pay-as-you-go Data Ingestion","Pay-as-you-go","1 GB","7.1793","2020-09-01T00:00:00.000Z","0","7.1793"
"2024-04-03T09:26:28.723Z","Azure Monitor","brazilsoutheast","CAD","100 GB Commitment Tier Capacity Reservation","100","1/Day","611.8032","2020-10-01T00:00:00.000Z","85.2177","6.118"
"2024-04-03T09:26:28.723Z","Azure Monitor","brazilsoutheast","CAD","200 GB Commitment Tier Capacity Reservation","200","1/Day","1148.6918","2020-10-01T00:00:00.000Z","187.7561","5.7435"
"2024-04-03T09:26:28.723Z","Azure Monitor","brazilsoutheast","CAD","300 GB Commitment Tier Capacity Reservation","300","1/Day","1685.5803","2020-10-01T00:00:00.000Z","293.4762","5.6186"
"2024-04-03T09:26:28.723Z","Azure Monitor","brazilsoutheast","CAD","400 GB Commitment Tier Capacity Reservation","400","1/Day","2197.4973","2020-10-01T00:00:00.000Z","391.1112","5.4937"
"2024-04-03T09:26:28.723Z","Azure Monitor","brazilsoutheast","CAD","500 GB Commitment Tier Capacity Reservation","500","1/Day","2700.0499","2020-10-01T00:00:00.000Z","491.4811","5.4001"
"2024-04-03T09:26:28.723Z","Azure Monitor","brazilsoutheast","CAD","1000 GB Commitment Tier Capacity Reservation","1000","1/Day","5306.4565","2021-06-01T00:00:00.000Z","982.6589","5.3065"
"2024-04-03T09:26:28.723Z","Azure Monitor","brazilsoutheast","CAD","2000 GB Commitment Tier Capacity Reservation","2000","1/Day","10363.1974","2021-06-01T00:00:00.000Z","1952.9252","5.1816"
"2024-04-03T09:26:28.723Z","Azure Monitor","brazilsoutheast","CAD","5000 GB Commitment Tier Capacity Reservation","5000","1/Day","25127.6323","2021-06-01T00:00:00.000Z","4849.3964","5.0255"
"2024-05-01T06:09:59.892Z","Azure Monitor","brazilsoutheast","CAD","Pay-as-you-go Data Ingestion","Pay-as-you-go","1 GB","7.2394","2020-09-01T00:00:00.000Z","0","7.2394"
"2024-05-01T06:09:59.892Z","Azure Monitor","brazilsoutheast","CAD","100 GB Commitment Tier Capacity Reservation","100","1/Day","616.9198","2020-10-01T00:00:00.000Z","85.217","6.1692"
"2024-05-01T06:09:59.892Z","Azure Monitor","brazilsoutheast","CAD","200 GB Commitment Tier Capacity Reservation","200","1/Day","1158.2984","2020-10-01T00:00:00.000Z","187.755","5.7915"
"2024-05-01T06:09:59.892Z","Azure Monitor","brazilsoutheast","CAD","300 GB Commitment Tier Capacity Reservation","300","1/Day","1699.677","2020-10-01T00:00:00.000Z","293.4779","5.6656"
"2024-05-01T06:09:59.892Z","Azure Monitor","brazilsoutheast","CAD","400 GB Commitment Tier Capacity Reservation","400","1/Day","2215.8752","2020-10-01T00:00:00.000Z","391.1104","5.5397"
"2024-05-01T06:09:59.892Z","Azure Monitor","brazilsoutheast","CAD","500 GB Commitment Tier Capacity Reservation","500","1/Day","2722.6307","2020-10-01T00:00:00.000Z","491.4762","5.4453"
"2024-05-01T06:09:59.892Z","Azure Monitor","brazilsoutheast","CAD","1000 GB Commitment Tier Capacity Reservation","1000","1/Day","5350.835","2021-06-01T00:00:00.000Z","982.652","5.3508"
"2024-05-01T06:09:59.892Z","Azure Monitor","brazilsoutheast","CAD","2000 GB Commitment Tier Capacity Reservation","2000","1/Day","10449.866","2021-06-01T00:00:00.000Z","1952.954","5.2249"
"2024-05-01T06:09:59.892Z","Azure Monitor","brazilsoutheast","CAD","5000 GB Commitment Tier Capacity Reservation","5000","1/Day","25337.7775","2021-06-01T00:00:00.000Z","4849.4282","5.0676"
"2024-06-02T06:10:06.668Z","Azure Monitor","brazilsoutheast","CAD","Pay-as-you-go Data Ingestion","Pay-as-you-go","1 GB","7.2523","2020-09-01T00:00:00.000Z","0","7.2523"
"2024-06-02T06:10:06.668Z","Azure Monitor","brazilsoutheast","CAD","100 GB Commitment Tier Capacity Reservation","100","1/Day","618.0243","2020-10-01T00:00:00.000Z","85.2177","6.1802"
"2024-06-02T06:10:06.668Z","Azure Monitor","brazilsoutheast","CAD","200 GB Commitment Tier Capacity Reservation","200","1/Day","1160.3721","2020-10-01T00:00:00.000Z","187.7564","5.8019"
"2024-06-02T06:10:06.668Z","Azure Monitor","brazilsoutheast","CAD","300 GB Commitment Tier Capacity Reservation","300","1/Day","1702.7199","2020-10-01T00:00:00.000Z","293.4763","5.6757"
"2024-06-02T06:10:06.668Z","Azure Monitor","brazilsoutheast","CAD","400 GB Commitment Tier Capacity Reservation","400","1/Day","2219.8422","2020-10-01T00:00:00.000Z","391.1134","5.5496"
"2024-06-02T06:10:06.668Z","Azure Monitor","brazilsoutheast","CAD","500 GB Commitment Tier Capacity Reservation","500","1/Day","2727.505","2020-10-01T00:00:00.000Z","491.4778","5.455"
"2024-06-02T06:10:06.668Z","Azure Monitor","brazilsoutheast","CAD","1000 GB Commitment Tier Capacity Reservation","1000","1/Day","5360.4145","2021-06-01T00:00:00.000Z","982.6608","5.3604"
"2024-06-02T06:10:06.668Z","Azure Monitor","brazilsoutheast","CAD","2000 GB Commitment Tier Capacity Reservation","2000","1/Day","10468.5742","2021-06-01T00:00:00.000Z","1952.9465","5.2343"
"2024-06-02T06:10:06.668Z","Azure Monitor","brazilsoutheast","CAD","5000 GB Commitment Tier Capacity Reservation","5000","1/Day","25383.1393","2021-06-01T00:00:00.000Z","4849.3856","5.0766"
"2024-07-01T06:11:21.244Z","Azure Monitor","brazilsoutheast","CAD","Pay-as-you-go Data Ingestion","Pay-as-you-go","1 GB","7.2444","2020-09-01T00:00:00.000Z","0","7.2444"
"2024-07-01T06:11:21.244Z","Azure Monitor","brazilsoutheast","CAD","100 GB Commitment Tier Capacity Reservation","100","1/Day","617.3481","2020-10-01T00:00:00.000Z","85.2173","6.1735"
"2024-07-01T06:11:21.244Z","Azure Monitor","brazilsoutheast","CAD","200 GB Commitment Tier Capacity Reservation","200","1/Day","1159.1025","2020-10-01T00:00:00.000Z","187.7545","5.7955"
"2024-07-01T06:11:21.244Z","Azure Monitor","brazilsoutheast","CAD","300 GB Commitment Tier Capacity Reservation","300","1/Day","1700.8569","2020-10-01T00:00:00.000Z","293.4789","5.6695"
"2024-07-01T06:11:21.244Z","Azure Monitor","brazilsoutheast","CAD","400 GB Commitment Tier Capacity Reservation","400","1/Day","2217.4134","2020-10-01T00:00:00.000Z","391.1127","5.5435"
"2024-07-01T06:11:21.244Z","Azure Monitor","brazilsoutheast","CAD","500 GB Commitment Tier Capacity Reservation","500","1/Day","2724.5208","2020-10-01T00:00:00.000Z","491.4803","5.449"
"2024-07-01T06:11:21.244Z","Azure Monitor","brazilsoutheast","CAD","1000 GB Commitment Tier Capacity Reservation","1000","1/Day","5354.5495","2021-06-01T00:00:00.000Z","982.6665","5.3545"
"2024-07-01T06:11:21.244Z","Azure Monitor","brazilsoutheast","CAD","2000 GB Commitment Tier Capacity Reservation","2000","1/Day","10457.1202","2021-06-01T00:00:00.000Z","1952.9592","5.2286"
"2024-07-01T06:11:21.244Z","Azure Monitor","brazilsoutheast","CAD","5000 GB Commitment Tier Capacity Reservation","5000","1/Day","25355.3667","2021-06-01T00:00:00.000Z","4849.3606","5.0711"
"2024-08-02T06:11:10.559Z","Azure Monitor","brazilsoutheast","CAD","Pay-as-you-go Data Ingestion","Pay-as-you-go","1 GB","7.3285","2020-09-01T00:00:00.000Z","0","7.3285"
"2024-08-02T06:11:10.559Z","Azure Monitor","brazilsoutheast","CAD","100 GB Commitment Tier Capacity Reservation","100","1/Day","624.5158","2020-10-01T00:00:00.000Z","85.2174","6.2452"
"2024-08-02T06:11:10.559Z","Azure Monitor","brazilsoutheast","CAD","200 GB Commitment Tier Capacity Reservation","200","1/Day","1172.5602","2020-10-01T00:00:00.000Z","187.7538","5.8628"
"2024-08-02T06:11:10.559Z","Azure Monitor","brazilsoutheast","CAD","300 GB Commitment Tier Capacity Reservation","300","1/Day","1720.6047","2020-10-01T00:00:00.000Z","293.4783","5.7353"
"2024-08-02T06:11:10.559Z","Azure Monitor","brazilsoutheast","CAD","400 GB Commitment Tier Capacity Reservation","400","1/Day","2243.1587","2020-10-01T00:00:00.000Z","391.1144","5.6079"
"2024-08-02T06:11:10.559Z","Azure Monitor","brazilsoutheast","CAD","500 GB Commitment Tier Capacity Reservation","500","1/Day","2756.1538","2020-10-01T00:00:00.000Z","491.4770","5.5123"
"2024-08-02T06:11:10.559Z","Azure Monitor","brazilsoutheast","CAD","1000 GB Commitment Tier Capacity Reservation","1000","1/Day","5416.7185","2021-06-01T00:00:00.000Z","982.6603","5.4167"
"2024-08-02T06:11:10.559Z","Azure Monitor","brazilsoutheast","CAD","2000 GB Commitment Tier Capacity Reservation","2000","1/Day","10578.5326","2021-06-01T00:00:00.000Z","1952.9478","5.2893"
"2024-08-02T06:11:10.559Z","Azure Monitor","brazilsoutheast","CAD","5000 GB Commitment Tier Capacity Reservation","5000","1/Day","25649.7552","2021-06-01T00:00:00.000Z","4849.3667","5.1300"
