"TimeGenerated","ServiceName","ArmRegionName","CurrencyCode","MeterName","Tier","UnitOfMeasure","RetailPrice","EffectiveStartDate","EffectiveCommitmentTierThresholdGB","EffectivePricePerGB"
"2023-03-29T15:50:58.330Z","Azure Monitor","brazilsoutheast","KRW","Pay-as-you-go Data Ingestion","Pay-as-you-go","1 GB","6902.1275","2020-09-01T02:00:00.000Z","0","6902.1275"
"2023-03-29T15:50:58.330Z","Azure Monitor","brazilsoutheast","KRW","100 GB Commitment Tier Capacity Reservation","100","1/Day","588181.3","2020-10-01T02:00:00.000Z","85.2174","5881.813"
"2023-03-29T15:50:58.330Z","Azure Monitor","brazilsoutheast","KRW","200 GB Commitment Tier Capacity Reservation","200","1/Day","1104340.4","2020-10-01T02:00:00.000Z","187.7551","5521.702"
"2023-03-29T15:50:58.330Z","Azure Monitor","brazilsoutheast","KRW","300 GB Commitment Tier Capacity Reservation","300","1/Day","1620499.5","2020-10-01T02:00:00.000Z","293.4783","5401.665"
"2023-03-29T15:50:58.330Z","Azure Monitor","brazilsoutheast","KRW","400 GB Commitment Tier Capacity Reservation","400","1/Day","2112651.2","2020-10-01T02:00:00.000Z","391.1111","5281.628"
"2023-03-29T15:50:58.330Z","Azure Monitor","brazilsoutheast","KRW","500 GB Commitment Tier Capacity Reservation","500","1/Day","2595800.125","2020-10-01T02:00:00.000Z","491.4773","5191.6002"
"2023-03-29T15:50:58.330Z","Azure Monitor","brazilsoutheast","KRW","1000 GB Commitment Tier Capacity Reservation","1000","1/Day","5101572.5","2021-06-01T02:00:00.000Z","982.659","5101.5725"
"2023-03-29T15:50:58.330Z","Azure Monitor","brazilsoutheast","KRW","2000 GB Commitment Tier Capacity Reservation","2000","1/Day","9963071","2021-06-01T02:00:00.000Z","1952.9412","4981.5355"
"2023-03-29T15:50:58.330Z","Azure Monitor","brazilsoutheast","KRW","5000 GB Commitment Tier Capacity Reservation","5000","1/Day","24157446.25","2021-06-01T02:00:00.000Z","4849.3976","4831.4892"
"2023-04-12T13:28:34.468Z","Azure Monitor","brazilsoutheast","KRW","Pay-as-you-go Data Ingestion","Pay-as-you-go","1 GB","6891.0185","2020-09-01T02:00:00.000Z","0","6891.0185"
"2023-04-12T13:28:34.468Z","Azure Monitor","brazilsoutheast","KRW","100 GB Commitment Tier Capacity Reservation","100","1/Day","587234.62","2020-10-01T02:00:00.000Z","85.2174","5872.3462"
"2023-04-12T13:28:34.468Z","Azure Monitor","brazilsoutheast","KRW","200 GB Commitment Tier Capacity Reservation","200","1/Day","1102562.96","2020-10-01T02:00:00.000Z","187.7551","5512.8148"
"2023-04-12T13:28:34.468Z","Azure Monitor","brazilsoutheast","KRW","300 GB Commitment Tier Capacity Reservation","300","1/Day","1617891.3","2020-10-01T02:00:00.000Z","293.4783","5392.971"
"2023-04-12T13:28:34.468Z","Azure Monitor","brazilsoutheast","KRW","400 GB Commitment Tier Capacity Reservation","400","1/Day","2109250.88","2020-10-01T02:00:00.000Z","391.1111","5273.1272"
"2023-04-12T13:28:34.468Z","Azure Monitor","brazilsoutheast","KRW","500 GB Commitment Tier Capacity Reservation","500","1/Day","2591622.175","2020-10-01T02:00:00.000Z","491.4773","5183.2444"
"2023-04-12T13:28:34.468Z","Azure Monitor","brazilsoutheast","KRW","1000 GB Commitment Tier Capacity Reservation","1000","1/Day","5093361.5","2021-06-01T02:00:00.000Z","982.659","5093.3615"
"2023-04-12T13:28:34.468Z","Azure Monitor","brazilsoutheast","KRW","2000 GB Commitment Tier Capacity Reservation","2000","1/Day","9947035.4","2021-06-01T02:00:00.000Z","1952.9412","4973.5177"
"2023-04-12T13:28:34.468Z","Azure Monitor","brazilsoutheast","KRW","5000 GB Commitment Tier Capacity Reservation","5000","1/Day","24118564.75","2021-06-01T02:00:00.000Z","4849.3976","4823.713"
"2023-05-02T08:07:40.927Z","Azure Monitor","brazilsoutheast","KRW","Pay-as-you-go Data Ingestion","Pay-as-you-go","1 GB","7069.2915","2020-09-01T02:00:00.000Z","0","7069.2915"
"2023-05-02T08:07:40.927Z","Azure Monitor","brazilsoutheast","KRW","100 GB Commitment Tier Capacity Reservation","100","1/Day","602426.58","2020-10-01T02:00:00.000Z","85.2174","6024.2658"
"2023-05-02T08:07:40.927Z","Azure Monitor","brazilsoutheast","KRW","200 GB Commitment Tier Capacity Reservation","200","1/Day","1131086.64","2020-10-01T02:00:00.000Z","187.7551","5655.4332"
"2023-05-02T08:07:40.927Z","Azure Monitor","brazilsoutheast","KRW","300 GB Commitment Tier Capacity Reservation","300","1/Day","1659746.7","2020-10-01T02:00:00.000Z","293.4783","5532.489"
"2023-05-02T08:07:40.927Z","Azure Monitor","brazilsoutheast","KRW","400 GB Commitment Tier Capacity Reservation","400","1/Day","2163817.92","2020-10-01T02:00:00.000Z","391.1111","5409.5448"
"2023-05-02T08:07:40.927Z","Azure Monitor","brazilsoutheast","KRW","500 GB Commitment Tier Capacity Reservation","500","1/Day","2658668.325","2020-10-01T02:00:00.000Z","491.4773","5317.3366"
"2023-05-02T08:07:40.927Z","Azure Monitor","brazilsoutheast","KRW","1000 GB Commitment Tier Capacity Reservation","1000","1/Day","5225128.5","2021-06-01T02:00:00.000Z","982.659","5225.1285"
"2023-05-02T08:07:40.927Z","Azure Monitor","brazilsoutheast","KRW","2000 GB Commitment Tier Capacity Reservation","2000","1/Day","10204368.6","2021-06-01T02:00:00.000Z","1952.9412","5102.1843"
"2023-05-02T08:07:40.927Z","Azure Monitor","brazilsoutheast","KRW","5000 GB Commitment Tier Capacity Reservation","5000","1/Day","24742520.25","2021-06-01T02:00:00.000Z","4849.3976","4948.504"
"2023-06-02T08:07:42.568Z","Azure Monitor","brazilsoutheast","KRW","Pay-as-you-go Data Ingestion","Pay-as-you-go","1 GB","7006.3405","2020-09-01T02:00:00.000Z","0","7006.3405"
"2023-06-02T08:07:42.568Z","Azure Monitor","brazilsoutheast","KRW","100 GB Commitment Tier Capacity Reservation","100","1/Day","597062.06","2020-10-01T02:00:00.000Z","85.2174","5970.6206"
"2023-06-02T08:07:42.568Z","Azure Monitor","brazilsoutheast","KRW","200 GB Commitment Tier Capacity Reservation","200","1/Day","1121014.48","2020-10-01T02:00:00.000Z","187.7551","5605.0724"
"2023-06-02T08:07:42.568Z","Azure Monitor","brazilsoutheast","KRW","300 GB Commitment Tier Capacity Reservation","300","1/Day","1644966.9","2020-10-01T02:00:00.000Z","293.4783","5483.223"
"2023-06-02T08:07:42.568Z","Azure Monitor","brazilsoutheast","KRW","400 GB Commitment Tier Capacity Reservation","400","1/Day","2144549.44","2020-10-01T02:00:00.000Z","391.1111","5361.3736"
"2023-06-02T08:07:42.568Z","Azure Monitor","brazilsoutheast","KRW","500 GB Commitment Tier Capacity Reservation","500","1/Day","2634993.275","2020-10-01T02:00:00.000Z","491.4773","5269.9866"
"2023-06-02T08:07:42.568Z","Azure Monitor","brazilsoutheast","KRW","1000 GB Commitment Tier Capacity Reservation","1000","1/Day","5178599.5","2021-06-01T02:00:00.000Z","982.659","5178.5995"
"2023-06-02T08:07:42.568Z","Azure Monitor","brazilsoutheast","KRW","2000 GB Commitment Tier Capacity Reservation","2000","1/Day","10113500.2","2021-06-01T02:00:00.000Z","1952.9412","5056.7501"
"2023-06-02T08:07:42.568Z","Azure Monitor","brazilsoutheast","KRW","5000 GB Commitment Tier Capacity Reservation","5000","1/Day","24522191.75","2021-06-01T02:00:00.000Z","4849.3976","4904.4384"
"2023-07-07T06:09:02.036Z","Azure Monitor","brazilsoutheast","KRW","Pay-as-you-go Data Ingestion","Pay-as-you-go","1 GB","6915.3525","2020-09-01T00:00:00.000Z","0","6915.3525"
"2023-07-07T06:09:02.036Z","Azure Monitor","brazilsoutheast","KRW","100 GB Commitment Tier Capacity Reservation","100","1/Day","589308.3","2020-10-01T00:00:00.000Z","85.2174","5893.083"
"2023-07-07T06:09:02.036Z","Azure Monitor","brazilsoutheast","KRW","200 GB Commitment Tier Capacity Reservation","200","1/Day","1106456.4","2020-10-01T00:00:00.000Z","187.7551","5532.282"
"2023-07-07T06:09:02.036Z","Azure Monitor","brazilsoutheast","KRW","300 GB Commitment Tier Capacity Reservation","300","1/Day","1623604.5","2020-10-01T00:00:00.000Z","293.4783","5412.015"
"2023-07-07T06:09:02.036Z","Azure Monitor","brazilsoutheast","KRW","400 GB Commitment Tier Capacity Reservation","400","1/Day","2116699.2","2020-10-01T00:00:00.000Z","391.1111","5291.748"
"2023-07-07T06:09:02.036Z","Azure Monitor","brazilsoutheast","KRW","500 GB Commitment Tier Capacity Reservation","500","1/Day","2600773.875","2020-10-01T00:00:00.000Z","491.4773","5201.5478"
"2023-07-07T06:09:02.036Z","Azure Monitor","brazilsoutheast","KRW","1000 GB Commitment Tier Capacity Reservation","1000","1/Day","5111347.5","2021-06-01T00:00:00.000Z","982.659","5111.3475"
"2023-07-07T06:09:02.036Z","Azure Monitor","brazilsoutheast","KRW","2000 GB Commitment Tier Capacity Reservation","2000","1/Day","9982161","2021-06-01T00:00:00.000Z","1952.9412","4991.0805"
"2023-07-07T06:09:02.036Z","Azure Monitor","brazilsoutheast","KRW","5000 GB Commitment Tier Capacity Reservation","5000","1/Day","24203733.75","2021-06-01T00:00:00.000Z","4849.3976","4840.7468"
"2023-08-01T06:08:30.007Z","Azure Monitor","brazilsoutheast","KRW","Pay-as-you-go Data Ingestion","Pay-as-you-go","1 GB","6759.2975","2020-09-01T00:00:00.000Z","0","6759.2975"
"2023-08-01T06:08:30.007Z","Azure Monitor","brazilsoutheast","KRW","100 GB Commitment Tier Capacity Reservation","100","1/Day","576009.7","2020-10-01T00:00:00.000Z","85.2174","5760.097"
"2023-08-01T06:08:30.007Z","Azure Monitor","brazilsoutheast","KRW","200 GB Commitment Tier Capacity Reservation","200","1/Day","1081487.6","2020-10-01T00:00:00.000Z","187.7551","5407.438"
"2023-08-01T06:08:30.007Z","Azure Monitor","brazilsoutheast","KRW","300 GB Commitment Tier Capacity Reservation","300","1/Day","1586965.5","2020-10-01T00:00:00.000Z","293.4783","5289.885"
"2023-08-01T06:08:30.007Z","Azure Monitor","brazilsoutheast","KRW","400 GB Commitment Tier Capacity Reservation","400","1/Day","2068932.8","2020-10-01T00:00:00.000Z","391.1111","5172.332"
"2023-08-01T06:08:30.007Z","Azure Monitor","brazilsoutheast","KRW","500 GB Commitment Tier Capacity Reservation","500","1/Day","2542083.625","2020-10-01T00:00:00.000Z","491.4773","5084.1672"
"2023-08-01T06:08:30.007Z","Azure Monitor","brazilsoutheast","KRW","1000 GB Commitment Tier Capacity Reservation","1000","1/Day","4996002.5","2021-06-01T00:00:00.000Z","982.659","4996.0025"
"2023-08-01T06:08:30.007Z","Azure Monitor","brazilsoutheast","KRW","2000 GB Commitment Tier Capacity Reservation","2000","1/Day","9756899","2021-06-01T00:00:00.000Z","1952.9412","4878.4495"
"2023-08-01T06:08:30.007Z","Azure Monitor","brazilsoutheast","KRW","5000 GB Commitment Tier Capacity Reservation","5000","1/Day","23657541.25","2021-06-01T00:00:00.000Z","4849.3976","4731.5082"
"2023-09-02T06:07:00.316Z","Azure Monitor","brazilsoutheast","KRW","Pay-as-you-go Data Ingestion","Pay-as-you-go","1 GB","6993.38","2020-09-01T00:00:00.000Z","0","6993.38"
"2023-09-02T06:07:00.316Z","Azure Monitor","brazilsoutheast","KRW","100 GB Commitment Tier Capacity Reservation","100","1/Day","595957.6","2020-10-01T00:00:00.000Z","85.2174","5959.576"
"2023-09-02T06:07:00.316Z","Azure Monitor","brazilsoutheast","KRW","200 GB Commitment Tier Capacity Reservation","200","1/Day","1118940.8","2020-10-01T00:00:00.000Z","187.7551","5594.704"
"2023-09-02T06:07:00.316Z","Azure Monitor","brazilsoutheast","KRW","300 GB Commitment Tier Capacity Reservation","300","1/Day","1641924","2020-10-01T00:00:00.000Z","293.4783","5473.08"
"2023-09-02T06:07:00.316Z","Azure Monitor","brazilsoutheast","KRW","400 GB Commitment Tier Capacity Reservation","400","1/Day","2140582.4","2020-10-01T00:00:00.000Z","391.1111","5351.456"
"2023-09-02T06:07:00.316Z","Azure Monitor","brazilsoutheast","KRW","500 GB Commitment Tier Capacity Reservation","500","1/Day","2630119","2020-10-01T00:00:00.000Z","491.4773","5260.238"
"2023-09-02T06:07:00.316Z","Azure Monitor","brazilsoutheast","KRW","1000 GB Commitment Tier Capacity Reservation","1000","1/Day","5169020","2021-06-01T00:00:00.000Z","982.659","5169.02"
"2023-09-02T06:07:00.316Z","Azure Monitor","brazilsoutheast","KRW","2000 GB Commitment Tier Capacity Reservation","2000","1/Day","10094792","2021-06-01T00:00:00.000Z","1952.9412","5047.396"
"2023-09-02T06:07:00.316Z","Azure Monitor","brazilsoutheast","KRW","5000 GB Commitment Tier Capacity Reservation","5000","1/Day","24476830","2021-06-01T00:00:00.000Z","4849.3976","4895.366"
"2023-10-02T06:08:46.154Z","Azure Monitor","brazilsoutheast","KRW","Pay-as-you-go Data Ingestion","Pay-as-you-go","1 GB","7138.326","2020-09-01T00:00:00.000Z","0","7138.326"
"2023-10-02T06:08:46.154Z","Azure Monitor","brazilsoutheast","KRW","100 GB Commitment Tier Capacity Reservation","100","1/Day","608309.52","2020-10-01T00:00:00.000Z","85.2174","6083.0952"
"2023-10-02T06:08:46.154Z","Azure Monitor","brazilsoutheast","KRW","200 GB Commitment Tier Capacity Reservation","200","1/Day","1142132.16","2020-10-01T00:00:00.000Z","187.7551","5710.6608"
"2023-10-02T06:08:46.154Z","Azure Monitor","brazilsoutheast","KRW","300 GB Commitment Tier Capacity Reservation","300","1/Day","1675954.8","2020-10-01T00:00:00.000Z","293.4783","5586.516"
"2023-10-02T06:08:46.154Z","Azure Monitor","brazilsoutheast","KRW","400 GB Commitment Tier Capacity Reservation","400","1/Day","2184948.48","2020-10-01T00:00:00.000Z","391.1111","5462.3712"
"2023-10-02T06:08:46.154Z","Azure Monitor","brazilsoutheast","KRW","500 GB Commitment Tier Capacity Reservation","500","1/Day","2684631.3","2020-10-01T00:00:00.000Z","491.4773","5369.2626"
"2023-10-02T06:08:46.154Z","Azure Monitor","brazilsoutheast","KRW","1000 GB Commitment Tier Capacity Reservation","1000","1/Day","5276154","2021-06-01T00:00:00.000Z","982.659","5276.154"
"2023-10-02T06:08:46.154Z","Azure Monitor","brazilsoutheast","KRW","2000 GB Commitment Tier Capacity Reservation","2000","1/Day","10304018.4","2021-06-01T00:00:00.000Z","1952.9412","5152.0092"
"2023-10-02T06:08:46.154Z","Azure Monitor","brazilsoutheast","KRW","5000 GB Commitment Tier Capacity Reservation","5000","1/Day","24984141","2021-06-01T00:00:00.000Z","4849.3976","4996.8282"
"2023-11-01T06:08:41.407Z","Azure Monitor","brazilsoutheast","KRW","Pay-as-you-go Data Ingestion","Pay-as-you-go","1 GB","7172.4465","2020-09-01T00:00:00.000Z","0","7172.4465"
"2023-11-01T06:08:41.407Z","Azure Monitor","brazilsoutheast","KRW","100 GB Commitment Tier Capacity Reservation","100","1/Day","611217.18","2020-10-01T00:00:00.000Z","85.2174","6112.1718"
"2023-11-01T06:08:41.407Z","Azure Monitor","brazilsoutheast","KRW","200 GB Commitment Tier Capacity Reservation","200","1/Day","1147591.44","2020-10-01T00:00:00.000Z","187.7551","5737.9572"
"2023-11-01T06:08:41.407Z","Azure Monitor","brazilsoutheast","KRW","300 GB Commitment Tier Capacity Reservation","300","1/Day","1683965.7","2020-10-01T00:00:00.000Z","293.4783","5613.219"
"2023-11-01T06:08:41.407Z","Azure Monitor","brazilsoutheast","KRW","400 GB Commitment Tier Capacity Reservation","400","1/Day","2195392.32","2020-10-01T00:00:00.000Z","391.1111","5488.4808"
"2023-11-01T06:08:41.407Z","Azure Monitor","brazilsoutheast","KRW","500 GB Commitment Tier Capacity Reservation","500","1/Day","2697463.575","2020-10-01T00:00:00.000Z","491.4773","5394.9272"
"2023-11-01T06:08:41.407Z","Azure Monitor","brazilsoutheast","KRW","1000 GB Commitment Tier Capacity Reservation","1000","1/Day","5301373.5","2021-06-01T00:00:00.000Z","982.659","5301.3735"
"2023-11-01T06:08:41.407Z","Azure Monitor","brazilsoutheast","KRW","2000 GB Commitment Tier Capacity Reservation","2000","1/Day","10353270.6","2021-06-01T00:00:00.000Z","1952.9412","5176.6353"
"2023-11-01T06:08:41.407Z","Azure Monitor","brazilsoutheast","KRW","5000 GB Commitment Tier Capacity Reservation","5000","1/Day","25103562.75","2021-06-01T00:00:00.000Z","4849.3976","5020.7126"
"2023-12-02T06:07:58.693Z","Azure Monitor","brazilsoutheast","KRW","Pay-as-you-go Data Ingestion","Pay-as-you-go","1 GB","6843.673","2020-09-01T00:00:00.000Z","0","6843.673"
"2023-12-02T06:07:58.693Z","Azure Monitor","brazilsoutheast","KRW","100 GB Commitment Tier Capacity Reservation","100","1/Day","583199.96","2020-10-01T00:00:00.000Z","85.2174","5831.9996"
"2023-12-02T06:07:58.693Z","Azure Monitor","brazilsoutheast","KRW","200 GB Commitment Tier Capacity Reservation","200","1/Day","1094987.68","2020-10-01T00:00:00.000Z","187.7551","5474.9384"
"2023-12-02T06:07:58.693Z","Azure Monitor","brazilsoutheast","KRW","300 GB Commitment Tier Capacity Reservation","300","1/Day","1606775.4","2020-10-01T00:00:00.000Z","293.4783","5355.918"
"2023-12-02T06:07:58.693Z","Azure Monitor","brazilsoutheast","KRW","400 GB Commitment Tier Capacity Reservation","400","1/Day","2094759.04","2020-10-01T00:00:00.000Z","391.1111","5236.8976"
"2023-12-02T06:07:58.693Z","Azure Monitor","brazilsoutheast","KRW","500 GB Commitment Tier Capacity Reservation","500","1/Day","2573816.15","2020-10-01T00:00:00.000Z","491.4773","5147.6323"
"2023-12-02T06:07:58.693Z","Azure Monitor","brazilsoutheast","KRW","1000 GB Commitment Tier Capacity Reservation","1000","1/Day","5058367","2021-06-01T00:00:00.000Z","982.659","5058.367"
"2023-12-02T06:07:58.693Z","Azure Monitor","brazilsoutheast","KRW","2000 GB Commitment Tier Capacity Reservation","2000","1/Day","9878693.2","2021-06-01T00:00:00.000Z","1952.9412","4939.3466"
"2023-12-02T06:07:58.693Z","Azure Monitor","brazilsoutheast","KRW","5000 GB Commitment Tier Capacity Reservation","5000","1/Day","23952855.5","2021-06-01T00:00:00.000Z","4849.3976","4790.5711"
"2024-01-02T06:08:37.104Z","Azure Monitor","brazilsoutheast","KRW","Pay-as-you-go Data Ingestion","Pay-as-you-go","1 GB","6846.5825","2020-09-01T00:00:00.000Z","0","6846.5825"
"2024-01-02T06:08:37.104Z","Azure Monitor","brazilsoutheast","KRW","100 GB Commitment Tier Capacity Reservation","100","1/Day","583447.9","2020-10-01T00:00:00.000Z","85.2174","5834.479"
"2024-01-02T06:08:37.104Z","Azure Monitor","brazilsoutheast","KRW","200 GB Commitment Tier Capacity Reservation","200","1/Day","1095453.2","2020-10-01T00:00:00.000Z","187.7551","5477.266"
"2024-01-02T06:08:37.104Z","Azure Monitor","brazilsoutheast","KRW","300 GB Commitment Tier Capacity Reservation","300","1/Day","1607458.5","2020-10-01T00:00:00.000Z","293.4783","5358.195"
"2024-01-02T06:08:37.104Z","Azure Monitor","brazilsoutheast","KRW","400 GB Commitment Tier Capacity Reservation","400","1/Day","2095649.6","2020-10-01T00:00:00.000Z","391.1111","5239.124"
"2024-01-02T06:08:37.104Z","Azure Monitor","brazilsoutheast","KRW","500 GB Commitment Tier Capacity Reservation","500","1/Day","2574910.375","2020-10-01T00:00:00.000Z","491.4773","5149.8208"
"2024-01-02T06:08:37.104Z","Azure Monitor","brazilsoutheast","KRW","1000 GB Commitment Tier Capacity Reservation","1000","1/Day","5060517.5","2021-06-01T00:00:00.000Z","982.6589","5060.5175"
"2024-01-02T06:08:37.104Z","Azure Monitor","brazilsoutheast","KRW","2000 GB Commitment Tier Capacity Reservation","2000","1/Day","9882893","2021-06-01T00:00:00.000Z","1952.9412","4941.4465"
"2024-01-02T06:08:37.104Z","Azure Monitor","brazilsoutheast","KRW","5000 GB Commitment Tier Capacity Reservation","5000","1/Day","23963038.75","2021-06-01T00:00:00.000Z","4849.3976","4792.6078"
"2024-02-02T06:08:03.849Z","Azure Monitor","brazilsoutheast","KRW","Pay-as-you-go Data Ingestion","Pay-as-you-go","1 GB","7066.1175","2020-09-01T00:00:00.000Z","0","7066.1175"
"2024-02-02T06:08:03.849Z","Azure Monitor","brazilsoutheast","KRW","100 GB Commitment Tier Capacity Reservation","100","1/Day","602156.1","2020-10-01T00:00:00.000Z","85.2174","6021.561"
"2024-02-02T06:08:03.849Z","Azure Monitor","brazilsoutheast","KRW","200 GB Commitment Tier Capacity Reservation","200","1/Day","1130578.8","2020-10-01T00:00:00.000Z","187.7551","5652.894"
"2024-02-02T06:08:03.849Z","Azure Monitor","brazilsoutheast","KRW","300 GB Commitment Tier Capacity Reservation","300","1/Day","1659001.5","2020-10-01T00:00:00.000Z","293.4783","5530.005"
"2024-02-02T06:08:03.849Z","Azure Monitor","brazilsoutheast","KRW","400 GB Commitment Tier Capacity Reservation","400","1/Day","2162846.4","2020-10-01T00:00:00.000Z","391.1111","5407.116"
"2024-02-02T06:08:03.849Z","Azure Monitor","brazilsoutheast","KRW","500 GB Commitment Tier Capacity Reservation","500","1/Day","2657474.625","2020-10-01T00:00:00.000Z","491.4773","5314.9492"
"2024-02-02T06:08:03.849Z","Azure Monitor","brazilsoutheast","KRW","1000 GB Commitment Tier Capacity Reservation","1000","1/Day","5222782.5","2021-06-01T00:00:00.000Z","982.659","5222.7825"
"2024-02-02T06:08:03.849Z","Azure Monitor","brazilsoutheast","KRW","2000 GB Commitment Tier Capacity Reservation","2000","1/Day","10199787","2021-06-01T00:00:00.000Z","1952.9412","5099.8935"
"2024-02-02T06:08:03.849Z","Azure Monitor","brazilsoutheast","KRW","5000 GB Commitment Tier Capacity Reservation","5000","1/Day","24731411.25","2021-06-01T00:00:00.000Z","4849.3976","4946.2822"
"2024-03-02T06:08:20.311Z","Azure Monitor","brazilsoutheast","KRW","Pay-as-you-go Data Ingestion","Pay-as-you-go","1 GB","7040.7255","2020-09-01T00:00:00.000Z","0","7040.7255"
"2024-03-02T06:08:20.311Z","Azure Monitor","brazilsoutheast","KRW","100 GB Commitment Tier Capacity Reservation","100","1/Day","599992.26","2020-10-01T00:00:00.000Z","85.2174","5999.9226"
"2024-03-02T06:08:20.311Z","Azure Monitor","brazilsoutheast","KRW","200 GB Commitment Tier Capacity Reservation","200","1/Day","1126516.08","2020-10-01T00:00:00.000Z","187.7551","5632.5804"
"2024-03-02T06:08:20.311Z","Azure Monitor","brazilsoutheast","KRW","300 GB Commitment Tier Capacity Reservation","300","1/Day","1653039.9","2020-10-01T00:00:00.000Z","293.4783","5510.133"
"2024-03-02T06:08:20.311Z","Azure Monitor","brazilsoutheast","KRW","400 GB Commitment Tier Capacity Reservation","400","1/Day","2155074.24","2020-10-01T00:00:00.000Z","391.1111","5387.6856"
"2024-03-02T06:08:20.311Z","Azure Monitor","brazilsoutheast","KRW","500 GB Commitment Tier Capacity Reservation","500","1/Day","2647925.025","2020-10-01T00:00:00.000Z","491.4773","5295.85"
"2024-03-02T06:08:20.311Z","Azure Monitor","brazilsoutheast","KRW","1000 GB Commitment Tier Capacity Reservation","1000","1/Day","5204014.5","2021-06-01T00:00:00.000Z","982.659","5204.0145"
"2024-03-02T06:08:20.311Z","Azure Monitor","brazilsoutheast","KRW","2000 GB Commitment Tier Capacity Reservation","2000","1/Day","10163134.2","2021-06-01T00:00:00.000Z","1952.9412","5081.5671"
"2024-03-02T06:08:20.311Z","Azure Monitor","brazilsoutheast","KRW","5000 GB Commitment Tier Capacity Reservation","5000","1/Day","24642539.25","2021-06-01T00:00:00.000Z","4849.3976","4928.5078"
"2024-04-03T09:26:28.723Z","Azure Monitor","brazilsoutheast","KRW","Pay-as-you-go Data Ingestion","Pay-as-you-go","1 GB","7086.2195","2020-09-01T00:00:00.000Z","0","7086.2195"
"2024-04-03T09:26:28.723Z","Azure Monitor","brazilsoutheast","KRW","100 GB Commitment Tier Capacity Reservation","100","1/Day","603869.14","2020-10-01T00:00:00.000Z","85.2174","6038.6914"
"2024-04-03T09:26:28.723Z","Azure Monitor","brazilsoutheast","KRW","200 GB Commitment Tier Capacity Reservation","200","1/Day","1133795.12","2020-10-01T00:00:00.000Z","187.7551","5668.9756"
"2024-04-03T09:26:28.723Z","Azure Monitor","brazilsoutheast","KRW","300 GB Commitment Tier Capacity Reservation","300","1/Day","1663721.1","2020-10-01T00:00:00.000Z","293.4783","5545.737"
"2024-04-03T09:26:28.723Z","Azure Monitor","brazilsoutheast","KRW","400 GB Commitment Tier Capacity Reservation","400","1/Day","2168999.36","2020-10-01T00:00:00.000Z","391.1111","5422.4984"
"2024-04-03T09:26:28.723Z","Azure Monitor","brazilsoutheast","KRW","500 GB Commitment Tier Capacity Reservation","500","1/Day","2665034.725","2020-10-01T00:00:00.000Z","491.4773","5330.0694"
"2024-04-03T09:26:28.723Z","Azure Monitor","brazilsoutheast","KRW","1000 GB Commitment Tier Capacity Reservation","1000","1/Day","5237640.5","2021-06-01T00:00:00.000Z","982.659","5237.6405"
"2024-04-03T09:26:28.723Z","Azure Monitor","brazilsoutheast","KRW","2000 GB Commitment Tier Capacity Reservation","2000","1/Day","10228803.8","2021-06-01T00:00:00.000Z","1952.9412","5114.4019"
"2024-04-03T09:26:28.723Z","Azure Monitor","brazilsoutheast","KRW","5000 GB Commitment Tier Capacity Reservation","5000","1/Day","24801768.25","2021-06-01T00:00:00.000Z","4849.3976","4960.3536"
"2024-05-01T06:09:59.892Z","Azure Monitor","brazilsoutheast","KRW","Pay-as-you-go Data Ingestion","Pay-as-you-go","1 GB","7275.866","2020-09-01T00:00:00.000Z","0","7275.866"
"2024-05-01T06:09:59.892Z","Azure Monitor","brazilsoutheast","KRW","100 GB Commitment Tier Capacity Reservation","100","1/Day","620030.32","2020-10-01T00:00:00.000Z","85.2174","6200.3032"
"2024-05-01T06:09:59.892Z","Azure Monitor","brazilsoutheast","KRW","200 GB Commitment Tier Capacity Reservation","200","1/Day","1164138.56","2020-10-01T00:00:00.000Z","187.7551","5820.6928"
"2024-05-01T06:09:59.892Z","Azure Monitor","brazilsoutheast","KRW","300 GB Commitment Tier Capacity Reservation","300","1/Day","1708246.8","2020-10-01T00:00:00.000Z","293.4783","5694.156"
"2024-05-01T06:09:59.892Z","Azure Monitor","brazilsoutheast","KRW","400 GB Commitment Tier Capacity Reservation","400","1/Day","2227047.68","2020-10-01T00:00:00.000Z","391.1111","5567.6192"
"2024-05-01T06:09:59.892Z","Azure Monitor","brazilsoutheast","KRW","500 GB Commitment Tier Capacity Reservation","500","1/Day","2736358.3","2020-10-01T00:00:00.000Z","491.4773","5472.7166"
"2024-05-01T06:09:59.892Z","Azure Monitor","brazilsoutheast","KRW","1000 GB Commitment Tier Capacity Reservation","1000","1/Day","5377814","2021-06-01T00:00:00.000Z","982.659","5377.814"
"2024-05-01T06:09:59.892Z","Azure Monitor","brazilsoutheast","KRW","2000 GB Commitment Tier Capacity Reservation","2000","1/Day","10502554.4","2021-06-01T00:00:00.000Z","1952.9412","5251.2772"
"2024-05-01T06:09:59.892Z","Azure Monitor","brazilsoutheast","KRW","5000 GB Commitment Tier Capacity Reservation","5000","1/Day","25465531","2021-06-01T00:00:00.000Z","4849.3976","5093.1062"
"2024-06-01T06:08:37.725Z","Azure Monitor","brazilsoutheast","KRW","Pay-as-you-go Data Ingestion","Pay-as-you-go","1 GB","7220.85","2020-09-01T00:00:00.000Z","0","7220.85"
"2024-06-01T06:08:37.725Z","Azure Monitor","brazilsoutheast","KRW","100 GB Commitment Tier Capacity Reservation","100","1/Day","615342","2020-10-01T00:00:00.000Z","85.2174","6153.42"
"2024-06-01T06:08:37.725Z","Azure Monitor","brazilsoutheast","KRW","200 GB Commitment Tier Capacity Reservation","200","1/Day","1155336","2020-10-01T00:00:00.000Z","187.7551","5776.68"
"2024-06-01T06:08:37.725Z","Azure Monitor","brazilsoutheast","KRW","300 GB Commitment Tier Capacity Reservation","300","1/Day","1695330","2020-10-01T00:00:00.000Z","293.4783","5651.1"
"2024-06-01T06:08:37.725Z","Azure Monitor","brazilsoutheast","KRW","400 GB Commitment Tier Capacity Reservation","400","1/Day","2210208","2020-10-01T00:00:00.000Z","391.1111","5525.52"
"2024-06-01T06:08:37.725Z","Azure Monitor","brazilsoutheast","KRW","500 GB Commitment Tier Capacity Reservation","500","1/Day","2715667.5","2020-10-01T00:00:00.000Z","491.4773","5431.335"
"2024-06-01T06:08:37.725Z","Azure Monitor","brazilsoutheast","KRW","1000 GB Commitment Tier Capacity Reservation","1000","1/Day","5337150","2021-06-01T00:00:00.000Z","982.659","5337.15"
"2024-06-01T06:08:37.725Z","Azure Monitor","brazilsoutheast","KRW","2000 GB Commitment Tier Capacity Reservation","2000","1/Day","10423140","2021-06-01T00:00:00.000Z","1952.9412","5211.57"
"2024-06-01T06:08:37.725Z","Azure Monitor","brazilsoutheast","KRW","5000 GB Commitment Tier Capacity Reservation","5000","1/Day","25272975","2021-06-01T00:00:00.000Z","4849.3976","5054.595"
"2024-07-01T06:11:21.244Z","Azure Monitor","brazilsoutheast","KRW","Pay-as-you-go Data Ingestion","Pay-as-you-go","1 GB","7346.4875","2020-09-01T00:00:00.000Z","0","7346.4875"
"2024-07-01T06:11:21.244Z","Azure Monitor","brazilsoutheast","KRW","100 GB Commitment Tier Capacity Reservation","100","1/Day","626048.5","2020-10-01T00:00:00.000Z","85.2174","6260.485"
"2024-07-01T06:11:21.244Z","Azure Monitor","brazilsoutheast","KRW","200 GB Commitment Tier Capacity Reservation","200","1/Day","1175438","2020-10-01T00:00:00.000Z","187.7551","5877.19"
"2024-07-01T06:11:21.244Z","Azure Monitor","brazilsoutheast","KRW","300 GB Commitment Tier Capacity Reservation","300","1/Day","1724827.5","2020-10-01T00:00:00.000Z","293.4783","5749.425"
"2024-07-01T06:11:21.244Z","Azure Monitor","brazilsoutheast","KRW","400 GB Commitment Tier Capacity Reservation","400","1/Day","2248664","2020-10-01T00:00:00.000Z","391.1111","5621.66"
"2024-07-01T06:11:21.244Z","Azure Monitor","brazilsoutheast","KRW","500 GB Commitment Tier Capacity Reservation","500","1/Day","2762918.125","2020-10-01T00:00:00.000Z","491.4773","5525.8362"
"2024-07-01T06:11:21.244Z","Azure Monitor","brazilsoutheast","KRW","1000 GB Commitment Tier Capacity Reservation","1000","1/Day","5430012.5","2021-06-01T00:00:00.000Z","982.659","5430.0125"
"2024-07-01T06:11:21.244Z","Azure Monitor","brazilsoutheast","KRW","2000 GB Commitment Tier Capacity Reservation","2000","1/Day","10604495","2021-06-01T00:00:00.000Z","1952.9412","5302.2475"
"2024-07-01T06:11:21.244Z","Azure Monitor","brazilsoutheast","KRW","5000 GB Commitment Tier Capacity Reservation","5000","1/Day","25712706.25","2021-06-01T00:00:00.000Z","4849.3976","5142.5412"
"2024-08-02T06:11:10.559Z","Azure Monitor","brazilsoutheast","KRW","Pay-as-you-go Data Ingestion","Pay-as-you-go","1 GB","7310.251","2020-09-01T00:00:00.000Z","0","7310.251"
"2024-08-02T06:11:10.559Z","Azure Monitor","brazilsoutheast","KRW","100 GB Commitment Tier Capacity Reservation","100","1/Day","622960.52","2020-10-01T00:00:00.000Z","85.2174","6229.6052"
"2024-08-02T06:11:10.559Z","Azure Monitor","brazilsoutheast","KRW","200 GB Commitment Tier Capacity Reservation","200","1/Day","1169640.16","2020-10-01T00:00:00.000Z","187.7551","5848.2008"
"2024-08-02T06:11:10.559Z","Azure Monitor","brazilsoutheast","KRW","300 GB Commitment Tier Capacity Reservation","300","1/Day","1716319.8","2020-10-01T00:00:00.000Z","293.4783","5721.066"
"2024-08-02T06:11:10.559Z","Azure Monitor","brazilsoutheast","KRW","400 GB Commitment Tier Capacity Reservation","400","1/Day","2237572.48","2020-10-01T00:00:00.000Z","391.1111","5593.9312"
"2024-08-02T06:11:10.559Z","Azure Monitor","brazilsoutheast","KRW","500 GB Commitment Tier Capacity Reservation","500","1/Day","2749290.05","2020-10-01T00:00:00.000Z","491.4773","5498.5801"
"2024-08-02T06:11:10.559Z","Azure Monitor","brazilsoutheast","KRW","1000 GB Commitment Tier Capacity Reservation","1000","1/Day","5403229","2021-06-01T00:00:00.000Z","982.6590","5403.229"
"2024-08-02T06:11:10.559Z","Azure Monitor","brazilsoutheast","KRW","2000 GB Commitment Tier Capacity Reservation","2000","1/Day","10552188.4","2021-06-01T00:00:00.000Z","1952.9412","5276.0942"
"2024-08-02T06:11:10.559Z","Azure Monitor","brazilsoutheast","KRW","5000 GB Commitment Tier Capacity Reservation","5000","1/Day","25585878.5","2021-06-01T00:00:00.000Z","4849.3976","5117.1757"
