"TimeGenerated","ServiceName","ArmRegionName","CurrencyCode","MeterName","Tier","UnitOfMeasure","RetailPrice","EffectiveStartDate","EffectiveCommitmentTierThresholdGB","EffectivePricePerGB"
"2023-03-29T15:50:58.330Z","Azure Monitor","brazilsoutheast","SEK","Pay-as-you-go Data Ingestion","Pay-as-you-go","1 GB","55.5016","2020-09-01T02:00:00.000Z","0","55.5016"
"2023-03-29T15:50:58.330Z","Azure Monitor","brazilsoutheast","SEK","100 GB Commitment Tier Capacity Reservation","100","1/Day","4729.7034","2020-10-01T02:00:00.000Z","85.2174","47.297"
"2023-03-29T15:50:58.330Z","Azure Monitor","brazilsoutheast","SEK","200 GB Commitment Tier Capacity Reservation","200","1/Day","8880.2595","2020-10-01T02:00:00.000Z","187.7552","44.4013"
"2023-03-29T15:50:58.330Z","Azure Monitor","brazilsoutheast","SEK","300 GB Commitment Tier Capacity Reservation","300","1/Day","13030.8156","2020-10-01T02:00:00.000Z","293.4782","43.4361"
"2023-03-29T15:50:58.330Z","Azure Monitor","brazilsoutheast","SEK","400 GB Commitment Tier Capacity Reservation","400","1/Day","16988.3226","2020-10-01T02:00:00.000Z","391.1107","42.4708"
"2023-03-29T15:50:58.330Z","Azure Monitor","brazilsoutheast","SEK","500 GB Commitment Tier Capacity Reservation","500","1/Day","20873.4361","2020-10-01T02:00:00.000Z","491.4773","41.7469"
"2023-03-29T15:50:58.330Z","Azure Monitor","brazilsoutheast","SEK","1000 GB Commitment Tier Capacity Reservation","1000","1/Day","41022.938","2021-06-01T02:00:00.000Z","982.6583","41.0229"
"2023-03-29T15:50:58.330Z","Azure Monitor","brazilsoutheast","SEK","2000 GB Commitment Tier Capacity Reservation","2000","1/Day","80115.3848","2021-06-01T02:00:00.000Z","1952.943","40.0577"
"2023-03-29T15:50:58.330Z","Azure Monitor","brazilsoutheast","SEK","5000 GB Commitment Tier Capacity Reservation","5000","1/Day","194255.677","2021-06-01T02:00:00.000Z","4849.3967","38.8511"
"2023-04-12T13:28:34.468Z","Azure Monitor","brazilsoutheast","SEK","Pay-as-you-go Data Ingestion","Pay-as-you-go","1 GB","55.0834","2020-09-01T02:00:00.000Z","0","55.0834"
"2023-04-12T13:28:34.468Z","Azure Monitor","brazilsoutheast","SEK","100 GB Commitment Tier Capacity Reservation","100","1/Day","4694.0677","2020-10-01T02:00:00.000Z","85.2175","46.9407"
"2023-04-12T13:28:34.468Z","Azure Monitor","brazilsoutheast","SEK","200 GB Commitment Tier Capacity Reservation","200","1/Day","8813.3516","2020-10-01T02:00:00.000Z","187.755","44.0668"
"2023-04-12T13:28:34.468Z","Azure Monitor","brazilsoutheast","SEK","300 GB Commitment Tier Capacity Reservation","300","1/Day","12932.6355","2020-10-01T02:00:00.000Z","293.478","43.1088"
"2023-04-12T13:28:34.468Z","Azure Monitor","brazilsoutheast","SEK","400 GB Commitment Tier Capacity Reservation","400","1/Day","16860.3248","2020-10-01T02:00:00.000Z","391.111","42.1508"
"2023-04-12T13:28:34.468Z","Azure Monitor","brazilsoutheast","SEK","500 GB Commitment Tier Capacity Reservation","500","1/Day","20716.1661","2020-10-01T02:00:00.000Z","491.4774","41.4323"
"2023-04-12T13:28:34.468Z","Azure Monitor","brazilsoutheast","SEK","1000 GB Commitment Tier Capacity Reservation","1000","1/Day","40713.8525","2021-06-01T02:00:00.000Z","982.6597","40.7139"
"2023-04-12T13:28:34.468Z","Azure Monitor","brazilsoutheast","SEK","2000 GB Commitment Tier Capacity Reservation","2000","1/Day","79511.759","2021-06-01T02:00:00.000Z","1952.9389","39.7559"
"2023-04-12T13:28:34.468Z","Azure Monitor","brazilsoutheast","SEK","5000 GB Commitment Tier Capacity Reservation","5000","1/Day","192792.0663","2021-06-01T02:00:00.000Z","4849.3951","38.5584"
"2023-05-02T08:07:40.927Z","Azure Monitor","brazilsoutheast","SEK","Pay-as-you-go Data Ingestion","Pay-as-you-go","1 GB","54.646","2020-09-01T02:00:00.000Z","0","54.646"
"2023-05-02T08:07:40.927Z","Azure Monitor","brazilsoutheast","SEK","100 GB Commitment Tier Capacity Reservation","100","1/Day","4656.7865","2020-10-01T02:00:00.000Z","85.2173","46.5679"
"2023-05-02T08:07:40.927Z","Azure Monitor","brazilsoutheast","SEK","200 GB Commitment Tier Capacity Reservation","200","1/Day","8743.3543","2020-10-01T02:00:00.000Z","187.755","43.7168"
"2023-05-02T08:07:40.927Z","Azure Monitor","brazilsoutheast","SEK","300 GB Commitment Tier Capacity Reservation","300","1/Day","12829.9221","2020-10-01T02:00:00.000Z","293.4781","42.7664"
"2023-05-02T08:07:40.927Z","Azure Monitor","brazilsoutheast","SEK","400 GB Commitment Tier Capacity Reservation","400","1/Day","16726.417","2020-10-01T02:00:00.000Z","391.1112","41.816"
"2023-05-02T08:07:40.927Z","Azure Monitor","brazilsoutheast","SEK","500 GB Commitment Tier Capacity Reservation","500","1/Day","20551.6345","2020-10-01T02:00:00.000Z","491.4778","41.1033"
"2023-05-02T08:07:40.927Z","Azure Monitor","brazilsoutheast","SEK","1000 GB Commitment Tier Capacity Reservation","1000","1/Day","40390.4955","2021-06-01T02:00:00.000Z","982.6582","40.3905"
"2023-05-02T08:07:40.927Z","Azure Monitor","brazilsoutheast","SEK","2000 GB Commitment Tier Capacity Reservation","2000","1/Day","78880.2618","2021-06-01T02:00:00.000Z","1952.941","39.4401"
"2023-05-02T08:07:40.927Z","Azure Monitor","brazilsoutheast","SEK","5000 GB Commitment Tier Capacity Reservation","5000","1/Day","191260.8758","2021-06-01T02:00:00.000Z","4849.4014","38.2522"
"2023-06-02T08:07:42.568Z","Azure Monitor","brazilsoutheast","SEK","Pay-as-you-go Data Ingestion","Pay-as-you-go","1 GB","57.1423","2020-09-01T02:00:00.000Z","0","57.1423"
"2023-06-02T08:07:42.568Z","Azure Monitor","brazilsoutheast","SEK","100 GB Commitment Tier Capacity Reservation","100","1/Day","4869.5191","2020-10-01T02:00:00.000Z","85.2174","48.6952"
"2023-06-02T08:07:42.568Z","Azure Monitor","brazilsoutheast","SEK","200 GB Commitment Tier Capacity Reservation","200","1/Day","9142.7705","2020-10-01T02:00:00.000Z","187.7551","45.7139"
"2023-06-02T08:07:42.568Z","Azure Monitor","brazilsoutheast","SEK","300 GB Commitment Tier Capacity Reservation","300","1/Day","13416.0219","2020-10-01T02:00:00.000Z","293.478","44.7201"
"2023-06-02T08:07:42.568Z","Azure Monitor","brazilsoutheast","SEK","400 GB Commitment Tier Capacity Reservation","400","1/Day","17490.5174","2020-10-01T02:00:00.000Z","391.1109","43.7263"
"2023-06-02T08:07:42.568Z","Azure Monitor","brazilsoutheast","SEK","500 GB Commitment Tier Capacity Reservation","500","1/Day","21490.4795","2020-10-01T02:00:00.000Z","491.4772","42.981"
"2023-06-02T08:07:42.568Z","Azure Monitor","brazilsoutheast","SEK","1000 GB Commitment Tier Capacity Reservation","1000","1/Day","42235.6245","2021-06-01T02:00:00.000Z","982.658","42.2356"
"2023-06-02T08:07:42.568Z","Azure Monitor","brazilsoutheast","SEK","2000 GB Commitment Tier Capacity Reservation","2000","1/Day","82483.6902","2021-06-01T02:00:00.000Z","1952.9423","41.2418"
"2023-06-02T08:07:42.568Z","Azure Monitor","brazilsoutheast","SEK","5000 GB Commitment Tier Capacity Reservation","5000","1/Day","199998.1042","2021-06-01T02:00:00.000Z","4849.4029","39.9996"
"2023-07-07T06:09:02.036Z","Azure Monitor","brazilsoutheast","SEK","Pay-as-you-go Data Ingestion","Pay-as-you-go","1 GB","57.2108","2020-09-01T00:00:00.000Z","0","57.2108"
"2023-07-07T06:09:02.036Z","Azure Monitor","brazilsoutheast","SEK","100 GB Commitment Tier Capacity Reservation","100","1/Day","4875.3569","2020-10-01T00:00:00.000Z","85.2174","48.7536"
"2023-07-07T06:09:02.036Z","Azure Monitor","brazilsoutheast","SEK","200 GB Commitment Tier Capacity Reservation","200","1/Day","9153.7314","2020-10-01T00:00:00.000Z","187.755","45.7687"
"2023-07-07T06:09:02.036Z","Azure Monitor","brazilsoutheast","SEK","300 GB Commitment Tier Capacity Reservation","300","1/Day","13432.1058","2020-10-01T00:00:00.000Z","293.478","44.7737"
"2023-07-07T06:09:02.036Z","Azure Monitor","brazilsoutheast","SEK","400 GB Commitment Tier Capacity Reservation","400","1/Day","17511.4861","2020-10-01T00:00:00.000Z","391.111","43.7787"
"2023-07-07T06:09:02.036Z","Azure Monitor","brazilsoutheast","SEK","500 GB Commitment Tier Capacity Reservation","500","1/Day","21516.2436","2020-10-01T00:00:00.000Z","491.4774","43.0325"
"2023-07-07T06:09:02.036Z","Azure Monitor","brazilsoutheast","SEK","1000 GB Commitment Tier Capacity Reservation","1000","1/Day","42286.259","2021-06-01T00:00:00.000Z","982.6587","42.2863"
"2023-07-07T06:09:02.036Z","Azure Monitor","brazilsoutheast","SEK","2000 GB Commitment Tier Capacity Reservation","2000","1/Day","82582.5764","2021-06-01T00:00:00.000Z","1952.9393","41.2913"
"2023-07-07T06:09:02.036Z","Azure Monitor","brazilsoutheast","SEK","5000 GB Commitment Tier Capacity Reservation","5000","1/Day","200237.8735","2021-06-01T00:00:00.000Z","4849.3962","40.0476"
"2023-08-01T06:08:30.007Z","Azure Monitor","brazilsoutheast","SEK","Pay-as-you-go Data Ingestion","Pay-as-you-go","1 GB","55.4858","2020-09-01T00:00:00.000Z","0","55.4858"
"2023-08-01T06:08:30.007Z","Azure Monitor","brazilsoutheast","SEK","100 GB Commitment Tier Capacity Reservation","100","1/Day","4728.351","2020-10-01T00:00:00.000Z","85.2173","47.2835"
"2023-08-01T06:08:30.007Z","Azure Monitor","brazilsoutheast","SEK","200 GB Commitment Tier Capacity Reservation","200","1/Day","8877.7203","2020-10-01T00:00:00.000Z","187.7551","44.3886"
"2023-08-01T06:08:30.007Z","Azure Monitor","brazilsoutheast","SEK","300 GB Commitment Tier Capacity Reservation","300","1/Day","13027.0896","2020-10-01T00:00:00.000Z","293.4783","43.4236"
"2023-08-01T06:08:30.007Z","Azure Monitor","brazilsoutheast","SEK","400 GB Commitment Tier Capacity Reservation","400","1/Day","16983.465","2020-10-01T00:00:00.000Z","391.1114","42.4587"
"2023-08-01T06:08:30.007Z","Azure Monitor","brazilsoutheast","SEK","500 GB Commitment Tier Capacity Reservation","500","1/Day","20867.4676","2020-10-01T00:00:00.000Z","491.4768","41.7349"
"2023-08-01T06:08:30.007Z","Azure Monitor","brazilsoutheast","SEK","1000 GB Commitment Tier Capacity Reservation","1000","1/Day","41011.208","2021-06-01T00:00:00.000Z","982.6598","41.0112"
"2023-08-01T06:08:30.007Z","Azure Monitor","brazilsoutheast","SEK","2000 GB Commitment Tier Capacity Reservation","2000","1/Day","80092.4768","2021-06-01T00:00:00.000Z","1952.9416","40.0462"
"2023-08-01T06:08:30.007Z","Azure Monitor","brazilsoutheast","SEK","5000 GB Commitment Tier Capacity Reservation","5000","1/Day","194200.132","2021-06-01T00:00:00.000Z","4849.4022","38.84"
"2023-09-02T06:07:00.316Z","Azure Monitor","brazilsoutheast","SEK","Pay-as-you-go Data Ingestion","Pay-as-you-go","1 GB","57.9853","2020-09-01T00:00:00.000Z","0","57.9853"
"2023-09-02T06:07:00.316Z","Azure Monitor","brazilsoutheast","SEK","100 GB Commitment Tier Capacity Reservation","100","1/Day","4941.354","2020-10-01T00:00:00.000Z","85.2174","49.4135"
"2023-09-02T06:07:00.316Z","Azure Monitor","brazilsoutheast","SEK","200 GB Commitment Tier Capacity Reservation","200","1/Day","9277.6443","2020-10-01T00:00:00.000Z","187.7553","46.3882"
"2023-09-02T06:07:00.316Z","Azure Monitor","brazilsoutheast","SEK","300 GB Commitment Tier Capacity Reservation","300","1/Day","13613.9346","2020-10-01T00:00:00.000Z","293.4784","45.3798"
"2023-09-02T06:07:00.316Z","Azure Monitor","brazilsoutheast","SEK","400 GB Commitment Tier Capacity Reservation","400","1/Day","17748.537","2020-10-01T00:00:00.000Z","391.111","44.3713"
"2023-09-02T06:07:00.316Z","Azure Monitor","brazilsoutheast","SEK","500 GB Commitment Tier Capacity Reservation","500","1/Day","21807.5063","2020-10-01T00:00:00.000Z","491.4777","43.615"
"2023-09-02T06:07:00.316Z","Azure Monitor","brazilsoutheast","SEK","1000 GB Commitment Tier Capacity Reservation","1000","1/Day","42858.683","2021-06-01T00:00:00.000Z","982.6592","42.8587"
"2023-09-02T06:07:00.316Z","Azure Monitor","brazilsoutheast","SEK","2000 GB Commitment Tier Capacity Reservation","2000","1/Day","83700.4868","2021-06-01T00:00:00.000Z","1952.9404","41.8502"
"2023-09-02T06:07:00.316Z","Azure Monitor","brazilsoutheast","SEK","5000 GB Commitment Tier Capacity Reservation","5000","1/Day","202948.4695","2021-06-01T00:00:00.000Z","4849.4026","40.5897"
"2023-10-02T06:08:46.154Z","Azure Monitor","brazilsoutheast","SEK","Pay-as-you-go Data Ingestion","Pay-as-you-go","1 GB","58.2498","2020-09-01T00:00:00.000Z","0","58.2498"
"2023-10-02T06:08:46.154Z","Azure Monitor","brazilsoutheast","SEK","100 GB Commitment Tier Capacity Reservation","100","1/Day","4963.894","2020-10-01T00:00:00.000Z","85.2174","49.6389"
"2023-10-02T06:08:46.154Z","Azure Monitor","brazilsoutheast","SEK","200 GB Commitment Tier Capacity Reservation","200","1/Day","9319.9643","2020-10-01T00:00:00.000Z","187.7553","46.5998"
"2023-10-02T06:08:46.154Z","Azure Monitor","brazilsoutheast","SEK","300 GB Commitment Tier Capacity Reservation","300","1/Day","13676.0346","2020-10-01T00:00:00.000Z","293.4784","45.5868"
"2023-10-02T06:08:46.154Z","Azure Monitor","brazilsoutheast","SEK","400 GB Commitment Tier Capacity Reservation","400","1/Day","17829.497","2020-10-01T00:00:00.000Z","391.111","44.5737"
"2023-10-02T06:08:46.154Z","Azure Monitor","brazilsoutheast","SEK","500 GB Commitment Tier Capacity Reservation","500","1/Day","21906.9813","2020-10-01T00:00:00.000Z","491.4777","43.814"
"2023-10-02T06:08:46.154Z","Azure Monitor","brazilsoutheast","SEK","1000 GB Commitment Tier Capacity Reservation","1000","1/Day","43054.183","2021-06-01T00:00:00.000Z","982.6581","43.0542"
"2023-10-02T06:08:46.154Z","Azure Monitor","brazilsoutheast","SEK","2000 GB Commitment Tier Capacity Reservation","2000","1/Day","84082.2868","2021-06-01T00:00:00.000Z","1952.9404","42.0411"
"2023-10-02T06:08:46.154Z","Azure Monitor","brazilsoutheast","SEK","5000 GB Commitment Tier Capacity Reservation","5000","1/Day","203874.2195","2021-06-01T00:00:00.000Z","4849.4026","40.7748"
"2023-11-02T06:08:26.681Z","Azure Monitor","brazilsoutheast","SEK","Pay-as-you-go Data Ingestion","Pay-as-you-go","1 GB","58.8557","2020-09-01T00:00:00.000Z","0","58.8557"
"2023-11-02T06:08:26.681Z","Azure Monitor","brazilsoutheast","SEK","100 GB Commitment Tier Capacity Reservation","100","1/Day","5015.5332","2020-10-01T00:00:00.000Z","85.2175","50.1553"
"2023-11-02T06:08:26.681Z","Azure Monitor","brazilsoutheast","SEK","200 GB Commitment Tier Capacity Reservation","200","1/Day","9416.9194","2020-10-01T00:00:00.000Z","187.7552","47.0846"
"2023-11-02T06:08:26.681Z","Azure Monitor","brazilsoutheast","SEK","300 GB Commitment Tier Capacity Reservation","300","1/Day","13818.3057","2020-10-01T00:00:00.000Z","293.4782","46.061"
"2023-11-02T06:08:26.681Z","Azure Monitor","brazilsoutheast","SEK","400 GB Commitment Tier Capacity Reservation","400","1/Day","18014.9763","2020-10-01T00:00:00.000Z","391.1113","45.0374"
"2023-11-02T06:08:26.681Z","Azure Monitor","brazilsoutheast","SEK","500 GB Commitment Tier Capacity Reservation","500","1/Day","22134.8786","2020-10-01T00:00:00.000Z","491.4777","44.2698"
"2023-11-02T06:08:26.681Z","Azure Monitor","brazilsoutheast","SEK","1000 GB Commitment Tier Capacity Reservation","1000","1/Day","43502.0735","2021-06-01T00:00:00.000Z","982.658","43.5021"
"2023-11-02T06:08:26.681Z","Azure Monitor","brazilsoutheast","SEK","2000 GB Commitment Tier Capacity Reservation","2000","1/Day","84956.9906","2021-06-01T00:00:00.000Z","1952.94","42.4785"
"2023-11-02T06:08:26.681Z","Azure Monitor","brazilsoutheast","SEK","5000 GB Commitment Tier Capacity Reservation","5000","1/Day","205995.1127","2021-06-01T00:00:00.000Z","4849.3971","41.199"
"2023-12-02T06:07:58.693Z","Azure Monitor","brazilsoutheast","SEK","Pay-as-you-go Data Ingestion","Pay-as-you-go","1 GB","54.8967","2020-09-01T00:00:00.000Z","0","54.8967"
"2023-12-02T06:07:58.693Z","Azure Monitor","brazilsoutheast","SEK","100 GB Commitment Tier Capacity Reservation","100","1/Day","4678.1545","2020-10-01T00:00:00.000Z","85.2174","46.7815"
"2023-12-02T06:07:58.693Z","Azure Monitor","brazilsoutheast","SEK","200 GB Commitment Tier Capacity Reservation","200","1/Day","8783.4737","2020-10-01T00:00:00.000Z","187.7553","43.9174"
"2023-12-02T06:07:58.693Z","Azure Monitor","brazilsoutheast","SEK","300 GB Commitment Tier Capacity Reservation","300","1/Day","12888.7929","2020-10-01T00:00:00.000Z","293.478","42.9626"
"2023-12-02T06:07:58.693Z","Azure Monitor","brazilsoutheast","SEK","400 GB Commitment Tier Capacity Reservation","400","1/Day","16803.167","2020-10-01T00:00:00.000Z","391.1115","42.0079"
"2023-12-02T06:07:58.693Z","Azure Monitor","brazilsoutheast","SEK","500 GB Commitment Tier Capacity Reservation","500","1/Day","20645.9368","2020-10-01T00:00:00.000Z","491.4775","41.2919"
"2023-12-02T06:07:58.693Z","Azure Monitor","brazilsoutheast","SEK","1000 GB Commitment Tier Capacity Reservation","1000","1/Day","40575.8295","2021-06-01T00:00:00.000Z","982.6583","40.5758"
"2023-12-02T06:07:58.693Z","Azure Monitor","brazilsoutheast","SEK","2000 GB Commitment Tier Capacity Reservation","2000","1/Day","79242.2082","2021-06-01T00:00:00.000Z","1952.9426","39.6211"
"2023-12-02T06:07:58.693Z","Azure Monitor","brazilsoutheast","SEK","5000 GB Commitment Tier Capacity Reservation","5000","1/Day","192138.4867","2021-06-01T00:00:00.000Z","4849.3981","38.4277"
"2024-01-01T06:09:20.544Z","Azure Monitor","brazilsoutheast","SEK","Pay-as-you-go Data Ingestion","Pay-as-you-go","1 GB","52.476","2020-09-01T00:00:00.000Z","0","52.476"
"2024-01-01T06:09:20.544Z","Azure Monitor","brazilsoutheast","SEK","100 GB Commitment Tier Capacity Reservation","100","1/Day","4471.8684","2020-10-01T00:00:00.000Z","85.2174","44.7187"
"2024-01-01T06:09:20.544Z","Azure Monitor","brazilsoutheast","SEK","200 GB Commitment Tier Capacity Reservation","200","1/Day","8396.161","2020-10-01T00:00:00.000Z","187.755","41.9808"
"2024-01-01T06:09:20.544Z","Azure Monitor","brazilsoutheast","SEK","300 GB Commitment Tier Capacity Reservation","300","1/Day","12320.4537","2020-10-01T00:00:00.000Z","293.4783","41.0682"
"2024-01-01T06:09:20.544Z","Azure Monitor","brazilsoutheast","SEK","400 GB Commitment Tier Capacity Reservation","400","1/Day","16062.2211","2020-10-01T00:00:00.000Z","391.1109","40.1556"
"2024-01-01T06:09:20.544Z","Azure Monitor","brazilsoutheast","SEK","500 GB Commitment Tier Capacity Reservation","500","1/Day","19735.5416","2020-10-01T00:00:00.000Z","491.4767","39.4711"
"2024-01-01T06:09:20.544Z","Azure Monitor","brazilsoutheast","SEK","1000 GB Commitment Tier Capacity Reservation","1000","1/Day","38786.6135","2021-06-01T00:00:00.000Z","982.6585","38.7866"
"2024-01-01T06:09:20.544Z","Azure Monitor","brazilsoutheast","SEK","2000 GB Commitment Tier Capacity Reservation","2000","1/Day","75747.9746","2021-06-01T00:00:00.000Z","1952.9419","37.874"
"2024-01-01T06:09:20.544Z","Azure Monitor","brazilsoutheast","SEK","5000 GB Commitment Tier Capacity Reservation","5000","1/Day","183666.0228","2021-06-01T00:00:00.000Z","4849.396","36.7332"
"2024-02-02T06:08:03.849Z","Azure Monitor","brazilsoutheast","SEK","Pay-as-you-go Data Ingestion","Pay-as-you-go","1 GB","55.4548","2020-09-01T00:00:00.000Z","0","55.4548"
"2024-02-02T06:08:03.849Z","Azure Monitor","brazilsoutheast","SEK","100 GB Commitment Tier Capacity Reservation","100","1/Day","4725.7139","2020-10-01T00:00:00.000Z","85.2174","47.2571"
"2024-02-02T06:08:03.849Z","Azure Monitor","brazilsoutheast","SEK","200 GB Commitment Tier Capacity Reservation","200","1/Day","8872.7689","2020-10-01T00:00:00.000Z","187.7553","44.3638"
"2024-02-02T06:08:03.849Z","Azure Monitor","brazilsoutheast","SEK","300 GB Commitment Tier Capacity Reservation","300","1/Day","13019.8239","2020-10-01T00:00:00.000Z","293.4786","43.3994"
"2024-02-02T06:08:03.849Z","Azure Monitor","brazilsoutheast","SEK","400 GB Commitment Tier Capacity Reservation","400","1/Day","16973.9926","2020-10-01T00:00:00.000Z","391.1112","42.435"
"2024-02-02T06:08:03.849Z","Azure Monitor","brazilsoutheast","SEK","500 GB Commitment Tier Capacity Reservation","500","1/Day","20855.829","2020-10-01T00:00:00.000Z","491.4771","41.7117"
"2024-02-02T06:08:03.849Z","Azure Monitor","brazilsoutheast","SEK","1000 GB Commitment Tier Capacity Reservation","1000","1/Day","40988.3345","2021-06-01T00:00:00.000Z","982.658","40.9883"
"2024-02-02T06:08:03.849Z","Azure Monitor","brazilsoutheast","SEK","2000 GB Commitment Tier Capacity Reservation","2000","1/Day","80047.8062","2021-06-01T00:00:00.000Z","1952.9428","40.0239"
"2024-02-02T06:08:03.849Z","Azure Monitor","brazilsoutheast","SEK","5000 GB Commitment Tier Capacity Reservation","5000","1/Day","194091.8192","2021-06-01T00:00:00.000Z","4849.398","38.8184"
"2024-03-02T06:08:20.311Z","Azure Monitor","brazilsoutheast","SEK","Pay-as-you-go Data Ingestion","Pay-as-you-go","1 GB","54.4799","2020-09-01T00:00:00.000Z","0","54.4799"
"2024-03-02T06:08:20.311Z","Azure Monitor","brazilsoutheast","SEK","100 GB Commitment Tier Capacity Reservation","100","1/Day","4642.6314","2020-10-01T00:00:00.000Z","85.2173","46.4263"
"2024-03-02T06:08:20.311Z","Azure Monitor","brazilsoutheast","SEK","200 GB Commitment Tier Capacity Reservation","200","1/Day","8716.7774","2020-10-01T00:00:00.000Z","187.7552","43.5839"
"2024-03-02T06:08:20.311Z","Azure Monitor","brazilsoutheast","SEK","300 GB Commitment Tier Capacity Reservation","300","1/Day","12790.9233","2020-10-01T00:00:00.000Z","293.4782","42.6364"
"2024-03-02T06:08:20.311Z","Azure Monitor","brazilsoutheast","SEK","400 GB Commitment Tier Capacity Reservation","400","1/Day","16675.5741","2020-10-01T00:00:00.000Z","391.1112","41.6889"
"2024-03-02T06:08:20.311Z","Azure Monitor","brazilsoutheast","SEK","500 GB Commitment Tier Capacity Reservation","500","1/Day","20489.1642","2020-10-01T00:00:00.000Z","491.4777","40.9783"
"2024-03-02T06:08:20.311Z","Azure Monitor","brazilsoutheast","SEK","1000 GB Commitment Tier Capacity Reservation","1000","1/Day","40267.7215","2021-06-01T00:00:00.000Z","982.6596","40.2677"
"2024-03-02T06:08:20.311Z","Azure Monitor","brazilsoutheast","SEK","2000 GB Commitment Tier Capacity Reservation","2000","1/Day","78640.4914","2021-06-01T00:00:00.000Z","1952.9422","39.3202"
"2024-03-02T06:08:20.311Z","Azure Monitor","brazilsoutheast","SEK","5000 GB Commitment Tier Capacity Reservation","5000","1/Day","190679.5048","2021-06-01T00:00:00.000Z","4849.4032","38.1359"
"2024-04-03T09:26:28.723Z","Azure Monitor","brazilsoutheast","SEK","Pay-as-you-go Data Ingestion","Pay-as-you-go","1 GB","55.9581","2020-09-01T00:00:00.000Z","0","55.9581"
"2024-04-03T09:26:28.723Z","Azure Monitor","brazilsoutheast","SEK","100 GB Commitment Tier Capacity Reservation","100","1/Day","4768.6075","2020-10-01T00:00:00.000Z","85.2175","47.6861"
"2024-04-03T09:26:28.723Z","Azure Monitor","brazilsoutheast","SEK","200 GB Commitment Tier Capacity Reservation","200","1/Day","8953.3038","2020-10-01T00:00:00.000Z","187.755","44.7665"
"2024-04-03T09:26:28.723Z","Azure Monitor","brazilsoutheast","SEK","300 GB Commitment Tier Capacity Reservation","300","1/Day","13138.0002","2020-10-01T00:00:00.000Z","293.4784","43.7933"
"2024-04-03T09:26:28.723Z","Azure Monitor","brazilsoutheast","SEK","400 GB Commitment Tier Capacity Reservation","400","1/Day","17128.0595","2020-10-01T00:00:00.000Z","391.1114","42.8201"
"2024-04-03T09:26:28.723Z","Azure Monitor","brazilsoutheast","SEK","500 GB Commitment Tier Capacity Reservation","500","1/Day","21045.1299","2020-10-01T00:00:00.000Z","491.4778","42.0903"
"2024-04-03T09:26:28.723Z","Azure Monitor","brazilsoutheast","SEK","1000 GB Commitment Tier Capacity Reservation","1000","1/Day","41360.371","2021-06-01T00:00:00.000Z","982.658","41.3604"
"2024-04-03T09:26:28.723Z","Azure Monitor","brazilsoutheast","SEK","2000 GB Commitment Tier Capacity Reservation","2000","1/Day","80774.3716","2021-06-01T00:00:00.000Z","1952.9398","40.3872"
"2024-04-03T09:26:28.723Z","Azure Monitor","brazilsoutheast","SEK","5000 GB Commitment Tier Capacity Reservation","5000","1/Day","195853.5215","2021-06-01T00:00:00.000Z","4849.3959","39.1707"
"2024-05-02T06:08:49.743Z","Azure Monitor","brazilsoutheast","SEK","Pay-as-you-go Data Ingestion","Pay-as-you-go","1 GB","57.9128","2020-09-01T00:00:00.000Z","0","57.9128"
"2024-05-02T06:08:49.743Z","Azure Monitor","brazilsoutheast","SEK","100 GB Commitment Tier Capacity Reservation","100","1/Day","4935.1781","2020-10-01T00:00:00.000Z","85.2174","49.3518"
"2024-05-02T06:08:49.743Z","Azure Monitor","brazilsoutheast","SEK","200 GB Commitment Tier Capacity Reservation","200","1/Day","9266.0486","2020-10-01T00:00:00.000Z","187.755","46.3302"
"2024-05-02T06:08:49.743Z","Azure Monitor","brazilsoutheast","SEK","300 GB Commitment Tier Capacity Reservation","300","1/Day","13596.9192","2020-10-01T00:00:00.000Z","293.4785","45.3231"
"2024-05-02T06:08:49.743Z","Azure Monitor","brazilsoutheast","SEK","400 GB Commitment Tier Capacity Reservation","400","1/Day","17726.3539","2020-10-01T00:00:00.000Z","391.1108","44.3159"
"2024-05-02T06:08:49.743Z","Azure Monitor","brazilsoutheast","SEK","500 GB Commitment Tier Capacity Reservation","500","1/Day","21780.2502","2020-10-01T00:00:00.000Z","491.4771","43.5605"
"2024-05-02T06:08:49.743Z","Azure Monitor","brazilsoutheast","SEK","1000 GB Commitment Tier Capacity Reservation","1000","1/Day","42805.116","2021-06-01T00:00:00.000Z","982.659","42.8051"
"2024-05-02T06:08:49.743Z","Azure Monitor","brazilsoutheast","SEK","2000 GB Commitment Tier Capacity Reservation","2000","1/Day","83595.8736","2021-06-01T00:00:00.000Z","1952.9419","41.7979"
"2024-05-02T06:08:49.743Z","Azure Monitor","brazilsoutheast","SEK","5000 GB Commitment Tier Capacity Reservation","5000","1/Day","202694.814","2021-06-01T00:00:00.000Z","4849.4019","40.539"
"2024-06-01T06:08:37.725Z","Azure Monitor","brazilsoutheast","SEK","Pay-as-you-go Data Ingestion","Pay-as-you-go","1 GB","56.3462","2020-09-01T00:00:00.000Z","0","56.3462"
"2024-06-01T06:08:37.725Z","Azure Monitor","brazilsoutheast","SEK","100 GB Commitment Tier Capacity Reservation","100","1/Day","4801.6737","2020-10-01T00:00:00.000Z","85.2173","48.0167"
"2024-06-01T06:08:37.725Z","Azure Monitor","brazilsoutheast","SEK","200 GB Commitment Tier Capacity Reservation","200","1/Day","9015.3873","2020-10-01T00:00:00.000Z","187.7552","45.0769"
"2024-06-01T06:08:37.725Z","Azure Monitor","brazilsoutheast","SEK","300 GB Commitment Tier Capacity Reservation","300","1/Day","13229.1009","2020-10-01T00:00:00.000Z","293.4785","44.097"
"2024-06-01T06:08:37.725Z","Azure Monitor","brazilsoutheast","SEK","400 GB Commitment Tier Capacity Reservation","400","1/Day","17246.8278","2020-10-01T00:00:00.000Z","391.1111","43.1171"
"2024-06-01T06:08:37.725Z","Azure Monitor","brazilsoutheast","SEK","500 GB Commitment Tier Capacity Reservation","500","1/Day","21191.0598","2020-10-01T00:00:00.000Z","491.4769","42.3821"
"2024-06-01T06:08:37.725Z","Azure Monitor","brazilsoutheast","SEK","1000 GB Commitment Tier Capacity Reservation","1000","1/Day","41647.1695","2021-06-01T00:00:00.000Z","982.6594","41.6472"
"2024-06-01T06:08:37.725Z","Azure Monitor","brazilsoutheast","SEK","2000 GB Commitment Tier Capacity Reservation","2000","1/Day","81334.4722","2021-06-01T00:00:00.000Z","1952.9397","40.6672"
"2024-06-01T06:08:37.725Z","Azure Monitor","brazilsoutheast","SEK","5000 GB Commitment Tier Capacity Reservation","5000","1/Day","197211.5967","2021-06-01T00:00:00.000Z","4849.4019","39.4423"
"2024-07-01T06:11:21.244Z","Azure Monitor","brazilsoutheast","SEK","Pay-as-you-go Data Ingestion","Pay-as-you-go","1 GB","55.8605","2020-09-01T00:00:00.000Z","0","55.8605"
"2024-07-01T06:11:21.244Z","Azure Monitor","brazilsoutheast","SEK","100 GB Commitment Tier Capacity Reservation","100","1/Day","4760.2902","2020-10-01T00:00:00.000Z","85.2175","47.6029"
"2024-07-01T06:11:21.244Z","Azure Monitor","brazilsoutheast","SEK","200 GB Commitment Tier Capacity Reservation","200","1/Day","8937.6878","2020-10-01T00:00:00.000Z","187.7551","44.6884"
"2024-07-01T06:11:21.244Z","Azure Monitor","brazilsoutheast","SEK","300 GB Commitment Tier Capacity Reservation","300","1/Day","13115.0853","2020-10-01T00:00:00.000Z","293.4785","43.717"
"2024-07-01T06:11:21.244Z","Azure Monitor","brazilsoutheast","SEK","400 GB Commitment Tier Capacity Reservation","400","1/Day","17098.1853","2020-10-01T00:00:00.000Z","391.1107","42.7455"
"2024-07-01T06:11:21.244Z","Azure Monitor","brazilsoutheast","SEK","500 GB Commitment Tier Capacity Reservation","500","1/Day","21008.4237","2020-10-01T00:00:00.000Z","491.4769","42.0168"
"2024-07-01T06:11:21.244Z","Azure Monitor","brazilsoutheast","SEK","1000 GB Commitment Tier Capacity Reservation","1000","1/Day","41288.2315","2021-06-01T00:00:00.000Z","982.6601","41.2882"
"2024-07-01T06:11:21.244Z","Azure Monitor","brazilsoutheast","SEK","2000 GB Commitment Tier Capacity Reservation","2000","1/Day","80633.4874","2021-06-01T00:00:00.000Z","1952.9427","40.3167"
"2024-07-01T06:11:21.244Z","Azure Monitor","brazilsoutheast","SEK","5000 GB Commitment Tier Capacity Reservation","5000","1/Day","195511.9197","2021-06-01T00:00:00.000Z","4849.4028","39.1024"
"2024-08-02T06:11:10.559Z","Azure Monitor","brazilsoutheast","SEK","Pay-as-you-go Data Ingestion","Pay-as-you-go","1 GB","57.2894","2020-09-01T00:00:00.000Z","0","57.2894"
"2024-08-02T06:11:10.559Z","Azure Monitor","brazilsoutheast","SEK","100 GB Commitment Tier Capacity Reservation","100","1/Day","4882.0513","2020-10-01T00:00:00.000Z","85.2174","48.8205"
"2024-08-02T06:11:10.559Z","Azure Monitor","brazilsoutheast","SEK","200 GB Commitment Tier Capacity Reservation","200","1/Day","9166.3004","2020-10-01T00:00:00.000Z","187.7552","45.8315"
"2024-08-02T06:11:10.559Z","Azure Monitor","brazilsoutheast","SEK","300 GB Commitment Tier Capacity Reservation","300","1/Day","13450.5495","2020-10-01T00:00:00.000Z","293.4783","44.8352"
"2024-08-02T06:11:10.559Z","Azure Monitor","brazilsoutheast","SEK","400 GB Commitment Tier Capacity Reservation","400","1/Day","17535.5312","2020-10-01T00:00:00.000Z","391.1108","43.8388"
"2024-08-02T06:11:10.559Z","Azure Monitor","brazilsoutheast","SEK","500 GB Commitment Tier Capacity Reservation","500","1/Day","21545.7876","2020-10-01T00:00:00.000Z","491.4776","43.0916"
"2024-08-02T06:11:10.559Z","Azure Monitor","brazilsoutheast","SEK","1000 GB Commitment Tier Capacity Reservation","1000","1/Day","42344.3225","2021-06-01T00:00:00.000Z","982.6584","42.3443"
"2024-08-02T06:11:10.559Z","Azure Monitor","brazilsoutheast","SEK","2000 GB Commitment Tier Capacity Reservation","2000","1/Day","82695.971","2021-06-01T00:00:00.000Z","1952.9422","41.3480"
"2024-08-02T06:11:10.559Z","Azure Monitor","brazilsoutheast","SEK","5000 GB Commitment Tier Capacity Reservation","5000","1/Day","200512.8213","2021-06-01T00:00:00.000Z","4849.3959","40.1026"
