"TimeGenerated","ServiceName","ArmRegionName","CurrencyCode","MeterName","Tier","UnitOfMeasure","RetailPrice","EffectiveStartDate","EffectiveCommitmentTierThresholdGB","EffectivePricePerGB"
"2023-03-29T15:50:58.330Z","Azure Monitor","koreacentral","BRL","Pay-as-you-go Data Ingestion","Pay-as-you-go","1 GB","16.1551","2018-02-01T00:00:00.000Z","0","16.1551"
"2023-03-29T15:50:58.330Z","Azure Monitor","koreacentral","BRL","100 GB Commitment Tier Capacity Reservation","100","1/Day","1374.4779","2019-11-01T00:00:00.000Z","85.0801","13.7448"
"2023-03-29T15:50:58.330Z","Azure Monitor","koreacentral","BRL","200 GB Commitment Tier Capacity Reservation","200","1/Day","2580.6524","2019-11-01T00:00:00.000Z","187.7548","12.9033"
"2023-03-29T15:50:58.330Z","Azure Monitor","koreacentral","BRL","300 GB Commitment Tier Capacity Reservation","300","1/Day","3786.827","2019-11-01T00:00:00.000Z","293.4774","12.6228"
"2023-03-29T15:50:58.330Z","Azure Monitor","koreacentral","BRL","400 GB Commitment Tier Capacity Reservation","400","1/Day","4936.9003","2019-11-01T00:00:00.000Z","391.1098","12.3423"
"2023-03-29T15:50:58.330Z","Azure Monitor","koreacentral","BRL","500 GB Commitment Tier Capacity Reservation","500","1/Day","6065.9358","2019-11-01T00:00:00.000Z","491.4753","12.1319"
"2023-03-29T15:50:58.330Z","Azure Monitor","koreacentral","BRL","1000 GB Commitment Tier Capacity Reservation","1000","1/Day","11921.4923","2021-06-01T02:00:00.000Z","982.6567","11.9215"
"2023-03-29T15:50:58.330Z","Azure Monitor","koreacentral","BRL","2000 GB Commitment Tier Capacity Reservation","2000","1/Day","23281.9731","2021-06-01T02:00:00.000Z","1952.9399","11.641"
"2023-03-29T15:50:58.330Z","Azure Monitor","koreacentral","BRL","5000 GB Commitment Tier Capacity Reservation","5000","1/Day","56451.7721","2021-06-01T02:00:00.000Z","4849.392","11.2904"
"2023-04-12T13:28:34.468Z","Azure Monitor","koreacentral","BRL","Pay-as-you-go Data Ingestion","Pay-as-you-go","1 GB","16.0083","2018-02-01T00:00:00.000Z","0","16.0083"
"2023-04-12T13:28:34.468Z","Azure Monitor","koreacentral","BRL","100 GB Commitment Tier Capacity Reservation","100","1/Day","1361.9888","2019-11-01T00:00:00.000Z","85.0802","13.6199"
"2023-04-12T13:28:34.468Z","Azure Monitor","koreacentral","BRL","200 GB Commitment Tier Capacity Reservation","200","1/Day","2557.2035","2019-11-01T00:00:00.000Z","187.7549","12.786"
"2023-04-12T13:28:34.468Z","Azure Monitor","koreacentral","BRL","300 GB Commitment Tier Capacity Reservation","300","1/Day","3752.4181","2019-11-01T00:00:00.000Z","293.4787","12.5081"
"2023-04-12T13:28:34.468Z","Azure Monitor","koreacentral","BRL","400 GB Commitment Tier Capacity Reservation","400","1/Day","4892.0414","2019-11-01T00:00:00.000Z","391.1099","12.2301"
"2023-04-12T13:28:34.468Z","Azure Monitor","koreacentral","BRL","500 GB Commitment Tier Capacity Reservation","500","1/Day","6010.818","2019-11-01T00:00:00.000Z","491.4774","12.0216"
"2023-04-12T13:28:34.468Z","Azure Monitor","koreacentral","BRL","1000 GB Commitment Tier Capacity Reservation","1000","1/Day","11813.1682","2021-06-01T02:00:00.000Z","982.6619","11.8132"
"2023-04-12T13:28:34.468Z","Azure Monitor","koreacentral","BRL","2000 GB Commitment Tier Capacity Reservation","2000","1/Day","23070.4227","2021-06-01T02:00:00.000Z","1952.9359","11.5352"
"2023-04-12T13:28:34.468Z","Azure Monitor","koreacentral","BRL","5000 GB Commitment Tier Capacity Reservation","5000","1/Day","55938.8261","2021-06-01T02:00:00.000Z","4849.4024","11.1878"
"2023-05-02T08:07:40.927Z","Azure Monitor","koreacentral","BRL","Pay-as-you-go Data Ingestion","Pay-as-you-go","1 GB","15.7083","2018-02-01T00:00:00.000Z","0","15.7083"
"2023-05-02T08:07:40.927Z","Azure Monitor","koreacentral","BRL","100 GB Commitment Tier Capacity Reservation","100","1/Day","1336.4681","2019-11-01T00:00:00.000Z","85.0804","13.3647"
"2023-05-02T08:07:40.927Z","Azure Monitor","koreacentral","BRL","200 GB Commitment Tier Capacity Reservation","200","1/Day","2509.2871","2019-11-01T00:00:00.000Z","187.7548","12.5464"
"2023-05-02T08:07:40.927Z","Azure Monitor","koreacentral","BRL","300 GB Commitment Tier Capacity Reservation","300","1/Day","3682.1061","2019-11-01T00:00:00.000Z","293.4791","12.2737"
"2023-05-02T08:07:40.927Z","Azure Monitor","koreacentral","BRL","400 GB Commitment Tier Capacity Reservation","400","1/Day","4800.3754","2019-11-01T00:00:00.000Z","391.1107","12.0009"
"2023-05-02T08:07:40.927Z","Azure Monitor","koreacentral","BRL","500 GB Commitment Tier Capacity Reservation","500","1/Day","5898.1885","2019-11-01T00:00:00.000Z","491.4788","11.7964"
"2023-05-02T08:07:40.927Z","Azure Monitor","koreacentral","BRL","1000 GB Commitment Tier Capacity Reservation","1000","1/Day","11591.8155","2021-06-01T02:00:00.000Z","982.657","11.5918"
"2023-05-02T08:07:40.927Z","Azure Monitor","koreacentral","BRL","2000 GB Commitment Tier Capacity Reservation","2000","1/Day","22638.1338","2021-06-01T02:00:00.000Z","1952.9438","11.3191"
"2023-05-02T08:07:40.927Z","Azure Monitor","koreacentral","BRL","5000 GB Commitment Tier Capacity Reservation","5000","1/Day","54890.6557","2021-06-01T02:00:00.000Z","4849.3834","10.9781"
"2023-06-02T08:07:42.568Z","Azure Monitor","koreacentral","BRL","Pay-as-you-go Data Ingestion","Pay-as-you-go","1 GB","15.5788","2018-02-01T00:00:00.000Z","0","15.5788"
"2023-06-02T08:07:42.568Z","Azure Monitor","koreacentral","BRL","100 GB Commitment Tier Capacity Reservation","100","1/Day","1325.4476","2019-11-01T00:00:00.000Z","85.0802","13.2545"
"2023-06-02T08:07:42.568Z","Azure Monitor","koreacentral","BRL","200 GB Commitment Tier Capacity Reservation","200","1/Day","2488.5954","2019-11-01T00:00:00.000Z","187.7548","12.443"
"2023-06-02T08:07:42.568Z","Azure Monitor","koreacentral","BRL","300 GB Commitment Tier Capacity Reservation","300","1/Day","3651.7433","2019-11-01T00:00:00.000Z","293.4777","12.1725"
"2023-06-02T08:07:42.568Z","Azure Monitor","koreacentral","BRL","400 GB Commitment Tier Capacity Reservation","400","1/Day","4760.7912","2019-11-01T00:00:00.000Z","391.1104","11.902"
"2023-06-02T08:07:42.568Z","Azure Monitor","koreacentral","BRL","500 GB Commitment Tier Capacity Reservation","500","1/Day","5849.5517","2019-11-01T00:00:00.000Z","491.4764","11.6991"
"2023-06-02T08:07:42.568Z","Azure Monitor","koreacentral","BRL","1000 GB Commitment Tier Capacity Reservation","1000","1/Day","11496.2288","2021-06-01T02:00:00.000Z","982.6592","11.4962"
"2023-06-02T08:07:42.568Z","Azure Monitor","koreacentral","BRL","2000 GB Commitment Tier Capacity Reservation","2000","1/Day","22451.4585","2021-06-01T02:00:00.000Z","1952.9461","11.2257"
"2023-06-02T08:07:42.568Z","Azure Monitor","koreacentral","BRL","5000 GB Commitment Tier Capacity Reservation","5000","1/Day","54438.0244","2021-06-01T02:00:00.000Z","4849.4102","10.8876"
"2023-07-07T06:09:02.036Z","Azure Monitor","koreacentral","BRL","Pay-as-you-go Data Ingestion","Pay-as-you-go","1 GB","15.1032","2018-02-01T00:00:00.000Z","0","15.1032"
"2023-07-07T06:09:02.036Z","Azure Monitor","koreacentral","BRL","100 GB Commitment Tier Capacity Reservation","100","1/Day","1284.9902","2019-11-01T00:00:00.000Z","85.0807","12.8499"
"2023-07-07T06:09:02.036Z","Azure Monitor","koreacentral","BRL","200 GB Commitment Tier Capacity Reservation","200","1/Day","2412.6347","2019-11-01T00:00:00.000Z","187.7551","12.0632"
"2023-07-07T06:09:02.036Z","Azure Monitor","koreacentral","BRL","300 GB Commitment Tier Capacity Reservation","300","1/Day","3540.2792","2019-11-01T00:00:00.000Z","293.4776","11.8009"
"2023-07-07T06:09:02.036Z","Azure Monitor","koreacentral","BRL","400 GB Commitment Tier Capacity Reservation","400","1/Day","4615.475","2019-11-01T00:00:00.000Z","391.1121","11.5387"
"2023-07-07T06:09:02.036Z","Azure Monitor","koreacentral","BRL","500 GB Commitment Tier Capacity Reservation","500","1/Day","5671.0027","2019-11-01T00:00:00.000Z","491.4767","11.342"
"2023-07-07T06:09:02.036Z","Azure Monitor","koreacentral","BRL","1000 GB Commitment Tier Capacity Reservation","1000","1/Day","11145.3233","2021-06-01T00:00:00.000Z","982.6594","11.1453"
"2023-07-07T06:09:02.036Z","Azure Monitor","koreacentral","BRL","2000 GB Commitment Tier Capacity Reservation","2000","1/Day","21766.1607","2021-06-01T00:00:00.000Z","1952.9453","10.8831"
"2023-07-07T06:09:02.036Z","Azure Monitor","koreacentral","BRL","5000 GB Commitment Tier Capacity Reservation","5000","1/Day","52776.3836","2021-06-01T00:00:00.000Z","4849.3888","10.5553"
"2023-08-01T06:08:30.007Z","Azure Monitor","koreacentral","BRL","Pay-as-you-go Data Ingestion","Pay-as-you-go","1 GB","14.712","2018-02-01T00:00:00.000Z","0","14.712"
"2023-08-01T06:08:30.007Z","Azure Monitor","koreacentral","BRL","100 GB Commitment Tier Capacity Reservation","100","1/Day","1251.7035","2019-11-01T00:00:00.000Z","85.0804","12.517"
"2023-08-01T06:08:30.007Z","Azure Monitor","koreacentral","BRL","300 GB Commitment Tier Capacity Reservation","300","1/Day","3448.571","2019-11-01T00:00:00.000Z","285.8753","11.4952"
"2023-08-01T06:08:30.007Z","Azure Monitor","koreacentral","BRL","400 GB Commitment Tier Capacity Reservation","400","1/Day","4495.9147","2019-11-01T00:00:00.000Z","391.1124","11.2398"
"2023-08-01T06:08:30.007Z","Azure Monitor","koreacentral","BRL","2000 GB Commitment Tier Capacity Reservation","2000","1/Day","21202.3251","2021-06-01T00:00:00.000Z","1902.3557","10.6012"
"2023-08-01T06:08:30.007Z","Azure Monitor","koreacentral","BRL","5000 GB Commitment Tier Capacity Reservation","5000","1/Day","51409.2521","2021-06-01T00:00:00.000Z","4849.3805","10.2819"
"2023-08-02T06:09:03.844Z","Azure Monitor","koreacentral","BRL","200 GB Commitment Tier Capacity Reservation","200","1/Day","2350.1372","2019-11-01T00:00:00.000Z","187.7556","11.7507"
"2023-08-02T06:09:03.844Z","Azure Monitor","koreacentral","BRL","500 GB Commitment Tier Capacity Reservation","500","1/Day","5524.0998","2019-11-01T00:00:00.000Z","491.4767","11.0482"
"2023-08-02T06:09:03.844Z","Azure Monitor","koreacentral","BRL","1000 GB Commitment Tier Capacity Reservation","1000","1/Day","10856.6123","2021-06-01T00:00:00.000Z","982.6589","10.8566"
"2023-09-02T06:07:00.316Z","Azure Monitor","koreacentral","BRL","Pay-as-you-go Data Ingestion","Pay-as-you-go","1 GB","15.1577","2018-02-01T00:00:00.000Z","0","15.1577"
"2023-09-02T06:07:00.316Z","Azure Monitor","koreacentral","BRL","100 GB Commitment Tier Capacity Reservation","100","1/Day","1289.6207","2019-11-01T00:00:00.000Z","85.0802","12.8962"
"2023-09-02T06:07:00.316Z","Azure Monitor","koreacentral","BRL","200 GB Commitment Tier Capacity Reservation","200","1/Day","2421.3287","2019-11-01T00:00:00.000Z","187.7552","12.1066"
"2023-09-02T06:07:00.316Z","Azure Monitor","koreacentral","BRL","300 GB Commitment Tier Capacity Reservation","300","1/Day","3553.0366","2019-11-01T00:00:00.000Z","293.4793","11.8435"
"2023-09-02T06:07:00.316Z","Azure Monitor","koreacentral","BRL","400 GB Commitment Tier Capacity Reservation","400","1/Day","4632.107","2019-11-01T00:00:00.000Z","391.1096","11.5803"
"2023-09-02T06:07:00.316Z","Azure Monitor","koreacentral","BRL","500 GB Commitment Tier Capacity Reservation","500","1/Day","5691.4383","2019-11-01T00:00:00.000Z","491.4759","11.3829"
"2023-09-02T06:07:00.316Z","Azure Monitor","koreacentral","BRL","1000 GB Commitment Tier Capacity Reservation","1000","1/Day","11185.4857","2021-06-01T00:00:00.000Z","982.6569","11.1855"
"2023-09-02T06:07:00.316Z","Azure Monitor","koreacentral","BRL","2000 GB Commitment Tier Capacity Reservation","2000","1/Day","21844.5957","2021-06-01T00:00:00.000Z","1952.9387","10.9223"
"2023-09-02T06:07:00.316Z","Azure Monitor","koreacentral","BRL","5000 GB Commitment Tier Capacity Reservation","5000","1/Day","52966.5649","2021-06-01T00:00:00.000Z","4849.3966","10.5933"
"2023-10-02T06:08:46.154Z","Azure Monitor","koreacentral","BRL","Pay-as-you-go Data Ingestion","Pay-as-you-go","1 GB","15.6405","2018-02-01T00:00:00.000Z","0","15.6405"
"2023-10-02T06:08:46.154Z","Azure Monitor","koreacentral","BRL","100 GB Commitment Tier Capacity Reservation","100","1/Day","1330.6999","2019-11-01T00:00:00.000Z","85.0804","13.307"
"2023-10-02T06:08:46.154Z","Azure Monitor","koreacentral","BRL","200 GB Commitment Tier Capacity Reservation","200","1/Day","2498.4569","2019-11-01T00:00:00.000Z","187.7551","12.4923"
"2023-10-02T06:08:46.154Z","Azure Monitor","koreacentral","BRL","300 GB Commitment Tier Capacity Reservation","300","1/Day","3666.2139","2019-11-01T00:00:00.000Z","293.4779","12.2207"
"2023-10-02T06:08:46.154Z","Azure Monitor","koreacentral","BRL","400 GB Commitment Tier Capacity Reservation","400","1/Day","4779.6566","2019-11-01T00:00:00.000Z","391.1115","11.9491"
"2023-10-02T06:08:46.154Z","Azure Monitor","koreacentral","BRL","500 GB Commitment Tier Capacity Reservation","500","1/Day","5872.7315","2019-11-01T00:00:00.000Z","491.479","11.7455"
"2023-10-02T06:08:46.154Z","Azure Monitor","koreacentral","BRL","1000 GB Commitment Tier Capacity Reservation","1000","1/Day","11541.7845","2021-06-01T00:00:00.000Z","982.6559","11.5418"
"2023-10-02T06:08:46.154Z","Azure Monitor","koreacentral","BRL","2000 GB Commitment Tier Capacity Reservation","2000","1/Day","22540.4262","2021-06-01T00:00:00.000Z","1952.9386","11.2702"
"2023-10-02T06:08:46.154Z","Azure Monitor","koreacentral","BRL","5000 GB Commitment Tier Capacity Reservation","5000","1/Day","54653.7442","2021-06-01T00:00:00.000Z","4849.4032","10.9307"
"2023-11-01T06:08:41.407Z","Azure Monitor","koreacentral","BRL","Pay-as-you-go Data Ingestion","Pay-as-you-go","1 GB","15.3953","2018-02-01T00:00:00.000Z","0","15.3953"
"2023-11-01T06:08:41.407Z","Azure Monitor","koreacentral","BRL","100 GB Commitment Tier Capacity Reservation","100","1/Day","1309.8362","2019-11-01T00:00:00.000Z","85.0803","13.0984"
"2023-11-01T06:08:41.407Z","Azure Monitor","koreacentral","BRL","200 GB Commitment Tier Capacity Reservation","200","1/Day","2459.2842","2019-11-01T00:00:00.000Z","187.7546","12.2964"
"2023-11-01T06:08:41.407Z","Azure Monitor","koreacentral","BRL","300 GB Commitment Tier Capacity Reservation","300","1/Day","3608.7323","2019-11-01T00:00:00.000Z","293.4788","12.0291"
"2023-11-01T06:08:41.407Z","Azure Monitor","koreacentral","BRL","400 GB Commitment Tier Capacity Reservation","400","1/Day","4704.7176","2019-11-01T00:00:00.000Z","391.1114","11.7618"
"2023-11-01T06:08:41.407Z","Azure Monitor","koreacentral","BRL","500 GB Commitment Tier Capacity Reservation","500","1/Day","5780.6544","2019-11-01T00:00:00.000Z","491.477","11.5613"
"2023-11-01T06:08:41.407Z","Azure Monitor","koreacentral","BRL","1000 GB Commitment Tier Capacity Reservation","1000","1/Day","11360.8238","2021-06-01T00:00:00.000Z","982.6597","11.3608"
"2023-11-01T06:08:41.407Z","Azure Monitor","koreacentral","BRL","2000 GB Commitment Tier Capacity Reservation","2000","1/Day","22187.0205","2021-06-01T00:00:00.000Z","1952.9453","11.0935"
"2023-11-01T06:08:41.407Z","Azure Monitor","koreacentral","BRL","5000 GB Commitment Tier Capacity Reservation","5000","1/Day","53796.8419","2021-06-01T00:00:00.000Z","4849.4021","10.7594"
"2023-12-02T06:07:58.693Z","Azure Monitor","koreacentral","BRL","Pay-as-you-go Data Ingestion","Pay-as-you-go","1 GB","15.1354","2018-02-01T00:00:00.000Z","0","15.1354"
"2023-12-02T06:07:58.693Z","Azure Monitor","koreacentral","BRL","100 GB Commitment Tier Capacity Reservation","100","1/Day","1287.7288","2019-11-01T00:00:00.000Z","85.0806","12.8773"
"2023-12-02T06:07:58.693Z","Azure Monitor","koreacentral","BRL","200 GB Commitment Tier Capacity Reservation","200","1/Day","2417.7766","2019-11-01T00:00:00.000Z","187.7549","12.0889"
"2023-12-02T06:07:58.693Z","Azure Monitor","koreacentral","BRL","300 GB Commitment Tier Capacity Reservation","300","1/Day","3547.8243","2019-11-01T00:00:00.000Z","293.4778","11.8261"
"2023-12-02T06:07:58.693Z","Azure Monitor","koreacentral","BRL","400 GB Commitment Tier Capacity Reservation","400","1/Day","4625.3117","2019-11-01T00:00:00.000Z","391.1105","11.5633"
"2023-12-02T06:07:58.693Z","Azure Monitor","koreacentral","BRL","500 GB Commitment Tier Capacity Reservation","500","1/Day","5683.0889","2019-11-01T00:00:00.000Z","491.4764","11.3662"
"2023-12-02T06:07:58.693Z","Azure Monitor","koreacentral","BRL","1000 GB Commitment Tier Capacity Reservation","1000","1/Day","11169.0765","2021-06-01T00:00:00.000Z","982.657","11.1691"
"2023-12-02T06:07:58.693Z","Azure Monitor","koreacentral","BRL","2000 GB Commitment Tier Capacity Reservation","2000","1/Day","21812.5494","2021-06-01T00:00:00.000Z","1952.9371","10.9063"
"2023-12-02T06:07:58.693Z","Azure Monitor","koreacentral","BRL","5000 GB Commitment Tier Capacity Reservation","5000","1/Day","52888.8622","2021-06-01T00:00:00.000Z","4849.3863","10.5778"
"2024-01-01T06:09:20.544Z","Azure Monitor","koreacentral","BRL","Pay-as-you-go Data Ingestion","Pay-as-you-go","1 GB","15.0065","2018-02-01T00:00:00.000Z","0","15.0065"
"2024-01-01T06:09:20.544Z","Azure Monitor","koreacentral","BRL","100 GB Commitment Tier Capacity Reservation","100","1/Day","1276.7612","2019-11-01T00:00:00.000Z","85.0805","12.7676"
"2024-01-01T06:09:20.544Z","Azure Monitor","koreacentral","BRL","200 GB Commitment Tier Capacity Reservation","200","1/Day","2397.1842","2019-11-01T00:00:00.000Z","187.7553","11.9859"
"2024-01-01T06:09:20.544Z","Azure Monitor","koreacentral","BRL","300 GB Commitment Tier Capacity Reservation","300","1/Day","3517.6073","2019-11-01T00:00:00.000Z","293.4788","11.7254"
"2024-01-01T06:09:20.544Z","Azure Monitor","koreacentral","BRL","400 GB Commitment Tier Capacity Reservation","400","1/Day","4585.9176","2019-11-01T00:00:00.000Z","391.1097","11.4648"
"2024-01-01T06:09:20.544Z","Azure Monitor","koreacentral","BRL","500 GB Commitment Tier Capacity Reservation","500","1/Day","5634.6857","2019-11-01T00:00:00.000Z","491.477","11.2694"
"2024-01-01T06:09:20.544Z","Azure Monitor","koreacentral","BRL","1000 GB Commitment Tier Capacity Reservation","1000","1/Day","11073.9488","2021-06-01T00:00:00.000Z","982.6565","11.0739"
"2024-01-01T06:09:20.544Z","Azure Monitor","koreacentral","BRL","2000 GB Commitment Tier Capacity Reservation","2000","1/Day","21626.7705","2021-06-01T00:00:00.000Z","1952.9498","10.8134"
"2024-01-01T06:09:20.544Z","Azure Monitor","koreacentral","BRL","5000 GB Commitment Tier Capacity Reservation","5000","1/Day","52438.4044","2021-06-01T00:00:00.000Z","4849.391","10.4877"
"2024-02-02T06:08:03.849Z","Azure Monitor","koreacentral","BRL","Pay-as-you-go Data Ingestion","Pay-as-you-go","1 GB","15.3849","2018-02-01T00:00:00.000Z","0","15.3849"
"2024-02-02T06:08:03.849Z","Azure Monitor","koreacentral","BRL","100 GB Commitment Tier Capacity Reservation","100","1/Day","1308.9497","2019-11-01T00:00:00.000Z","85.0802","13.0895"
"2024-02-02T06:08:03.849Z","Azure Monitor","koreacentral","BRL","200 GB Commitment Tier Capacity Reservation","200","1/Day","2457.6199","2019-11-01T00:00:00.000Z","187.7551","12.2881"
"2024-02-02T06:08:03.849Z","Azure Monitor","koreacentral","BRL","300 GB Commitment Tier Capacity Reservation","300","1/Day","3606.2901","2019-11-01T00:00:00.000Z","293.4783","12.021"
"2024-02-02T06:08:03.849Z","Azure Monitor","koreacentral","BRL","400 GB Commitment Tier Capacity Reservation","400","1/Day","4701.5338","2019-11-01T00:00:00.000Z","391.11","11.7538"
"2024-02-02T06:08:03.849Z","Azure Monitor","koreacentral","BRL","500 GB Commitment Tier Capacity Reservation","500","1/Day","5776.7425","2019-11-01T00:00:00.000Z","491.4787","11.5535"
"2024-02-02T06:08:03.849Z","Azure Monitor","koreacentral","BRL","1000 GB Commitment Tier Capacity Reservation","1000","1/Day","11353.1355","2021-06-01T00:00:00.000Z","982.6577","11.3531"
"2024-02-02T06:08:03.849Z","Azure Monitor","koreacentral","BRL","2000 GB Commitment Tier Capacity Reservation","2000","1/Day","22172.0058","2021-06-01T00:00:00.000Z","1952.9473","11.086"
"2024-02-02T06:08:03.849Z","Azure Monitor","koreacentral","BRL","5000 GB Commitment Tier Capacity Reservation","5000","1/Day","53760.4357","2021-06-01T00:00:00.000Z","4849.3989","10.7521"
"2024-03-02T06:08:20.311Z","Azure Monitor","koreacentral","BRL","Pay-as-you-go Data Ingestion","Pay-as-you-go","1 GB","15.3785","2018-02-01T00:00:00.000Z","0","15.3785"
"2024-03-02T06:08:20.311Z","Azure Monitor","koreacentral","BRL","100 GB Commitment Tier Capacity Reservation","100","1/Day","1308.4073","2019-11-01T00:00:00.000Z","85.0803","13.0841"
"2024-03-02T06:08:20.311Z","Azure Monitor","koreacentral","BRL","200 GB Commitment Tier Capacity Reservation","200","1/Day","2456.6015","2019-11-01T00:00:00.000Z","187.7547","12.283"
"2024-03-02T06:08:20.311Z","Azure Monitor","koreacentral","BRL","300 GB Commitment Tier Capacity Reservation","300","1/Day","3604.7957","2019-11-01T00:00:00.000Z","293.4784","12.016"
"2024-03-02T06:08:20.311Z","Azure Monitor","koreacentral","BRL","400 GB Commitment Tier Capacity Reservation","400","1/Day","4699.5854","2019-11-01T00:00:00.000Z","391.1106","11.749"
"2024-03-02T06:08:20.311Z","Azure Monitor","koreacentral","BRL","500 GB Commitment Tier Capacity Reservation","500","1/Day","5774.3486","2019-11-01T00:00:00.000Z","491.4758","11.5487"
"2024-03-02T06:08:20.311Z","Azure Monitor","koreacentral","BRL","1000 GB Commitment Tier Capacity Reservation","1000","1/Day","11348.4308","2021-06-01T00:00:00.000Z","982.6587","11.3484"
"2024-03-02T06:08:20.311Z","Azure Monitor","koreacentral","BRL","2000 GB Commitment Tier Capacity Reservation","2000","1/Day","22162.8177","2021-06-01T00:00:00.000Z","1952.9465","11.0814"
"2024-03-02T06:08:20.311Z","Azure Monitor","koreacentral","BRL","5000 GB Commitment Tier Capacity Reservation","5000","1/Day","53738.1574","2021-06-01T00:00:00.000Z","4849.4015","10.7476"
"2024-04-03T09:26:28.723Z","Azure Monitor","koreacentral","BRL","Pay-as-you-go Data Ingestion","Pay-as-you-go","1 GB","15.5201","2018-02-01T00:00:00.000Z","0","15.5201"
"2024-04-03T09:26:28.723Z","Azure Monitor","koreacentral","BRL","100 GB Commitment Tier Capacity Reservation","100","1/Day","1320.4598","2019-11-01T00:00:00.000Z","85.0806","13.2046"
"2024-04-03T09:26:28.723Z","Azure Monitor","koreacentral","BRL","200 GB Commitment Tier Capacity Reservation","200","1/Day","2479.2307","2019-11-01T00:00:00.000Z","187.7551","12.3962"
"2024-04-03T09:26:28.723Z","Azure Monitor","koreacentral","BRL","300 GB Commitment Tier Capacity Reservation","300","1/Day","3638.0016","2019-11-01T00:00:00.000Z","293.4772","12.1267"
"2024-04-03T09:26:28.723Z","Azure Monitor","koreacentral","BRL","400 GB Commitment Tier Capacity Reservation","400","1/Day","4742.8762","2019-11-01T00:00:00.000Z","391.1102","11.8572"
"2024-04-03T09:26:28.723Z","Azure Monitor","koreacentral","BRL","500 GB Commitment Tier Capacity Reservation","500","1/Day","5827.5396","2019-11-01T00:00:00.000Z","491.4769","11.6551"
"2024-04-03T09:26:28.723Z","Azure Monitor","koreacentral","BRL","1000 GB Commitment Tier Capacity Reservation","1000","1/Day","11452.968","2021-06-01T00:00:00.000Z","982.6572","11.453"
"2024-04-03T09:26:28.723Z","Azure Monitor","koreacentral","BRL","2000 GB Commitment Tier Capacity Reservation","2000","1/Day","22366.9728","2021-06-01T00:00:00.000Z","1952.9357","11.1835"
"2024-04-03T09:26:28.723Z","Azure Monitor","koreacentral","BRL","5000 GB Commitment Tier Capacity Reservation","5000","1/Day","54233.172","2021-06-01T00:00:00.000Z","4849.3917","10.8466"
"2024-05-02T06:08:49.743Z","Azure Monitor","koreacentral","BRL","Pay-as-you-go Data Ingestion","Pay-as-you-go","1 GB","15.947","2018-02-01T00:00:00.000Z","0","15.947"
"2024-05-02T06:08:49.743Z","Azure Monitor","koreacentral","BRL","100 GB Commitment Tier Capacity Reservation","100","1/Day","1356.7762","2019-11-01T00:00:00.000Z","85.0803","13.5678"
"2024-05-02T06:08:49.743Z","Azure Monitor","koreacentral","BRL","200 GB Commitment Tier Capacity Reservation","200","1/Day","2547.4165","2019-11-01T00:00:00.000Z","187.7546","12.7371"
"2024-05-02T06:08:49.743Z","Azure Monitor","koreacentral","BRL","300 GB Commitment Tier Capacity Reservation","300","1/Day","3738.0568","2019-11-01T00:00:00.000Z","293.4779","12.4602"
"2024-05-02T06:08:49.743Z","Azure Monitor","koreacentral","BRL","400 GB Commitment Tier Capacity Reservation","400","1/Day","4873.3186","2019-11-01T00:00:00.000Z","391.1108","12.1833"
"2024-05-02T06:08:49.743Z","Azure Monitor","koreacentral","BRL","500 GB Commitment Tier Capacity Reservation","500","1/Day","5987.8133","2019-11-01T00:00:00.000Z","491.4771","11.9756"
"2024-05-02T06:08:49.743Z","Azure Monitor","koreacentral","BRL","1000 GB Commitment Tier Capacity Reservation","1000","1/Day","11767.9567","2021-06-01T00:00:00.000Z","982.6611","11.768"
"2024-05-02T06:08:49.743Z","Azure Monitor","koreacentral","BRL","2000 GB Commitment Tier Capacity Reservation","2000","1/Day","22982.1273","2021-06-01T00:00:00.000Z","1952.934","11.4911"
"2024-05-02T06:08:49.743Z","Azure Monitor","koreacentral","BRL","5000 GB Commitment Tier Capacity Reservation","5000","1/Day","55724.7364","2021-06-01T00:00:00.000Z","4849.3823","11.1449"
"2024-06-02T06:10:06.668Z","Azure Monitor","koreacentral","BRL","Pay-as-you-go Data Ingestion","Pay-as-you-go","1 GB","16.1547","2018-02-01T00:00:00.000Z","0","16.1547"
"2024-06-02T06:10:06.668Z","Azure Monitor","koreacentral","BRL","100 GB Commitment Tier Capacity Reservation","100","1/Day","1374.4515","2019-11-01T00:00:00.000Z","85.0806","13.7445"
"2024-06-02T06:10:06.668Z","Azure Monitor","koreacentral","BRL","200 GB Commitment Tier Capacity Reservation","200","1/Day","2580.6028","2019-11-01T00:00:00.000Z","187.7553","12.903"
"2024-06-02T06:10:06.668Z","Azure Monitor","koreacentral","BRL","300 GB Commitment Tier Capacity Reservation","300","1/Day","3786.7541","2019-11-01T00:00:00.000Z","293.4786","12.6225"
"2024-06-02T06:10:06.668Z","Azure Monitor","koreacentral","BRL","400 GB Commitment Tier Capacity Reservation","400","1/Day","4936.8053","2019-11-01T00:00:00.000Z","391.1115","12.342"
"2024-06-02T06:10:06.668Z","Azure Monitor","koreacentral","BRL","500 GB Commitment Tier Capacity Reservation","500","1/Day","6065.819","2019-11-01T00:00:00.000Z","491.4778","12.1316"
"2024-06-02T06:10:06.668Z","Azure Monitor","koreacentral","BRL","1000 GB Commitment Tier Capacity Reservation","1000","1/Day","11921.2628","2021-06-01T00:00:00.000Z","982.662","11.9213"
"2024-06-02T06:10:06.668Z","Azure Monitor","koreacentral","BRL","2000 GB Commitment Tier Capacity Reservation","2000","1/Day","23281.5249","2021-06-01T00:00:00.000Z","1952.9351","11.6408"
"2024-06-02T06:10:06.668Z","Azure Monitor","koreacentral","BRL","5000 GB Commitment Tier Capacity Reservation","5000","1/Day","56450.6854","2021-06-01T00:00:00.000Z","4849.3819","11.2901"
"2024-07-01T06:11:21.244Z","Azure Monitor","koreacentral","BRL","Pay-as-you-go Data Ingestion","Pay-as-you-go","1 GB","17.1195","2018-02-01T00:00:00.000Z","0","17.1195"
"2024-07-01T06:11:21.244Z","Azure Monitor","koreacentral","BRL","100 GB Commitment Tier Capacity Reservation","100","1/Day","1456.5304","2019-11-01T00:00:00.000Z","85.0802","14.5653"
"2024-07-01T06:11:21.244Z","Azure Monitor","koreacentral","BRL","200 GB Commitment Tier Capacity Reservation","200","1/Day","2734.7101","2019-11-01T00:00:00.000Z","187.7552","13.6736"
"2024-07-01T06:11:21.244Z","Azure Monitor","koreacentral","BRL","300 GB Commitment Tier Capacity Reservation","300","1/Day","4012.8899","2019-11-01T00:00:00.000Z","293.4772","13.3763"
"2024-07-01T06:11:21.244Z","Azure Monitor","koreacentral","BRL","400 GB Commitment Tier Capacity Reservation","400","1/Day","5231.6194","2019-11-01T00:00:00.000Z","391.1111","13.079"
"2024-07-01T06:11:21.244Z","Azure Monitor","koreacentral","BRL","500 GB Commitment Tier Capacity Reservation","500","1/Day","6428.055","2019-11-01T00:00:00.000Z","491.4791","12.8561"
"2024-07-01T06:11:21.244Z","Azure Monitor","koreacentral","BRL","1000 GB Commitment Tier Capacity Reservation","1000","1/Day","12633.1718","2021-06-01T00:00:00.000Z","982.6597","12.6332"
"2024-07-01T06:11:21.244Z","Azure Monitor","koreacentral","BRL","2000 GB Commitment Tier Capacity Reservation","2000","1/Day","24671.8413","2021-06-01T00:00:00.000Z","1952.9368","12.3359"
"2024-07-01T06:11:21.244Z","Azure Monitor","koreacentral","BRL","5000 GB Commitment Tier Capacity Reservation","5000","1/Day","59821.7839","2021-06-01T00:00:00.000Z","4849.4057","11.9644"
"2024-08-02T06:11:10.559Z","Azure Monitor","koreacentral","BRL","Pay-as-you-go Data Ingestion","Pay-as-you-go","1 GB","17.6088","2018-02-01T00:00:00.000Z","0","17.6088"
"2024-08-02T06:11:10.559Z","Azure Monitor","koreacentral","BRL","100 GB Commitment Tier Capacity Reservation","100","1/Day","1498.1652","2019-11-01T00:00:00.000Z","85.0805","14.9817"
"2024-08-02T06:11:10.559Z","Azure Monitor","koreacentral","BRL","200 GB Commitment Tier Capacity Reservation","200","1/Day","2812.8816","2019-11-01T00:00:00.000Z","187.7545","14.0644"
"2024-08-02T06:11:10.559Z","Azure Monitor","koreacentral","BRL","300 GB Commitment Tier Capacity Reservation","300","1/Day","4127.598","2019-11-01T00:00:00.000Z","293.4784","13.7587"
"2024-08-02T06:11:10.559Z","Azure Monitor","koreacentral","BRL","400 GB Commitment Tier Capacity Reservation","400","1/Day","5381.1648","2019-11-01T00:00:00.000Z","391.1100","13.4529"
"2024-08-02T06:11:10.559Z","Azure Monitor","koreacentral","BRL","500 GB Commitment Tier Capacity Reservation","500","1/Day","6611.8005","2019-11-01T00:00:00.000Z","491.4777","13.2236"
"2024-08-02T06:11:10.559Z","Azure Monitor","koreacentral","BRL","1000 GB Commitment Tier Capacity Reservation","1000","1/Day","12994.29","2021-06-01T00:00:00.000Z","982.6590","12.9943"
"2024-08-02T06:11:10.559Z","Azure Monitor","koreacentral","BRL","2000 GB Commitment Tier Capacity Reservation","2000","1/Day","25377.084","2021-06-01T00:00:00.000Z","1952.9397","12.6885"
"2024-08-02T06:11:10.559Z","Azure Monitor","koreacentral","BRL","5000 GB Commitment Tier Capacity Reservation","5000","1/Day","61531.785","2021-06-01T00:00:00.000Z","4849.4136","12.3064"
