"TimeGenerated","ServiceName","ArmRegionName","CurrencyCode","MeterName","Tier","UnitOfMeasure","RetailPrice","EffectiveStartDate","EffectiveCommitmentTierThresholdGB","EffectivePricePerGB"
"2023-03-29T15:50:58.330Z","Azure Monitor","koreacentral","NOK","Pay-as-you-go Data Ingestion","Pay-as-you-go","1 GB","32.3894","2018-02-01T00:00:00.000Z","0","32.3894"
"2023-03-29T15:50:58.330Z","Azure Monitor","koreacentral","NOK","100 GB Commitment Tier Capacity Reservation","100","1/Day","2755.7032","2019-11-01T00:00:00.000Z","85.0804","27.557"
"2023-03-29T15:50:58.330Z","Azure Monitor","koreacentral","NOK","200 GB Commitment Tier Capacity Reservation","200","1/Day","5173.9733","2019-11-01T00:00:00.000Z","187.7553","25.8699"
"2023-03-29T15:50:58.330Z","Azure Monitor","koreacentral","NOK","300 GB Commitment Tier Capacity Reservation","300","1/Day","7592.2434","2019-11-01T00:00:00.000Z","293.4779","25.3075"
"2023-03-29T15:50:58.330Z","Azure Monitor","koreacentral","NOK","400 GB Commitment Tier Capacity Reservation","400","1/Day","9898.0358","2019-11-01T00:00:00.000Z","391.1108","24.7451"
"2023-03-29T15:50:58.330Z","Azure Monitor","koreacentral","NOK","500 GB Commitment Tier Capacity Reservation","500","1/Day","12161.6492","2019-11-01T00:00:00.000Z","491.4771","24.3233"
"2023-03-29T15:50:58.330Z","Azure Monitor","koreacentral","NOK","1000 GB Commitment Tier Capacity Reservation","1000","1/Day","23901.507","2021-06-01T02:00:00.000Z","982.6589","23.9015"
"2023-03-29T15:50:58.330Z","Azure Monitor","koreacentral","NOK","2000 GB Commitment Tier Capacity Reservation","2000","1/Day","46678.2372","2021-06-01T02:00:00.000Z","1952.9417","23.3391"
"2023-03-29T15:50:58.330Z","Azure Monitor","koreacentral","NOK","5000 GB Commitment Tier Capacity Reservation","5000","1/Day","113180.6655","2021-06-01T02:00:00.000Z","4849.4015","22.6361"
"2023-04-12T13:28:34.468Z","Azure Monitor","koreacentral","NOK","Pay-as-you-go Data Ingestion","Pay-as-you-go","1 GB","32.4194","2018-02-01T00:00:00.000Z","0","32.4194"
"2023-04-12T13:28:34.468Z","Azure Monitor","koreacentral","NOK","100 GB Commitment Tier Capacity Reservation","100","1/Day","2758.2566","2019-11-01T00:00:00.000Z","85.0804","27.5826"
"2023-04-12T13:28:34.468Z","Azure Monitor","koreacentral","NOK","200 GB Commitment Tier Capacity Reservation","200","1/Day","5178.7674","2019-11-01T00:00:00.000Z","187.7549","25.8938"
"2023-04-12T13:28:34.468Z","Azure Monitor","koreacentral","NOK","300 GB Commitment Tier Capacity Reservation","300","1/Day","7599.2783","2019-11-01T00:00:00.000Z","293.4787","25.3309"
"2023-04-12T13:28:34.468Z","Azure Monitor","koreacentral","NOK","400 GB Commitment Tier Capacity Reservation","400","1/Day","9907.2072","2019-11-01T00:00:00.000Z","391.1115","24.768"
"2023-04-12T13:28:34.468Z","Azure Monitor","koreacentral","NOK","500 GB Commitment Tier Capacity Reservation","500","1/Day","12172.9179","2019-11-01T00:00:00.000Z","491.4776","24.3458"
"2023-04-12T13:28:34.468Z","Azure Monitor","koreacentral","NOK","1000 GB Commitment Tier Capacity Reservation","1000","1/Day","23923.6538","2021-06-01T02:00:00.000Z","982.6604","23.9237"
"2023-04-12T13:28:34.468Z","Azure Monitor","koreacentral","NOK","2000 GB Commitment Tier Capacity Reservation","2000","1/Day","46721.4885","2021-06-01T02:00:00.000Z","1952.9374","23.3607"
"2023-04-12T13:28:34.468Z","Azure Monitor","koreacentral","NOK","5000 GB Commitment Tier Capacity Reservation","5000","1/Day","113285.5369","2021-06-01T02:00:00.000Z","4849.4068","22.6571"
"2023-05-02T08:07:40.927Z","Azure Monitor","koreacentral","NOK","Pay-as-you-go Data Ingestion","Pay-as-you-go","1 GB","33.0346","2018-02-01T00:00:00.000Z","0","33.0346"
"2023-05-02T08:07:40.927Z","Azure Monitor","koreacentral","NOK","100 GB Commitment Tier Capacity Reservation","100","1/Day","2810.5944","2019-11-01T00:00:00.000Z","85.0803","28.1059"
"2023-05-02T08:07:40.927Z","Azure Monitor","koreacentral","NOK","200 GB Commitment Tier Capacity Reservation","200","1/Day","5277.0344","2019-11-01T00:00:00.000Z","187.7554","26.3852"
"2023-05-02T08:07:40.927Z","Azure Monitor","koreacentral","NOK","300 GB Commitment Tier Capacity Reservation","300","1/Day","7743.4745","2019-11-01T00:00:00.000Z","293.478","25.8116"
"2023-05-02T08:07:40.927Z","Azure Monitor","koreacentral","NOK","400 GB Commitment Tier Capacity Reservation","400","1/Day","10095.1963","2019-11-01T00:00:00.000Z","391.1108","25.238"
"2023-05-02T08:07:40.927Z","Azure Monitor","koreacentral","NOK","500 GB Commitment Tier Capacity Reservation","500","1/Day","12403.8989","2019-11-01T00:00:00.000Z","491.4771","24.8078"
"2023-05-02T08:07:40.927Z","Azure Monitor","koreacentral","NOK","1000 GB Commitment Tier Capacity Reservation","1000","1/Day","24377.6048","2021-06-01T02:00:00.000Z","982.6589","24.3776"
"2023-05-02T08:07:40.927Z","Azure Monitor","koreacentral","NOK","2000 GB Commitment Tier Capacity Reservation","2000","1/Day","47608.0281","2021-06-01T02:00:00.000Z","1952.9416","23.804"
"2023-05-02T08:07:40.927Z","Azure Monitor","koreacentral","NOK","5000 GB Commitment Tier Capacity Reservation","5000","1/Day","115435.1284","2021-06-01T02:00:00.000Z","4849.4005","23.087"
"2023-06-02T08:07:42.568Z","Azure Monitor","koreacentral","NOK","Pay-as-you-go Data Ingestion","Pay-as-you-go","1 GB","34.4554","2018-02-01T00:00:00.000Z","0","34.4554"
"2023-06-02T08:07:42.568Z","Azure Monitor","koreacentral","NOK","100 GB Commitment Tier Capacity Reservation","100","1/Day","2931.4769","2019-11-01T00:00:00.000Z","85.0803","29.3148"
"2023-06-02T08:07:42.568Z","Azure Monitor","koreacentral","NOK","200 GB Commitment Tier Capacity Reservation","200","1/Day","5503.9975","2019-11-01T00:00:00.000Z","187.7549","27.52"
"2023-06-02T08:07:42.568Z","Azure Monitor","koreacentral","NOK","300 GB Commitment Tier Capacity Reservation","300","1/Day","8076.5181","2019-11-01T00:00:00.000Z","293.4781","26.9217"
"2023-06-02T08:07:42.568Z","Azure Monitor","koreacentral","NOK","400 GB Commitment Tier Capacity Reservation","400","1/Day","10529.3866","2019-11-01T00:00:00.000Z","391.1115","26.3235"
"2023-06-02T08:07:42.568Z","Azure Monitor","koreacentral","NOK","500 GB Commitment Tier Capacity Reservation","500","1/Day","12937.3855","2019-11-01T00:00:00.000Z","491.4766","25.8748"
"2023-06-02T08:07:42.568Z","Azure Monitor","koreacentral","NOK","1000 GB Commitment Tier Capacity Reservation","1000","1/Day","25426.0755","2021-06-01T02:00:00.000Z","982.6579","25.4261"
"2023-06-02T08:07:42.568Z","Azure Monitor","koreacentral","NOK","2000 GB Commitment Tier Capacity Reservation","2000","1/Day","49655.6298","2021-06-01T02:00:00.000Z","1952.9393","24.8278"
"2023-06-02T08:07:42.568Z","Azure Monitor","koreacentral","NOK","5000 GB Commitment Tier Capacity Reservation","5000","1/Day","120399.9458","2021-06-01T02:00:00.000Z","4849.4005","24.08"
"2023-07-07T06:09:02.036Z","Azure Monitor","koreacentral","NOK","Pay-as-you-go Data Ingestion","Pay-as-you-go","1 GB","33.6336","2018-02-01T00:00:00.000Z","0","33.6336"
"2023-07-07T06:09:02.036Z","Azure Monitor","koreacentral","NOK","100 GB Commitment Tier Capacity Reservation","100","1/Day","2861.5564","2019-11-01T00:00:00.000Z","85.0803","28.6156"
"2023-07-07T06:09:02.036Z","Azure Monitor","koreacentral","NOK","200 GB Commitment Tier Capacity Reservation","200","1/Day","5372.7181","2019-11-01T00:00:00.000Z","187.7549","26.8636"
"2023-07-07T06:09:02.036Z","Azure Monitor","koreacentral","NOK","300 GB Commitment Tier Capacity Reservation","300","1/Day","7883.8798","2019-11-01T00:00:00.000Z","293.4782","26.2796"
"2023-07-07T06:09:02.036Z","Azure Monitor","koreacentral","NOK","400 GB Commitment Tier Capacity Reservation","400","1/Day","10278.2434","2019-11-01T00:00:00.000Z","391.1111","25.6956"
"2023-07-07T06:09:02.036Z","Azure Monitor","koreacentral","NOK","500 GB Commitment Tier Capacity Reservation","500","1/Day","12628.8075","2019-11-01T00:00:00.000Z","491.4774","25.2576"
"2023-07-07T06:09:02.036Z","Azure Monitor","koreacentral","NOK","1000 GB Commitment Tier Capacity Reservation","1000","1/Day","24819.6217","2021-06-01T00:00:00.000Z","982.6595","24.8196"
"2023-07-07T06:09:02.036Z","Azure Monitor","koreacentral","NOK","2000 GB Commitment Tier Capacity Reservation","2000","1/Day","48471.2613","2021-06-01T00:00:00.000Z","1952.9429","24.2356"
"2023-07-07T06:09:02.036Z","Azure Monitor","koreacentral","NOK","5000 GB Commitment Tier Capacity Reservation","5000","1/Day","117528.2089","2021-06-01T00:00:00.000Z","4849.4037","23.5056"
"2023-08-01T06:08:30.007Z","Azure Monitor","koreacentral","NOK","200 GB Commitment Tier Capacity Reservation","200","1/Day","5030.1497","2019-11-01T00:00:00.000Z","175.7835","25.1507"
"2023-08-01T06:08:30.007Z","Azure Monitor","koreacentral","NOK","500 GB Commitment Tier Capacity Reservation","500","1/Day","11823.5855","2019-11-01T00:00:00.000Z","460.1405","23.6472"
"2023-08-01T06:08:30.007Z","Azure Monitor","koreacentral","NOK","1000 GB Commitment Tier Capacity Reservation","1000","1/Day","23237.1045","2021-06-01T00:00:00.000Z","982.6578","23.2371"
"2023-08-01T06:08:30.007Z","Azure Monitor","koreacentral","NOK","2000 GB Commitment Tier Capacity Reservation","2000","1/Day","45380.6982","2021-06-01T00:00:00.000Z","1952.9416","22.6903"
"2023-08-02T06:09:03.844Z","Azure Monitor","koreacentral","NOK","Pay-as-you-go Data Ingestion","Pay-as-you-go","1 GB","31.4891","2018-02-01T00:00:00.000Z","0","31.4891"
"2023-08-02T06:09:03.844Z","Azure Monitor","koreacentral","NOK","100 GB Commitment Tier Capacity Reservation","100","1/Day","2679.1015","2019-11-01T00:00:00.000Z","85.0803","26.791"
"2023-08-02T06:09:03.844Z","Azure Monitor","koreacentral","NOK","300 GB Commitment Tier Capacity Reservation","300","1/Day","7381.1979","2019-11-01T00:00:00.000Z","293.4788","24.604"
"2023-08-02T06:09:03.844Z","Azure Monitor","koreacentral","NOK","400 GB Commitment Tier Capacity Reservation","400","1/Day","9622.895","2019-11-01T00:00:00.000Z","391.111","24.0572"
"2023-08-02T06:09:03.844Z","Azure Monitor","koreacentral","NOK","5000 GB Commitment Tier Capacity Reservation","5000","1/Day","110034.5242","2021-06-01T00:00:00.000Z","4849.4081","22.0069"
"2023-09-02T06:07:00.316Z","Azure Monitor","koreacentral","NOK","Pay-as-you-go Data Ingestion","Pay-as-you-go","1 GB","33.2022","2018-02-01T00:00:00.000Z","0","33.2022"
"2023-09-02T06:07:00.316Z","Azure Monitor","koreacentral","NOK","100 GB Commitment Tier Capacity Reservation","100","1/Day","2824.8564","2019-11-01T00:00:00.000Z","85.0804","28.2486"
"2023-09-02T06:07:00.316Z","Azure Monitor","koreacentral","NOK","200 GB Commitment Tier Capacity Reservation","200","1/Day","5303.812","2019-11-01T00:00:00.000Z","187.7549","26.5191"
"2023-09-02T06:07:00.316Z","Azure Monitor","koreacentral","NOK","300 GB Commitment Tier Capacity Reservation","300","1/Day","7782.7676","2019-11-01T00:00:00.000Z","293.4778","25.9426"
"2023-09-02T06:07:00.316Z","Azure Monitor","koreacentral","NOK","400 GB Commitment Tier Capacity Reservation","400","1/Day","10146.4229","2019-11-01T00:00:00.000Z","391.1105","25.3661"
"2023-09-02T06:07:00.316Z","Azure Monitor","koreacentral","NOK","500 GB Commitment Tier Capacity Reservation","500","1/Day","12466.8406","2019-11-01T00:00:00.000Z","491.4764","24.9337"
"2023-09-02T06:07:00.316Z","Azure Monitor","koreacentral","NOK","1000 GB Commitment Tier Capacity Reservation","1000","1/Day","24501.3053","2021-06-01T00:00:00.000Z","982.6582","24.5013"
"2023-09-02T06:07:00.316Z","Azure Monitor","koreacentral","NOK","2000 GB Commitment Tier Capacity Reservation","2000","1/Day","47849.6079","2021-06-01T00:00:00.000Z","1952.9416","23.9248"
"2023-09-02T06:07:00.316Z","Azure Monitor","koreacentral","NOK","5000 GB Commitment Tier Capacity Reservation","5000","1/Day","116020.8866","2021-06-01T00:00:00.000Z","4849.3984","23.2042"
"2023-10-02T06:08:46.154Z","Azure Monitor","koreacentral","NOK","Pay-as-you-go Data Ingestion","Pay-as-you-go","1 GB","33.4403","2018-02-01T00:00:00.000Z","0","33.4403"
"2023-10-02T06:08:46.154Z","Azure Monitor","koreacentral","NOK","100 GB Commitment Tier Capacity Reservation","100","1/Day","2845.1115","2019-11-01T00:00:00.000Z","85.0803","28.4511"
"2023-10-02T06:08:46.154Z","Azure Monitor","koreacentral","NOK","200 GB Commitment Tier Capacity Reservation","200","1/Day","5341.842","2019-11-01T00:00:00.000Z","187.7552","26.7092"
"2023-10-02T06:08:46.154Z","Azure Monitor","koreacentral","NOK","300 GB Commitment Tier Capacity Reservation","300","1/Day","7838.5725","2019-11-01T00:00:00.000Z","293.4784","26.1286"
"2023-10-02T06:08:46.154Z","Azure Monitor","koreacentral","NOK","400 GB Commitment Tier Capacity Reservation","400","1/Day","10219.176","2019-11-01T00:00:00.000Z","391.1107","25.5479"
"2023-10-02T06:08:46.154Z","Azure Monitor","koreacentral","NOK","500 GB Commitment Tier Capacity Reservation","500","1/Day","12556.2319","2019-11-01T00:00:00.000Z","491.478","25.1125"
"2023-10-02T06:08:46.154Z","Azure Monitor","koreacentral","NOK","1000 GB Commitment Tier Capacity Reservation","1000","1/Day","24676.9875","2021-06-01T00:00:00.000Z","982.6575","24.677"
"2023-10-02T06:08:46.154Z","Azure Monitor","koreacentral","NOK","2000 GB Commitment Tier Capacity Reservation","2000","1/Day","48192.705","2021-06-01T00:00:00.000Z","1952.9402","24.0964"
"2023-10-02T06:08:46.154Z","Azure Monitor","koreacentral","NOK","5000 GB Commitment Tier Capacity Reservation","5000","1/Day","116852.7938","2021-06-01T00:00:00.000Z","4849.388","23.3706"
"2023-11-02T06:08:26.681Z","Azure Monitor","koreacentral","NOK","Pay-as-you-go Data Ingestion","Pay-as-you-go","1 GB","34.6894","2018-02-01T00:00:00.000Z","0","34.6894"
"2023-11-02T06:08:26.681Z","Azure Monitor","koreacentral","NOK","100 GB Commitment Tier Capacity Reservation","100","1/Day","2951.3881","2019-11-01T00:00:00.000Z","85.0804","29.5139"
"2023-11-02T06:08:26.681Z","Azure Monitor","koreacentral","NOK","200 GB Commitment Tier Capacity Reservation","200","1/Day","5541.3817","2019-11-01T00:00:00.000Z","187.755","27.7069"
"2023-11-02T06:08:26.681Z","Azure Monitor","koreacentral","NOK","300 GB Commitment Tier Capacity Reservation","300","1/Day","8131.3753","2019-11-01T00:00:00.000Z","293.4784","27.1046"
"2023-11-02T06:08:26.681Z","Azure Monitor","koreacentral","NOK","400 GB Commitment Tier Capacity Reservation","400","1/Day","10600.9042","2019-11-01T00:00:00.000Z","391.1109","26.5023"
"2023-11-02T06:08:26.681Z","Azure Monitor","koreacentral","NOK","500 GB Commitment Tier Capacity Reservation","500","1/Day","13025.2587","2019-11-01T00:00:00.000Z","491.4765","26.0505"
"2023-11-02T06:08:26.681Z","Azure Monitor","koreacentral","NOK","1000 GB Commitment Tier Capacity Reservation","1000","1/Day","25598.7742","2021-06-01T00:00:00.000Z","982.6596","25.5988"
"2023-11-02T06:08:26.681Z","Azure Monitor","koreacentral","NOK","2000 GB Commitment Tier Capacity Reservation","2000","1/Day","49992.9003","2021-06-01T00:00:00.000Z","1952.9392","24.9965"
"2023-11-02T06:08:26.681Z","Azure Monitor","koreacentral","NOK","5000 GB Commitment Tier Capacity Reservation","5000","1/Day","121217.7251","2021-06-01T00:00:00.000Z","4849.3879","24.2435"
"2023-12-02T06:07:58.693Z","Azure Monitor","koreacentral","NOK","Pay-as-you-go Data Ingestion","Pay-as-you-go","1 GB","33.1193","2018-02-01T00:00:00.000Z","0","33.1193"
"2023-12-02T06:07:58.693Z","Azure Monitor","koreacentral","NOK","100 GB Commitment Tier Capacity Reservation","100","1/Day","2817.8048","2019-11-01T00:00:00.000Z","85.0804","28.178"
"2023-12-02T06:07:58.693Z","Azure Monitor","koreacentral","NOK","200 GB Commitment Tier Capacity Reservation","200","1/Day","5290.5722","2019-11-01T00:00:00.000Z","187.7554","26.4529"
"2023-12-02T06:07:58.693Z","Azure Monitor","koreacentral","NOK","300 GB Commitment Tier Capacity Reservation","300","1/Day","7763.3397","2019-11-01T00:00:00.000Z","293.4778","25.8778"
"2023-12-02T06:07:58.693Z","Azure Monitor","koreacentral","NOK","400 GB Commitment Tier Capacity Reservation","400","1/Day","10121.0947","2019-11-01T00:00:00.000Z","391.1111","25.3027"
"2023-12-02T06:07:58.693Z","Azure Monitor","koreacentral","NOK","500 GB Commitment Tier Capacity Reservation","500","1/Day","12435.7201","2019-11-01T00:00:00.000Z","491.478","24.8714"
"2023-12-02T06:07:58.693Z","Azure Monitor","koreacentral","NOK","1000 GB Commitment Tier Capacity Reservation","1000","1/Day","24440.1435","2021-06-01T00:00:00.000Z","982.6605","24.4401"
"2023-12-02T06:07:58.693Z","Azure Monitor","koreacentral","NOK","2000 GB Commitment Tier Capacity Reservation","2000","1/Day","47730.1626","2021-06-01T00:00:00.000Z","1952.9447","23.8651"
"2023-12-02T06:07:58.693Z","Azure Monitor","koreacentral","NOK","5000 GB Commitment Tier Capacity Reservation","5000","1/Day","115731.2677","2021-06-01T00:00:00.000Z","4849.3938","23.1463"
"2024-01-02T06:08:37.104Z","Azure Monitor","koreacentral","NOK","Pay-as-you-go Data Ingestion","Pay-as-you-go","1 GB","31.3267","2018-02-01T00:00:00.000Z","0","31.3267"
"2024-01-02T06:08:37.104Z","Azure Monitor","koreacentral","NOK","100 GB Commitment Tier Capacity Reservation","100","1/Day","2665.2893","2019-11-01T00:00:00.000Z","85.0804","26.6529"
"2024-01-02T06:08:37.104Z","Azure Monitor","koreacentral","NOK","200 GB Commitment Tier Capacity Reservation","200","1/Day","5004.2167","2019-11-01T00:00:00.000Z","187.7551","25.0211"
"2024-01-02T06:08:37.104Z","Azure Monitor","koreacentral","NOK","300 GB Commitment Tier Capacity Reservation","300","1/Day","7343.1441","2019-11-01T00:00:00.000Z","293.4781","24.4771"
"2024-01-02T06:08:37.104Z","Azure Monitor","koreacentral","NOK","400 GB Commitment Tier Capacity Reservation","400","1/Day","9573.2842","2019-11-01T00:00:00.000Z","391.1119","23.9332"
"2024-01-02T06:08:37.104Z","Azure Monitor","koreacentral","NOK","500 GB Commitment Tier Capacity Reservation","500","1/Day","11762.629","2019-11-01T00:00:00.000Z","491.4775","23.5253"
"2024-01-02T06:08:37.104Z","Azure Monitor","koreacentral","NOK","1000 GB Commitment Tier Capacity Reservation","1000","1/Day","23117.3055","2021-06-01T00:00:00.000Z","982.6572","23.1173"
"2024-01-02T06:08:37.104Z","Azure Monitor","koreacentral","NOK","2000 GB Commitment Tier Capacity Reservation","2000","1/Day","45146.7378","2021-06-01T00:00:00.000Z","1952.9416","22.5734"
"2024-01-02T06:08:37.104Z","Azure Monitor","koreacentral","NOK","5000 GB Commitment Tier Capacity Reservation","5000","1/Day","109467.2408","2021-06-01T00:00:00.000Z","4849.3909","21.8934"
"2024-02-02T06:08:03.849Z","Azure Monitor","koreacentral","NOK","Pay-as-you-go Data Ingestion","Pay-as-you-go","1 GB","32.5357","2018-02-01T00:00:00.000Z","0","32.5357"
"2024-02-02T06:08:03.849Z","Azure Monitor","koreacentral","NOK","100 GB Commitment Tier Capacity Reservation","100","1/Day","2768.1526","2019-11-01T00:00:00.000Z","85.0805","27.6815"
"2024-02-02T06:08:03.849Z","Azure Monitor","koreacentral","NOK","200 GB Commitment Tier Capacity Reservation","200","1/Day","5197.3477","2019-11-01T00:00:00.000Z","187.7553","25.9867"
"2024-02-02T06:08:03.849Z","Azure Monitor","koreacentral","NOK","300 GB Commitment Tier Capacity Reservation","300","1/Day","7626.5428","2019-11-01T00:00:00.000Z","293.4787","25.4218"
"2024-02-02T06:08:03.849Z","Azure Monitor","koreacentral","NOK","400 GB Commitment Tier Capacity Reservation","400","1/Day","9942.7522","2019-11-01T00:00:00.000Z","391.1113","24.8569"
"2024-02-02T06:08:03.849Z","Azure Monitor","koreacentral","NOK","500 GB Commitment Tier Capacity Reservation","500","1/Day","12216.5918","2019-11-01T00:00:00.000Z","491.4769","24.4332"
"2024-02-02T06:08:03.849Z","Azure Monitor","koreacentral","NOK","1000 GB Commitment Tier Capacity Reservation","1000","1/Day","24009.4867","2021-06-01T00:00:00.000Z","982.6583","24.0095"
"2024-02-02T06:08:03.849Z","Azure Monitor","koreacentral","NOK","2000 GB Commitment Tier Capacity Reservation","2000","1/Day","46889.1153","2021-06-01T00:00:00.000Z","1952.9401","23.4446"
"2024-02-02T06:08:03.849Z","Azure Monitor","koreacentral","NOK","5000 GB Commitment Tier Capacity Reservation","5000","1/Day","113691.9814","2021-06-01T00:00:00.000Z","4849.3888","22.7384"
"2024-03-02T06:08:20.311Z","Azure Monitor","koreacentral","NOK","Pay-as-you-go Data Ingestion","Pay-as-you-go","1 GB","32.7413","2018-02-01T00:00:00.000Z","0","32.7413"
"2024-03-02T06:08:20.311Z","Azure Monitor","koreacentral","NOK","100 GB Commitment Tier Capacity Reservation","100","1/Day","2785.6426","2019-11-01T00:00:00.000Z","85.0804","27.8564"
"2024-03-02T06:08:20.311Z","Azure Monitor","koreacentral","NOK","200 GB Commitment Tier Capacity Reservation","200","1/Day","5230.1862","2019-11-01T00:00:00.000Z","187.7553","26.1509"
"2024-03-02T06:08:20.311Z","Azure Monitor","koreacentral","NOK","300 GB Commitment Tier Capacity Reservation","300","1/Day","7674.7297","2019-11-01T00:00:00.000Z","293.4786","25.5824"
"2024-03-02T06:08:20.311Z","Azure Monitor","koreacentral","NOK","400 GB Commitment Tier Capacity Reservation","400","1/Day","10005.5736","2019-11-01T00:00:00.000Z","391.1116","25.0139"
"2024-03-02T06:08:20.311Z","Azure Monitor","koreacentral","NOK","500 GB Commitment Tier Capacity Reservation","500","1/Day","12293.7801","2019-11-01T00:00:00.000Z","491.4779","24.5876"
"2024-03-02T06:08:20.311Z","Azure Monitor","koreacentral","NOK","1000 GB Commitment Tier Capacity Reservation","1000","1/Day","24161.1862","2021-06-01T00:00:00.000Z","982.6574","24.1612"
"2024-03-02T06:08:20.311Z","Azure Monitor","koreacentral","NOK","2000 GB Commitment Tier Capacity Reservation","2000","1/Day","47185.3755","2021-06-01T00:00:00.000Z","1952.9401","23.5927"
"2024-03-02T06:08:20.311Z","Azure Monitor","koreacentral","NOK","5000 GB Commitment Tier Capacity Reservation","5000","1/Day","114410.3231","2021-06-01T00:00:00.000Z","4849.3951","22.8821"
"2024-04-03T09:26:28.723Z","Azure Monitor","koreacentral","NOK","Pay-as-you-go Data Ingestion","Pay-as-you-go","1 GB","33.4229","2018-02-01T00:00:00.000Z","0","33.4229"
"2024-04-03T09:26:28.723Z","Azure Monitor","koreacentral","NOK","100 GB Commitment Tier Capacity Reservation","100","1/Day","2843.6297","2019-11-01T00:00:00.000Z","85.0803","28.4363"
"2024-04-03T09:26:28.723Z","Azure Monitor","koreacentral","NOK","200 GB Commitment Tier Capacity Reservation","200","1/Day","5339.0599","2019-11-01T00:00:00.000Z","187.7551","26.6953"
"2024-04-03T09:26:28.723Z","Azure Monitor","koreacentral","NOK","300 GB Commitment Tier Capacity Reservation","300","1/Day","7834.4901","2019-11-01T00:00:00.000Z","293.4783","26.115"
"2024-04-03T09:26:28.723Z","Azure Monitor","koreacentral","NOK","400 GB Commitment Tier Capacity Reservation","400","1/Day","10213.8538","2019-11-01T00:00:00.000Z","391.1106","25.5346"
"2024-04-03T09:26:28.723Z","Azure Monitor","koreacentral","NOK","500 GB Commitment Tier Capacity Reservation","500","1/Day","12549.6925","2019-11-01T00:00:00.000Z","491.4779","25.0994"
"2024-04-03T09:26:28.723Z","Azure Monitor","koreacentral","NOK","1000 GB Commitment Tier Capacity Reservation","1000","1/Day","24664.1355","2021-06-01T00:00:00.000Z","982.6584","24.6641"
"2024-04-03T09:26:28.723Z","Azure Monitor","koreacentral","NOK","2000 GB Commitment Tier Capacity Reservation","2000","1/Day","48167.6058","2021-06-01T00:00:00.000Z","1952.944","24.0838"
"2024-04-03T09:26:28.723Z","Azure Monitor","koreacentral","NOK","5000 GB Commitment Tier Capacity Reservation","5000","1/Day","116791.9357","2021-06-01T00:00:00.000Z","4849.3982","23.3584"
"2024-05-01T06:09:59.892Z","Azure Monitor","koreacentral","NOK","Pay-as-you-go Data Ingestion","Pay-as-you-go","1 GB","34.3053","2018-02-01T00:00:00.000Z","0","34.3053"
"2024-05-01T06:09:59.892Z","Azure Monitor","koreacentral","NOK","100 GB Commitment Tier Capacity Reservation","100","1/Day","2918.71","2019-11-01T00:00:00.000Z","85.0804","29.1871"
"2024-05-01T06:09:59.892Z","Azure Monitor","koreacentral","NOK","200 GB Commitment Tier Capacity Reservation","200","1/Day","5480.0269","2019-11-01T00:00:00.000Z","187.7551","27.4001"
"2024-05-01T06:09:59.892Z","Azure Monitor","koreacentral","NOK","300 GB Commitment Tier Capacity Reservation","300","1/Day","8041.3438","2019-11-01T00:00:00.000Z","293.4786","26.8045"
"2024-05-01T06:09:59.892Z","Azure Monitor","koreacentral","NOK","400 GB Commitment Tier Capacity Reservation","400","1/Day","10483.5298","2019-11-01T00:00:00.000Z","391.1108","26.2088"
"2024-05-01T06:09:59.892Z","Azure Monitor","koreacentral","NOK","500 GB Commitment Tier Capacity Reservation","500","1/Day","12881.0415","2019-11-01T00:00:00.000Z","491.4777","25.7621"
"2024-05-01T06:09:59.892Z","Azure Monitor","koreacentral","NOK","1000 GB Commitment Tier Capacity Reservation","1000","1/Day","25315.3417","2021-06-01T00:00:00.000Z","982.6583","25.3153"
"2024-05-01T06:09:59.892Z","Azure Monitor","koreacentral","NOK","2000 GB Commitment Tier Capacity Reservation","2000","1/Day","49439.3733","2021-06-01T00:00:00.000Z","1952.9444","24.7197"
"2024-05-01T06:09:59.892Z","Azure Monitor","koreacentral","NOK","5000 GB Commitment Tier Capacity Reservation","5000","1/Day","119875.5889","2021-06-01T00:00:00.000Z","4849.395","23.9751"
"2024-06-02T06:10:06.668Z","Azure Monitor","koreacentral","NOK","Pay-as-you-go Data Ingestion","Pay-as-you-go","1 GB","32.8486","2018-02-01T00:00:00.000Z","0","32.8486"
"2024-06-02T06:10:06.668Z","Azure Monitor","koreacentral","NOK","100 GB Commitment Tier Capacity Reservation","100","1/Day","2794.7714","2019-11-01T00:00:00.000Z","85.0804","27.9477"
"2024-06-02T06:10:06.668Z","Azure Monitor","koreacentral","NOK","200 GB Commitment Tier Capacity Reservation","200","1/Day","5247.3258","2019-11-01T00:00:00.000Z","187.7552","26.2366"
"2024-06-02T06:10:06.668Z","Azure Monitor","koreacentral","NOK","300 GB Commitment Tier Capacity Reservation","300","1/Day","7699.8803","2019-11-01T00:00:00.000Z","293.4786","25.6663"
"2024-06-02T06:10:06.668Z","Azure Monitor","koreacentral","NOK","400 GB Commitment Tier Capacity Reservation","400","1/Day","10038.3624","2019-11-01T00:00:00.000Z","391.1106","25.0959"
"2024-06-02T06:10:06.668Z","Azure Monitor","koreacentral","NOK","500 GB Commitment Tier Capacity Reservation","500","1/Day","12334.0674","2019-11-01T00:00:00.000Z","491.4774","24.6681"
"2024-06-02T06:10:06.668Z","Azure Monitor","koreacentral","NOK","1000 GB Commitment Tier Capacity Reservation","1000","1/Day","24240.3638","2021-06-01T00:00:00.000Z","982.6604","24.2404"
"2024-06-02T06:10:06.668Z","Azure Monitor","koreacentral","NOK","2000 GB Commitment Tier Capacity Reservation","2000","1/Day","47340.0045","2021-06-01T00:00:00.000Z","1952.9383","23.67"
"2024-06-02T06:10:06.668Z","Azure Monitor","koreacentral","NOK","5000 GB Commitment Tier Capacity Reservation","5000","1/Day","114785.2519","2021-06-01T00:00:00.000Z","4849.3981","22.9571"
"2024-07-01T06:11:21.244Z","Azure Monitor","koreacentral","NOK","Pay-as-you-go Data Ingestion","Pay-as-you-go","1 GB","33.202","2018-02-01T00:00:00.000Z","0","33.202"
"2024-07-01T06:11:21.244Z","Azure Monitor","koreacentral","NOK","100 GB Commitment Tier Capacity Reservation","100","1/Day","2824.8431","2019-11-01T00:00:00.000Z","85.0805","28.2484"
"2024-07-01T06:11:21.244Z","Azure Monitor","koreacentral","NOK","200 GB Commitment Tier Capacity Reservation","200","1/Day","5303.7871","2019-11-01T00:00:00.000Z","187.7553","26.5189"
"2024-07-01T06:11:21.244Z","Azure Monitor","koreacentral","NOK","300 GB Commitment Tier Capacity Reservation","300","1/Day","7782.7311","2019-11-01T00:00:00.000Z","293.4787","25.9424"
"2024-07-01T06:11:21.244Z","Azure Monitor","koreacentral","NOK","400 GB Commitment Tier Capacity Reservation","400","1/Day","10146.3754","2019-11-01T00:00:00.000Z","391.1117","25.3659"
"2024-07-01T06:11:21.244Z","Azure Monitor","koreacentral","NOK","500 GB Commitment Tier Capacity Reservation","500","1/Day","12466.7822","2019-11-01T00:00:00.000Z","491.478","24.9336"
"2024-07-01T06:11:21.244Z","Azure Monitor","koreacentral","NOK","1000 GB Commitment Tier Capacity Reservation","1000","1/Day","24501.1905","2021-06-01T00:00:00.000Z","982.6576","24.5012"
"2024-07-01T06:11:21.244Z","Azure Monitor","koreacentral","NOK","2000 GB Commitment Tier Capacity Reservation","2000","1/Day","47849.3838","2021-06-01T00:00:00.000Z","1952.9404","23.9247"
"2024-07-01T06:11:21.244Z","Azure Monitor","koreacentral","NOK","5000 GB Commitment Tier Capacity Reservation","5000","1/Day","116020.3432","2021-06-01T00:00:00.000Z","4849.3959","23.2041"
"2024-08-02T06:11:10.559Z","Azure Monitor","koreacentral","NOK","Pay-as-you-go Data Ingestion","Pay-as-you-go","1 GB","34.2184","2018-02-01T00:00:00.000Z","0","34.2184"
"2024-08-02T06:11:10.559Z","Azure Monitor","koreacentral","NOK","100 GB Commitment Tier Capacity Reservation","100","1/Day","2911.3144","2019-11-01T00:00:00.000Z","85.0804","29.1131"
"2024-08-02T06:11:10.559Z","Azure Monitor","koreacentral","NOK","200 GB Commitment Tier Capacity Reservation","200","1/Day","5466.1414","2019-11-01T00:00:00.000Z","187.7554","27.3307"
"2024-08-02T06:11:10.559Z","Azure Monitor","koreacentral","NOK","300 GB Commitment Tier Capacity Reservation","300","1/Day","8020.9683","2019-11-01T00:00:00.000Z","293.4783","26.7366"
"2024-08-02T06:11:10.559Z","Azure Monitor","koreacentral","NOK","400 GB Commitment Tier Capacity Reservation","400","1/Day","10456.9661","2019-11-01T00:00:00.000Z","391.1105","26.1424"
"2024-08-02T06:11:10.559Z","Azure Monitor","koreacentral","NOK","500 GB Commitment Tier Capacity Reservation","500","1/Day","12848.4029","2019-11-01T00:00:00.000Z","491.4776","25.6968"
"2024-08-02T06:11:10.559Z","Azure Monitor","koreacentral","NOK","1000 GB Commitment Tier Capacity Reservation","1000","1/Day","25251.1965","2021-06-01T00:00:00.000Z","982.6592","25.2512"
"2024-08-02T06:11:10.559Z","Azure Monitor","koreacentral","NOK","2000 GB Commitment Tier Capacity Reservation","2000","1/Day","49314.1014","2021-06-01T00:00:00.000Z","1952.9409","24.6571"
"2024-08-02T06:11:10.559Z","Azure Monitor","koreacentral","NOK","5000 GB Commitment Tier Capacity Reservation","5000","1/Day","119571.8422","2021-06-01T00:00:00.000Z","4849.3879","23.9144"
