"TimeGenerated","ServiceName","ArmRegionName","CurrencyCode","MeterName","Tier","UnitOfMeasure","RetailPrice","EffectiveStartDate","EffectiveCommitmentTierThresholdGB","EffectivePricePerGB"
"2023-03-29T15:50:58.330Z","Azure Monitor","koreacentral","NZD","Pay-as-you-go Data Ingestion","Pay-as-you-go","1 GB","5.0508","2018-02-01T00:00:00.000Z","0","5.0508"
"2023-03-29T15:50:58.330Z","Azure Monitor","koreacentral","NZD","100 GB Commitment Tier Capacity Reservation","100","1/Day","429.7199","2019-11-01T00:00:00.000Z","85.0796","4.2972"
"2023-03-29T15:50:58.330Z","Azure Monitor","koreacentral","NZD","200 GB Commitment Tier Capacity Reservation","200","1/Day","806.821","2019-11-01T00:00:00.000Z","187.755","4.0341"
"2023-03-29T15:50:58.330Z","Azure Monitor","koreacentral","NZD","300 GB Commitment Tier Capacity Reservation","300","1/Day","1183.922","2019-11-01T00:00:00.000Z","293.4786","3.9464"
"2023-03-29T15:50:58.330Z","Azure Monitor","koreacentral","NZD","400 GB Commitment Tier Capacity Reservation","400","1/Day","1543.4836","2019-11-01T00:00:00.000Z","391.1118","3.8587"
"2023-03-29T15:50:58.330Z","Azure Monitor","koreacentral","NZD","500 GB Commitment Tier Capacity Reservation","500","1/Day","1896.4677","2019-11-01T00:00:00.000Z","491.4784","3.7929"
"2023-03-29T15:50:58.330Z","Azure Monitor","koreacentral","NZD","1000 GB Commitment Tier Capacity Reservation","1000","1/Day","3727.162","2021-06-01T02:00:00.000Z","982.6681","3.7272"
"2023-03-29T15:50:58.330Z","Azure Monitor","koreacentral","NZD","2000 GB Commitment Tier Capacity Reservation","2000","1/Day","7278.9281","2021-06-01T02:00:00.000Z","1952.9213","3.6395"
"2023-03-29T15:50:58.330Z","Azure Monitor","koreacentral","NZD","5000 GB Commitment Tier Capacity Reservation","5000","1/Day","17649.2083","2021-06-01T02:00:00.000Z","4849.3497","3.5298"
"2023-04-12T13:28:34.468Z","Azure Monitor","koreacentral","NZD","Pay-as-you-go Data Ingestion","Pay-as-you-go","1 GB","4.9964","2018-02-01T00:00:00.000Z","0","4.9964"
"2023-04-12T13:28:34.468Z","Azure Monitor","koreacentral","NZD","100 GB Commitment Tier Capacity Reservation","100","1/Day","425.0944","2019-11-01T00:00:00.000Z","85.0801","4.2509"
"2023-04-12T13:28:34.468Z","Azure Monitor","koreacentral","NZD","200 GB Commitment Tier Capacity Reservation","200","1/Day","798.1364","2019-11-01T00:00:00.000Z","187.757","3.9907"
"2023-04-12T13:28:34.468Z","Azure Monitor","koreacentral","NZD","300 GB Commitment Tier Capacity Reservation","300","1/Day","1171.1784","2019-11-01T00:00:00.000Z","293.4769","3.9039"
"2023-04-12T13:28:34.468Z","Azure Monitor","koreacentral","NZD","400 GB Commitment Tier Capacity Reservation","400","1/Day","1526.8696","2019-11-01T00:00:00.000Z","391.1139","3.8172"
"2023-04-12T13:28:34.468Z","Azure Monitor","koreacentral","NZD","500 GB Commitment Tier Capacity Reservation","500","1/Day","1876.0543","2019-11-01T00:00:00.000Z","491.4739","3.7521"
"2023-04-12T13:28:34.468Z","Azure Monitor","koreacentral","NZD","1000 GB Commitment Tier Capacity Reservation","1000","1/Day","3687.0431","2021-06-01T02:00:00.000Z","982.6612","3.687"
"2023-04-12T13:28:34.468Z","Azure Monitor","koreacentral","NZD","2000 GB Commitment Tier Capacity Reservation","2000","1/Day","7200.5784","2021-06-01T02:00:00.000Z","1952.964","3.6003"
"2023-04-12T13:28:34.468Z","Azure Monitor","koreacentral","NZD","5000 GB Commitment Tier Capacity Reservation","5000","1/Day","17459.2337","2021-06-01T02:00:00.000Z","4849.383","3.4918"
"2023-05-02T08:07:40.927Z","Azure Monitor","koreacentral","NZD","Pay-as-you-go Data Ingestion","Pay-as-you-go","1 GB","5.0755","2018-02-01T00:00:00.000Z","0","5.0755"
"2023-05-02T08:07:40.927Z","Azure Monitor","koreacentral","NZD","100 GB Commitment Tier Capacity Reservation","100","1/Day","431.8237","2019-11-01T00:00:00.000Z","85.08","4.3182"
"2023-05-02T08:07:40.927Z","Azure Monitor","koreacentral","NZD","200 GB Commitment Tier Capacity Reservation","200","1/Day","810.7711","2019-11-01T00:00:00.000Z","187.7567","4.0539"
"2023-05-02T08:07:40.927Z","Azure Monitor","koreacentral","NZD","300 GB Commitment Tier Capacity Reservation","300","1/Day","1189.7185","2019-11-01T00:00:00.000Z","293.475","3.9657"
"2023-05-02T08:07:40.927Z","Azure Monitor","koreacentral","NZD","400 GB Commitment Tier Capacity Reservation","400","1/Day","1551.0404","2019-11-01T00:00:00.000Z","391.1139","3.8776"
"2023-05-02T08:07:40.927Z","Azure Monitor","koreacentral","NZD","500 GB Commitment Tier Capacity Reservation","500","1/Day","1905.7528","2019-11-01T00:00:00.000Z","491.4774","3.8115"
"2023-05-02T08:07:40.927Z","Azure Monitor","koreacentral","NZD","1000 GB Commitment Tier Capacity Reservation","1000","1/Day","3745.41","2021-06-01T02:00:00.000Z","982.6604","3.7454"
"2023-05-02T08:07:40.927Z","Azure Monitor","koreacentral","NZD","2000 GB Commitment Tier Capacity Reservation","2000","1/Day","7314.5655","2021-06-01T02:00:00.000Z","1952.9464","3.6573"
"2023-05-02T08:07:40.927Z","Azure Monitor","koreacentral","NZD","5000 GB Commitment Tier Capacity Reservation","5000","1/Day","17735.6181","2021-06-01T02:00:00.000Z","4849.3747","3.5471"
"2023-06-02T08:07:42.568Z","Azure Monitor","koreacentral","NZD","Pay-as-you-go Data Ingestion","Pay-as-you-go","1 GB","5.1477","2018-02-01T00:00:00.000Z","0","5.1477"
"2023-06-02T08:07:42.568Z","Azure Monitor","koreacentral","NZD","100 GB Commitment Tier Capacity Reservation","100","1/Day","437.9707","2019-11-01T00:00:00.000Z","85.0809","4.3797"
"2023-06-02T08:07:42.568Z","Azure Monitor","koreacentral","NZD","200 GB Commitment Tier Capacity Reservation","200","1/Day","822.3123","2019-11-01T00:00:00.000Z","187.7554","4.1116"
"2023-06-02T08:07:42.568Z","Azure Monitor","koreacentral","NZD","300 GB Commitment Tier Capacity Reservation","300","1/Day","1206.654","2019-11-01T00:00:00.000Z","293.4755","4.0222"
"2023-06-02T08:07:42.568Z","Azure Monitor","koreacentral","NZD","400 GB Commitment Tier Capacity Reservation","400","1/Day","1573.1193","2019-11-01T00:00:00.000Z","391.1092","3.9328"
"2023-06-02T08:07:42.568Z","Azure Monitor","koreacentral","NZD","500 GB Commitment Tier Capacity Reservation","500","1/Day","1932.8809","2019-11-01T00:00:00.000Z","491.477","3.8658"
"2023-06-02T08:07:42.568Z","Azure Monitor","koreacentral","NZD","1000 GB Commitment Tier Capacity Reservation","1000","1/Day","3798.7255","2021-06-01T02:00:00.000Z","982.6493","3.7987"
"2023-06-02T08:07:42.568Z","Azure Monitor","koreacentral","NZD","2000 GB Commitment Tier Capacity Reservation","2000","1/Day","7418.6874","2021-06-01T02:00:00.000Z","1952.9543","3.7093"
"2023-06-02T08:07:42.568Z","Azure Monitor","koreacentral","NZD","5000 GB Commitment Tier Capacity Reservation","5000","1/Day","17988.0824","2021-06-01T02:00:00.000Z","4849.4547","3.5976"
"2023-07-07T06:09:02.036Z","Azure Monitor","koreacentral","NZD","Pay-as-you-go Data Ingestion","Pay-as-you-go","1 GB","5.1156","2018-02-01T00:00:00.000Z","0","5.1156"
"2023-07-07T06:09:02.036Z","Azure Monitor","koreacentral","NZD","100 GB Commitment Tier Capacity Reservation","100","1/Day","435.2332","2019-11-01T00:00:00.000Z","85.0796","4.3523"
"2023-07-07T06:09:02.036Z","Azure Monitor","koreacentral","NZD","200 GB Commitment Tier Capacity Reservation","200","1/Day","817.1725","2019-11-01T00:00:00.000Z","187.7565","4.0859"
"2023-07-07T06:09:02.036Z","Azure Monitor","koreacentral","NZD","300 GB Commitment Tier Capacity Reservation","300","1/Day","1199.1118","2019-11-01T00:00:00.000Z","293.4756","3.997"
"2023-07-07T06:09:02.036Z","Azure Monitor","koreacentral","NZD","400 GB Commitment Tier Capacity Reservation","400","1/Day","1563.2865","2019-11-01T00:00:00.000Z","391.115","3.9082"
"2023-07-07T06:09:02.036Z","Azure Monitor","koreacentral","NZD","500 GB Commitment Tier Capacity Reservation","500","1/Day","1920.7994","2019-11-01T00:00:00.000Z","491.4793","3.8416"
"2023-07-07T06:09:02.036Z","Azure Monitor","koreacentral","NZD","1000 GB Commitment Tier Capacity Reservation","1000","1/Day","3774.9815","2021-06-01T00:00:00.000Z","982.6587","3.775"
"2023-07-07T06:09:02.036Z","Azure Monitor","koreacentral","NZD","2000 GB Commitment Tier Capacity Reservation","2000","1/Day","7372.3168","2021-06-01T00:00:00.000Z","1952.9316","3.6862"
"2023-07-07T06:09:02.036Z","Azure Monitor","koreacentral","NZD","5000 GB Commitment Tier Capacity Reservation","5000","1/Day","17875.6477","2021-06-01T00:00:00.000Z","4849.3429","3.5751"
"2023-08-01T06:08:30.007Z","Azure Monitor","koreacentral","NZD","200 GB Commitment Tier Capacity Reservation","200","1/Day","801.8723","2019-11-01T00:00:00.000Z","184.241","4.0094"
"2023-08-01T06:08:30.007Z","Azure Monitor","koreacentral","NZD","500 GB Commitment Tier Capacity Reservation","500","1/Day","1884.8358","2019-11-01T00:00:00.000Z","482.2772","3.7697"
"2023-08-01T06:08:30.007Z","Azure Monitor","koreacentral","NZD","1000 GB Commitment Tier Capacity Reservation","1000","1/Day","3704.3015","2021-06-01T00:00:00.000Z","982.6515","3.7043"
"2023-08-01T06:08:30.007Z","Azure Monitor","koreacentral","NZD","2000 GB Commitment Tier Capacity Reservation","2000","1/Day","7234.2829","2021-06-01T00:00:00.000Z","1952.942","3.6171"
"2023-08-02T06:09:03.844Z","Azure Monitor","koreacentral","NZD","Pay-as-you-go Data Ingestion","Pay-as-you-go","1 GB","5.0198","2018-02-01T00:00:00.000Z","0","5.0198"
"2023-08-02T06:09:03.844Z","Azure Monitor","koreacentral","NZD","100 GB Commitment Tier Capacity Reservation","100","1/Day","427.0842","2019-11-01T00:00:00.000Z","85.0799","4.2708"
"2023-08-02T06:09:03.844Z","Azure Monitor","koreacentral","NZD","300 GB Commitment Tier Capacity Reservation","300","1/Day","1176.6605","2019-11-01T00:00:00.000Z","293.4755","3.9222"
"2023-08-02T06:09:03.844Z","Azure Monitor","koreacentral","NZD","400 GB Commitment Tier Capacity Reservation","400","1/Day","1534.0166","2019-11-01T00:00:00.000Z","391.1113","3.835"
"2023-08-02T06:09:03.844Z","Azure Monitor","koreacentral","NZD","5000 GB Commitment Tier Capacity Reservation","5000","1/Day","17540.9571","2021-06-01T00:00:00.000Z","4849.4532","3.5082"
"2023-09-02T06:07:00.316Z","Azure Monitor","koreacentral","NZD","Pay-as-you-go Data Ingestion","Pay-as-you-go","1 GB","5.2397","2018-02-01T00:00:00.000Z","0","5.2397"
"2023-09-02T06:07:00.316Z","Azure Monitor","koreacentral","NZD","100 GB Commitment Tier Capacity Reservation","100","1/Day","445.7923","2019-11-01T00:00:00.000Z","85.0797","4.4579"
"2023-09-02T06:07:00.316Z","Azure Monitor","koreacentral","NZD","200 GB Commitment Tier Capacity Reservation","200","1/Day","836.9977","2019-11-01T00:00:00.000Z","187.7561","4.185"
"2023-09-02T06:07:00.316Z","Azure Monitor","koreacentral","NZD","300 GB Commitment Tier Capacity Reservation","300","1/Day","1228.2032","2019-11-01T00:00:00.000Z","293.4775","4.094"
"2023-09-02T06:07:00.316Z","Azure Monitor","koreacentral","NZD","400 GB Commitment Tier Capacity Reservation","400","1/Day","1601.213","2019-11-01T00:00:00.000Z","391.1121","4.003"
"2023-09-02T06:07:00.316Z","Azure Monitor","koreacentral","NZD","500 GB Commitment Tier Capacity Reservation","500","1/Day","1967.3995","2019-11-01T00:00:00.000Z","491.4813","3.9348"
"2023-09-02T06:07:00.316Z","Azure Monitor","koreacentral","NZD","1000 GB Commitment Tier Capacity Reservation","1000","1/Day","3866.5656","2021-06-01T00:00:00.000Z","982.6587","3.8666"
"2023-09-02T06:07:00.316Z","Azure Monitor","koreacentral","NZD","2000 GB Commitment Tier Capacity Reservation","2000","1/Day","7551.1751","2021-06-01T00:00:00.000Z","1952.9238","3.7756"
"2023-09-02T06:07:00.316Z","Azure Monitor","koreacentral","NZD","5000 GB Commitment Tier Capacity Reservation","5000","1/Day","18309.3252","2021-06-01T00:00:00.000Z","4849.3816","3.6619"
"2023-10-02T06:08:46.154Z","Azure Monitor","koreacentral","NZD","Pay-as-you-go Data Ingestion","Pay-as-you-go","1 GB","5.237","2018-02-01T00:00:00.000Z","0","5.237"
"2023-10-02T06:08:46.154Z","Azure Monitor","koreacentral","NZD","100 GB Commitment Tier Capacity Reservation","100","1/Day","445.5671","2019-11-01T00:00:00.000Z","85.0806","4.4557"
"2023-10-02T06:08:46.154Z","Azure Monitor","koreacentral","NZD","200 GB Commitment Tier Capacity Reservation","200","1/Day","836.5749","2019-11-01T00:00:00.000Z","187.7539","4.1829"
"2023-10-02T06:08:46.154Z","Azure Monitor","koreacentral","NZD","300 GB Commitment Tier Capacity Reservation","300","1/Day","1227.5827","2019-11-01T00:00:00.000Z","293.4765","4.0919"
"2023-10-02T06:08:46.154Z","Azure Monitor","koreacentral","NZD","400 GB Commitment Tier Capacity Reservation","400","1/Day","1600.4041","2019-11-01T00:00:00.000Z","391.1152","4.001"
"2023-10-02T06:08:46.154Z","Azure Monitor","koreacentral","NZD","500 GB Commitment Tier Capacity Reservation","500","1/Day","1966.4057","2019-11-01T00:00:00.000Z","491.4786","3.9328"
"2023-10-02T06:08:46.154Z","Azure Monitor","koreacentral","NZD","1000 GB Commitment Tier Capacity Reservation","1000","1/Day","3864.6123","2021-06-01T00:00:00.000Z","982.6618","3.8646"
"2023-10-02T06:08:46.154Z","Azure Monitor","koreacentral","NZD","2000 GB Commitment Tier Capacity Reservation","2000","1/Day","7547.3604","2021-06-01T00:00:00.000Z","1952.9474","3.7737"
"2023-10-02T06:08:46.154Z","Azure Monitor","koreacentral","NZD","5000 GB Commitment Tier Capacity Reservation","5000","1/Day","18300.0758","2021-06-01T00:00:00.000Z","4849.3722","3.66"
"2023-11-01T06:08:41.407Z","Azure Monitor","koreacentral","NZD","Pay-as-you-go Data Ingestion","Pay-as-you-go","1 GB","5.3377","2018-02-01T00:00:00.000Z","0","5.3377"
"2023-11-01T06:08:41.407Z","Azure Monitor","koreacentral","NZD","100 GB Commitment Tier Capacity Reservation","100","1/Day","454.132","2019-11-01T00:00:00.000Z","85.0801","4.5413"
"2023-11-01T06:08:41.407Z","Azure Monitor","koreacentral","NZD","200 GB Commitment Tier Capacity Reservation","200","1/Day","852.656","2019-11-01T00:00:00.000Z","187.7559","4.2633"
"2023-11-01T06:08:41.407Z","Azure Monitor","koreacentral","NZD","300 GB Commitment Tier Capacity Reservation","300","1/Day","1251.18","2019-11-01T00:00:00.000Z","293.4769","4.1706"
"2023-11-01T06:08:41.407Z","Azure Monitor","koreacentral","NZD","400 GB Commitment Tier Capacity Reservation","400","1/Day","1631.1679","2019-11-01T00:00:00.000Z","391.1111","4.0779"
"2023-11-01T06:08:41.407Z","Azure Monitor","koreacentral","NZD","500 GB Commitment Tier Capacity Reservation","500","1/Day","2004.2049","2019-11-01T00:00:00.000Z","491.4797","4.0084"
"2023-11-01T06:08:41.407Z","Azure Monitor","koreacentral","NZD","1000 GB Commitment Tier Capacity Reservation","1000","1/Day","3938.8999","2021-06-01T00:00:00.000Z","982.6614","3.9389"
"2023-11-01T06:08:41.407Z","Azure Monitor","koreacentral","NZD","2000 GB Commitment Tier Capacity Reservation","2000","1/Day","7692.4397","2021-06-01T00:00:00.000Z","1952.9411","3.8462"
"2023-11-01T06:08:41.407Z","Azure Monitor","koreacentral","NZD","5000 GB Commitment Tier Capacity Reservation","5000","1/Day","18651.8493","2021-06-01T00:00:00.000Z","4849.4226","3.7304"
"2023-12-02T06:07:58.693Z","Azure Monitor","koreacentral","NZD","Pay-as-you-go Data Ingestion","Pay-as-you-go","1 GB","5.0705","2018-02-01T00:00:00.000Z","0","5.0705"
"2023-12-02T06:07:58.693Z","Azure Monitor","koreacentral","NZD","100 GB Commitment Tier Capacity Reservation","100","1/Day","431.4013","2019-11-01T00:00:00.000Z","85.0806","4.314"
"2023-12-02T06:07:58.693Z","Azure Monitor","koreacentral","NZD","200 GB Commitment Tier Capacity Reservation","200","1/Day","809.978","2019-11-01T00:00:00.000Z","187.7557","4.0499"
"2023-12-02T06:07:58.693Z","Azure Monitor","koreacentral","NZD","300 GB Commitment Tier Capacity Reservation","300","1/Day","1188.5547","2019-11-01T00:00:00.000Z","293.4775","3.9618"
"2023-12-02T06:07:58.693Z","Azure Monitor","koreacentral","NZD","400 GB Commitment Tier Capacity Reservation","400","1/Day","1549.5231","2019-11-01T00:00:00.000Z","391.1159","3.8738"
"2023-12-02T06:07:58.693Z","Azure Monitor","koreacentral","NZD","500 GB Commitment Tier Capacity Reservation","500","1/Day","1903.8885","2019-11-01T00:00:00.000Z","491.4783","3.8078"
"2023-12-02T06:07:58.693Z","Azure Monitor","koreacentral","NZD","1000 GB Commitment Tier Capacity Reservation","1000","1/Day","3741.7461","2021-06-01T00:00:00.000Z","982.653","3.7417"
"2023-12-02T06:07:58.693Z","Azure Monitor","koreacentral","NZD","2000 GB Commitment Tier Capacity Reservation","2000","1/Day","7307.4101","2021-06-01T00:00:00.000Z","1952.9653","3.6537"
"2023-12-02T06:07:58.693Z","Azure Monitor","koreacentral","NZD","5000 GB Commitment Tier Capacity Reservation","5000","1/Day","17718.2685","2021-06-01T00:00:00.000Z","4849.4043","3.5437"
"2024-01-01T06:09:20.544Z","Azure Monitor","koreacentral","NZD","Pay-as-you-go Data Ingestion","Pay-as-you-go","1 GB","4.9057","2018-02-01T00:00:00.000Z","0","4.9057"
"2024-01-01T06:09:20.544Z","Azure Monitor","koreacentral","NZD","100 GB Commitment Tier Capacity Reservation","100","1/Day","417.3831","2019-11-01T00:00:00.000Z","85.0813","4.1738"
"2024-01-01T06:09:20.544Z","Azure Monitor","koreacentral","NZD","200 GB Commitment Tier Capacity Reservation","200","1/Day","783.658","2019-11-01T00:00:00.000Z","187.7565","3.9183"
"2024-01-01T06:09:20.544Z","Azure Monitor","koreacentral","NZD","300 GB Commitment Tier Capacity Reservation","300","1/Day","1149.933","2019-11-01T00:00:00.000Z","293.4775","3.8331"
"2024-01-01T06:09:20.544Z","Azure Monitor","koreacentral","NZD","400 GB Commitment Tier Capacity Reservation","400","1/Day","1499.1719","2019-11-01T00:00:00.000Z","391.1121","3.7479"
"2024-01-01T06:09:20.544Z","Azure Monitor","koreacentral","NZD","500 GB Commitment Tier Capacity Reservation","500","1/Day","1842.0222","2019-11-01T00:00:00.000Z","491.4811","3.684"
"2024-01-01T06:09:20.544Z","Azure Monitor","koreacentral","NZD","1000 GB Commitment Tier Capacity Reservation","1000","1/Day","3620.1593","2021-06-01T00:00:00.000Z","982.6708","3.6202"
"2024-01-01T06:09:20.544Z","Azure Monitor","koreacentral","NZD","2000 GB Commitment Tier Capacity Reservation","2000","1/Day","7069.9582","2021-06-01T00:00:00.000Z","1952.9192","3.535"
"2024-01-01T06:09:20.544Z","Azure Monitor","koreacentral","NZD","5000 GB Commitment Tier Capacity Reservation","5000","1/Day","17142.5191","2021-06-01T00:00:00.000Z","4849.3689","3.4285"
"2024-02-02T06:08:03.849Z","Azure Monitor","koreacentral","NZD","Pay-as-you-go Data Ingestion","Pay-as-you-go","1 GB","5.09","2018-02-01T00:00:00.000Z","0","5.09"
"2024-02-02T06:08:03.849Z","Azure Monitor","koreacentral","NZD","100 GB Commitment Tier Capacity Reservation","100","1/Day","433.0606","2019-11-01T00:00:00.000Z","85.0807","4.3306"
"2024-02-02T06:08:03.849Z","Azure Monitor","koreacentral","NZD","200 GB Commitment Tier Capacity Reservation","200","1/Day","813.0933","2019-11-01T00:00:00.000Z","187.7553","4.0655"
"2024-02-02T06:08:03.849Z","Azure Monitor","koreacentral","NZD","300 GB Commitment Tier Capacity Reservation","300","1/Day","1193.126","2019-11-01T00:00:00.000Z","293.4758","3.9771"
"2024-02-02T06:08:03.849Z","Azure Monitor","koreacentral","NZD","400 GB Commitment Tier Capacity Reservation","400","1/Day","1555.4828","2019-11-01T00:00:00.000Z","391.1098","3.8887"
"2024-02-02T06:08:03.849Z","Azure Monitor","koreacentral","NZD","500 GB Commitment Tier Capacity Reservation","500","1/Day","1911.2111","2019-11-01T00:00:00.000Z","491.4782","3.8224"
"2024-02-02T06:08:03.849Z","Azure Monitor","koreacentral","NZD","1000 GB Commitment Tier Capacity Reservation","1000","1/Day","3756.1375","2021-06-01T00:00:00.000Z","982.6647","3.7561"
"2024-02-02T06:08:03.849Z","Azure Monitor","koreacentral","NZD","2000 GB Commitment Tier Capacity Reservation","2000","1/Day","7335.5155","2021-06-01T00:00:00.000Z","1952.9607","3.6678"
"2024-02-02T06:08:03.849Z","Azure Monitor","koreacentral","NZD","5000 GB Commitment Tier Capacity Reservation","5000","1/Day","17786.4157","2021-06-01T00:00:00.000Z","4849.3418","3.5573"
"2024-03-02T06:08:20.311Z","Azure Monitor","koreacentral","NZD","Pay-as-you-go Data Ingestion","Pay-as-you-go","1 GB","5.0393","2018-02-01T00:00:00.000Z","0","5.0393"
"2024-03-02T06:08:20.311Z","Azure Monitor","koreacentral","NZD","100 GB Commitment Tier Capacity Reservation","100","1/Day","428.745","2019-11-01T00:00:00.000Z","85.0803","4.2874"
"2024-03-02T06:08:20.311Z","Azure Monitor","koreacentral","NZD","200 GB Commitment Tier Capacity Reservation","200","1/Day","804.9907","2019-11-01T00:00:00.000Z","187.7573","4.025"
"2024-03-02T06:08:20.311Z","Azure Monitor","koreacentral","NZD","300 GB Commitment Tier Capacity Reservation","300","1/Day","1181.2363","2019-11-01T00:00:00.000Z","293.4749","3.9375"
"2024-03-02T06:08:20.311Z","Azure Monitor","koreacentral","NZD","400 GB Commitment Tier Capacity Reservation","400","1/Day","1539.9822","2019-11-01T00:00:00.000Z","391.1066","3.85"
"2024-03-02T06:08:20.311Z","Azure Monitor","koreacentral","NZD","500 GB Commitment Tier Capacity Reservation","500","1/Day","1892.1656","2019-11-01T00:00:00.000Z","491.4716","3.7843"
"2024-03-02T06:08:20.311Z","Azure Monitor","koreacentral","NZD","1000 GB Commitment Tier Capacity Reservation","1000","1/Day","3718.707","2021-06-01T00:00:00.000Z","982.6671","3.7187"
"2024-03-02T06:08:20.311Z","Azure Monitor","koreacentral","NZD","2000 GB Commitment Tier Capacity Reservation","2000","1/Day","7262.4159","2021-06-01T00:00:00.000Z","1952.9448","3.6312"
"2024-03-02T06:08:20.311Z","Azure Monitor","koreacentral","NZD","5000 GB Commitment Tier Capacity Reservation","5000","1/Day","17609.1712","2021-06-01T00:00:00.000Z","4849.4082","3.5218"
"2024-04-03T09:26:28.723Z","Azure Monitor","koreacentral","NZD","Pay-as-you-go Data Ingestion","Pay-as-you-go","1 GB","5.1743","2018-02-01T00:00:00.000Z","0","5.1743"
"2024-04-03T09:26:28.723Z","Azure Monitor","koreacentral","NZD","100 GB Commitment Tier Capacity Reservation","100","1/Day","440.2296","2019-11-01T00:00:00.000Z","85.08","4.4023"
"2024-04-03T09:26:28.723Z","Azure Monitor","koreacentral","NZD","200 GB Commitment Tier Capacity Reservation","200","1/Day","826.5535","2019-11-01T00:00:00.000Z","187.7549","4.1328"
"2024-04-03T09:26:28.723Z","Azure Monitor","koreacentral","NZD","300 GB Commitment Tier Capacity Reservation","300","1/Day","1212.8775","2019-11-01T00:00:00.000Z","293.476","4.0429"
"2024-04-03T09:26:28.723Z","Azure Monitor","koreacentral","NZD","400 GB Commitment Tier Capacity Reservation","400","1/Day","1581.2328","2019-11-01T00:00:00.000Z","391.1135","3.9531"
"2024-04-03T09:26:28.723Z","Azure Monitor","koreacentral","NZD","500 GB Commitment Tier Capacity Reservation","500","1/Day","1942.85","2019-11-01T00:00:00.000Z","491.475","3.8857"
"2024-04-03T09:26:28.723Z","Azure Monitor","koreacentral","NZD","1000 GB Commitment Tier Capacity Reservation","1000","1/Day","3818.3179","2021-06-01T00:00:00.000Z","982.659","3.8183"
"2024-04-03T09:26:28.723Z","Azure Monitor","koreacentral","NZD","2000 GB Commitment Tier Capacity Reservation","2000","1/Day","7456.9503","2021-06-01T00:00:00.000Z","1952.9503","3.7285"
"2024-04-03T09:26:28.723Z","Azure Monitor","koreacentral","NZD","5000 GB Commitment Tier Capacity Reservation","5000","1/Day","18080.8585","2021-06-01T00:00:00.000Z","4849.3653","3.6162"
"2024-05-02T06:08:49.743Z","Azure Monitor","koreacentral","NZD","Pay-as-you-go Data Ingestion","Pay-as-you-go","1 GB","5.237","2018-02-01T00:00:00.000Z","0","5.237"
"2024-05-02T06:08:49.743Z","Azure Monitor","koreacentral","NZD","100 GB Commitment Tier Capacity Reservation","100","1/Day","445.5671","2019-11-01T00:00:00.000Z","85.0806","4.4557"
"2024-05-02T06:08:49.743Z","Azure Monitor","koreacentral","NZD","200 GB Commitment Tier Capacity Reservation","200","1/Day","836.5749","2019-11-01T00:00:00.000Z","187.7539","4.1829"
"2024-05-02T06:08:49.743Z","Azure Monitor","koreacentral","NZD","300 GB Commitment Tier Capacity Reservation","300","1/Day","1227.5827","2019-11-01T00:00:00.000Z","293.4765","4.0919"
"2024-05-02T06:08:49.743Z","Azure Monitor","koreacentral","NZD","400 GB Commitment Tier Capacity Reservation","400","1/Day","1600.4041","2019-11-01T00:00:00.000Z","391.1152","4.001"
"2024-05-02T06:08:49.743Z","Azure Monitor","koreacentral","NZD","500 GB Commitment Tier Capacity Reservation","500","1/Day","1966.4057","2019-11-01T00:00:00.000Z","491.4786","3.9328"
"2024-05-02T06:08:49.743Z","Azure Monitor","koreacentral","NZD","1000 GB Commitment Tier Capacity Reservation","1000","1/Day","3864.6123","2021-06-01T00:00:00.000Z","982.6618","3.8646"
"2024-05-02T06:08:49.743Z","Azure Monitor","koreacentral","NZD","2000 GB Commitment Tier Capacity Reservation","2000","1/Day","7547.3604","2021-06-01T00:00:00.000Z","1952.9474","3.7737"
"2024-05-02T06:08:49.743Z","Azure Monitor","koreacentral","NZD","5000 GB Commitment Tier Capacity Reservation","5000","1/Day","18300.0758","2021-06-01T00:00:00.000Z","4849.3722","3.66"
"2024-06-02T06:10:06.668Z","Azure Monitor","koreacentral","NZD","Pay-as-you-go Data Ingestion","Pay-as-you-go","1 GB","5.0805","2018-02-01T00:00:00.000Z","0","5.0805"
"2024-06-02T06:10:06.668Z","Azure Monitor","koreacentral","NZD","100 GB Commitment Tier Capacity Reservation","100","1/Day","432.247","2019-11-01T00:00:00.000Z","85.0796","4.3225"
"2024-06-02T06:10:06.668Z","Azure Monitor","koreacentral","NZD","200 GB Commitment Tier Capacity Reservation","200","1/Day","811.5658","2019-11-01T00:00:00.000Z","187.7538","4.0578"
"2024-06-02T06:10:06.668Z","Azure Monitor","koreacentral","NZD","300 GB Commitment Tier Capacity Reservation","300","1/Day","1190.8846","2019-11-01T00:00:00.000Z","293.4804","3.9696"
"2024-06-02T06:10:06.668Z","Azure Monitor","koreacentral","NZD","400 GB Commitment Tier Capacity Reservation","400","1/Day","1552.5606","2019-11-01T00:00:00.000Z","391.1126","3.8814"
"2024-06-02T06:10:06.668Z","Azure Monitor","koreacentral","NZD","500 GB Commitment Tier Capacity Reservation","500","1/Day","1907.6207","2019-11-01T00:00:00.000Z","491.4775","3.8152"
"2024-06-02T06:10:06.668Z","Azure Monitor","koreacentral","NZD","1000 GB Commitment Tier Capacity Reservation","1000","1/Day","3749.0811","2021-06-01T00:00:00.000Z","982.6696","3.7491"
"2024-06-02T06:10:06.668Z","Azure Monitor","koreacentral","NZD","2000 GB Commitment Tier Capacity Reservation","2000","1/Day","7321.7349","2021-06-01T00:00:00.000Z","1952.9313","3.6609"
"2024-06-02T06:10:06.668Z","Azure Monitor","koreacentral","NZD","5000 GB Commitment Tier Capacity Reservation","5000","1/Day","17753.0017","2021-06-01T00:00:00.000Z","4849.3544","3.5506"
"2024-07-01T06:11:21.244Z","Azure Monitor","koreacentral","NZD","Pay-as-you-go Data Ingestion","Pay-as-you-go","1 GB","5.1097","2018-02-01T00:00:00.000Z","0","5.1097"
"2024-07-01T06:11:21.244Z","Azure Monitor","koreacentral","NZD","100 GB Commitment Tier Capacity Reservation","100","1/Day","434.7326","2019-11-01T00:00:00.000Z","85.0799","4.3473"
"2024-07-01T06:11:21.244Z","Azure Monitor","koreacentral","NZD","200 GB Commitment Tier Capacity Reservation","200","1/Day","816.2326","2019-11-01T00:00:00.000Z","187.7562","4.0812"
"2024-07-01T06:11:21.244Z","Azure Monitor","koreacentral","NZD","300 GB Commitment Tier Capacity Reservation","300","1/Day","1197.7327","2019-11-01T00:00:00.000Z","293.4756","3.9924"
"2024-07-01T06:11:21.244Z","Azure Monitor","koreacentral","NZD","400 GB Commitment Tier Capacity Reservation","400","1/Day","1561.4885","2019-11-01T00:00:00.000Z","391.1152","3.9037"
"2024-07-01T06:11:21.244Z","Azure Monitor","koreacentral","NZD","500 GB Commitment Tier Capacity Reservation","500","1/Day","1918.5903","2019-11-01T00:00:00.000Z","491.48","3.8372"
"2024-07-01T06:11:21.244Z","Azure Monitor","koreacentral","NZD","1000 GB Commitment Tier Capacity Reservation","1000","1/Day","3770.6399","2021-06-01T00:00:00.000Z","982.654","3.7706"
"2024-07-01T06:11:21.244Z","Azure Monitor","koreacentral","NZD","2000 GB Commitment Tier Capacity Reservation","2000","1/Day","7363.838","2021-06-01T00:00:00.000Z","1952.9619","3.6819"
"2024-07-01T06:11:21.244Z","Azure Monitor","koreacentral","NZD","5000 GB Commitment Tier Capacity Reservation","5000","1/Day","17855.0891","2021-06-01T00:00:00.000Z","4849.4226","3.571"
"2024-08-02T06:11:10.559Z","Azure Monitor","koreacentral","NZD","Pay-as-you-go Data Ingestion","Pay-as-you-go","1 GB","5.3013","2018-02-01T00:00:00.000Z","0","5.3013"
"2024-08-02T06:11:10.559Z","Azure Monitor","koreacentral","NZD","100 GB Commitment Tier Capacity Reservation","100","1/Day","451.0355","2019-11-01T00:00:00.000Z","85.0802","4.5104"
"2024-08-02T06:11:10.559Z","Azure Monitor","koreacentral","NZD","200 GB Commitment Tier Capacity Reservation","200","1/Day","846.8422","2019-11-01T00:00:00.000Z","187.7532","4.2342"
"2024-08-02T06:11:10.559Z","Azure Monitor","koreacentral","NZD","300 GB Commitment Tier Capacity Reservation","300","1/Day","1242.6489","2019-11-01T00:00:00.000Z","293.4790","4.1422"
"2024-08-02T06:11:10.559Z","Azure Monitor","koreacentral","NZD","400 GB Commitment Tier Capacity Reservation","400","1/Day","1620.046","2019-11-01T00:00:00.000Z","391.1076","4.0501"
"2024-08-02T06:11:10.559Z","Azure Monitor","koreacentral","NZD","500 GB Commitment Tier Capacity Reservation","500","1/Day","1990.5395","2019-11-01T00:00:00.000Z","491.4791","3.9811"
"2024-08-02T06:11:10.559Z","Azure Monitor","koreacentral","NZD","1000 GB Commitment Tier Capacity Reservation","1000","1/Day","3912.043","2021-06-01T00:00:00.000Z","982.6538","3.9120"
"2024-08-02T06:11:10.559Z","Azure Monitor","koreacentral","NZD","2000 GB Commitment Tier Capacity Reservation","2000","1/Day","7639.9898","2021-06-01T00:00:00.000Z","1952.9626","3.8200"
"2024-08-02T06:11:10.559Z","Azure Monitor","koreacentral","NZD","5000 GB Commitment Tier Capacity Reservation","5000","1/Day","18524.674","2021-06-01T00:00:00.000Z","4849.3911","3.7049"
