"TimeGenerated","ServiceName","ArmRegionName","CurrencyCode","MeterName","Tier","UnitOfMeasure","RetailPrice","EffectiveStartDate","EffectiveCommitmentTierThresholdGB","EffectivePricePerGB"
"2023-03-29T15:50:58.330Z","Azure Monitor","koreacentral","RUB","Pay-as-you-go Data Ingestion","Pay-as-you-go","1 GB","236.982","2018-02-01T00:00:00.000Z","0","236.982"
"2023-03-29T15:50:58.330Z","Azure Monitor","koreacentral","RUB","100 GB Commitment Tier Capacity Reservation","100","1/Day","20162.52","2019-11-01T00:00:00.000Z","85.0804","201.6252"
"2023-03-29T15:50:58.330Z","Azure Monitor","koreacentral","RUB","200 GB Commitment Tier Capacity Reservation","200","1/Day","37856.16","2019-11-01T00:00:00.000Z","187.7551","189.2808"
"2023-03-29T15:50:58.330Z","Azure Monitor","koreacentral","RUB","300 GB Commitment Tier Capacity Reservation","300","1/Day","55549.8","2019-11-01T00:00:00.000Z","293.4783","185.166"
"2023-03-29T15:50:58.330Z","Azure Monitor","koreacentral","RUB","400 GB Commitment Tier Capacity Reservation","400","1/Day","72420.48","2019-11-01T00:00:00.000Z","391.1111","181.0512"
"2023-03-29T15:50:58.330Z","Azure Monitor","koreacentral","RUB","500 GB Commitment Tier Capacity Reservation","500","1/Day","88982.55","2019-11-01T00:00:00.000Z","491.4773","177.9651"
"2023-03-29T15:50:58.330Z","Azure Monitor","koreacentral","RUB","1000 GB Commitment Tier Capacity Reservation","1000","1/Day","174879","2021-06-01T02:00:00.000Z","982.659","174.879"
"2023-03-29T15:50:58.330Z","Azure Monitor","koreacentral","RUB","2000 GB Commitment Tier Capacity Reservation","2000","1/Day","341528.4","2021-06-01T02:00:00.000Z","1952.9412","170.7642"
"2023-03-29T15:50:58.330Z","Azure Monitor","koreacentral","RUB","5000 GB Commitment Tier Capacity Reservation","5000","1/Day","828103.5","2021-06-01T02:00:00.000Z","4849.3976","165.6207"
"2023-04-12T13:28:34.468Z","Azure Monitor","koreacentral","RUB","Pay-as-you-go Data Ingestion","Pay-as-you-go","1 GB","240.2475","2018-02-01T00:00:00.000Z","0","240.2475"
"2023-04-12T13:28:34.468Z","Azure Monitor","koreacentral","RUB","100 GB Commitment Tier Capacity Reservation","100","1/Day","20440.35","2019-11-01T00:00:00.000Z","85.0804","204.4035"
"2023-04-12T13:28:34.468Z","Azure Monitor","koreacentral","RUB","200 GB Commitment Tier Capacity Reservation","200","1/Day","38377.8","2019-11-01T00:00:00.000Z","187.7551","191.889"
"2023-04-12T13:28:34.468Z","Azure Monitor","koreacentral","RUB","300 GB Commitment Tier Capacity Reservation","300","1/Day","56315.25","2019-11-01T00:00:00.000Z","293.4783","187.7175"
"2023-04-12T13:28:34.468Z","Azure Monitor","koreacentral","RUB","400 GB Commitment Tier Capacity Reservation","400","1/Day","73418.4","2019-11-01T00:00:00.000Z","391.1111","183.546"
"2023-04-12T13:28:34.468Z","Azure Monitor","koreacentral","RUB","500 GB Commitment Tier Capacity Reservation","500","1/Day","90208.6875","2019-11-01T00:00:00.000Z","491.4773","180.4174"
"2023-04-12T13:28:34.468Z","Azure Monitor","koreacentral","RUB","1000 GB Commitment Tier Capacity Reservation","1000","1/Day","177288.75","2021-06-01T02:00:00.000Z","982.6588","177.2888"
"2023-04-12T13:28:34.468Z","Azure Monitor","koreacentral","RUB","2000 GB Commitment Tier Capacity Reservation","2000","1/Day","346234.5","2021-06-01T02:00:00.000Z","1952.9406","173.1172"
"2023-04-12T13:28:34.468Z","Azure Monitor","koreacentral","RUB","5000 GB Commitment Tier Capacity Reservation","5000","1/Day","839514.375","2021-06-01T02:00:00.000Z","4849.399","167.9029"
"2023-05-02T08:07:40.927Z","Azure Monitor","koreacentral","RUB","Pay-as-you-go Data Ingestion","Pay-as-you-go","1 GB","257.3525","2018-02-01T00:00:00.000Z","0","257.3525"
"2023-05-02T08:07:40.927Z","Azure Monitor","koreacentral","RUB","100 GB Commitment Tier Capacity Reservation","100","1/Day","21895.65","2019-11-01T00:00:00.000Z","85.0804","218.9565"
"2023-05-02T08:07:40.927Z","Azure Monitor","koreacentral","RUB","200 GB Commitment Tier Capacity Reservation","200","1/Day","41110.2","2019-11-01T00:00:00.000Z","187.7551","205.551"
"2023-05-02T08:07:40.927Z","Azure Monitor","koreacentral","RUB","300 GB Commitment Tier Capacity Reservation","300","1/Day","60324.75","2019-11-01T00:00:00.000Z","293.4783","201.0825"
"2023-05-02T08:07:40.927Z","Azure Monitor","koreacentral","RUB","400 GB Commitment Tier Capacity Reservation","400","1/Day","78645.6","2019-11-01T00:00:00.000Z","391.1111","196.614"
"2023-05-02T08:07:40.927Z","Azure Monitor","koreacentral","RUB","500 GB Commitment Tier Capacity Reservation","500","1/Day","96631.3125","2019-11-01T00:00:00.000Z","491.4773","193.2626"
"2023-05-02T08:07:40.927Z","Azure Monitor","koreacentral","RUB","1000 GB Commitment Tier Capacity Reservation","1000","1/Day","189911.25","2021-06-01T02:00:00.000Z","982.6591","189.9112"
"2023-05-02T08:07:40.927Z","Azure Monitor","koreacentral","RUB","2000 GB Commitment Tier Capacity Reservation","2000","1/Day","370885.5","2021-06-01T02:00:00.000Z","1952.9417","185.4428"
"2023-05-02T08:07:40.927Z","Azure Monitor","koreacentral","RUB","5000 GB Commitment Tier Capacity Reservation","5000","1/Day","899285.625","2021-06-01T02:00:00.000Z","4849.3963","179.8571"
"2023-06-02T08:07:42.568Z","Azure Monitor","koreacentral","RUB","Pay-as-you-go Data Ingestion","Pay-as-you-go","1 GB","248.489","2018-02-01T00:00:00.000Z","0","248.489"
"2023-06-02T08:07:42.568Z","Azure Monitor","koreacentral","RUB","100 GB Commitment Tier Capacity Reservation","100","1/Day","21141.54","2019-11-01T00:00:00.000Z","85.0804","211.4154"
"2023-06-02T08:07:42.568Z","Azure Monitor","koreacentral","RUB","200 GB Commitment Tier Capacity Reservation","200","1/Day","39694.32","2019-11-01T00:00:00.000Z","187.7551","198.4716"
"2023-06-02T08:07:42.568Z","Azure Monitor","koreacentral","RUB","300 GB Commitment Tier Capacity Reservation","300","1/Day","58247.1","2019-11-01T00:00:00.000Z","293.4783","194.157"
"2023-06-02T08:07:42.568Z","Azure Monitor","koreacentral","RUB","400 GB Commitment Tier Capacity Reservation","400","1/Day","75936.96","2019-11-01T00:00:00.000Z","391.1111","189.8424"
"2023-06-02T08:07:42.568Z","Azure Monitor","koreacentral","RUB","500 GB Commitment Tier Capacity Reservation","500","1/Day","93303.225","2019-11-01T00:00:00.000Z","491.4773","186.6064"
"2023-06-02T08:07:42.568Z","Azure Monitor","koreacentral","RUB","1000 GB Commitment Tier Capacity Reservation","1000","1/Day","183370.5","2021-06-01T02:00:00.000Z","982.6592","183.3705"
"2023-06-02T08:07:42.568Z","Azure Monitor","koreacentral","RUB","2000 GB Commitment Tier Capacity Reservation","2000","1/Day","358111.8","2021-06-01T02:00:00.000Z","1952.9412","179.0559"
"2023-06-02T08:07:42.568Z","Azure Monitor","koreacentral","RUB","5000 GB Commitment Tier Capacity Reservation","5000","1/Day","868313.25","2021-06-01T02:00:00.000Z","4849.3976","173.6626"
"2023-07-07T06:09:02.036Z","Azure Monitor","koreacentral","RUB","Pay-as-you-go Data Ingestion","Pay-as-you-go","1 GB","269.326","2018-02-01T00:00:00.000Z","0","269.326"
"2023-07-07T06:09:02.036Z","Azure Monitor","koreacentral","RUB","100 GB Commitment Tier Capacity Reservation","100","1/Day","22914.36","2019-11-01T00:00:00.000Z","85.0804","229.1436"
"2023-07-07T06:09:02.036Z","Azure Monitor","koreacentral","RUB","200 GB Commitment Tier Capacity Reservation","200","1/Day","43022.88","2019-11-01T00:00:00.000Z","187.7551","215.1144"
"2023-07-07T06:09:02.036Z","Azure Monitor","koreacentral","RUB","300 GB Commitment Tier Capacity Reservation","300","1/Day","63131.4","2019-11-01T00:00:00.000Z","293.4783","210.438"
"2023-07-07T06:09:02.036Z","Azure Monitor","koreacentral","RUB","400 GB Commitment Tier Capacity Reservation","400","1/Day","82304.64","2019-11-01T00:00:00.000Z","391.1111","205.7616"
"2023-07-07T06:09:02.036Z","Azure Monitor","koreacentral","RUB","500 GB Commitment Tier Capacity Reservation","500","1/Day","101127.15","2019-11-01T00:00:00.000Z","491.4773","202.2543"
"2023-07-07T06:09:02.036Z","Azure Monitor","koreacentral","RUB","1000 GB Commitment Tier Capacity Reservation","1000","1/Day","198747","2021-06-01T00:00:00.000Z","982.659","198.747"
"2023-07-07T06:09:02.036Z","Azure Monitor","koreacentral","RUB","2000 GB Commitment Tier Capacity Reservation","2000","1/Day","388141.2","2021-06-01T00:00:00.000Z","1952.9412","194.0706"
"2023-07-07T06:09:02.036Z","Azure Monitor","koreacentral","RUB","5000 GB Commitment Tier Capacity Reservation","5000","1/Day","941125.5","2021-06-01T00:00:00.000Z","4849.3976","188.2251"
"2023-08-01T06:08:30.007Z","Azure Monitor","koreacentral","RUB","Pay-as-you-go Data Ingestion","Pay-as-you-go","1 GB","282.388","2018-02-01T00:00:00.000Z","0","282.388"
"2023-08-01T06:08:30.007Z","Azure Monitor","koreacentral","RUB","100 GB Commitment Tier Capacity Reservation","100","1/Day","24025.68","2019-11-01T00:00:00.000Z","85.0804","240.2568"
"2023-08-01T06:08:30.007Z","Azure Monitor","koreacentral","RUB","200 GB Commitment Tier Capacity Reservation","200","1/Day","45109.44","2019-11-01T00:00:00.000Z","187.7551","225.5472"
"2023-08-01T06:08:30.007Z","Azure Monitor","koreacentral","RUB","300 GB Commitment Tier Capacity Reservation","300","1/Day","66193.2","2019-11-01T00:00:00.000Z","293.4783","220.644"
"2023-08-01T06:08:30.007Z","Azure Monitor","koreacentral","RUB","400 GB Commitment Tier Capacity Reservation","400","1/Day","86296.32","2019-11-01T00:00:00.000Z","391.1111","215.7408"
"2023-08-01T06:08:30.007Z","Azure Monitor","koreacentral","RUB","1000 GB Commitment Tier Capacity Reservation","1000","1/Day","208386","2021-06-01T00:00:00.000Z","1030.3168","208.386"
"2023-08-01T06:08:30.007Z","Azure Monitor","koreacentral","RUB","2000 GB Commitment Tier Capacity Reservation","2000","1/Day","406965.6","2021-06-01T00:00:00.000Z","1952.9412","203.4828"
"2023-08-01T06:08:30.007Z","Azure Monitor","koreacentral","RUB","5000 GB Commitment Tier Capacity Reservation","5000","1/Day","986769","2021-06-01T00:00:00.000Z","4849.3976","197.3538"
"2023-08-02T06:09:03.844Z","Azure Monitor","koreacentral","RUB","500 GB Commitment Tier Capacity Reservation","500","1/Day","106031.7","2019-11-01T00:00:00.000Z","491.4773","212.0634"
"2023-09-02T06:07:00.316Z","Azure Monitor","koreacentral","RUB","Pay-as-you-go Data Ingestion","Pay-as-you-go","1 GB","297.5492","2018-02-01T00:00:00.000Z","0","297.5492"
"2023-09-02T06:07:00.316Z","Azure Monitor","koreacentral","RUB","100 GB Commitment Tier Capacity Reservation","100","1/Day","25315.605","2019-11-01T00:00:00.000Z","85.0804","253.156"
"2023-09-02T06:07:00.316Z","Azure Monitor","koreacentral","RUB","200 GB Commitment Tier Capacity Reservation","200","1/Day","47531.34","2019-11-01T00:00:00.000Z","187.7551","237.6567"
"2023-09-02T06:07:00.316Z","Azure Monitor","koreacentral","RUB","300 GB Commitment Tier Capacity Reservation","300","1/Day","69747.075","2019-11-01T00:00:00.000Z","293.4783","232.4902"
"2023-09-02T06:07:00.316Z","Azure Monitor","koreacentral","RUB","400 GB Commitment Tier Capacity Reservation","400","1/Day","90929.52","2019-11-01T00:00:00.000Z","391.1112","227.3238"
"2023-09-02T06:07:00.316Z","Azure Monitor","koreacentral","RUB","500 GB Commitment Tier Capacity Reservation","500","1/Day","111724.4812","2019-11-01T00:00:00.000Z","491.4773","223.449"
"2023-09-02T06:07:00.316Z","Azure Monitor","koreacentral","RUB","1000 GB Commitment Tier Capacity Reservation","1000","1/Day","219574.125","2021-06-01T00:00:00.000Z","982.6588","219.5741"
"2023-09-02T06:07:00.316Z","Azure Monitor","koreacentral","RUB","2000 GB Commitment Tier Capacity Reservation","2000","1/Day","428815.35","2021-06-01T00:00:00.000Z","1952.9414","214.4077"
"2023-09-02T06:07:00.316Z","Azure Monitor","koreacentral","RUB","5000 GB Commitment Tier Capacity Reservation","5000","1/Day","1039748.0625","2021-06-01T00:00:00.000Z","4849.397","207.9496"
"2023-10-02T06:08:46.154Z","Azure Monitor","koreacentral","RUB","Pay-as-you-go Data Ingestion","Pay-as-you-go","1 GB","300.8925","2018-02-01T00:00:00.000Z","0","300.8925"
"2023-10-02T06:08:46.154Z","Azure Monitor","koreacentral","RUB","100 GB Commitment Tier Capacity Reservation","100","1/Day","25600.05","2019-11-01T00:00:00.000Z","85.0804","256.0005"
"2023-10-02T06:08:46.154Z","Azure Monitor","koreacentral","RUB","200 GB Commitment Tier Capacity Reservation","200","1/Day","48065.4","2019-11-01T00:00:00.000Z","187.7551","240.327"
"2023-10-02T06:08:46.154Z","Azure Monitor","koreacentral","RUB","300 GB Commitment Tier Capacity Reservation","300","1/Day","70530.75","2019-11-01T00:00:00.000Z","293.4783","235.1025"
"2023-10-02T06:08:46.154Z","Azure Monitor","koreacentral","RUB","400 GB Commitment Tier Capacity Reservation","400","1/Day","91951.2","2019-11-01T00:00:00.000Z","391.1111","229.878"
"2023-10-02T06:08:46.154Z","Azure Monitor","koreacentral","RUB","500 GB Commitment Tier Capacity Reservation","500","1/Day","112979.8125","2019-11-01T00:00:00.000Z","491.4773","225.9596"
"2023-10-02T06:08:46.154Z","Azure Monitor","koreacentral","RUB","1000 GB Commitment Tier Capacity Reservation","1000","1/Day","222041.25","2021-06-01T00:00:00.000Z","982.6591","222.0412"
"2023-10-02T06:08:46.154Z","Azure Monitor","koreacentral","RUB","2000 GB Commitment Tier Capacity Reservation","2000","1/Day","433633.5","2021-06-01T00:00:00.000Z","1952.9416","216.8168"
"2023-10-02T06:08:46.154Z","Azure Monitor","koreacentral","RUB","5000 GB Commitment Tier Capacity Reservation","5000","1/Day","1051430.625","2021-06-01T00:00:00.000Z","4849.3965","210.2861"
"2023-11-01T06:08:41.407Z","Azure Monitor","koreacentral","RUB","Pay-as-you-go Data Ingestion","Pay-as-you-go","1 GB","294.517","2018-02-01T00:00:00.000Z","0","294.517"
"2023-11-01T06:08:41.407Z","Azure Monitor","koreacentral","RUB","100 GB Commitment Tier Capacity Reservation","100","1/Day","25057.62","2019-11-01T00:00:00.000Z","85.0804","250.5762"
"2023-11-01T06:08:41.407Z","Azure Monitor","koreacentral","RUB","200 GB Commitment Tier Capacity Reservation","200","1/Day","47046.96","2019-11-01T00:00:00.000Z","187.7551","235.2348"
"2023-11-01T06:08:41.407Z","Azure Monitor","koreacentral","RUB","300 GB Commitment Tier Capacity Reservation","300","1/Day","69036.3","2019-11-01T00:00:00.000Z","293.4783","230.121"
"2023-11-01T06:08:41.407Z","Azure Monitor","koreacentral","RUB","400 GB Commitment Tier Capacity Reservation","400","1/Day","90002.88","2019-11-01T00:00:00.000Z","391.1111","225.0072"
"2023-11-01T06:08:41.407Z","Azure Monitor","koreacentral","RUB","500 GB Commitment Tier Capacity Reservation","500","1/Day","110585.925","2019-11-01T00:00:00.000Z","491.4773","221.1718"
"2023-11-01T06:08:41.407Z","Azure Monitor","koreacentral","RUB","1000 GB Commitment Tier Capacity Reservation","1000","1/Day","217336.5","2021-06-01T00:00:00.000Z","982.6592","217.3365"
"2023-11-01T06:08:41.407Z","Azure Monitor","koreacentral","RUB","2000 GB Commitment Tier Capacity Reservation","2000","1/Day","424445.4","2021-06-01T00:00:00.000Z","1952.9412","212.2227"
"2023-11-01T06:08:41.407Z","Azure Monitor","koreacentral","RUB","5000 GB Commitment Tier Capacity Reservation","5000","1/Day","1029152.25","2021-06-01T00:00:00.000Z","4849.3976","205.8304"
"2023-12-02T06:07:58.693Z","Azure Monitor","koreacentral","RUB","Pay-as-you-go Data Ingestion","Pay-as-you-go","1 GB","278.345","2018-02-01T00:00:00.000Z","0","278.345"
"2023-12-02T06:07:58.693Z","Azure Monitor","koreacentral","RUB","100 GB Commitment Tier Capacity Reservation","100","1/Day","23681.7","2019-11-01T00:00:00.000Z","85.0804","236.817"
"2023-12-02T06:07:58.693Z","Azure Monitor","koreacentral","RUB","200 GB Commitment Tier Capacity Reservation","200","1/Day","44463.6","2019-11-01T00:00:00.000Z","187.7551","222.318"
"2023-12-02T06:07:58.693Z","Azure Monitor","koreacentral","RUB","300 GB Commitment Tier Capacity Reservation","300","1/Day","65245.5","2019-11-01T00:00:00.000Z","293.4783","217.485"
"2023-12-02T06:07:58.693Z","Azure Monitor","koreacentral","RUB","400 GB Commitment Tier Capacity Reservation","400","1/Day","85060.8","2019-11-01T00:00:00.000Z","391.1111","212.652"
"2023-12-02T06:07:58.693Z","Azure Monitor","koreacentral","RUB","500 GB Commitment Tier Capacity Reservation","500","1/Day","104513.625","2019-11-01T00:00:00.000Z","491.4773","209.0272"
"2023-12-02T06:07:58.693Z","Azure Monitor","koreacentral","RUB","1000 GB Commitment Tier Capacity Reservation","1000","1/Day","205402.5","2021-06-01T00:00:00.000Z","982.6592","205.4025"
"2023-12-02T06:07:58.693Z","Azure Monitor","koreacentral","RUB","2000 GB Commitment Tier Capacity Reservation","2000","1/Day","401139","2021-06-01T00:00:00.000Z","1952.9412","200.5695"
"2023-12-02T06:07:58.693Z","Azure Monitor","koreacentral","RUB","5000 GB Commitment Tier Capacity Reservation","5000","1/Day","972641.25","2021-06-01T00:00:00.000Z","4849.3976","194.5282"
"2024-01-02T06:08:37.104Z","Azure Monitor","koreacentral","RUB","Pay-as-you-go Data Ingestion","Pay-as-you-go","1 GB","284.7983","2018-02-01T00:00:00.000Z","0","284.7983"
"2024-01-02T06:08:37.104Z","Azure Monitor","koreacentral","RUB","100 GB Commitment Tier Capacity Reservation","100","1/Day","24230.745","2019-11-01T00:00:00.000Z","85.0804","242.3074"
"2024-01-02T06:08:37.104Z","Azure Monitor","koreacentral","RUB","200 GB Commitment Tier Capacity Reservation","200","1/Day","45494.46","2019-11-01T00:00:00.000Z","187.7551","227.4723"
"2024-01-02T06:08:37.104Z","Azure Monitor","koreacentral","RUB","300 GB Commitment Tier Capacity Reservation","300","1/Day","66758.175","2019-11-01T00:00:00.000Z","293.4783","222.5272"
"2024-01-02T06:08:37.104Z","Azure Monitor","koreacentral","RUB","400 GB Commitment Tier Capacity Reservation","400","1/Day","87032.88","2019-11-01T00:00:00.000Z","391.1112","217.5822"
"2024-01-02T06:08:37.104Z","Azure Monitor","koreacentral","RUB","500 GB Commitment Tier Capacity Reservation","500","1/Day","106936.7063","2019-11-01T00:00:00.000Z","491.4773","213.8734"
"2024-01-02T06:08:37.104Z","Azure Monitor","koreacentral","RUB","1000 GB Commitment Tier Capacity Reservation","1000","1/Day","210164.625","2021-06-01T00:00:00.000Z","982.659","210.1646"
"2024-01-02T06:08:37.104Z","Azure Monitor","koreacentral","RUB","2000 GB Commitment Tier Capacity Reservation","2000","1/Day","410439.15","2021-06-01T00:00:00.000Z","1952.9414","205.2196"
"2024-01-02T06:08:37.104Z","Azure Monitor","koreacentral","RUB","5000 GB Commitment Tier Capacity Reservation","5000","1/Day","995191.3125","2021-06-01T00:00:00.000Z","4849.397","199.0383"
"2024-02-02T06:08:03.849Z","Azure Monitor","koreacentral","RUB","Pay-as-you-go Data Ingestion","Pay-as-you-go","1 GB","279.1225","2018-02-01T00:00:00.000Z","0","279.1225"
"2024-02-02T06:08:03.849Z","Azure Monitor","koreacentral","RUB","100 GB Commitment Tier Capacity Reservation","100","1/Day","23747.85","2019-11-01T00:00:00.000Z","85.0804","237.4785"
"2024-02-02T06:08:03.849Z","Azure Monitor","koreacentral","RUB","200 GB Commitment Tier Capacity Reservation","200","1/Day","44587.8","2019-11-01T00:00:00.000Z","187.7551","222.939"
"2024-02-02T06:08:03.849Z","Azure Monitor","koreacentral","RUB","300 GB Commitment Tier Capacity Reservation","300","1/Day","65427.75","2019-11-01T00:00:00.000Z","293.4783","218.0925"
"2024-02-02T06:08:03.849Z","Azure Monitor","koreacentral","RUB","400 GB Commitment Tier Capacity Reservation","400","1/Day","85298.4","2019-11-01T00:00:00.000Z","391.1111","213.246"
"2024-02-02T06:08:03.849Z","Azure Monitor","koreacentral","RUB","500 GB Commitment Tier Capacity Reservation","500","1/Day","104805.5625","2019-11-01T00:00:00.000Z","491.4773","209.6111"
"2024-02-02T06:08:03.849Z","Azure Monitor","koreacentral","RUB","1000 GB Commitment Tier Capacity Reservation","1000","1/Day","205976.25","2021-06-01T00:00:00.000Z","982.6591","205.9762"
"2024-02-02T06:08:03.849Z","Azure Monitor","koreacentral","RUB","2000 GB Commitment Tier Capacity Reservation","2000","1/Day","402259.5","2021-06-01T00:00:00.000Z","1952.9417","201.1298"
"2024-02-02T06:08:03.849Z","Azure Monitor","koreacentral","RUB","5000 GB Commitment Tier Capacity Reservation","5000","1/Day","975358.125","2021-06-01T00:00:00.000Z","4849.3964","195.0716"
"2024-03-02T06:08:20.311Z","Azure Monitor","koreacentral","RUB","Pay-as-you-go Data Ingestion","Pay-as-you-go","1 GB","285.498","2018-02-01T00:00:00.000Z","0","285.498"
"2024-03-02T06:08:20.311Z","Azure Monitor","koreacentral","RUB","100 GB Commitment Tier Capacity Reservation","100","1/Day","24290.28","2019-11-01T00:00:00.000Z","85.0804","242.9028"
"2024-03-02T06:08:20.311Z","Azure Monitor","koreacentral","RUB","200 GB Commitment Tier Capacity Reservation","200","1/Day","45606.24","2019-11-01T00:00:00.000Z","187.7551","228.0312"
"2024-03-02T06:08:20.311Z","Azure Monitor","koreacentral","RUB","300 GB Commitment Tier Capacity Reservation","300","1/Day","66922.2","2019-11-01T00:00:00.000Z","293.4783","223.074"
"2024-03-02T06:08:20.311Z","Azure Monitor","koreacentral","RUB","400 GB Commitment Tier Capacity Reservation","400","1/Day","87246.72","2019-11-01T00:00:00.000Z","391.1111","218.1168"
"2024-03-02T06:08:20.311Z","Azure Monitor","koreacentral","RUB","500 GB Commitment Tier Capacity Reservation","500","1/Day","107199.45","2019-11-01T00:00:00.000Z","491.4773","214.3989"
"2024-03-02T06:08:20.311Z","Azure Monitor","koreacentral","RUB","1000 GB Commitment Tier Capacity Reservation","1000","1/Day","210681","2021-06-01T00:00:00.000Z","982.659","210.681"
"2024-03-02T06:08:20.311Z","Azure Monitor","koreacentral","RUB","2000 GB Commitment Tier Capacity Reservation","2000","1/Day","411447.6","2021-06-01T00:00:00.000Z","1952.9412","205.7238"
"2024-03-02T06:08:20.311Z","Azure Monitor","koreacentral","RUB","5000 GB Commitment Tier Capacity Reservation","5000","1/Day","997636.5","2021-06-01T00:00:00.000Z","4849.3976","199.5273"
"2024-04-03T09:26:28.723Z","Azure Monitor","koreacentral","RUB","Pay-as-you-go Data Ingestion","Pay-as-you-go","1 GB","288.9967","2018-02-01T00:00:00.000Z","0","288.9967"
"2024-04-03T09:26:28.723Z","Azure Monitor","koreacentral","RUB","100 GB Commitment Tier Capacity Reservation","100","1/Day","24587.955","2019-11-01T00:00:00.000Z","85.0804","245.8796"
"2024-04-03T09:26:28.723Z","Azure Monitor","koreacentral","RUB","200 GB Commitment Tier Capacity Reservation","200","1/Day","46165.14","2019-11-01T00:00:00.000Z","187.7551","230.8257"
"2024-04-03T09:26:28.723Z","Azure Monitor","koreacentral","RUB","300 GB Commitment Tier Capacity Reservation","300","1/Day","67742.325","2019-11-01T00:00:00.000Z","293.4783","225.8078"
"2024-04-03T09:26:28.723Z","Azure Monitor","koreacentral","RUB","400 GB Commitment Tier Capacity Reservation","400","1/Day","88315.92","2019-11-01T00:00:00.000Z","391.111","220.7898"
"2024-04-03T09:26:28.723Z","Azure Monitor","koreacentral","RUB","500 GB Commitment Tier Capacity Reservation","500","1/Day","108513.1687","2019-11-01T00:00:00.000Z","491.4773","217.0263"
"2024-04-03T09:26:28.723Z","Azure Monitor","koreacentral","RUB","1000 GB Commitment Tier Capacity Reservation","1000","1/Day","213262.875","2021-06-01T00:00:00.000Z","982.6591","213.2629"
"2024-04-03T09:26:28.723Z","Azure Monitor","koreacentral","RUB","2000 GB Commitment Tier Capacity Reservation","2000","1/Day","416489.85","2021-06-01T00:00:00.000Z","1952.9409","208.2449"
"2024-04-03T09:26:28.723Z","Azure Monitor","koreacentral","RUB","5000 GB Commitment Tier Capacity Reservation","5000","1/Day","1009862.4375","2021-06-01T00:00:00.000Z","4849.3982","201.9725"
"2024-05-01T06:09:59.892Z","Azure Monitor","koreacentral","RUB","Pay-as-you-go Data Ingestion","Pay-as-you-go","1 GB","287.5195","2018-02-01T00:00:00.000Z","0","287.5195"
"2024-05-01T06:09:59.892Z","Azure Monitor","koreacentral","RUB","100 GB Commitment Tier Capacity Reservation","100","1/Day","24462.27","2019-11-01T00:00:00.000Z","85.0804","244.6227"
"2024-05-01T06:09:59.892Z","Azure Monitor","koreacentral","RUB","200 GB Commitment Tier Capacity Reservation","200","1/Day","45929.16","2019-11-01T00:00:00.000Z","187.7551","229.6458"
"2024-05-01T06:09:59.892Z","Azure Monitor","koreacentral","RUB","300 GB Commitment Tier Capacity Reservation","300","1/Day","67396.05","2019-11-01T00:00:00.000Z","293.4783","224.6535"
"2024-05-01T06:09:59.892Z","Azure Monitor","koreacentral","RUB","400 GB Commitment Tier Capacity Reservation","400","1/Day","87864.48","2019-11-01T00:00:00.000Z","391.1111","219.6612"
"2024-05-01T06:09:59.892Z","Azure Monitor","koreacentral","RUB","500 GB Commitment Tier Capacity Reservation","500","1/Day","107958.4875","2019-11-01T00:00:00.000Z","491.4773","215.917"
"2024-05-01T06:09:59.892Z","Azure Monitor","koreacentral","RUB","1000 GB Commitment Tier Capacity Reservation","1000","1/Day","212172.75","2021-06-01T00:00:00.000Z","982.6588","212.1728"
"2024-05-01T06:09:59.892Z","Azure Monitor","koreacentral","RUB","2000 GB Commitment Tier Capacity Reservation","2000","1/Day","414360.9","2021-06-01T00:00:00.000Z","1952.9407","207.1804"
"2024-05-01T06:09:59.892Z","Azure Monitor","koreacentral","RUB","5000 GB Commitment Tier Capacity Reservation","5000","1/Day","1004700.375","2021-06-01T00:00:00.000Z","4849.3988","200.9401"
"2024-06-02T06:10:06.668Z","Azure Monitor","koreacentral","RUB","Pay-as-you-go Data Ingestion","Pay-as-you-go","1 GB","278.5783","2018-02-01T00:00:00.000Z","0","278.5783"
"2024-06-02T06:10:06.668Z","Azure Monitor","koreacentral","RUB","100 GB Commitment Tier Capacity Reservation","100","1/Day","23701.545","2019-11-01T00:00:00.000Z","85.0804","237.0154"
"2024-06-02T06:10:06.668Z","Azure Monitor","koreacentral","RUB","200 GB Commitment Tier Capacity Reservation","200","1/Day","44500.86","2019-11-01T00:00:00.000Z","187.7551","222.5043"
"2024-06-02T06:10:06.668Z","Azure Monitor","koreacentral","RUB","300 GB Commitment Tier Capacity Reservation","300","1/Day","65300.175","2019-11-01T00:00:00.000Z","293.4783","217.6672"
"2024-06-02T06:10:06.668Z","Azure Monitor","koreacentral","RUB","400 GB Commitment Tier Capacity Reservation","400","1/Day","85132.08","2019-11-01T00:00:00.000Z","391.1112","212.8302"
"2024-06-02T06:10:06.668Z","Azure Monitor","koreacentral","RUB","500 GB Commitment Tier Capacity Reservation","500","1/Day","104601.2063","2019-11-01T00:00:00.000Z","491.4773","209.2024"
"2024-06-02T06:10:06.668Z","Azure Monitor","koreacentral","RUB","1000 GB Commitment Tier Capacity Reservation","1000","1/Day","205574.625","2021-06-01T00:00:00.000Z","982.659","205.5746"
"2024-06-02T06:10:06.668Z","Azure Monitor","koreacentral","RUB","2000 GB Commitment Tier Capacity Reservation","2000","1/Day","401475.15","2021-06-01T00:00:00.000Z","1952.9414","200.7376"
"2024-06-02T06:10:06.668Z","Azure Monitor","koreacentral","RUB","5000 GB Commitment Tier Capacity Reservation","5000","1/Day","973456.3125","2021-06-01T00:00:00.000Z","4849.397","194.6913"
"2024-07-01T06:11:21.244Z","Azure Monitor","koreacentral","RUB","Pay-as-you-go Data Ingestion","Pay-as-you-go","1 GB","275.7015","2018-02-01T00:00:00.000Z","0","275.7015"
"2024-07-01T06:11:21.244Z","Azure Monitor","koreacentral","RUB","100 GB Commitment Tier Capacity Reservation","100","1/Day","23456.79","2019-11-01T00:00:00.000Z","85.0804","234.5679"
"2024-07-01T06:11:21.244Z","Azure Monitor","koreacentral","RUB","200 GB Commitment Tier Capacity Reservation","200","1/Day","44041.32","2019-11-01T00:00:00.000Z","187.7551","220.2066"
"2024-07-01T06:11:21.244Z","Azure Monitor","koreacentral","RUB","300 GB Commitment Tier Capacity Reservation","300","1/Day","64625.85","2019-11-01T00:00:00.000Z","293.4783","215.4195"
"2024-07-01T06:11:21.244Z","Azure Monitor","koreacentral","RUB","400 GB Commitment Tier Capacity Reservation","400","1/Day","84252.96","2019-11-01T00:00:00.000Z","391.1111","210.6324"
"2024-07-01T06:11:21.244Z","Azure Monitor","koreacentral","RUB","500 GB Commitment Tier Capacity Reservation","500","1/Day","103521.0375","2019-11-01T00:00:00.000Z","491.4773","207.0421"
"2024-07-01T06:11:21.244Z","Azure Monitor","koreacentral","RUB","1000 GB Commitment Tier Capacity Reservation","1000","1/Day","203451.75","2021-06-01T00:00:00.000Z","982.6588","203.4518"
"2024-07-01T06:11:21.244Z","Azure Monitor","koreacentral","RUB","2000 GB Commitment Tier Capacity Reservation","2000","1/Day","397329.3","2021-06-01T00:00:00.000Z","1952.9407","198.6646"
"2024-07-01T06:11:21.244Z","Azure Monitor","koreacentral","RUB","5000 GB Commitment Tier Capacity Reservation","5000","1/Day","963403.875","2021-06-01T00:00:00.000Z","4849.3988","192.6808"
"2024-08-02T06:11:10.559Z","Azure Monitor","koreacentral","RUB","Pay-as-you-go Data Ingestion","Pay-as-you-go","1 GB","269.0189","2018-02-01T00:00:00.000Z","0","269.0189"
"2024-08-02T06:11:10.559Z","Azure Monitor","koreacentral","RUB","100 GB Commitment Tier Capacity Reservation","100","1/Day","22888.2308","2019-11-01T00:00:00.000Z","85.0804","228.8823"
"2024-08-02T06:11:10.559Z","Azure Monitor","koreacentral","RUB","200 GB Commitment Tier Capacity Reservation","200","1/Day","42973.821","2019-11-01T00:00:00.000Z","187.7551","214.8691"
"2024-08-02T06:11:10.559Z","Azure Monitor","koreacentral","RUB","300 GB Commitment Tier Capacity Reservation","300","1/Day","63059.4113","2019-11-01T00:00:00.000Z","293.4783","210.1980"
"2024-08-02T06:11:10.559Z","Azure Monitor","koreacentral","RUB","400 GB Commitment Tier Capacity Reservation","400","1/Day","82210.788","2019-11-01T00:00:00.000Z","391.1112","205.5270"
"2024-08-02T06:11:10.559Z","Azure Monitor","koreacentral","RUB","500 GB Commitment Tier Capacity Reservation","500","1/Day","101011.8347","2019-11-01T00:00:00.000Z","491.4772","202.0237"
"2024-08-02T06:11:10.559Z","Azure Monitor","koreacentral","RUB","1000 GB Commitment Tier Capacity Reservation","1000","1/Day","198520.3688","2021-06-01T00:00:00.000Z","982.6588","198.5204"
"2024-08-02T06:11:10.559Z","Azure Monitor","koreacentral","RUB","2000 GB Commitment Tier Capacity Reservation","2000","1/Day","387698.6025","2021-06-01T00:00:00.000Z","1952.9409","193.8493"
"2024-08-02T06:11:10.559Z","Azure Monitor","koreacentral","RUB","5000 GB Commitment Tier Capacity Reservation","5000","1/Day","940052.3344","2021-06-01T00:00:00.000Z","4849.3976","188.0105"
