"TimeGenerated","ServiceName","ArmRegionName","CurrencyCode","MeterName","Tier","UnitOfMeasure","RetailPrice","EffectiveStartDate","EffectiveCommitmentTierThresholdGB","EffectivePricePerGB"
"2023-03-29T15:50:58.330Z","Azure Monitor","koreasouth","RUB","Pay-as-you-go Data Ingestion","Pay-as-you-go","1 GB","236.982","2018-02-01T00:00:00.000Z","0","236.982"
"2023-03-29T15:50:58.330Z","Azure Monitor","koreasouth","RUB","100 GB Commitment Tier Capacity Reservation","100","1/Day","18669","2019-11-01T00:00:00.000Z","78.7781","186.69"
"2023-03-29T15:50:58.330Z","Azure Monitor","koreasouth","RUB","200 GB Commitment Tier Capacity Reservation","200","1/Day","35052","2019-11-01T00:00:00.000Z","187.7551","175.26"
"2023-03-29T15:50:58.330Z","Azure Monitor","koreasouth","RUB","300 GB Commitment Tier Capacity Reservation","300","1/Day","51435","2019-11-01T00:00:00.000Z","293.4783","171.45"
"2023-03-29T15:50:58.330Z","Azure Monitor","koreasouth","RUB","400 GB Commitment Tier Capacity Reservation","400","1/Day","67056","2019-11-01T00:00:00.000Z","391.1111","167.64"
"2023-03-29T15:50:58.330Z","Azure Monitor","koreasouth","RUB","500 GB Commitment Tier Capacity Reservation","500","1/Day","82391.25","2019-11-01T00:00:00.000Z","491.4773","164.7825"
"2023-03-29T15:50:58.330Z","Azure Monitor","koreasouth","RUB","1000 GB Commitment Tier Capacity Reservation","1000","1/Day","161925","2021-06-01T02:00:00.000Z","982.659","161.925"
"2023-03-29T15:50:58.330Z","Azure Monitor","koreasouth","RUB","2000 GB Commitment Tier Capacity Reservation","2000","1/Day","316230","2021-06-01T02:00:00.000Z","1952.9412","158.115"
"2023-03-29T15:50:58.330Z","Azure Monitor","koreasouth","RUB","5000 GB Commitment Tier Capacity Reservation","5000","1/Day","766762.5","2021-06-01T02:00:00.000Z","4849.3976","153.3525"
"2023-04-12T13:28:34.468Z","Azure Monitor","koreasouth","RUB","Pay-as-you-go Data Ingestion","Pay-as-you-go","1 GB","240.2475","2018-02-01T00:00:00.000Z","0","240.2475"
"2023-04-12T13:28:34.468Z","Azure Monitor","koreasouth","RUB","100 GB Commitment Tier Capacity Reservation","100","1/Day","18926.25","2019-11-01T00:00:00.000Z","78.7781","189.2625"
"2023-04-12T13:28:34.468Z","Azure Monitor","koreasouth","RUB","200 GB Commitment Tier Capacity Reservation","200","1/Day","35535","2019-11-01T00:00:00.000Z","187.7551","177.675"
"2023-04-12T13:28:34.468Z","Azure Monitor","koreasouth","RUB","300 GB Commitment Tier Capacity Reservation","300","1/Day","52143.75","2019-11-01T00:00:00.000Z","293.4783","173.8125"
"2023-04-12T13:28:34.468Z","Azure Monitor","koreasouth","RUB","400 GB Commitment Tier Capacity Reservation","400","1/Day","67980","2019-11-01T00:00:00.000Z","391.1111","169.95"
"2023-04-12T13:28:34.468Z","Azure Monitor","koreasouth","RUB","500 GB Commitment Tier Capacity Reservation","500","1/Day","83526.5625","2019-11-01T00:00:00.000Z","491.4773","167.0531"
"2023-04-12T13:28:34.468Z","Azure Monitor","koreasouth","RUB","1000 GB Commitment Tier Capacity Reservation","1000","1/Day","164156.25","2021-06-01T02:00:00.000Z","982.6591","164.1562"
"2023-04-12T13:28:34.468Z","Azure Monitor","koreasouth","RUB","2000 GB Commitment Tier Capacity Reservation","2000","1/Day","320587.5","2021-06-01T02:00:00.000Z","1952.9418","160.2938"
"2023-04-12T13:28:34.468Z","Azure Monitor","koreasouth","RUB","5000 GB Commitment Tier Capacity Reservation","5000","1/Day","777328.125","2021-06-01T02:00:00.000Z","4849.3961","155.4656"
"2023-05-02T08:07:40.927Z","Azure Monitor","koreasouth","RUB","Pay-as-you-go Data Ingestion","Pay-as-you-go","1 GB","257.3525","2018-02-01T00:00:00.000Z","0","257.3525"
"2023-05-02T08:07:40.927Z","Azure Monitor","koreasouth","RUB","100 GB Commitment Tier Capacity Reservation","100","1/Day","20273.75","2019-11-01T00:00:00.000Z","78.7781","202.7375"
"2023-05-02T08:07:40.927Z","Azure Monitor","koreasouth","RUB","200 GB Commitment Tier Capacity Reservation","200","1/Day","38065","2019-11-01T00:00:00.000Z","187.7551","190.325"
"2023-05-02T08:07:40.927Z","Azure Monitor","koreasouth","RUB","300 GB Commitment Tier Capacity Reservation","300","1/Day","55856.25","2019-11-01T00:00:00.000Z","293.4783","186.1875"
"2023-05-02T08:07:40.927Z","Azure Monitor","koreasouth","RUB","400 GB Commitment Tier Capacity Reservation","400","1/Day","72820","2019-11-01T00:00:00.000Z","391.1111","182.05"
"2023-05-02T08:07:40.927Z","Azure Monitor","koreasouth","RUB","500 GB Commitment Tier Capacity Reservation","500","1/Day","89473.4375","2019-11-01T00:00:00.000Z","491.4773","178.9469"
"2023-05-02T08:07:40.927Z","Azure Monitor","koreasouth","RUB","1000 GB Commitment Tier Capacity Reservation","1000","1/Day","175843.75","2021-06-01T02:00:00.000Z","982.6588","175.8438"
"2023-05-02T08:07:40.927Z","Azure Monitor","koreasouth","RUB","2000 GB Commitment Tier Capacity Reservation","2000","1/Day","343412.5","2021-06-01T02:00:00.000Z","1952.9406","171.7062"
"2023-05-02T08:07:40.927Z","Azure Monitor","koreasouth","RUB","5000 GB Commitment Tier Capacity Reservation","5000","1/Day","832671.875","2021-06-01T02:00:00.000Z","4849.399","166.5344"
"2023-06-02T08:07:42.568Z","Azure Monitor","koreasouth","RUB","Pay-as-you-go Data Ingestion","Pay-as-you-go","1 GB","248.489","2018-02-01T00:00:00.000Z","0","248.489"
"2023-06-02T08:07:42.568Z","Azure Monitor","koreasouth","RUB","100 GB Commitment Tier Capacity Reservation","100","1/Day","19575.5","2019-11-01T00:00:00.000Z","78.7781","195.755"
"2023-06-02T08:07:42.568Z","Azure Monitor","koreasouth","RUB","200 GB Commitment Tier Capacity Reservation","200","1/Day","36754","2019-11-01T00:00:00.000Z","187.7551","183.77"
"2023-06-02T08:07:42.568Z","Azure Monitor","koreasouth","RUB","300 GB Commitment Tier Capacity Reservation","300","1/Day","53932.5","2019-11-01T00:00:00.000Z","293.4783","179.775"
"2023-06-02T08:07:42.568Z","Azure Monitor","koreasouth","RUB","400 GB Commitment Tier Capacity Reservation","400","1/Day","70312","2019-11-01T00:00:00.000Z","391.1111","175.78"
"2023-06-02T08:07:42.568Z","Azure Monitor","koreasouth","RUB","500 GB Commitment Tier Capacity Reservation","500","1/Day","86391.875","2019-11-01T00:00:00.000Z","491.4773","172.7838"
"2023-06-02T08:07:42.568Z","Azure Monitor","koreasouth","RUB","1000 GB Commitment Tier Capacity Reservation","1000","1/Day","169787.5","2021-06-01T02:00:00.000Z","982.6587","169.7875"
"2023-06-02T08:07:42.568Z","Azure Monitor","koreasouth","RUB","2000 GB Commitment Tier Capacity Reservation","2000","1/Day","331585","2021-06-01T02:00:00.000Z","1952.9412","165.7925"
"2023-06-02T08:07:42.568Z","Azure Monitor","koreasouth","RUB","5000 GB Commitment Tier Capacity Reservation","5000","1/Day","803993.75","2021-06-01T02:00:00.000Z","4849.3976","160.7988"
"2023-07-07T06:09:02.036Z","Azure Monitor","koreasouth","RUB","Pay-as-you-go Data Ingestion","Pay-as-you-go","1 GB","269.326","2018-02-01T00:00:00.000Z","0","269.326"
"2023-07-07T06:09:02.036Z","Azure Monitor","koreasouth","RUB","100 GB Commitment Tier Capacity Reservation","100","1/Day","21217","2019-11-01T00:00:00.000Z","78.7781","212.17"
"2023-07-07T06:09:02.036Z","Azure Monitor","koreasouth","RUB","200 GB Commitment Tier Capacity Reservation","200","1/Day","39836","2019-11-01T00:00:00.000Z","187.7551","199.18"
"2023-07-07T06:09:02.036Z","Azure Monitor","koreasouth","RUB","300 GB Commitment Tier Capacity Reservation","300","1/Day","58455","2019-11-01T00:00:00.000Z","293.4783","194.85"
"2023-07-07T06:09:02.036Z","Azure Monitor","koreasouth","RUB","400 GB Commitment Tier Capacity Reservation","400","1/Day","76208","2019-11-01T00:00:00.000Z","391.1111","190.52"
"2023-07-07T06:09:02.036Z","Azure Monitor","koreasouth","RUB","500 GB Commitment Tier Capacity Reservation","500","1/Day","93636.25","2019-11-01T00:00:00.000Z","491.4773","187.2725"
"2023-07-07T06:09:02.036Z","Azure Monitor","koreasouth","RUB","1000 GB Commitment Tier Capacity Reservation","1000","1/Day","184025","2021-06-01T00:00:00.000Z","982.659","184.025"
"2023-07-07T06:09:02.036Z","Azure Monitor","koreasouth","RUB","2000 GB Commitment Tier Capacity Reservation","2000","1/Day","359390","2021-06-01T00:00:00.000Z","1952.9412","179.695"
"2023-07-07T06:09:02.036Z","Azure Monitor","koreasouth","RUB","5000 GB Commitment Tier Capacity Reservation","5000","1/Day","871412.5","2021-06-01T00:00:00.000Z","4849.3976","174.2825"
"2023-08-01T06:08:30.007Z","Azure Monitor","koreasouth","RUB","Pay-as-you-go Data Ingestion","Pay-as-you-go","1 GB","282.388","2018-02-01T00:00:00.000Z","0","282.388"
"2023-08-01T06:08:30.007Z","Azure Monitor","koreasouth","RUB","100 GB Commitment Tier Capacity Reservation","100","1/Day","22246","2019-11-01T00:00:00.000Z","78.7781","222.46"
"2023-08-01T06:08:30.007Z","Azure Monitor","koreasouth","RUB","200 GB Commitment Tier Capacity Reservation","200","1/Day","41768","2019-11-01T00:00:00.000Z","187.7551","208.84"
"2023-08-01T06:08:30.007Z","Azure Monitor","koreasouth","RUB","500 GB Commitment Tier Capacity Reservation","500","1/Day","98177.5","2019-11-01T00:00:00.000Z","515.3134","196.355"
"2023-08-01T06:08:30.007Z","Azure Monitor","koreasouth","RUB","1000 GB Commitment Tier Capacity Reservation","1000","1/Day","192950","2021-06-01T00:00:00.000Z","982.659","192.95"
"2023-08-01T06:08:30.007Z","Azure Monitor","koreasouth","RUB","2000 GB Commitment Tier Capacity Reservation","2000","1/Day","376820","2021-06-01T00:00:00.000Z","1952.9412","188.41"
"2023-08-01T06:08:30.007Z","Azure Monitor","koreasouth","RUB","5000 GB Commitment Tier Capacity Reservation","5000","1/Day","913675","2021-06-01T00:00:00.000Z","4849.3976","182.735"
"2023-08-02T06:09:03.844Z","Azure Monitor","koreasouth","RUB","300 GB Commitment Tier Capacity Reservation","300","1/Day","61290","2019-11-01T00:00:00.000Z","293.4783","204.3"
"2023-08-02T06:09:03.844Z","Azure Monitor","koreasouth","RUB","400 GB Commitment Tier Capacity Reservation","400","1/Day","79904","2019-11-01T00:00:00.000Z","391.1111","199.76"
"2023-09-02T06:07:00.316Z","Azure Monitor","koreasouth","RUB","Pay-as-you-go Data Ingestion","Pay-as-you-go","1 GB","297.5492","2018-02-01T00:00:00.000Z","0","297.5492"
"2023-09-02T06:07:00.316Z","Azure Monitor","koreasouth","RUB","100 GB Commitment Tier Capacity Reservation","100","1/Day","23440.375","2019-11-01T00:00:00.000Z","78.7781","234.4038"
"2023-09-02T06:07:00.316Z","Azure Monitor","koreasouth","RUB","200 GB Commitment Tier Capacity Reservation","200","1/Day","44010.5","2019-11-01T00:00:00.000Z","187.7551","220.0525"
"2023-09-02T06:07:00.316Z","Azure Monitor","koreasouth","RUB","300 GB Commitment Tier Capacity Reservation","300","1/Day","64580.625","2019-11-01T00:00:00.000Z","293.4783","215.2688"
"2023-09-02T06:07:00.316Z","Azure Monitor","koreasouth","RUB","400 GB Commitment Tier Capacity Reservation","400","1/Day","84194","2019-11-01T00:00:00.000Z","391.111","210.485"
"2023-09-02T06:07:00.316Z","Azure Monitor","koreasouth","RUB","500 GB Commitment Tier Capacity Reservation","500","1/Day","103448.5937","2019-11-01T00:00:00.000Z","491.4773","206.8972"
"2023-09-02T06:07:00.316Z","Azure Monitor","koreasouth","RUB","1000 GB Commitment Tier Capacity Reservation","1000","1/Day","203309.375","2021-06-01T00:00:00.000Z","982.6589","203.3094"
"2023-09-02T06:07:00.316Z","Azure Monitor","koreasouth","RUB","2000 GB Commitment Tier Capacity Reservation","2000","1/Day","397051.25","2021-06-01T00:00:00.000Z","1952.9409","198.5256"
"2023-09-02T06:07:00.316Z","Azure Monitor","koreasouth","RUB","5000 GB Commitment Tier Capacity Reservation","5000","1/Day","962729.6875","2021-06-01T00:00:00.000Z","4849.3982","192.5459"
"2023-10-02T06:08:46.154Z","Azure Monitor","koreasouth","RUB","Pay-as-you-go Data Ingestion","Pay-as-you-go","1 GB","300.8925","2018-02-01T00:00:00.000Z","0","300.8925"
"2023-10-02T06:08:46.154Z","Azure Monitor","koreasouth","RUB","100 GB Commitment Tier Capacity Reservation","100","1/Day","23703.75","2019-11-01T00:00:00.000Z","78.7781","237.0375"
"2023-10-02T06:08:46.154Z","Azure Monitor","koreasouth","RUB","200 GB Commitment Tier Capacity Reservation","200","1/Day","44505","2019-11-01T00:00:00.000Z","187.7551","222.525"
"2023-10-02T06:08:46.154Z","Azure Monitor","koreasouth","RUB","300 GB Commitment Tier Capacity Reservation","300","1/Day","65306.25","2019-11-01T00:00:00.000Z","293.4783","217.6875"
"2023-10-02T06:08:46.154Z","Azure Monitor","koreasouth","RUB","400 GB Commitment Tier Capacity Reservation","400","1/Day","85140","2019-11-01T00:00:00.000Z","391.1111","212.85"
"2023-10-02T06:08:46.154Z","Azure Monitor","koreasouth","RUB","500 GB Commitment Tier Capacity Reservation","500","1/Day","104610.9375","2019-11-01T00:00:00.000Z","491.4773","209.2219"
"2023-10-02T06:08:46.154Z","Azure Monitor","koreasouth","RUB","1000 GB Commitment Tier Capacity Reservation","1000","1/Day","205593.75","2021-06-01T00:00:00.000Z","982.6588","205.5938"
"2023-10-02T06:08:46.154Z","Azure Monitor","koreasouth","RUB","2000 GB Commitment Tier Capacity Reservation","2000","1/Day","401512.5","2021-06-01T00:00:00.000Z","1952.9407","200.7562"
"2023-10-02T06:08:46.154Z","Azure Monitor","koreasouth","RUB","5000 GB Commitment Tier Capacity Reservation","5000","1/Day","973546.875","2021-06-01T00:00:00.000Z","4849.3988","194.7094"
"2023-11-01T06:08:41.407Z","Azure Monitor","koreasouth","RUB","Pay-as-you-go Data Ingestion","Pay-as-you-go","1 GB","294.517","2018-02-01T00:00:00.000Z","0","294.517"
"2023-11-01T06:08:41.407Z","Azure Monitor","koreasouth","RUB","100 GB Commitment Tier Capacity Reservation","100","1/Day","23201.5","2019-11-01T00:00:00.000Z","78.7781","232.015"
"2023-11-01T06:08:41.407Z","Azure Monitor","koreasouth","RUB","200 GB Commitment Tier Capacity Reservation","200","1/Day","43562","2019-11-01T00:00:00.000Z","187.7551","217.81"
"2023-11-01T06:08:41.407Z","Azure Monitor","koreasouth","RUB","300 GB Commitment Tier Capacity Reservation","300","1/Day","63922.5","2019-11-01T00:00:00.000Z","293.4783","213.075"
"2023-11-01T06:08:41.407Z","Azure Monitor","koreasouth","RUB","400 GB Commitment Tier Capacity Reservation","400","1/Day","83336","2019-11-01T00:00:00.000Z","391.1111","208.34"
"2023-11-01T06:08:41.407Z","Azure Monitor","koreasouth","RUB","500 GB Commitment Tier Capacity Reservation","500","1/Day","102394.375","2019-11-01T00:00:00.000Z","491.4773","204.7888"
"2023-11-01T06:08:41.407Z","Azure Monitor","koreasouth","RUB","1000 GB Commitment Tier Capacity Reservation","1000","1/Day","201237.5","2021-06-01T00:00:00.000Z","982.6587","201.2375"
"2023-11-01T06:08:41.407Z","Azure Monitor","koreasouth","RUB","2000 GB Commitment Tier Capacity Reservation","2000","1/Day","393005","2021-06-01T00:00:00.000Z","1952.9412","196.5025"
"2023-11-01T06:08:41.407Z","Azure Monitor","koreasouth","RUB","5000 GB Commitment Tier Capacity Reservation","5000","1/Day","952918.75","2021-06-01T00:00:00.000Z","4849.3976","190.5838"
"2023-12-02T06:07:58.693Z","Azure Monitor","koreasouth","RUB","Pay-as-you-go Data Ingestion","Pay-as-you-go","1 GB","278.345","2018-02-01T00:00:00.000Z","0","278.345"
"2023-12-02T06:07:58.693Z","Azure Monitor","koreasouth","RUB","100 GB Commitment Tier Capacity Reservation","100","1/Day","21927.5","2019-11-01T00:00:00.000Z","78.7781","219.275"
"2023-12-02T06:07:58.693Z","Azure Monitor","koreasouth","RUB","200 GB Commitment Tier Capacity Reservation","200","1/Day","41170","2019-11-01T00:00:00.000Z","187.7551","205.85"
"2023-12-02T06:07:58.693Z","Azure Monitor","koreasouth","RUB","300 GB Commitment Tier Capacity Reservation","300","1/Day","60412.5","2019-11-01T00:00:00.000Z","293.4783","201.375"
"2023-12-02T06:07:58.693Z","Azure Monitor","koreasouth","RUB","400 GB Commitment Tier Capacity Reservation","400","1/Day","78760","2019-11-01T00:00:00.000Z","391.1111","196.9"
"2023-12-02T06:07:58.693Z","Azure Monitor","koreasouth","RUB","500 GB Commitment Tier Capacity Reservation","500","1/Day","96771.875","2019-11-01T00:00:00.000Z","491.4773","193.5438"
"2023-12-02T06:07:58.693Z","Azure Monitor","koreasouth","RUB","1000 GB Commitment Tier Capacity Reservation","1000","1/Day","190187.5","2021-06-01T00:00:00.000Z","982.6587","190.1875"
"2023-12-02T06:07:58.693Z","Azure Monitor","koreasouth","RUB","2000 GB Commitment Tier Capacity Reservation","2000","1/Day","371425","2021-06-01T00:00:00.000Z","1952.9412","185.7125"
"2023-12-02T06:07:58.693Z","Azure Monitor","koreasouth","RUB","5000 GB Commitment Tier Capacity Reservation","5000","1/Day","900593.75","2021-06-01T00:00:00.000Z","4849.3976","180.1188"
"2024-01-02T06:08:37.104Z","Azure Monitor","koreasouth","RUB","Pay-as-you-go Data Ingestion","Pay-as-you-go","1 GB","284.7983","2018-02-01T00:00:00.000Z","0","284.7983"
"2024-01-02T06:08:37.104Z","Azure Monitor","koreasouth","RUB","100 GB Commitment Tier Capacity Reservation","100","1/Day","22435.875","2019-11-01T00:00:00.000Z","78.7781","224.3588"
"2024-01-02T06:08:37.104Z","Azure Monitor","koreasouth","RUB","200 GB Commitment Tier Capacity Reservation","200","1/Day","42124.5","2019-11-01T00:00:00.000Z","187.7551","210.6225"
"2024-01-02T06:08:37.104Z","Azure Monitor","koreasouth","RUB","300 GB Commitment Tier Capacity Reservation","300","1/Day","61813.125","2019-11-01T00:00:00.000Z","293.4783","206.0438"
"2024-01-02T06:08:37.104Z","Azure Monitor","koreasouth","RUB","400 GB Commitment Tier Capacity Reservation","400","1/Day","80586","2019-11-01T00:00:00.000Z","391.111","201.465"
"2024-01-02T06:08:37.104Z","Azure Monitor","koreasouth","RUB","500 GB Commitment Tier Capacity Reservation","500","1/Day","99015.4688","2019-11-01T00:00:00.000Z","491.4773","198.0309"
"2024-01-02T06:08:37.104Z","Azure Monitor","koreasouth","RUB","1000 GB Commitment Tier Capacity Reservation","1000","1/Day","194596.875","2021-06-01T00:00:00.000Z","982.6591","194.5969"
"2024-01-02T06:08:37.104Z","Azure Monitor","koreasouth","RUB","2000 GB Commitment Tier Capacity Reservation","2000","1/Day","380036.25","2021-06-01T00:00:00.000Z","1952.9409","190.0181"
"2024-01-02T06:08:37.104Z","Azure Monitor","koreasouth","RUB","5000 GB Commitment Tier Capacity Reservation","5000","1/Day","921473.4375","2021-06-01T00:00:00.000Z","4849.3982","184.2947"
"2024-02-02T06:08:03.849Z","Azure Monitor","koreasouth","RUB","Pay-as-you-go Data Ingestion","Pay-as-you-go","1 GB","279.1225","2018-02-01T00:00:00.000Z","0","279.1225"
"2024-02-02T06:08:03.849Z","Azure Monitor","koreasouth","RUB","100 GB Commitment Tier Capacity Reservation","100","1/Day","21988.75","2019-11-01T00:00:00.000Z","78.7781","219.8875"
"2024-02-02T06:08:03.849Z","Azure Monitor","koreasouth","RUB","200 GB Commitment Tier Capacity Reservation","200","1/Day","41285","2019-11-01T00:00:00.000Z","187.7551","206.425"
"2024-02-02T06:08:03.849Z","Azure Monitor","koreasouth","RUB","300 GB Commitment Tier Capacity Reservation","300","1/Day","60581.25","2019-11-01T00:00:00.000Z","293.4783","201.9375"
"2024-02-02T06:08:03.849Z","Azure Monitor","koreasouth","RUB","400 GB Commitment Tier Capacity Reservation","400","1/Day","78980","2019-11-01T00:00:00.000Z","391.1111","197.45"
"2024-02-02T06:08:03.849Z","Azure Monitor","koreasouth","RUB","500 GB Commitment Tier Capacity Reservation","500","1/Day","97042.1875","2019-11-01T00:00:00.000Z","491.4773","194.0844"
"2024-02-02T06:08:03.849Z","Azure Monitor","koreasouth","RUB","1000 GB Commitment Tier Capacity Reservation","1000","1/Day","190718.75","2021-06-01T00:00:00.000Z","982.6588","190.7188"
"2024-02-02T06:08:03.849Z","Azure Monitor","koreasouth","RUB","2000 GB Commitment Tier Capacity Reservation","2000","1/Day","372462.5","2021-06-01T00:00:00.000Z","1952.9407","186.2312"
"2024-02-02T06:08:03.849Z","Azure Monitor","koreasouth","RUB","5000 GB Commitment Tier Capacity Reservation","5000","1/Day","903109.375","2021-06-01T00:00:00.000Z","4849.3989","180.6219"
"2024-03-02T06:08:20.311Z","Azure Monitor","koreasouth","RUB","Pay-as-you-go Data Ingestion","Pay-as-you-go","1 GB","285.498","2018-02-01T00:00:00.000Z","0","285.498"
"2024-03-02T06:08:20.311Z","Azure Monitor","koreasouth","RUB","100 GB Commitment Tier Capacity Reservation","100","1/Day","22491","2019-11-01T00:00:00.000Z","78.7781","224.91"
"2024-03-02T06:08:20.311Z","Azure Monitor","koreasouth","RUB","200 GB Commitment Tier Capacity Reservation","200","1/Day","42228","2019-11-01T00:00:00.000Z","187.7551","211.14"
"2024-03-02T06:08:20.311Z","Azure Monitor","koreasouth","RUB","300 GB Commitment Tier Capacity Reservation","300","1/Day","61965","2019-11-01T00:00:00.000Z","293.4783","206.55"
"2024-03-02T06:08:20.311Z","Azure Monitor","koreasouth","RUB","400 GB Commitment Tier Capacity Reservation","400","1/Day","80784","2019-11-01T00:00:00.000Z","391.1111","201.96"
"2024-03-02T06:08:20.311Z","Azure Monitor","koreasouth","RUB","500 GB Commitment Tier Capacity Reservation","500","1/Day","99258.75","2019-11-01T00:00:00.000Z","491.4773","198.5175"
"2024-03-02T06:08:20.311Z","Azure Monitor","koreasouth","RUB","1000 GB Commitment Tier Capacity Reservation","1000","1/Day","195075","2021-06-01T00:00:00.000Z","982.659","195.075"
"2024-03-02T06:08:20.311Z","Azure Monitor","koreasouth","RUB","2000 GB Commitment Tier Capacity Reservation","2000","1/Day","380970","2021-06-01T00:00:00.000Z","1952.9412","190.485"
"2024-03-02T06:08:20.311Z","Azure Monitor","koreasouth","RUB","5000 GB Commitment Tier Capacity Reservation","5000","1/Day","923737.5","2021-06-01T00:00:00.000Z","4849.3976","184.7475"
"2024-04-03T09:26:28.723Z","Azure Monitor","koreasouth","RUB","Pay-as-you-go Data Ingestion","Pay-as-you-go","1 GB","288.9967","2018-02-01T00:00:00.000Z","0","288.9967"
"2024-04-03T09:26:28.723Z","Azure Monitor","koreasouth","RUB","100 GB Commitment Tier Capacity Reservation","100","1/Day","22766.625","2019-11-01T00:00:00.000Z","78.7781","227.6662"
"2024-04-03T09:26:28.723Z","Azure Monitor","koreasouth","RUB","200 GB Commitment Tier Capacity Reservation","200","1/Day","42745.5","2019-11-01T00:00:00.000Z","187.7551","213.7275"
"2024-04-03T09:26:28.723Z","Azure Monitor","koreasouth","RUB","300 GB Commitment Tier Capacity Reservation","300","1/Day","62724.375","2019-11-01T00:00:00.000Z","293.4783","209.0812"
"2024-04-03T09:26:28.723Z","Azure Monitor","koreasouth","RUB","400 GB Commitment Tier Capacity Reservation","400","1/Day","81774","2019-11-01T00:00:00.000Z","391.1112","204.435"
"2024-04-03T09:26:28.723Z","Azure Monitor","koreasouth","RUB","500 GB Commitment Tier Capacity Reservation","500","1/Day","100475.1562","2019-11-01T00:00:00.000Z","491.4773","200.9503"
"2024-04-03T09:26:28.723Z","Azure Monitor","koreasouth","RUB","1000 GB Commitment Tier Capacity Reservation","1000","1/Day","197465.625","2021-06-01T00:00:00.000Z","982.659","197.4656"
"2024-04-03T09:26:28.723Z","Azure Monitor","koreasouth","RUB","2000 GB Commitment Tier Capacity Reservation","2000","1/Day","385638.75","2021-06-01T00:00:00.000Z","1952.9414","192.8194"
"2024-04-03T09:26:28.723Z","Azure Monitor","koreasouth","RUB","5000 GB Commitment Tier Capacity Reservation","5000","1/Day","935057.8125","2021-06-01T00:00:00.000Z","4849.397","187.0116"
"2024-05-01T06:09:59.892Z","Azure Monitor","koreasouth","RUB","Pay-as-you-go Data Ingestion","Pay-as-you-go","1 GB","287.5195","2018-02-01T00:00:00.000Z","0","287.5195"
"2024-05-01T06:09:59.892Z","Azure Monitor","koreasouth","RUB","100 GB Commitment Tier Capacity Reservation","100","1/Day","22650.25","2019-11-01T00:00:00.000Z","78.7781","226.5025"
"2024-05-01T06:09:59.892Z","Azure Monitor","koreasouth","RUB","200 GB Commitment Tier Capacity Reservation","200","1/Day","42527","2019-11-01T00:00:00.000Z","187.7551","212.635"
"2024-05-01T06:09:59.892Z","Azure Monitor","koreasouth","RUB","300 GB Commitment Tier Capacity Reservation","300","1/Day","62403.75","2019-11-01T00:00:00.000Z","293.4783","208.0125"
"2024-05-01T06:09:59.892Z","Azure Monitor","koreasouth","RUB","400 GB Commitment Tier Capacity Reservation","400","1/Day","81356","2019-11-01T00:00:00.000Z","391.1111","203.39"
"2024-05-01T06:09:59.892Z","Azure Monitor","koreasouth","RUB","500 GB Commitment Tier Capacity Reservation","500","1/Day","99961.5625","2019-11-01T00:00:00.000Z","491.4773","199.9231"
"2024-05-01T06:09:59.892Z","Azure Monitor","koreasouth","RUB","1000 GB Commitment Tier Capacity Reservation","1000","1/Day","196456.25","2021-06-01T00:00:00.000Z","982.6591","196.4562"
"2024-05-01T06:09:59.892Z","Azure Monitor","koreasouth","RUB","2000 GB Commitment Tier Capacity Reservation","2000","1/Day","383667.5","2021-06-01T00:00:00.000Z","1952.9417","191.8338"
"2024-05-01T06:09:59.892Z","Azure Monitor","koreasouth","RUB","5000 GB Commitment Tier Capacity Reservation","5000","1/Day","930278.125","2021-06-01T00:00:00.000Z","4849.3963","186.0556"
"2024-06-02T06:10:06.668Z","Azure Monitor","koreasouth","RUB","Pay-as-you-go Data Ingestion","Pay-as-you-go","1 GB","278.5783","2018-02-01T00:00:00.000Z","0","278.5783"
"2024-06-02T06:10:06.668Z","Azure Monitor","koreasouth","RUB","100 GB Commitment Tier Capacity Reservation","100","1/Day","21945.875","2019-11-01T00:00:00.000Z","78.7781","219.4588"
"2024-06-02T06:10:06.668Z","Azure Monitor","koreasouth","RUB","200 GB Commitment Tier Capacity Reservation","200","1/Day","41204.5","2019-11-01T00:00:00.000Z","187.7551","206.0225"
"2024-06-02T06:10:06.668Z","Azure Monitor","koreasouth","RUB","300 GB Commitment Tier Capacity Reservation","300","1/Day","60463.125","2019-11-01T00:00:00.000Z","293.4783","201.5438"
"2024-06-02T06:10:06.668Z","Azure Monitor","koreasouth","RUB","400 GB Commitment Tier Capacity Reservation","400","1/Day","78826","2019-11-01T00:00:00.000Z","391.111","197.065"
"2024-06-02T06:10:06.668Z","Azure Monitor","koreasouth","RUB","500 GB Commitment Tier Capacity Reservation","500","1/Day","96852.9688","2019-11-01T00:00:00.000Z","491.4773","193.7059"
"2024-06-02T06:10:06.668Z","Azure Monitor","koreasouth","RUB","1000 GB Commitment Tier Capacity Reservation","1000","1/Day","190346.875","2021-06-01T00:00:00.000Z","982.6591","190.3469"
"2024-06-02T06:10:06.668Z","Azure Monitor","koreasouth","RUB","2000 GB Commitment Tier Capacity Reservation","2000","1/Day","371736.25","2021-06-01T00:00:00.000Z","1952.9409","185.8681"
"2024-06-02T06:10:06.668Z","Azure Monitor","koreasouth","RUB","5000 GB Commitment Tier Capacity Reservation","5000","1/Day","901348.4375","2021-06-01T00:00:00.000Z","4849.3982","180.2697"
"2024-07-01T06:11:21.244Z","Azure Monitor","koreasouth","RUB","Pay-as-you-go Data Ingestion","Pay-as-you-go","1 GB","275.7015","2018-02-01T00:00:00.000Z","0","275.7015"
"2024-07-01T06:11:21.244Z","Azure Monitor","koreasouth","RUB","100 GB Commitment Tier Capacity Reservation","100","1/Day","21719.25","2019-11-01T00:00:00.000Z","78.7781","217.1925"
"2024-07-01T06:11:21.244Z","Azure Monitor","koreasouth","RUB","200 GB Commitment Tier Capacity Reservation","200","1/Day","40779","2019-11-01T00:00:00.000Z","187.7551","203.895"
"2024-07-01T06:11:21.244Z","Azure Monitor","koreasouth","RUB","300 GB Commitment Tier Capacity Reservation","300","1/Day","59838.75","2019-11-01T00:00:00.000Z","293.4783","199.4625"
"2024-07-01T06:11:21.244Z","Azure Monitor","koreasouth","RUB","400 GB Commitment Tier Capacity Reservation","400","1/Day","78012","2019-11-01T00:00:00.000Z","391.1111","195.03"
"2024-07-01T06:11:21.244Z","Azure Monitor","koreasouth","RUB","500 GB Commitment Tier Capacity Reservation","500","1/Day","95852.8125","2019-11-01T00:00:00.000Z","491.4773","191.7056"
"2024-07-01T06:11:21.244Z","Azure Monitor","koreasouth","RUB","1000 GB Commitment Tier Capacity Reservation","1000","1/Day","188381.25","2021-06-01T00:00:00.000Z","982.6591","188.3812"
"2024-07-01T06:11:21.244Z","Azure Monitor","koreasouth","RUB","2000 GB Commitment Tier Capacity Reservation","2000","1/Day","367897.5","2021-06-01T00:00:00.000Z","1952.9417","183.9488"
"2024-07-01T06:11:21.244Z","Azure Monitor","koreasouth","RUB","5000 GB Commitment Tier Capacity Reservation","5000","1/Day","892040.625","2021-06-01T00:00:00.000Z","4849.3963","178.4081"
"2024-08-02T06:11:10.559Z","Azure Monitor","koreasouth","RUB","Pay-as-you-go Data Ingestion","Pay-as-you-go","1 GB","269.0189","2018-02-01T00:00:00.000Z","0","269.0189"
"2024-08-02T06:11:10.559Z","Azure Monitor","koreasouth","RUB","100 GB Commitment Tier Capacity Reservation","100","1/Day","21192.8063","2019-11-01T00:00:00.000Z","78.7781","211.9281"
"2024-08-02T06:11:10.559Z","Azure Monitor","koreasouth","RUB","200 GB Commitment Tier Capacity Reservation","200","1/Day","39790.575","2019-11-01T00:00:00.000Z","187.7551","198.9529"
"2024-08-02T06:11:10.559Z","Azure Monitor","koreasouth","RUB","300 GB Commitment Tier Capacity Reservation","300","1/Day","58388.3438","2019-11-01T00:00:00.000Z","293.4782","194.6278"
"2024-08-02T06:11:10.559Z","Azure Monitor","koreasouth","RUB","400 GB Commitment Tier Capacity Reservation","400","1/Day","76121.1","2019-11-01T00:00:00.000Z","391.1111","190.3028"
"2024-08-02T06:11:10.559Z","Azure Monitor","koreasouth","RUB","500 GB Commitment Tier Capacity Reservation","500","1/Day","93529.4766","2019-11-01T00:00:00.000Z","491.4771","187.0590"
"2024-08-02T06:11:10.559Z","Azure Monitor","koreasouth","RUB","1000 GB Commitment Tier Capacity Reservation","1000","1/Day","183815.1563","2021-06-01T00:00:00.000Z","982.6587","183.8152"
"2024-08-02T06:11:10.559Z","Azure Monitor","koreasouth","RUB","2000 GB Commitment Tier Capacity Reservation","2000","1/Day","358980.1875","2021-06-01T00:00:00.000Z","1952.9407","179.4901"
"2024-08-02T06:11:10.559Z","Azure Monitor","koreasouth","RUB","5000 GB Commitment Tier Capacity Reservation","5000","1/Day","870418.8281","2021-06-01T00:00:00.000Z","4849.3974","174.0838"
