"TimeGenerated","ServiceName","ArmRegionName","CurrencyCode","MeterName","Tier","UnitOfMeasure","RetailPrice","EffectiveStartDate","EffectiveCommitmentTierThresholdGB","EffectivePricePerGB"
"2023-03-29T15:50:58.330Z","Azure Monitor","japanwest","CAD","Pay-as-you-go Data Ingestion","Pay-as-you-go","1 GB","4.8709","2018-02-01T00:00:00.000Z","0","4.8709"
"2023-03-29T15:50:58.330Z","Azure Monitor","japanwest","CAD","100 GB Commitment Tier Capacity Reservation","100","1/Day","414.5047","2019-11-01T00:00:00.000Z","85.0982","4.145"
"2023-03-29T15:50:58.330Z","Azure Monitor","japanwest","CAD","200 GB Commitment Tier Capacity Reservation","200","1/Day","778.2538","2019-11-01T00:00:00.000Z","187.7572","3.8913"
"2023-03-29T15:50:58.330Z","Azure Monitor","japanwest","CAD","300 GB Commitment Tier Capacity Reservation","300","1/Day","1142.0028","2019-11-01T00:00:00.000Z","293.4759","3.8067"
"2023-03-29T15:50:58.330Z","Azure Monitor","japanwest","CAD","400 GB Commitment Tier Capacity Reservation","400","1/Day","1488.8333","2019-11-01T00:00:00.000Z","391.1087","3.7221"
"2023-03-29T15:50:58.330Z","Azure Monitor","japanwest","CAD","500 GB Commitment Tier Capacity Reservation","500","1/Day","1829.3193","2019-11-01T00:00:00.000Z","491.4751","3.6586"
"2023-03-29T15:50:58.330Z","Azure Monitor","japanwest","CAD","1000 GB Commitment Tier Capacity Reservation","1000","1/Day","3595.194","2021-06-01T02:00:00.000Z","982.6693","3.5952"
"2023-03-29T15:50:58.330Z","Azure Monitor","japanwest","CAD","2000 GB Commitment Tier Capacity Reservation","2000","1/Day","7021.2024","2021-06-01T02:00:00.000Z","1952.9379","3.5106"
"2023-03-29T15:50:58.330Z","Azure Monitor","japanwest","CAD","5000 GB Commitment Tier Capacity Reservation","5000","1/Day","17024.301","2021-06-01T02:00:00.000Z","4849.3992","3.4049"
"2023-04-12T13:28:34.468Z","Azure Monitor","japanwest","CAD","Pay-as-you-go Data Ingestion","Pay-as-you-go","1 GB","4.85","2018-02-01T00:00:00.000Z","0","4.85"
"2023-04-12T13:28:34.468Z","Azure Monitor","japanwest","CAD","100 GB Commitment Tier Capacity Reservation","100","1/Day","412.7275","2019-11-01T00:00:00.000Z","85.0985","4.1273"
"2023-04-12T13:28:34.468Z","Azure Monitor","japanwest","CAD","200 GB Commitment Tier Capacity Reservation","200","1/Day","774.9169","2019-11-01T00:00:00.000Z","187.754","3.8746"
"2023-04-12T13:28:34.468Z","Azure Monitor","japanwest","CAD","300 GB Commitment Tier Capacity Reservation","300","1/Day","1137.1064","2019-11-01T00:00:00.000Z","293.4771","3.7904"
"2023-04-12T13:28:34.468Z","Azure Monitor","japanwest","CAD","400 GB Commitment Tier Capacity Reservation","400","1/Day","1482.4498","2019-11-01T00:00:00.000Z","391.1064","3.7061"
"2023-04-12T13:28:34.468Z","Azure Monitor","japanwest","CAD","500 GB Commitment Tier Capacity Reservation","500","1/Day","1821.4759","2019-11-01T00:00:00.000Z","491.4805","3.643"
"2023-04-12T13:28:34.468Z","Azure Monitor","japanwest","CAD","1000 GB Commitment Tier Capacity Reservation","1000","1/Day","3579.7793","2021-06-01T02:00:00.000Z","982.646","3.5798"
"2023-04-12T13:28:34.468Z","Azure Monitor","japanwest","CAD","2000 GB Commitment Tier Capacity Reservation","2000","1/Day","6991.0983","2021-06-01T02:00:00.000Z","1952.9299","3.4955"
"2023-04-12T13:28:34.468Z","Azure Monitor","japanwest","CAD","5000 GB Commitment Tier Capacity Reservation","5000","1/Day","16951.3076","2021-06-01T02:00:00.000Z","4849.4658","3.3903"
"2023-05-02T08:07:40.927Z","Azure Monitor","japanwest","CAD","Pay-as-you-go Data Ingestion","Pay-as-you-go","1 GB","4.8639","2018-02-01T00:00:00.000Z","0","4.8639"
"2023-05-02T08:07:40.927Z","Azure Monitor","japanwest","CAD","100 GB Commitment Tier Capacity Reservation","100","1/Day","413.9123","2019-11-01T00:00:00.000Z","85.0989","4.1391"
"2023-05-02T08:07:40.927Z","Azure Monitor","japanwest","CAD","200 GB Commitment Tier Capacity Reservation","200","1/Day","777.1415","2019-11-01T00:00:00.000Z","187.7562","3.8857"
"2023-05-02T08:07:40.927Z","Azure Monitor","japanwest","CAD","300 GB Commitment Tier Capacity Reservation","300","1/Day","1140.3707","2019-11-01T00:00:00.000Z","293.4788","3.8012"
"2023-05-02T08:07:40.927Z","Azure Monitor","japanwest","CAD","400 GB Commitment Tier Capacity Reservation","400","1/Day","1486.7054","2019-11-01T00:00:00.000Z","391.1148","3.7168"
"2023-05-02T08:07:40.927Z","Azure Monitor","japanwest","CAD","500 GB Commitment Tier Capacity Reservation","500","1/Day","1826.7048","2019-11-01T00:00:00.000Z","491.4724","3.6534"
"2023-05-02T08:07:40.927Z","Azure Monitor","japanwest","CAD","1000 GB Commitment Tier Capacity Reservation","1000","1/Day","3590.0558","2021-06-01T02:00:00.000Z","982.6616","3.5901"
"2023-05-02T08:07:40.927Z","Azure Monitor","japanwest","CAD","2000 GB Commitment Tier Capacity Reservation","2000","1/Day","7011.1677","2021-06-01T02:00:00.000Z","1952.9171","3.5056"
"2023-05-02T08:07:40.927Z","Azure Monitor","japanwest","CAD","5000 GB Commitment Tier Capacity Reservation","5000","1/Day","16999.9699","2021-06-01T02:00:00.000Z","4849.3753","3.4"
"2023-06-02T08:07:42.568Z","Azure Monitor","japanwest","CAD","Pay-as-you-go Data Ingestion","Pay-as-you-go","1 GB","4.8706","2018-02-01T00:00:00.000Z","0","4.8706"
"2023-06-02T08:07:42.568Z","Azure Monitor","japanwest","CAD","100 GB Commitment Tier Capacity Reservation","100","1/Day","414.4743","2019-11-01T00:00:00.000Z","85.0972","4.1447"
"2023-06-02T08:07:42.568Z","Azure Monitor","japanwest","CAD","200 GB Commitment Tier Capacity Reservation","200","1/Day","778.1967","2019-11-01T00:00:00.000Z","187.7571","3.891"
"2023-06-02T08:07:42.568Z","Azure Monitor","japanwest","CAD","300 GB Commitment Tier Capacity Reservation","300","1/Day","1141.9191","2019-11-01T00:00:00.000Z","293.477","3.8064"
"2023-06-02T08:07:42.568Z","Azure Monitor","japanwest","CAD","400 GB Commitment Tier Capacity Reservation","400","1/Day","1488.7242","2019-11-01T00:00:00.000Z","391.1108","3.7218"
"2023-06-02T08:07:42.568Z","Azure Monitor","japanwest","CAD","500 GB Commitment Tier Capacity Reservation","500","1/Day","1829.1852","2019-11-01T00:00:00.000Z","491.4786","3.6584"
"2023-06-02T08:07:42.568Z","Azure Monitor","japanwest","CAD","1000 GB Commitment Tier Capacity Reservation","1000","1/Day","3594.9305","2021-06-01T02:00:00.000Z","982.651","3.5949"
"2023-06-02T08:07:42.568Z","Azure Monitor","japanwest","CAD","2000 GB Commitment Tier Capacity Reservation","2000","1/Day","7020.6878","2021-06-01T02:00:00.000Z","1952.9577","3.5103"
"2023-06-02T08:07:42.568Z","Azure Monitor","japanwest","CAD","5000 GB Commitment Tier Capacity Reservation","5000","1/Day","17023.0533","2021-06-01T02:00:00.000Z","4849.4583","3.4046"
"2023-07-07T06:09:02.036Z","Azure Monitor","japanwest","CAD","Pay-as-you-go Data Ingestion","Pay-as-you-go","1 GB","4.7354","2018-02-01T00:00:00.000Z","0","4.7354"
"2023-07-07T06:09:02.036Z","Azure Monitor","japanwest","CAD","100 GB Commitment Tier Capacity Reservation","100","1/Day","402.9755","2019-11-01T00:00:00.000Z","85.0985","4.0298"
"2023-07-07T06:09:02.036Z","Azure Monitor","japanwest","CAD","200 GB Commitment Tier Capacity Reservation","200","1/Day","756.6071","2019-11-01T00:00:00.000Z","187.753","3.783"
"2023-07-07T06:09:02.036Z","Azure Monitor","japanwest","CAD","300 GB Commitment Tier Capacity Reservation","300","1/Day","1110.2386","2019-11-01T00:00:00.000Z","293.481","3.7008"
"2023-07-07T06:09:02.036Z","Azure Monitor","japanwest","CAD","400 GB Commitment Tier Capacity Reservation","400","1/Day","1447.4222","2019-11-01T00:00:00.000Z","391.1106","3.6186"
"2023-07-07T06:09:02.036Z","Azure Monitor","japanwest","CAD","500 GB Commitment Tier Capacity Reservation","500","1/Day","1778.4378","2019-11-01T00:00:00.000Z","491.4712","3.5569"
"2023-07-07T06:09:02.036Z","Azure Monitor","japanwest","CAD","1000 GB Commitment Tier Capacity Reservation","1000","1/Day","3495.1957","2021-06-01T00:00:00.000Z","982.6522","3.4952"
"2023-07-07T06:09:02.036Z","Azure Monitor","japanwest","CAD","2000 GB Commitment Tier Capacity Reservation","2000","1/Day","6825.9117","2021-06-01T00:00:00.000Z","1952.9388","3.413"
"2023-07-07T06:09:02.036Z","Azure Monitor","japanwest","CAD","5000 GB Commitment Tier Capacity Reservation","5000","1/Day","16550.7799","2021-06-01T00:00:00.000Z","4849.3349","3.3102"
"2023-08-01T06:08:30.007Z","Azure Monitor","japanwest","CAD","Pay-as-you-go Data Ingestion","Pay-as-you-go","1 GB","4.7112","2018-02-01T00:00:00.000Z","0","4.7112"
"2023-08-02T06:09:03.844Z","Azure Monitor","japanwest","CAD","100 GB Commitment Tier Capacity Reservation","100","1/Day","400.9097","2019-11-01T00:00:00.000Z","85.0972","4.0091"
"2023-08-02T06:09:03.844Z","Azure Monitor","japanwest","CAD","200 GB Commitment Tier Capacity Reservation","200","1/Day","752.7284","2019-11-01T00:00:00.000Z","187.755","3.7636"
"2023-08-02T06:09:03.844Z","Azure Monitor","japanwest","CAD","300 GB Commitment Tier Capacity Reservation","300","1/Day","1104.547","2019-11-01T00:00:00.000Z","293.4815","3.6818"
"2023-08-02T06:09:03.844Z","Azure Monitor","japanwest","CAD","400 GB Commitment Tier Capacity Reservation","400","1/Day","1440.0021","2019-11-01T00:00:00.000Z","391.1136","3.6"
"2023-08-02T06:09:03.844Z","Azure Monitor","japanwest","CAD","500 GB Commitment Tier Capacity Reservation","500","1/Day","1769.3207","2019-11-01T00:00:00.000Z","491.478","3.5386"
"2023-08-02T06:09:03.844Z","Azure Monitor","japanwest","CAD","1000 GB Commitment Tier Capacity Reservation","1000","1/Day","3477.2777","2021-06-01T00:00:00.000Z","982.6705","3.4773"
"2023-08-02T06:09:03.844Z","Azure Monitor","japanwest","CAD","2000 GB Commitment Tier Capacity Reservation","2000","1/Day","6790.9189","2021-06-01T00:00:00.000Z","1952.9287","3.3955"
"2023-08-02T06:09:03.844Z","Azure Monitor","japanwest","CAD","5000 GB Commitment Tier Capacity Reservation","5000","1/Day","16465.9329","2021-06-01T00:00:00.000Z","4849.3397","3.2932"
"2023-09-02T06:07:00.316Z","Azure Monitor","japanwest","CAD","Pay-as-you-go Data Ingestion","Pay-as-you-go","1 GB","4.8554","2018-02-01T00:00:00.000Z","0","4.8554"
"2023-09-02T06:07:00.316Z","Azure Monitor","japanwest","CAD","100 GB Commitment Tier Capacity Reservation","100","1/Day","413.1832","2019-11-01T00:00:00.000Z","85.0977","4.1318"
"2023-09-02T06:07:00.316Z","Azure Monitor","japanwest","CAD","200 GB Commitment Tier Capacity Reservation","200","1/Day","775.7725","2019-11-01T00:00:00.000Z","187.7565","3.8789"
"2023-09-02T06:07:00.316Z","Azure Monitor","japanwest","CAD","300 GB Commitment Tier Capacity Reservation","300","1/Day","1138.3618","2019-11-01T00:00:00.000Z","293.4754","3.7945"
"2023-09-02T06:07:00.316Z","Azure Monitor","japanwest","CAD","400 GB Commitment Tier Capacity Reservation","400","1/Day","1484.0866","2019-11-01T00:00:00.000Z","391.1152","3.7102"
"2023-09-02T06:07:00.316Z","Azure Monitor","japanwest","CAD","500 GB Commitment Tier Capacity Reservation","500","1/Day","1823.487","2019-11-01T00:00:00.000Z","491.4794","3.647"
"2023-09-02T06:07:00.316Z","Azure Monitor","japanwest","CAD","1000 GB Commitment Tier Capacity Reservation","1000","1/Day","3583.7317","2021-06-01T00:00:00.000Z","982.652","3.5837"
"2023-09-02T06:07:00.316Z","Azure Monitor","japanwest","CAD","2000 GB Commitment Tier Capacity Reservation","2000","1/Day","6998.8173","2021-06-01T00:00:00.000Z","1952.9585","3.4994"
"2023-09-02T06:07:00.316Z","Azure Monitor","japanwest","CAD","5000 GB Commitment Tier Capacity Reservation","5000","1/Day","16970.0239","2021-06-01T00:00:00.000Z","4849.4096","3.394"
"2023-10-02T06:08:46.154Z","Azure Monitor","japanwest","CAD","Pay-as-you-go Data Ingestion","Pay-as-you-go","1 GB","4.8257","2018-02-01T00:00:00.000Z","0","4.8257"
"2023-10-02T06:08:46.154Z","Azure Monitor","japanwest","CAD","100 GB Commitment Tier Capacity Reservation","100","1/Day","410.6617","2019-11-01T00:00:00.000Z","85.0989","4.1066"
"2023-10-02T06:08:46.154Z","Azure Monitor","japanwest","CAD","200 GB Commitment Tier Capacity Reservation","200","1/Day","771.0382","2019-11-01T00:00:00.000Z","187.7559","3.8552"
"2023-10-02T06:08:46.154Z","Azure Monitor","japanwest","CAD","300 GB Commitment Tier Capacity Reservation","300","1/Day","1131.4148","2019-11-01T00:00:00.000Z","293.4776","3.7714"
"2023-10-02T06:08:46.154Z","Azure Monitor","japanwest","CAD","400 GB Commitment Tier Capacity Reservation","400","1/Day","1475.0296","2019-11-01T00:00:00.000Z","391.1093","3.6876"
"2023-10-02T06:08:46.154Z","Azure Monitor","japanwest","CAD","500 GB Commitment Tier Capacity Reservation","500","1/Day","1812.3588","2019-11-01T00:00:00.000Z","491.4738","3.6247"
"2023-10-02T06:08:46.154Z","Azure Monitor","japanwest","CAD","1000 GB Commitment Tier Capacity Reservation","1000","1/Day","3561.8613","2021-06-01T00:00:00.000Z","982.6638","3.5619"
"2023-10-02T06:08:46.154Z","Azure Monitor","japanwest","CAD","2000 GB Commitment Tier Capacity Reservation","2000","1/Day","6956.1055","2021-06-01T00:00:00.000Z","1952.9199","3.4781"
"2023-10-02T06:08:46.154Z","Azure Monitor","japanwest","CAD","5000 GB Commitment Tier Capacity Reservation","5000","1/Day","16866.4606","2021-06-01T00:00:00.000Z","4849.3317","3.3733"
"2023-11-02T06:08:26.681Z","Azure Monitor","japanwest","CAD","Pay-as-you-go Data Ingestion","Pay-as-you-go","1 GB","4.9462","2018-02-01T00:00:00.000Z","0","4.9462"
"2023-11-02T06:08:26.681Z","Azure Monitor","japanwest","CAD","100 GB Commitment Tier Capacity Reservation","100","1/Day","420.9149","2019-11-01T00:00:00.000Z","85.0986","4.2091"
"2023-11-02T06:08:26.681Z","Azure Monitor","japanwest","CAD","200 GB Commitment Tier Capacity Reservation","200","1/Day","790.2892","2019-11-01T00:00:00.000Z","187.7573","3.9514"
"2023-11-02T06:08:26.681Z","Azure Monitor","japanwest","CAD","300 GB Commitment Tier Capacity Reservation","300","1/Day","1159.6635","2019-11-01T00:00:00.000Z","293.4817","3.8655"
"2023-11-02T06:08:26.681Z","Azure Monitor","japanwest","CAD","400 GB Commitment Tier Capacity Reservation","400","1/Day","1511.8576","2019-11-01T00:00:00.000Z","391.1157","3.7796"
"2023-11-02T06:08:26.681Z","Azure Monitor","japanwest","CAD","500 GB Commitment Tier Capacity Reservation","500","1/Day","1857.6091","2019-11-01T00:00:00.000Z","491.483","3.7152"
"2023-11-02T06:08:26.681Z","Azure Monitor","japanwest","CAD","1000 GB Commitment Tier Capacity Reservation","1000","1/Day","3650.7925","2021-06-01T00:00:00.000Z","982.6638","3.6508"
"2023-11-02T06:08:26.681Z","Azure Monitor","japanwest","CAD","2000 GB Commitment Tier Capacity Reservation","2000","1/Day","7129.783","2021-06-01T00:00:00.000Z","1952.9372","3.5649"
"2023-11-02T06:08:26.681Z","Azure Monitor","japanwest","CAD","5000 GB Commitment Tier Capacity Reservation","5000","1/Day","17287.5762","2021-06-01T00:00:00.000Z","4849.386","3.4575"
"2023-12-02T06:07:58.693Z","Azure Monitor","japanwest","CAD","Pay-as-you-go Data Ingestion","Pay-as-you-go","1 GB","4.8497","2018-02-01T00:00:00.000Z","0","4.8497"
"2023-12-02T06:07:58.693Z","Azure Monitor","japanwest","CAD","100 GB Commitment Tier Capacity Reservation","100","1/Day","412.6971","2019-11-01T00:00:00.000Z","85.0974","4.127"
"2023-12-02T06:07:58.693Z","Azure Monitor","japanwest","CAD","200 GB Commitment Tier Capacity Reservation","200","1/Day","774.8599","2019-11-01T00:00:00.000Z","187.7538","3.8743"
"2023-12-02T06:07:58.693Z","Azure Monitor","japanwest","CAD","300 GB Commitment Tier Capacity Reservation","300","1/Day","1137.0226","2019-11-01T00:00:00.000Z","293.4782","3.7901"
"2023-12-02T06:07:58.693Z","Azure Monitor","japanwest","CAD","400 GB Commitment Tier Capacity Reservation","400","1/Day","1482.3406","2019-11-01T00:00:00.000Z","391.1086","3.7059"
"2023-12-02T06:07:58.693Z","Azure Monitor","japanwest","CAD","500 GB Commitment Tier Capacity Reservation","500","1/Day","1821.3418","2019-11-01T00:00:00.000Z","491.4708","3.6427"
"2023-12-02T06:07:58.693Z","Azure Monitor","japanwest","CAD","1000 GB Commitment Tier Capacity Reservation","1000","1/Day","3579.5157","2021-06-01T00:00:00.000Z","982.6545","3.5795"
"2023-12-02T06:07:58.693Z","Azure Monitor","japanwest","CAD","2000 GB Commitment Tier Capacity Reservation","2000","1/Day","6990.5837","2021-06-01T00:00:00.000Z","1952.9498","3.4953"
"2023-12-02T06:07:58.693Z","Azure Monitor","japanwest","CAD","5000 GB Commitment Tier Capacity Reservation","5000","1/Day","16950.0599","2021-06-01T00:00:00.000Z","4849.3863","3.39"
"2024-01-01T06:09:20.544Z","Azure Monitor","japanwest","CAD","Pay-as-you-go Data Ingestion","Pay-as-you-go","1 GB","4.7147","2018-02-01T00:00:00.000Z","0","4.7147"
"2024-01-01T06:09:20.544Z","Azure Monitor","japanwest","CAD","100 GB Commitment Tier Capacity Reservation","100","1/Day","401.2135","2019-11-01T00:00:00.000Z","85.0984","4.0121"
"2024-01-01T06:09:20.544Z","Azure Monitor","japanwest","CAD","200 GB Commitment Tier Capacity Reservation","200","1/Day","753.2988","2019-11-01T00:00:00.000Z","187.7567","3.7665"
"2024-01-01T06:09:20.544Z","Azure Monitor","japanwest","CAD","300 GB Commitment Tier Capacity Reservation","300","1/Day","1105.3841","2019-11-01T00:00:00.000Z","293.4778","3.6846"
"2024-01-01T06:09:20.544Z","Azure Monitor","japanwest","CAD","400 GB Commitment Tier Capacity Reservation","400","1/Day","1441.0933","2019-11-01T00:00:00.000Z","391.1125","3.6027"
"2024-01-01T06:09:20.544Z","Azure Monitor","japanwest","CAD","500 GB Commitment Tier Capacity Reservation","500","1/Day","1770.6615","2019-11-01T00:00:00.000Z","491.4818","3.5413"
"2024-01-01T06:09:20.544Z","Azure Monitor","japanwest","CAD","1000 GB Commitment Tier Capacity Reservation","1000","1/Day","3479.9128","2021-06-01T00:00:00.000Z","982.6653","3.4799"
"2024-01-01T06:09:20.544Z","Azure Monitor","japanwest","CAD","2000 GB Commitment Tier Capacity Reservation","2000","1/Day","6796.0649","2021-06-01T00:00:00.000Z","1952.9483","3.398"
"2024-01-01T06:09:20.544Z","Azure Monitor","japanwest","CAD","5000 GB Commitment Tier Capacity Reservation","5000","1/Day","16478.4104","2021-06-01T00:00:00.000Z","4849.4439","3.2957"
"2024-02-02T06:08:03.849Z","Azure Monitor","japanwest","CAD","Pay-as-you-go Data Ingestion","Pay-as-you-go","1 GB","4.8025","2018-02-01T00:00:00.000Z","0","4.8025"
"2024-02-02T06:08:03.849Z","Azure Monitor","japanwest","CAD","100 GB Commitment Tier Capacity Reservation","100","1/Day","408.687","2019-11-01T00:00:00.000Z","85.0988","4.0869"
"2024-02-02T06:08:03.849Z","Azure Monitor","japanwest","CAD","200 GB Commitment Tier Capacity Reservation","200","1/Day","767.3306","2019-11-01T00:00:00.000Z","187.7537","3.8367"
"2024-02-02T06:08:03.849Z","Azure Monitor","japanwest","CAD","300 GB Commitment Tier Capacity Reservation","300","1/Day","1125.9743","2019-11-01T00:00:00.000Z","293.4747","3.7532"
"2024-02-02T06:08:03.849Z","Azure Monitor","japanwest","CAD","400 GB Commitment Tier Capacity Reservation","400","1/Day","1467.9368","2019-11-01T00:00:00.000Z","391.1161","3.6698"
"2024-02-02T06:08:03.849Z","Azure Monitor","japanwest","CAD","500 GB Commitment Tier Capacity Reservation","500","1/Day","1803.6439","2019-11-01T00:00:00.000Z","491.4829","3.6073"
"2024-02-02T06:08:03.849Z","Azure Monitor","japanwest","CAD","1000 GB Commitment Tier Capacity Reservation","1000","1/Day","3544.7338","2021-06-01T00:00:00.000Z","982.6557","3.5447"
"2024-02-02T06:08:03.849Z","Azure Monitor","japanwest","CAD","2000 GB Commitment Tier Capacity Reservation","2000","1/Day","6922.6565","2021-06-01T00:00:00.000Z","1952.9598","3.4613"
"2024-02-02T06:08:03.849Z","Azure Monitor","japanwest","CAD","5000 GB Commitment Tier Capacity Reservation","5000","1/Day","16785.3569","2021-06-01T00:00:00.000Z","4849.4372","3.3571"
"2024-03-02T06:08:20.311Z","Azure Monitor","japanwest","CAD","Pay-as-you-go Data Ingestion","Pay-as-you-go","1 GB","4.8265","2018-02-01T00:00:00.000Z","0","4.8265"
"2024-03-02T06:08:20.311Z","Azure Monitor","japanwest","CAD","100 GB Commitment Tier Capacity Reservation","100","1/Day","410.7224","2019-11-01T00:00:00.000Z","85.0974","4.1072"
"2024-03-02T06:08:20.311Z","Azure Monitor","japanwest","CAD","200 GB Commitment Tier Capacity Reservation","200","1/Day","771.1523","2019-11-01T00:00:00.000Z","187.7562","3.8558"
"2024-03-02T06:08:20.311Z","Azure Monitor","japanwest","CAD","300 GB Commitment Tier Capacity Reservation","300","1/Day","1131.5822","2019-11-01T00:00:00.000Z","293.4753","3.7719"
"2024-03-02T06:08:20.311Z","Azure Monitor","japanwest","CAD","400 GB Commitment Tier Capacity Reservation","400","1/Day","1475.2478","2019-11-01T00:00:00.000Z","391.1153","3.6881"
"2024-03-02T06:08:20.311Z","Azure Monitor","japanwest","CAD","500 GB Commitment Tier Capacity Reservation","500","1/Day","1812.627","2019-11-01T00:00:00.000Z","491.4799","3.6253"
"2024-03-02T06:08:20.311Z","Azure Monitor","japanwest","CAD","1000 GB Commitment Tier Capacity Reservation","1000","1/Day","3562.3883","2021-06-01T00:00:00.000Z","982.6465","3.5624"
"2024-03-02T06:08:20.311Z","Azure Monitor","japanwest","CAD","2000 GB Commitment Tier Capacity Reservation","2000","1/Day","6957.1347","2021-06-01T00:00:00.000Z","1952.9347","3.4786"
"2024-03-02T06:08:20.311Z","Azure Monitor","japanwest","CAD","5000 GB Commitment Tier Capacity Reservation","5000","1/Day","16868.9561","2021-06-01T00:00:00.000Z","4849.3521","3.3738"
"2024-04-03T09:26:28.723Z","Azure Monitor","japanwest","CAD","Pay-as-you-go Data Ingestion","Pay-as-you-go","1 GB","4.845","2018-02-01T00:00:00.000Z","0","4.845"
"2024-04-03T09:26:28.723Z","Azure Monitor","japanwest","CAD","100 GB Commitment Tier Capacity Reservation","100","1/Day","412.3022","2019-11-01T00:00:00.000Z","85.0985","4.123"
"2024-04-03T09:26:28.723Z","Azure Monitor","japanwest","CAD","200 GB Commitment Tier Capacity Reservation","200","1/Day","774.1184","2019-11-01T00:00:00.000Z","187.7561","3.8706"
"2024-04-03T09:26:28.723Z","Azure Monitor","japanwest","CAD","300 GB Commitment Tier Capacity Reservation","300","1/Day","1135.9346","2019-11-01T00:00:00.000Z","293.4777","3.7864"
"2024-04-03T09:26:28.723Z","Azure Monitor","japanwest","CAD","400 GB Commitment Tier Capacity Reservation","400","1/Day","1480.9221","2019-11-01T00:00:00.000Z","391.1161","3.7023"
"2024-04-03T09:26:28.723Z","Azure Monitor","japanwest","CAD","500 GB Commitment Tier Capacity Reservation","500","1/Day","1819.5989","2019-11-01T00:00:00.000Z","491.478","3.6392"
"2024-04-03T09:26:28.723Z","Azure Monitor","japanwest","CAD","1000 GB Commitment Tier Capacity Reservation","1000","1/Day","3576.0903","2021-06-01T00:00:00.000Z","982.6584","3.5761"
"2024-04-03T09:26:28.723Z","Azure Monitor","japanwest","CAD","2000 GB Commitment Tier Capacity Reservation","2000","1/Day","6983.8939","2021-06-01T00:00:00.000Z","1952.9359","3.4919"
"2024-04-03T09:26:28.723Z","Azure Monitor","japanwest","CAD","5000 GB Commitment Tier Capacity Reservation","5000","1/Day","16933.8391","2021-06-01T00:00:00.000Z","4849.4628","3.3868"
"2024-05-01T06:09:59.892Z","Azure Monitor","japanwest","CAD","Pay-as-you-go Data Ingestion","Pay-as-you-go","1 GB","4.8855","2018-02-01T00:00:00.000Z","0","4.8855"
"2024-05-01T06:09:59.892Z","Azure Monitor","japanwest","CAD","100 GB Commitment Tier Capacity Reservation","100","1/Day","415.7503","2019-11-01T00:00:00.000Z","85.0988","4.1575"
"2024-05-01T06:09:59.892Z","Azure Monitor","japanwest","CAD","200 GB Commitment Tier Capacity Reservation","200","1/Day","780.5924","2019-11-01T00:00:00.000Z","187.7552","3.903"
"2024-05-01T06:09:59.892Z","Azure Monitor","japanwest","CAD","300 GB Commitment Tier Capacity Reservation","300","1/Day","1145.4345","2019-11-01T00:00:00.000Z","293.4754","3.8181"
"2024-05-01T06:09:59.892Z","Azure Monitor","japanwest","CAD","400 GB Commitment Tier Capacity Reservation","400","1/Day","1493.3072","2019-11-01T00:00:00.000Z","391.1126","3.7333"
"2024-05-01T06:09:59.892Z","Azure Monitor","japanwest","CAD","500 GB Commitment Tier Capacity Reservation","500","1/Day","1834.8164","2019-11-01T00:00:00.000Z","491.4731","3.6696"
"2024-05-01T06:09:59.892Z","Azure Monitor","japanwest","CAD","1000 GB Commitment Tier Capacity Reservation","1000","1/Day","3605.9975","2021-06-01T00:00:00.000Z","982.6677","3.606"
"2024-05-01T06:09:59.892Z","Azure Monitor","japanwest","CAD","2000 GB Commitment Tier Capacity Reservation","2000","1/Day","7042.301","2021-06-01T00:00:00.000Z","1952.9398","3.5212"
"2024-05-01T06:09:59.892Z","Azure Monitor","japanwest","CAD","5000 GB Commitment Tier Capacity Reservation","5000","1/Day","17075.4587","2021-06-01T00:00:00.000Z","4849.3294","3.4151"
"2024-06-02T06:10:06.668Z","Azure Monitor","japanwest","CAD","Pay-as-you-go Data Ingestion","Pay-as-you-go","1 GB","4.8943","2018-02-01T00:00:00.000Z","0","4.8943"
"2024-06-02T06:10:06.668Z","Azure Monitor","japanwest","CAD","100 GB Commitment Tier Capacity Reservation","100","1/Day","416.4946","2019-11-01T00:00:00.000Z","85.0979","4.1649"
"2024-06-02T06:10:06.668Z","Azure Monitor","japanwest","CAD","200 GB Commitment Tier Capacity Reservation","200","1/Day","781.9899","2019-11-01T00:00:00.000Z","187.7572","3.9099"
"2024-06-02T06:10:06.668Z","Azure Monitor","japanwest","CAD","300 GB Commitment Tier Capacity Reservation","300","1/Day","1147.4852","2019-11-01T00:00:00.000Z","293.482","3.825"
"2024-06-02T06:10:06.668Z","Azure Monitor","japanwest","CAD","400 GB Commitment Tier Capacity Reservation","400","1/Day","1495.9806","2019-11-01T00:00:00.000Z","391.106","3.74"
"2024-06-02T06:10:06.668Z","Azure Monitor","japanwest","CAD","500 GB Commitment Tier Capacity Reservation","500","1/Day","1838.1012","2019-11-01T00:00:00.000Z","491.4709","3.6762"
"2024-06-02T06:10:06.668Z","Azure Monitor","japanwest","CAD","1000 GB Commitment Tier Capacity Reservation","1000","1/Day","3612.4533","2021-06-01T00:00:00.000Z","982.6596","3.6125"
"2024-06-02T06:10:06.668Z","Azure Monitor","japanwest","CAD","2000 GB Commitment Tier Capacity Reservation","2000","1/Day","7054.9087","2021-06-01T00:00:00.000Z","1952.9159","3.5275"
"2024-06-02T06:10:06.668Z","Azure Monitor","japanwest","CAD","5000 GB Commitment Tier Capacity Reservation","5000","1/Day","17106.0286","2021-06-01T00:00:00.000Z","4849.3348","3.4212"
"2024-07-01T06:11:21.244Z","Azure Monitor","japanwest","CAD","Pay-as-you-go Data Ingestion","Pay-as-you-go","1 GB","4.8889","2018-02-01T00:00:00.000Z","0","4.8889"
"2024-07-01T06:11:21.244Z","Azure Monitor","japanwest","CAD","100 GB Commitment Tier Capacity Reservation","100","1/Day","416.0389","2019-11-01T00:00:00.000Z","85.0987","4.1604"
"2024-07-01T06:11:21.244Z","Azure Monitor","japanwest","CAD","200 GB Commitment Tier Capacity Reservation","200","1/Day","781.1343","2019-11-01T00:00:00.000Z","187.7546","3.9057"
"2024-07-01T06:11:21.244Z","Azure Monitor","japanwest","CAD","300 GB Commitment Tier Capacity Reservation","300","1/Day","1146.2296","2019-11-01T00:00:00.000Z","293.4761","3.8208"
"2024-07-01T06:11:21.244Z","Azure Monitor","japanwest","CAD","400 GB Commitment Tier Capacity Reservation","400","1/Day","1494.3438","2019-11-01T00:00:00.000Z","391.1076","3.7359"
"2024-07-01T06:11:21.244Z","Azure Monitor","japanwest","CAD","500 GB Commitment Tier Capacity Reservation","500","1/Day","1836.0901","2019-11-01T00:00:00.000Z","491.472","3.6722"
"2024-07-01T06:11:21.244Z","Azure Monitor","japanwest","CAD","1000 GB Commitment Tier Capacity Reservation","1000","1/Day","3608.5007","2021-06-01T00:00:00.000Z","982.6536","3.6085"
"2024-07-01T06:11:21.244Z","Azure Monitor","japanwest","CAD","2000 GB Commitment Tier Capacity Reservation","2000","1/Day","7047.1897","2021-06-01T00:00:00.000Z","1952.9416","3.5236"
"2024-07-01T06:11:21.244Z","Azure Monitor","japanwest","CAD","5000 GB Commitment Tier Capacity Reservation","5000","1/Day","17087.3124","2021-06-01T00:00:00.000Z","4849.3905","3.4175"
"2024-08-02T06:11:10.559Z","Azure Monitor","japanwest","CAD","Pay-as-you-go Data Ingestion","Pay-as-you-go","1 GB","4.9457","2018-02-01T00:00:00.000Z","0","4.9457"
"2024-08-02T06:11:10.559Z","Azure Monitor","japanwest","CAD","100 GB Commitment Tier Capacity Reservation","100","1/Day","420.8693","2019-11-01T00:00:00.000Z","85.0980","4.2087"
"2024-08-02T06:11:10.559Z","Azure Monitor","japanwest","CAD","200 GB Commitment Tier Capacity Reservation","200","1/Day","790.2036","2019-11-01T00:00:00.000Z","187.7548","3.9510"
"2024-08-02T06:11:10.559Z","Azure Monitor","japanwest","CAD","300 GB Commitment Tier Capacity Reservation","300","1/Day","1159.5379","2019-11-01T00:00:00.000Z","293.4796","3.8651"
"2024-08-02T06:11:10.559Z","Azure Monitor","japanwest","CAD","400 GB Commitment Tier Capacity Reservation","400","1/Day","1511.6939","2019-11-01T00:00:00.000Z","391.1138","3.7792"
"2024-08-02T06:11:10.559Z","Azure Monitor","japanwest","CAD","500 GB Commitment Tier Capacity Reservation","500","1/Day","1857.408","2019-11-01T00:00:00.000Z","491.4818","3.7148"
"2024-08-02T06:11:10.559Z","Azure Monitor","japanwest","CAD","1000 GB Commitment Tier Capacity Reservation","1000","1/Day","3650.3972","2021-06-01T00:00:00.000Z","982.6632","3.6504"
"2024-08-02T06:11:10.559Z","Azure Monitor","japanwest","CAD","2000 GB Commitment Tier Capacity Reservation","2000","1/Day","7129.0111","2021-06-01T00:00:00.000Z","1952.9397","3.5645"
"2024-08-02T06:11:10.559Z","Azure Monitor","japanwest","CAD","5000 GB Commitment Tier Capacity Reservation","5000","1/Day","17285.7046","2021-06-01T00:00:00.000Z","4849.4051","3.4571"
