"TimeGenerated","ServiceName","ArmRegionName","CurrencyCode","MeterName","Tier","UnitOfMeasure","RetailPrice","EffectiveStartDate","EffectiveCommitmentTierThresholdGB","EffectivePricePerGB"
"2023-03-29T15:50:58.330Z","Azure Monitor","japanwest","CHF","Pay-as-you-go Data Ingestion","Pay-as-you-go","1 GB","3.3553","2018-02-01T00:00:00.000Z","0","3.3553"
"2023-03-29T15:50:58.330Z","Azure Monitor","japanwest","CHF","100 GB Commitment Tier Capacity Reservation","100","1/Day","285.5264","2019-11-01T00:00:00.000Z","85.0971","2.8553"
"2023-03-29T15:50:58.330Z","Azure Monitor","japanwest","CHF","200 GB Commitment Tier Capacity Reservation","200","1/Day","536.0904","2019-11-01T00:00:00.000Z","187.7527","2.6805"
"2023-03-29T15:50:58.330Z","Azure Monitor","japanwest","CHF","300 GB Commitment Tier Capacity Reservation","300","1/Day","786.6545","2019-11-01T00:00:00.000Z","293.473","2.6222"
"2023-03-29T15:50:58.330Z","Azure Monitor","japanwest","CHF","400 GB Commitment Tier Capacity Reservation","400","1/Day","1025.5643","2019-11-01T00:00:00.000Z","391.1083","2.5639"
"2023-03-29T15:50:58.330Z","Azure Monitor","japanwest","CHF","500 GB Commitment Tier Capacity Reservation","500","1/Day","1260.1039","2019-11-01T00:00:00.000Z","491.4793","2.5202"
"2023-03-29T15:50:58.330Z","Azure Monitor","japanwest","CHF","1000 GB Commitment Tier Capacity Reservation","1000","1/Day","2476.5048","2021-06-01T02:00:00.000Z","982.662","2.4765"
"2023-03-29T15:50:58.330Z","Azure Monitor","japanwest","CHF","2000 GB Commitment Tier Capacity Reservation","2000","1/Day","4836.4681","2021-06-01T02:00:00.000Z","1952.9449","2.4182"
"2023-03-29T15:50:58.330Z","Azure Monitor","japanwest","CHF","5000 GB Commitment Tier Capacity Reservation","5000","1/Day","11726.9784","2021-06-01T02:00:00.000Z","4849.4659","2.3454"
"2023-04-12T13:28:34.468Z","Azure Monitor","japanwest","CHF","Pay-as-you-go Data Ingestion","Pay-as-you-go","1 GB","3.2826","2018-02-01T00:00:00.000Z","0","3.2826"
"2023-04-12T13:28:34.468Z","Azure Monitor","japanwest","CHF","100 GB Commitment Tier Capacity Reservation","100","1/Day","279.3441","2019-11-01T00:00:00.000Z","85.0984","2.7934"
"2023-04-12T13:28:34.468Z","Azure Monitor","japanwest","CHF","200 GB Commitment Tier Capacity Reservation","200","1/Day","524.4828","2019-11-01T00:00:00.000Z","187.7579","2.6224"
"2023-04-12T13:28:34.468Z","Azure Monitor","japanwest","CHF","300 GB Commitment Tier Capacity Reservation","300","1/Day","769.6215","2019-11-01T00:00:00.000Z","293.4798","2.5654"
"2023-04-12T13:28:34.468Z","Azure Monitor","japanwest","CHF","400 GB Commitment Tier Capacity Reservation","400","1/Day","1003.3584","2019-11-01T00:00:00.000Z","391.1119","2.5084"
"2023-04-12T13:28:34.468Z","Azure Monitor","japanwest","CHF","500 GB Commitment Tier Capacity Reservation","500","1/Day","1232.8196","2019-11-01T00:00:00.000Z","491.4765","2.4656"
"2023-04-12T13:28:34.468Z","Azure Monitor","japanwest","CHF","1000 GB Commitment Tier Capacity Reservation","1000","1/Day","2422.8825","2021-06-01T02:00:00.000Z","982.6746","2.4229"
"2023-04-12T13:28:34.468Z","Azure Monitor","japanwest","CHF","2000 GB Commitment Tier Capacity Reservation","2000","1/Day","4731.747","2021-06-01T02:00:00.000Z","1952.9271","2.3659"
"2023-04-12T13:28:34.468Z","Azure Monitor","japanwest","CHF","5000 GB Commitment Tier Capacity Reservation","5000","1/Day","11473.0613","2021-06-01T02:00:00.000Z","4849.3433","2.2946"
"2023-05-02T08:07:40.927Z","Azure Monitor","japanwest","CHF","Pay-as-you-go Data Ingestion","Pay-as-you-go","1 GB","3.1789","2018-02-01T00:00:00.000Z","0","3.1789"
"2023-05-02T08:07:40.927Z","Azure Monitor","japanwest","CHF","100 GB Commitment Tier Capacity Reservation","100","1/Day","270.5187","2019-11-01T00:00:00.000Z","85.0982","2.7052"
"2023-05-02T08:07:40.927Z","Azure Monitor","japanwest","CHF","200 GB Commitment Tier Capacity Reservation","200","1/Day","507.9127","2019-11-01T00:00:00.000Z","187.7542","2.5396"
"2023-05-02T08:07:40.927Z","Azure Monitor","japanwest","CHF","300 GB Commitment Tier Capacity Reservation","300","1/Day","745.3066","2019-11-01T00:00:00.000Z","293.474","2.4844"
"2023-05-02T08:07:40.927Z","Azure Monitor","japanwest","CHF","400 GB Commitment Tier Capacity Reservation","400","1/Day","971.659","2019-11-01T00:00:00.000Z","391.1041","2.4291"
"2023-05-02T08:07:40.927Z","Azure Monitor","japanwest","CHF","500 GB Commitment Tier Capacity Reservation","500","1/Day","1193.8708","2019-11-01T00:00:00.000Z","491.4869","2.3877"
"2023-05-02T08:07:40.927Z","Azure Monitor","japanwest","CHF","1000 GB Commitment Tier Capacity Reservation","1000","1/Day","2346.3357","2021-06-01T02:00:00.000Z","982.6761","2.3463"
"2023-05-02T08:07:40.927Z","Azure Monitor","japanwest","CHF","2000 GB Commitment Tier Capacity Reservation","2000","1/Day","4582.2557","2021-06-01T02:00:00.000Z","1952.9709","2.2911"
"2023-05-02T08:07:40.927Z","Azure Monitor","japanwest","CHF","5000 GB Commitment Tier Capacity Reservation","5000","1/Day","11110.5899","2021-06-01T02:00:00.000Z","4849.4565","2.2221"
"2023-06-02T08:07:42.568Z","Azure Monitor","japanwest","CHF","Pay-as-you-go Data Ingestion","Pay-as-you-go","1 GB","3.2385","2018-02-01T00:00:00.000Z","0","3.2385"
"2023-06-02T08:07:42.568Z","Azure Monitor","japanwest","CHF","100 GB Commitment Tier Capacity Reservation","100","1/Day","275.5922","2019-11-01T00:00:00.000Z","85.0987","2.7559"
"2023-06-02T08:07:42.568Z","Azure Monitor","japanwest","CHF","200 GB Commitment Tier Capacity Reservation","200","1/Day","517.4384","2019-11-01T00:00:00.000Z","187.7566","2.5872"
"2023-06-02T08:07:42.568Z","Azure Monitor","japanwest","CHF","300 GB Commitment Tier Capacity Reservation","300","1/Day","759.2845","2019-11-01T00:00:00.000Z","293.4773","2.5309"
"2023-06-02T08:07:42.568Z","Azure Monitor","japanwest","CHF","400 GB Commitment Tier Capacity Reservation","400","1/Day","989.8821","2019-11-01T00:00:00.000Z","391.1186","2.4747"
"2023-06-02T08:07:42.568Z","Azure Monitor","japanwest","CHF","500 GB Commitment Tier Capacity Reservation","500","1/Day","1216.2614","2019-11-01T00:00:00.000Z","491.4783","2.4325"
"2023-06-02T08:07:42.568Z","Azure Monitor","japanwest","CHF","1000 GB Commitment Tier Capacity Reservation","1000","1/Day","2390.3402","2021-06-01T02:00:00.000Z","982.6681","2.3903"
"2023-06-02T08:07:42.568Z","Azure Monitor","japanwest","CHF","2000 GB Commitment Tier Capacity Reservation","2000","1/Day","4668.1939","2021-06-01T02:00:00.000Z","1952.9741","2.3341"
"2023-06-02T08:07:42.568Z","Azure Monitor","japanwest","CHF","5000 GB Commitment Tier Capacity Reservation","5000","1/Day","11318.9641","2021-06-01T02:00:00.000Z","4849.3912","2.2638"
"2023-07-07T06:09:02.036Z","Azure Monitor","japanwest","CHF","Pay-as-you-go Data Ingestion","Pay-as-you-go","1 GB","3.2035","2018-02-01T00:00:00.000Z","0","3.2035"
"2023-07-07T06:09:02.036Z","Azure Monitor","japanwest","CHF","100 GB Commitment Tier Capacity Reservation","100","1/Day","272.6149","2019-11-01T00:00:00.000Z","85.0991","2.7261"
"2023-07-07T06:09:02.036Z","Azure Monitor","japanwest","CHF","200 GB Commitment Tier Capacity Reservation","200","1/Day","511.8484","2019-11-01T00:00:00.000Z","187.7585","2.5592"
"2023-07-07T06:09:02.036Z","Azure Monitor","japanwest","CHF","300 GB Commitment Tier Capacity Reservation","300","1/Day","751.0819","2019-11-01T00:00:00.000Z","293.4831","2.5036"
"2023-07-07T06:09:02.036Z","Azure Monitor","japanwest","CHF","400 GB Commitment Tier Capacity Reservation","400","1/Day","979.1883","2019-11-01T00:00:00.000Z","391.1121","2.448"
"2023-07-07T06:09:02.036Z","Azure Monitor","japanwest","CHF","500 GB Commitment Tier Capacity Reservation","500","1/Day","1203.122","2019-11-01T00:00:00.000Z","491.4714","2.4062"
"2023-07-07T06:09:02.036Z","Azure Monitor","japanwest","CHF","1000 GB Commitment Tier Capacity Reservation","1000","1/Day","2364.5172","2021-06-01T00:00:00.000Z","982.6769","2.3645"
"2023-07-07T06:09:02.036Z","Azure Monitor","japanwest","CHF","2000 GB Commitment Tier Capacity Reservation","2000","1/Day","4617.7631","2021-06-01T00:00:00.000Z","1952.9554","2.3089"
"2023-07-07T06:09:02.036Z","Azure Monitor","japanwest","CHF","5000 GB Commitment Tier Capacity Reservation","5000","1/Day","11196.6846","2021-06-01T00:00:00.000Z","4849.3588","2.2393"
"2023-08-01T06:08:30.007Z","Azure Monitor","japanwest","CHF","200 GB Commitment Tier Capacity Reservation","200","1/Day","495.6491","2019-11-01T00:00:00.000Z","181.8162","2.4782"
"2023-08-02T06:09:03.844Z","Azure Monitor","japanwest","CHF","Pay-as-you-go Data Ingestion","Pay-as-you-go","1 GB","3.1022","2018-02-01T00:00:00.000Z","0","3.1022"
"2023-08-02T06:09:03.844Z","Azure Monitor","japanwest","CHF","100 GB Commitment Tier Capacity Reservation","100","1/Day","263.987","2019-11-01T00:00:00.000Z","85.0967","2.6399"
"2023-08-02T06:09:03.844Z","Azure Monitor","japanwest","CHF","300 GB Commitment Tier Capacity Reservation","300","1/Day","727.3112","2019-11-01T00:00:00.000Z","293.4837","2.4244"
"2023-08-02T06:09:03.844Z","Azure Monitor","japanwest","CHF","400 GB Commitment Tier Capacity Reservation","400","1/Day","948.1982","2019-11-01T00:00:00.000Z","391.1063","2.3705"
"2023-08-02T06:09:03.844Z","Azure Monitor","japanwest","CHF","500 GB Commitment Tier Capacity Reservation","500","1/Day","1165.0447","2019-11-01T00:00:00.000Z","491.4764","2.3301"
"2023-08-02T06:09:03.844Z","Azure Monitor","japanwest","CHF","1000 GB Commitment Tier Capacity Reservation","1000","1/Day","2289.6833","2021-06-01T00:00:00.000Z","982.6545","2.2897"
"2023-08-02T06:09:03.844Z","Azure Monitor","japanwest","CHF","2000 GB Commitment Tier Capacity Reservation","2000","1/Day","4471.6167","2021-06-01T00:00:00.000Z","1952.9269","2.2358"
"2023-08-02T06:09:03.844Z","Azure Monitor","japanwest","CHF","5000 GB Commitment Tier Capacity Reservation","5000","1/Day","10842.3236","2021-06-01T00:00:00.000Z","4849.4157","2.1685"
"2023-09-02T06:07:00.316Z","Azure Monitor","japanwest","CHF","Pay-as-you-go Data Ingestion","Pay-as-you-go","1 GB","3.1471","2018-02-01T00:00:00.000Z","0","3.1471"
"2023-09-02T06:07:00.316Z","Azure Monitor","japanwest","CHF","100 GB Commitment Tier Capacity Reservation","100","1/Day","267.8149","2019-11-01T00:00:00.000Z","85.0989","2.6781"
"2023-09-02T06:07:00.316Z","Azure Monitor","japanwest","CHF","200 GB Commitment Tier Capacity Reservation","200","1/Day","502.8361","2019-11-01T00:00:00.000Z","187.7585","2.5142"
"2023-09-02T06:07:00.316Z","Azure Monitor","japanwest","CHF","300 GB Commitment Tier Capacity Reservation","300","1/Day","737.8573","2019-11-01T00:00:00.000Z","293.476","2.4595"
"2023-09-02T06:07:00.316Z","Azure Monitor","japanwest","CHF","400 GB Commitment Tier Capacity Reservation","400","1/Day","961.9474","2019-11-01T00:00:00.000Z","391.115","2.4049"
"2023-09-02T06:07:00.316Z","Azure Monitor","japanwest","CHF","500 GB Commitment Tier Capacity Reservation","500","1/Day","1181.9382","2019-11-01T00:00:00.000Z","491.4708","2.3639"
"2023-09-02T06:07:00.316Z","Azure Monitor","japanwest","CHF","1000 GB Commitment Tier Capacity Reservation","1000","1/Day","2322.8842","2021-06-01T00:00:00.000Z","982.6491","2.3229"
"2023-09-02T06:07:00.316Z","Azure Monitor","japanwest","CHF","2000 GB Commitment Tier Capacity Reservation","2000","1/Day","4536.4563","2021-06-01T00:00:00.000Z","1952.9279","2.2682"
"2023-09-02T06:07:00.316Z","Azure Monitor","japanwest","CHF","5000 GB Commitment Tier Capacity Reservation","5000","1/Day","10999.5401","2021-06-01T00:00:00.000Z","4849.4578","2.1999"
"2023-10-02T06:08:46.154Z","Azure Monitor","japanwest","CHF","Pay-as-you-go Data Ingestion","Pay-as-you-go","1 GB","3.2839","2018-02-01T00:00:00.000Z","0","3.2839"
"2023-10-02T06:08:46.154Z","Azure Monitor","japanwest","CHF","100 GB Commitment Tier Capacity Reservation","100","1/Day","279.4504","2019-11-01T00:00:00.000Z","85.0971","2.7945"
"2023-10-02T06:08:46.154Z","Azure Monitor","japanwest","CHF","200 GB Commitment Tier Capacity Reservation","200","1/Day","524.6824","2019-11-01T00:00:00.000Z","187.7554","2.6234"
"2023-10-02T06:08:46.154Z","Azure Monitor","japanwest","CHF","300 GB Commitment Tier Capacity Reservation","300","1/Day","769.9145","2019-11-01T00:00:00.000Z","293.4796","2.5664"
"2023-10-02T06:08:46.154Z","Azure Monitor","japanwest","CHF","400 GB Commitment Tier Capacity Reservation","400","1/Day","1003.7403","2019-11-01T00:00:00.000Z","391.1083","2.5094"
"2023-10-02T06:08:46.154Z","Azure Monitor","japanwest","CHF","500 GB Commitment Tier Capacity Reservation","500","1/Day","1233.2889","2019-11-01T00:00:00.000Z","491.4676","2.4666"
"2023-10-02T06:08:46.154Z","Azure Monitor","japanwest","CHF","1000 GB Commitment Tier Capacity Reservation","1000","1/Day","2423.8048","2021-06-01T00:00:00.000Z","982.6501","2.4238"
"2023-10-02T06:08:46.154Z","Azure Monitor","japanwest","CHF","2000 GB Commitment Tier Capacity Reservation","2000","1/Day","4733.5481","2021-06-01T00:00:00.000Z","1952.945","2.3668"
"2023-10-02T06:08:46.154Z","Azure Monitor","japanwest","CHF","5000 GB Commitment Tier Capacity Reservation","5000","1/Day","11477.4284","2021-06-01T00:00:00.000Z","4849.3444","2.2955"
"2023-11-01T06:08:41.407Z","Azure Monitor","japanwest","CHF","Pay-as-you-go Data Ingestion","Pay-as-you-go","1 GB","3.2228","2018-02-01T00:00:00.000Z","0","3.2228"
"2023-11-01T06:08:41.407Z","Azure Monitor","japanwest","CHF","100 GB Commitment Tier Capacity Reservation","100","1/Day","274.2554","2019-11-01T00:00:00.000Z","85.0985","2.7426"
"2023-11-01T06:08:41.407Z","Azure Monitor","japanwest","CHF","200 GB Commitment Tier Capacity Reservation","200","1/Day","514.9286","2019-11-01T00:00:00.000Z","187.752","2.5746"
"2023-11-01T06:08:41.407Z","Azure Monitor","japanwest","CHF","300 GB Commitment Tier Capacity Reservation","300","1/Day","755.6017","2019-11-01T00:00:00.000Z","293.4831","2.5187"
"2023-11-01T06:08:41.407Z","Azure Monitor","japanwest","CHF","400 GB Commitment Tier Capacity Reservation","400","1/Day","985.0808","2019-11-01T00:00:00.000Z","391.1068","2.4627"
"2023-11-01T06:08:41.407Z","Azure Monitor","japanwest","CHF","500 GB Commitment Tier Capacity Reservation","500","1/Day","1210.3621","2019-11-01T00:00:00.000Z","491.4777","2.4207"
"2023-11-01T06:08:41.407Z","Azure Monitor","japanwest","CHF","1000 GB Commitment Tier Capacity Reservation","1000","1/Day","2378.7462","2021-06-01T00:00:00.000Z","982.6687","2.3787"
"2023-11-01T06:08:41.407Z","Azure Monitor","japanwest","CHF","2000 GB Commitment Tier Capacity Reservation","2000","1/Day","4645.5515","2021-06-01T00:00:00.000Z","1952.9791","2.3228"
"2023-11-01T06:08:41.407Z","Azure Monitor","japanwest","CHF","5000 GB Commitment Tier Capacity Reservation","5000","1/Day","11264.0631","2021-06-01T00:00:00.000Z","4849.347","2.2528"
"2023-12-02T06:07:58.693Z","Azure Monitor","japanwest","CHF","Pay-as-you-go Data Ingestion","Pay-as-you-go","1 GB","3.1357","2018-02-01T00:00:00.000Z","0","3.1357"
"2023-12-02T06:07:58.693Z","Azure Monitor","japanwest","CHF","100 GB Commitment Tier Capacity Reservation","100","1/Day","266.8427","2019-11-01T00:00:00.000Z","85.0983","2.6684"
"2023-12-02T06:07:58.693Z","Azure Monitor","japanwest","CHF","200 GB Commitment Tier Capacity Reservation","200","1/Day","501.0108","2019-11-01T00:00:00.000Z","187.757","2.5051"
"2023-12-02T06:07:58.693Z","Azure Monitor","japanwest","CHF","300 GB Commitment Tier Capacity Reservation","300","1/Day","735.1789","2019-11-01T00:00:00.000Z","293.4729","2.4506"
"2023-12-02T06:07:58.693Z","Azure Monitor","japanwest","CHF","400 GB Commitment Tier Capacity Reservation","400","1/Day","958.4555","2019-11-01T00:00:00.000Z","391.1105","2.3961"
"2023-12-02T06:07:58.693Z","Azure Monitor","japanwest","CHF","500 GB Commitment Tier Capacity Reservation","500","1/Day","1177.6478","2019-11-01T00:00:00.000Z","491.4852","2.3553"
"2023-12-02T06:07:58.693Z","Azure Monitor","japanwest","CHF","1000 GB Commitment Tier Capacity Reservation","1000","1/Day","2314.4522","2021-06-01T00:00:00.000Z","982.6571","2.3145"
"2023-12-02T06:07:58.693Z","Azure Monitor","japanwest","CHF","2000 GB Commitment Tier Capacity Reservation","2000","1/Day","4519.9891","2021-06-01T00:00:00.000Z","1952.9009","2.26"
"2023-12-02T06:07:58.693Z","Azure Monitor","japanwest","CHF","5000 GB Commitment Tier Capacity Reservation","5000","1/Day","10959.6121","2021-06-01T00:00:00.000Z","4849.3859","2.1919"
"2024-01-01T06:09:20.544Z","Azure Monitor","japanwest","CHF","Pay-as-you-go Data Ingestion","Pay-as-you-go","1 GB","3.0197","2018-02-01T00:00:00.000Z","0","3.0197"
"2024-01-01T06:09:20.544Z","Azure Monitor","japanwest","CHF","100 GB Commitment Tier Capacity Reservation","100","1/Day","256.9692","2019-11-01T00:00:00.000Z","85.0976","2.5697"
"2024-01-01T06:09:20.544Z","Azure Monitor","japanwest","CHF","200 GB Commitment Tier Capacity Reservation","200","1/Day","482.4728","2019-11-01T00:00:00.000Z","187.7545","2.4124"
"2024-01-01T06:09:20.544Z","Azure Monitor","japanwest","CHF","300 GB Commitment Tier Capacity Reservation","300","1/Day","707.9765","2019-11-01T00:00:00.000Z","293.4739","2.3599"
"2024-01-01T06:09:20.544Z","Azure Monitor","japanwest","CHF","400 GB Commitment Tier Capacity Reservation","400","1/Day","922.9915","2019-11-01T00:00:00.000Z","391.1147","2.3075"
"2024-01-01T06:09:20.544Z","Azure Monitor","japanwest","CHF","500 GB Commitment Tier Capacity Reservation","500","1/Day","1134.0734","2019-11-01T00:00:00.000Z","491.4728","2.2681"
"2024-01-01T06:09:20.544Z","Azure Monitor","japanwest","CHF","1000 GB Commitment Tier Capacity Reservation","1000","1/Day","2228.8148","2021-06-01T00:00:00.000Z","982.6792","2.2288"
"2024-01-01T06:09:20.544Z","Azure Monitor","japanwest","CHF","2000 GB Commitment Tier Capacity Reservation","2000","1/Day","4352.7441","2021-06-01T00:00:00.000Z","1952.9541","2.1764"
"2024-01-01T06:09:20.544Z","Azure Monitor","japanwest","CHF","5000 GB Commitment Tier Capacity Reservation","5000","1/Day","10554.0934","2021-06-01T00:00:00.000Z","4849.3353","2.1108"
"2024-02-02T06:08:03.849Z","Azure Monitor","japanwest","CHF","Pay-as-you-go Data Ingestion","Pay-as-you-go","1 GB","3.0838","2018-02-01T00:00:00.000Z","0","3.0838"
"2024-02-02T06:08:03.849Z","Azure Monitor","japanwest","CHF","100 GB Commitment Tier Capacity Reservation","100","1/Day","262.4224","2019-11-01T00:00:00.000Z","85.0971","2.6242"
"2024-02-02T06:08:03.849Z","Azure Monitor","japanwest","CHF","200 GB Commitment Tier Capacity Reservation","200","1/Day","492.7115","2019-11-01T00:00:00.000Z","187.7568","2.4636"
"2024-02-02T06:08:03.849Z","Azure Monitor","japanwest","CHF","300 GB Commitment Tier Capacity Reservation","300","1/Day","723.0006","2019-11-01T00:00:00.000Z","293.4732","2.41"
"2024-02-02T06:08:03.849Z","Azure Monitor","japanwest","CHF","400 GB Commitment Tier Capacity Reservation","400","1/Day","942.5786","2019-11-01T00:00:00.000Z","391.1115","2.3564"
"2024-02-02T06:08:03.849Z","Azure Monitor","japanwest","CHF","500 GB Commitment Tier Capacity Reservation","500","1/Day","1158.1399","2019-11-01T00:00:00.000Z","491.487","2.3163"
"2024-02-02T06:08:03.849Z","Azure Monitor","japanwest","CHF","1000 GB Commitment Tier Capacity Reservation","1000","1/Day","2276.113","2021-06-01T00:00:00.000Z","982.6503","2.2761"
"2024-02-02T06:08:03.849Z","Azure Monitor","japanwest","CHF","2000 GB Commitment Tier Capacity Reservation","2000","1/Day","4445.1148","2021-06-01T00:00:00.000Z","1952.9523","2.2226"
"2024-02-02T06:08:03.849Z","Azure Monitor","japanwest","CHF","5000 GB Commitment Tier Capacity Reservation","5000","1/Day","10778.0645","2021-06-01T00:00:00.000Z","4849.3046","2.1556"
"2024-03-02T06:08:20.311Z","Azure Monitor","japanwest","CHF","Pay-as-you-go Data Ingestion","Pay-as-you-go","1 GB","3.1389","2018-02-01T00:00:00.000Z","0","3.1389"
"2024-03-02T06:08:20.311Z","Azure Monitor","japanwest","CHF","100 GB Commitment Tier Capacity Reservation","100","1/Day","267.1161","2019-11-01T00:00:00.000Z","85.0986","2.6712"
"2024-03-02T06:08:20.311Z","Azure Monitor","japanwest","CHF","200 GB Commitment Tier Capacity Reservation","200","1/Day","501.5242","2019-11-01T00:00:00.000Z","187.7524","2.5076"
"2024-03-02T06:08:20.311Z","Azure Monitor","japanwest","CHF","300 GB Commitment Tier Capacity Reservation","300","1/Day","735.9322","2019-11-01T00:00:00.000Z","293.4807","2.4531"
"2024-03-02T06:08:20.311Z","Azure Monitor","japanwest","CHF","400 GB Commitment Tier Capacity Reservation","400","1/Day","959.4376","2019-11-01T00:00:00.000Z","391.1123","2.3986"
"2024-03-02T06:08:20.311Z","Azure Monitor","japanwest","CHF","500 GB Commitment Tier Capacity Reservation","500","1/Day","1178.8544","2019-11-01T00:00:00.000Z","491.476","2.3577"
"2024-03-02T06:08:20.311Z","Azure Monitor","japanwest","CHF","1000 GB Commitment Tier Capacity Reservation","1000","1/Day","2316.8237","2021-06-01T00:00:00.000Z","982.6626","2.3168"
"2024-03-02T06:08:20.311Z","Azure Monitor","japanwest","CHF","2000 GB Commitment Tier Capacity Reservation","2000","1/Day","4524.6205","2021-06-01T00:00:00.000Z","1952.9612","2.2623"
"2024-03-02T06:08:20.311Z","Azure Monitor","japanwest","CHF","5000 GB Commitment Tier Capacity Reservation","5000","1/Day","10970.8419","2021-06-01T00:00:00.000Z","4849.4196","2.1942"
"2024-04-03T09:26:28.723Z","Azure Monitor","japanwest","CHF","Pay-as-you-go Data Ingestion","Pay-as-you-go","1 GB","3.2232","2018-02-01T00:00:00.000Z","0","3.2232"
"2024-04-03T09:26:28.723Z","Azure Monitor","japanwest","CHF","100 GB Commitment Tier Capacity Reservation","100","1/Day","274.2858","2019-11-01T00:00:00.000Z","85.0974","2.7429"
"2024-04-03T09:26:28.723Z","Azure Monitor","japanwest","CHF","200 GB Commitment Tier Capacity Reservation","200","1/Day","514.9856","2019-11-01T00:00:00.000Z","187.7522","2.5749"
"2024-04-03T09:26:28.723Z","Azure Monitor","japanwest","CHF","300 GB Commitment Tier Capacity Reservation","300","1/Day","755.6854","2019-11-01T00:00:00.000Z","293.4815","2.519"
"2024-04-03T09:26:28.723Z","Azure Monitor","japanwest","CHF","400 GB Commitment Tier Capacity Reservation","400","1/Day","985.1899","2019-11-01T00:00:00.000Z","391.1036","2.463"
"2024-04-03T09:26:28.723Z","Azure Monitor","japanwest","CHF","500 GB Commitment Tier Capacity Reservation","500","1/Day","1210.4961","2019-11-01T00:00:00.000Z","491.4722","2.421"
"2024-04-03T09:26:28.723Z","Azure Monitor","japanwest","CHF","1000 GB Commitment Tier Capacity Reservation","1000","1/Day","2379.0097","2021-06-01T00:00:00.000Z","982.6558","2.379"
"2024-04-03T09:26:28.723Z","Azure Monitor","japanwest","CHF","2000 GB Commitment Tier Capacity Reservation","2000","1/Day","4646.0661","2021-06-01T00:00:00.000Z","1952.9492","2.323"
"2024-04-03T09:26:28.723Z","Azure Monitor","japanwest","CHF","5000 GB Commitment Tier Capacity Reservation","5000","1/Day","11265.3109","2021-06-01T00:00:00.000Z","4849.4666","2.2531"
"2024-05-02T06:08:49.743Z","Azure Monitor","japanwest","CHF","Pay-as-you-go Data Ingestion","Pay-as-you-go","1 GB","3.2648","2018-02-01T00:00:00.000Z","0","3.2648"
"2024-05-02T06:08:49.743Z","Azure Monitor","japanwest","CHF","100 GB Commitment Tier Capacity Reservation","100","1/Day","277.8251","2019-11-01T00:00:00.000Z","85.0971","2.7783"
"2024-05-02T06:08:49.743Z","Azure Monitor","japanwest","CHF","200 GB Commitment Tier Capacity Reservation","200","1/Day","521.6308","2019-11-01T00:00:00.000Z","187.7518","2.6082"
"2024-05-02T06:08:49.743Z","Azure Monitor","japanwest","CHF","300 GB Commitment Tier Capacity Reservation","300","1/Day","765.4365","2019-11-01T00:00:00.000Z","293.4731","2.5515"
"2024-05-02T06:08:49.743Z","Azure Monitor","japanwest","CHF","400 GB Commitment Tier Capacity Reservation","400","1/Day","997.9024","2019-11-01T00:00:00.000Z","391.1042","2.4948"
"2024-05-02T06:08:49.743Z","Azure Monitor","japanwest","CHF","500 GB Commitment Tier Capacity Reservation","500","1/Day","1226.1159","2019-11-01T00:00:00.000Z","491.4686","2.4522"
"2024-05-02T06:08:49.743Z","Azure Monitor","japanwest","CHF","1000 GB Commitment Tier Capacity Reservation","1000","1/Day","2409.7075","2021-06-01T00:00:00.000Z","982.6717","2.4097"
"2024-05-02T06:08:49.743Z","Azure Monitor","japanwest","CHF","2000 GB Commitment Tier Capacity Reservation","2000","1/Day","4706.017","2021-06-01T00:00:00.000Z","1952.9473","2.353"
"2024-05-02T06:08:49.743Z","Azure Monitor","japanwest","CHF","5000 GB Commitment Tier Capacity Reservation","5000","1/Day","11410.6738","2021-06-01T00:00:00.000Z","4849.4151","2.2821"
"2024-06-02T06:10:06.668Z","Azure Monitor","japanwest","CHF","Pay-as-you-go Data Ingestion","Pay-as-you-go","1 GB","3.2599","2018-02-01T00:00:00.000Z","0","3.2599"
"2024-06-02T06:10:06.668Z","Azure Monitor","japanwest","CHF","100 GB Commitment Tier Capacity Reservation","100","1/Day","277.415","2019-11-01T00:00:00.000Z","85.0992","2.7742"
"2024-06-02T06:10:06.668Z","Azure Monitor","japanwest","CHF","200 GB Commitment Tier Capacity Reservation","200","1/Day","520.8608","2019-11-01T00:00:00.000Z","187.7517","2.6043"
"2024-06-02T06:10:06.668Z","Azure Monitor","japanwest","CHF","300 GB Commitment Tier Capacity Reservation","300","1/Day","764.3065","2019-11-01T00:00:00.000Z","293.4787","2.5477"
"2024-06-02T06:10:06.668Z","Azure Monitor","japanwest","CHF","400 GB Commitment Tier Capacity Reservation","400","1/Day","996.4293","2019-11-01T00:00:00.000Z","391.1094","2.4911"
"2024-06-02T06:10:06.668Z","Azure Monitor","japanwest","CHF","500 GB Commitment Tier Capacity Reservation","500","1/Day","1224.3059","2019-11-01T00:00:00.000Z","491.472","2.4486"
"2024-06-02T06:10:06.668Z","Azure Monitor","japanwest","CHF","1000 GB Commitment Tier Capacity Reservation","1000","1/Day","2406.1502","2021-06-01T00:00:00.000Z","982.6636","2.4062"
"2024-06-02T06:10:06.668Z","Azure Monitor","japanwest","CHF","2000 GB Commitment Tier Capacity Reservation","2000","1/Day","4699.0699","2021-06-01T00:00:00.000Z","1952.9008","2.3495"
"2024-06-02T06:10:06.668Z","Azure Monitor","japanwest","CHF","5000 GB Commitment Tier Capacity Reservation","5000","1/Day","11393.8291","2021-06-01T00:00:00.000Z","4849.4697","2.2788"
"2024-07-01T06:11:21.244Z","Azure Monitor","japanwest","CHF","Pay-as-you-go Data Ingestion","Pay-as-you-go","1 GB","3.2028","2018-02-01T00:00:00.000Z","0","3.2028"
"2024-07-01T06:11:21.244Z","Azure Monitor","japanwest","CHF","100 GB Commitment Tier Capacity Reservation","100","1/Day","272.5542","2019-11-01T00:00:00.000Z","85.0987","2.7255"
"2024-07-01T06:11:21.244Z","Azure Monitor","japanwest","CHF","200 GB Commitment Tier Capacity Reservation","200","1/Day","511.7344","2019-11-01T00:00:00.000Z","187.758","2.5587"
"2024-07-01T06:11:21.244Z","Azure Monitor","japanwest","CHF","300 GB Commitment Tier Capacity Reservation","300","1/Day","750.9146","2019-11-01T00:00:00.000Z","293.475","2.503"
"2024-07-01T06:11:21.244Z","Azure Monitor","japanwest","CHF","400 GB Commitment Tier Capacity Reservation","400","1/Day","978.9701","2019-11-01T00:00:00.000Z","391.1187","2.4474"
"2024-07-01T06:11:21.244Z","Azure Monitor","japanwest","CHF","500 GB Commitment Tier Capacity Reservation","500","1/Day","1202.8539","2019-11-01T00:00:00.000Z","491.4823","2.4057"
"2024-07-01T06:11:21.244Z","Azure Monitor","japanwest","CHF","1000 GB Commitment Tier Capacity Reservation","1000","1/Day","2363.9903","2021-06-01T00:00:00.000Z","982.6621","2.364"
"2024-07-01T06:11:21.244Z","Azure Monitor","japanwest","CHF","2000 GB Commitment Tier Capacity Reservation","2000","1/Day","4616.7339","2021-06-01T00:00:00.000Z","1952.9331","2.3084"
"2024-07-01T06:11:21.244Z","Azure Monitor","japanwest","CHF","5000 GB Commitment Tier Capacity Reservation","5000","1/Day","11194.1891","2021-06-01T00:00:00.000Z","4849.3281","2.2388"
"2024-08-02T06:11:10.559Z","Azure Monitor","japanwest","CHF","Pay-as-you-go Data Ingestion","Pay-as-you-go","1 GB","3.1644","2018-02-01T00:00:00.000Z","0","3.1644"
"2024-08-02T06:11:10.559Z","Azure Monitor","japanwest","CHF","100 GB Commitment Tier Capacity Reservation","100","1/Day","269.2883","2019-11-01T00:00:00.000Z","85.0993","2.6929"
"2024-08-02T06:11:10.559Z","Azure Monitor","japanwest","CHF","200 GB Commitment Tier Capacity Reservation","200","1/Day","505.6026","2019-11-01T00:00:00.000Z","187.7539","2.5280"
"2024-08-02T06:11:10.559Z","Azure Monitor","japanwest","CHF","300 GB Commitment Tier Capacity Reservation","300","1/Day","741.9168","2019-11-01T00:00:00.000Z","293.4797","2.4731"
"2024-08-02T06:11:10.559Z","Azure Monitor","japanwest","CHF","400 GB Commitment Tier Capacity Reservation","400","1/Day","967.2397","2019-11-01T00:00:00.000Z","391.1042","2.4181"
"2024-08-02T06:11:10.559Z","Azure Monitor","japanwest","CHF","500 GB Commitment Tier Capacity Reservation","500","1/Day","1188.4408","2019-11-01T00:00:00.000Z","491.4771","2.3769"
"2024-08-02T06:11:10.559Z","Azure Monitor","japanwest","CHF","1000 GB Commitment Tier Capacity Reservation","1000","1/Day","2335.664","2021-06-01T00:00:00.000Z","982.6514","2.3357"
"2024-08-02T06:11:10.559Z","Azure Monitor","japanwest","CHF","2000 GB Commitment Tier Capacity Reservation","2000","1/Day","4561.4144","2021-06-01T00:00:00.000Z","1952.9111","2.2807"
"2024-08-02T06:11:10.559Z","Azure Monitor","japanwest","CHF","5000 GB Commitment Tier Capacity Reservation","5000","1/Day","11060.056","2021-06-01T00:00:00.000Z","4849.4129","2.2120"
