"TimeGenerated","ServiceName","ArmRegionName","CurrencyCode","MeterName","Tier","UnitOfMeasure","RetailPrice","EffectiveStartDate","EffectiveCommitmentTierThresholdGB","EffectivePricePerGB"
"2023-03-29T15:50:58.330Z","Azure Monitor","japanwest","EUR","Pay-as-you-go Data Ingestion","Pay-as-you-go","1 GB","3.3866","2018-02-01T00:00:00.000Z","0","3.3866"
"2023-03-29T15:50:58.330Z","Azure Monitor","japanwest","EUR","100 GB Commitment Tier Capacity Reservation","100","1/Day","288.1943","2019-11-01T00:00:00.000Z","85.0984","2.8819"
"2023-03-29T15:50:58.330Z","Azure Monitor","japanwest","EUR","200 GB Commitment Tier Capacity Reservation","200","1/Day","541.0995","2019-11-01T00:00:00.000Z","187.7579","2.7055"
"2023-03-29T15:50:58.330Z","Azure Monitor","japanwest","EUR","300 GB Commitment Tier Capacity Reservation","300","1/Day","794.0046","2019-11-01T00:00:00.000Z","293.478","2.6467"
"2023-03-29T15:50:58.330Z","Azure Monitor","japanwest","EUR","400 GB Commitment Tier Capacity Reservation","400","1/Day","1035.1468","2019-11-01T00:00:00.000Z","391.1085","2.5879"
"2023-03-29T15:50:58.330Z","Azure Monitor","japanwest","EUR","500 GB Commitment Tier Capacity Reservation","500","1/Day","1271.8778","2019-11-01T00:00:00.000Z","491.471","2.5438"
"2023-03-29T15:50:58.330Z","Azure Monitor","japanwest","EUR","1000 GB Commitment Tier Capacity Reservation","1000","1/Day","2499.6443","2021-06-01T02:00:00.000Z","982.6418","2.4996"
"2023-03-29T15:50:58.330Z","Azure Monitor","japanwest","EUR","2000 GB Commitment Tier Capacity Reservation","2000","1/Day","4881.6582","2021-06-01T02:00:00.000Z","1952.9758","2.4408"
"2023-03-29T15:50:58.330Z","Azure Monitor","japanwest","EUR","5000 GB Commitment Tier Capacity Reservation","5000","1/Day","11836.5508","2021-06-01T02:00:00.000Z","4849.4554","2.3673"
"2023-04-12T13:28:34.468Z","Azure Monitor","japanwest","EUR","Pay-as-you-go Data Ingestion","Pay-as-you-go","1 GB","3.2961","2018-02-01T00:00:00.000Z","0","3.2961"
"2023-04-12T13:28:34.468Z","Azure Monitor","japanwest","EUR","100 GB Commitment Tier Capacity Reservation","100","1/Day","280.4912","2019-11-01T00:00:00.000Z","85.0979","2.8049"
"2023-04-12T13:28:34.468Z","Azure Monitor","japanwest","EUR","200 GB Commitment Tier Capacity Reservation","200","1/Day","526.6365","2019-11-01T00:00:00.000Z","187.7559","2.6332"
"2023-04-12T13:28:34.468Z","Azure Monitor","japanwest","EUR","300 GB Commitment Tier Capacity Reservation","300","1/Day","772.7818","2019-11-01T00:00:00.000Z","293.4763","2.5759"
"2023-04-12T13:28:34.468Z","Azure Monitor","japanwest","EUR","400 GB Commitment Tier Capacity Reservation","400","1/Day","1007.4785","2019-11-01T00:00:00.000Z","391.1171","2.5187"
"2023-04-12T13:28:34.468Z","Azure Monitor","japanwest","EUR","500 GB Commitment Tier Capacity Reservation","500","1/Day","1237.882","2019-11-01T00:00:00.000Z","491.4766","2.4758"
"2023-04-12T13:28:34.468Z","Azure Monitor","japanwest","EUR","1000 GB Commitment Tier Capacity Reservation","1000","1/Day","2432.8317","2021-06-01T02:00:00.000Z","982.6447","2.4328"
"2023-04-12T13:28:34.468Z","Azure Monitor","japanwest","EUR","2000 GB Commitment Tier Capacity Reservation","2000","1/Day","4751.1772","2021-06-01T02:00:00.000Z","1952.9666","2.3756"
"2023-04-12T13:28:34.468Z","Azure Monitor","japanwest","EUR","5000 GB Commitment Tier Capacity Reservation","5000","1/Day","11520.1736","2021-06-01T02:00:00.000Z","4849.3743","2.304"
"2023-05-02T08:07:40.927Z","Azure Monitor","japanwest","EUR","Pay-as-you-go Data Ingestion","Pay-as-you-go","1 GB","3.2327","2018-02-01T00:00:00.000Z","0","3.2327"
"2023-05-02T08:07:40.927Z","Azure Monitor","japanwest","EUR","100 GB Commitment Tier Capacity Reservation","100","1/Day","275.0939","2019-11-01T00:00:00.000Z","85.0973","2.7509"
"2023-05-02T08:07:40.927Z","Azure Monitor","japanwest","EUR","200 GB Commitment Tier Capacity Reservation","200","1/Day","516.5029","2019-11-01T00:00:00.000Z","187.7578","2.5825"
"2023-05-02T08:07:40.927Z","Azure Monitor","japanwest","EUR","300 GB Commitment Tier Capacity Reservation","300","1/Day","757.9119","2019-11-01T00:00:00.000Z","293.4799","2.5264"
"2023-05-02T08:07:40.927Z","Azure Monitor","japanwest","EUR","400 GB Commitment Tier Capacity Reservation","400","1/Day","988.0925","2019-11-01T00:00:00.000Z","391.1069","2.4702"
"2023-05-02T08:07:40.927Z","Azure Monitor","japanwest","EUR","500 GB Commitment Tier Capacity Reservation","500","1/Day","1214.0626","2019-11-01T00:00:00.000Z","491.4835","2.4281"
"2023-05-02T08:07:40.927Z","Azure Monitor","japanwest","EUR","1000 GB Commitment Tier Capacity Reservation","1000","1/Day","2386.0189","2021-06-01T02:00:00.000Z","982.6691","2.386"
"2023-05-02T08:07:40.927Z","Azure Monitor","japanwest","EUR","2000 GB Commitment Tier Capacity Reservation","2000","1/Day","4659.7546","2021-06-01T02:00:00.000Z","1952.9567","2.3299"
"2023-05-02T08:07:40.927Z","Azure Monitor","japanwest","EUR","5000 GB Commitment Tier Capacity Reservation","5000","1/Day","11298.5014","2021-06-01T02:00:00.000Z","4849.3504","2.2597"
"2023-06-02T08:07:42.568Z","Azure Monitor","japanwest","EUR","Pay-as-you-go Data Ingestion","Pay-as-you-go","1 GB","3.3347","2018-02-01T00:00:00.000Z","0","3.3347"
"2023-06-02T08:07:42.568Z","Azure Monitor","japanwest","EUR","100 GB Commitment Tier Capacity Reservation","100","1/Day","283.7794","2019-11-01T00:00:00.000Z","85.0989","2.8378"
"2023-06-02T08:07:42.568Z","Azure Monitor","japanwest","EUR","200 GB Commitment Tier Capacity Reservation","200","1/Day","532.8102","2019-11-01T00:00:00.000Z","187.7547","2.6641"
"2023-06-02T08:07:42.568Z","Azure Monitor","japanwest","EUR","300 GB Commitment Tier Capacity Reservation","300","1/Day","781.8411","2019-11-01T00:00:00.000Z","293.4729","2.6061"
"2023-06-02T08:07:42.568Z","Azure Monitor","japanwest","EUR","400 GB Commitment Tier Capacity Reservation","400","1/Day","1019.2892","2019-11-01T00:00:00.000Z","391.1167","2.5482"
"2023-06-02T08:07:42.568Z","Azure Monitor","japanwest","EUR","500 GB Commitment Tier Capacity Reservation","500","1/Day","1252.3936","2019-11-01T00:00:00.000Z","491.4817","2.5048"
"2023-06-02T08:07:42.568Z","Azure Monitor","japanwest","EUR","1000 GB Commitment Tier Capacity Reservation","1000","1/Day","2461.3516","2021-06-01T02:00:00.000Z","982.6539","2.4614"
"2023-06-02T08:07:42.568Z","Azure Monitor","japanwest","EUR","2000 GB Commitment Tier Capacity Reservation","2000","1/Day","4806.875","2021-06-01T02:00:00.000Z","1952.9028","2.4034"
"2023-06-02T08:07:42.568Z","Azure Monitor","japanwest","EUR","5000 GB Commitment Tier Capacity Reservation","5000","1/Day","11655.224","2021-06-01T02:00:00.000Z","4849.4732","2.331"
"2023-07-07T06:09:02.036Z","Azure Monitor","japanwest","EUR","Pay-as-you-go Data Ingestion","Pay-as-you-go","1 GB","3.2751","2018-02-01T00:00:00.000Z","0","3.2751"
"2023-07-07T06:09:02.036Z","Azure Monitor","japanwest","EUR","100 GB Commitment Tier Capacity Reservation","100","1/Day","278.7028","2019-11-01T00:00:00.000Z","85.0975","2.787"
"2023-07-07T06:09:02.036Z","Azure Monitor","japanwest","EUR","200 GB Commitment Tier Capacity Reservation","200","1/Day","523.2787","2019-11-01T00:00:00.000Z","187.757","2.6164"
"2023-07-07T06:09:02.036Z","Azure Monitor","japanwest","EUR","300 GB Commitment Tier Capacity Reservation","300","1/Day","767.8547","2019-11-01T00:00:00.000Z","293.4776","2.5595"
"2023-07-07T06:09:02.036Z","Azure Monitor","japanwest","EUR","400 GB Commitment Tier Capacity Reservation","400","1/Day","1001.055","2019-11-01T00:00:00.000Z","391.1135","2.5026"
"2023-07-07T06:09:02.036Z","Azure Monitor","japanwest","EUR","500 GB Commitment Tier Capacity Reservation","500","1/Day","1229.9895","2019-11-01T00:00:00.000Z","491.4847","2.46"
"2023-07-07T06:09:02.036Z","Azure Monitor","japanwest","EUR","1000 GB Commitment Tier Capacity Reservation","1000","1/Day","2417.3203","2021-06-01T00:00:00.000Z","982.6505","2.4173"
"2023-07-07T06:09:02.036Z","Azure Monitor","japanwest","EUR","2000 GB Commitment Tier Capacity Reservation","2000","1/Day","4720.8844","2021-06-01T00:00:00.000Z","1952.9576","2.3604"
"2023-07-07T06:09:02.036Z","Azure Monitor","japanwest","EUR","5000 GB Commitment Tier Capacity Reservation","5000","1/Day","11446.7226","2021-06-01T00:00:00.000Z","4849.4842","2.2893"
"2023-08-01T06:08:30.007Z","Azure Monitor","japanwest","EUR","Pay-as-you-go Data Ingestion","Pay-as-you-go","1 GB","3.248","2018-02-01T00:00:00.000Z","0","3.248"
"2023-08-01T06:08:30.007Z","Azure Monitor","japanwest","EUR","100 GB Commitment Tier Capacity Reservation","100","1/Day","276.3954","2019-11-01T00:00:00.000Z","85.0971","2.764"
"2023-08-01T06:08:30.007Z","Azure Monitor","japanwest","EUR","300 GB Commitment Tier Capacity Reservation","300","1/Day","761.4975","2019-11-01T00:00:00.000Z","291.0478","2.5383"
"2023-08-01T06:08:30.007Z","Azure Monitor","japanwest","EUR","500 GB Commitment Tier Capacity Reservation","500","1/Day","1219.8062","2019-11-01T00:00:00.000Z","487.4156","2.4396"
"2023-08-01T06:08:30.007Z","Azure Monitor","japanwest","EUR","1000 GB Commitment Tier Capacity Reservation","1000","1/Day","2397.307","2021-06-01T00:00:00.000Z","982.664","2.3973"
"2023-08-01T06:08:30.007Z","Azure Monitor","japanwest","EUR","2000 GB Commitment Tier Capacity Reservation","2000","1/Day","4681.7996","2021-06-01T00:00:00.000Z","1952.9469","2.3409"
"2023-08-01T06:08:30.007Z","Azure Monitor","japanwest","EUR","5000 GB Commitment Tier Capacity Reservation","5000","1/Day","11351.9538","2021-06-01T00:00:00.000Z","4849.3972","2.2704"
"2023-08-02T06:09:03.844Z","Azure Monitor","japanwest","EUR","200 GB Commitment Tier Capacity Reservation","200","1/Day","518.9465","2019-11-01T00:00:00.000Z","187.752","2.5947"
"2023-08-02T06:09:03.844Z","Azure Monitor","japanwest","EUR","400 GB Commitment Tier Capacity Reservation","400","1/Day","992.7671","2019-11-01T00:00:00.000Z","391.115","2.4819"
"2023-09-02T06:07:00.316Z","Azure Monitor","japanwest","EUR","Pay-as-you-go Data Ingestion","Pay-as-you-go","1 GB","3.2967","2018-02-01T00:00:00.000Z","0","3.2967"
"2023-09-02T06:07:00.316Z","Azure Monitor","japanwest","EUR","100 GB Commitment Tier Capacity Reservation","100","1/Day","280.543","2019-11-01T00:00:00.000Z","85.0981","2.8054"
"2023-09-02T06:07:00.316Z","Azure Monitor","japanwest","EUR","200 GB Commitment Tier Capacity Reservation","200","1/Day","526.7338","2019-11-01T00:00:00.000Z","187.7571","2.6337"
"2023-09-02T06:07:00.316Z","Azure Monitor","japanwest","EUR","300 GB Commitment Tier Capacity Reservation","300","1/Day","772.9246","2019-11-01T00:00:00.000Z","293.4748","2.5764"
"2023-09-02T06:07:00.316Z","Azure Monitor","japanwest","EUR","400 GB Commitment Tier Capacity Reservation","400","1/Day","1007.6646","2019-11-01T00:00:00.000Z","391.1134","2.5192"
"2023-09-02T06:07:00.316Z","Azure Monitor","japanwest","EUR","500 GB Commitment Tier Capacity Reservation","500","1/Day","1238.1106","2019-11-01T00:00:00.000Z","491.4698","2.4762"
"2023-09-02T06:07:00.316Z","Azure Monitor","japanwest","EUR","1000 GB Commitment Tier Capacity Reservation","1000","1/Day","2433.281","2021-06-01T00:00:00.000Z","982.6674","2.4333"
"2023-09-02T06:07:00.316Z","Azure Monitor","japanwest","EUR","2000 GB Commitment Tier Capacity Reservation","2000","1/Day","4752.0547","2021-06-01T00:00:00.000Z","1952.9259","2.376"
"2023-09-02T06:07:00.316Z","Azure Monitor","japanwest","EUR","5000 GB Commitment Tier Capacity Reservation","5000","1/Day","11522.3012","2021-06-01T00:00:00.000Z","4849.4534","2.3045"
"2023-10-02T06:08:46.154Z","Azure Monitor","japanwest","EUR","Pay-as-you-go Data Ingestion","Pay-as-you-go","1 GB","3.3963","2018-02-01T00:00:00.000Z","0","3.3963"
"2023-10-02T06:08:46.154Z","Azure Monitor","japanwest","EUR","100 GB Commitment Tier Capacity Reservation","100","1/Day","289.0168","2019-11-01T00:00:00.000Z","85.0975","2.8902"
"2023-10-02T06:08:46.154Z","Azure Monitor","japanwest","EUR","200 GB Commitment Tier Capacity Reservation","200","1/Day","542.6438","2019-11-01T00:00:00.000Z","187.753","2.7132"
"2023-10-02T06:08:46.154Z","Azure Monitor","japanwest","EUR","300 GB Commitment Tier Capacity Reservation","300","1/Day","796.2708","2019-11-01T00:00:00.000Z","293.4803","2.6542"
"2023-10-02T06:08:46.154Z","Azure Monitor","japanwest","EUR","400 GB Commitment Tier Capacity Reservation","400","1/Day","1038.1011","2019-11-01T00:00:00.000Z","391.1164","2.5953"
"2023-10-02T06:08:46.154Z","Azure Monitor","japanwest","EUR","500 GB Commitment Tier Capacity Reservation","500","1/Day","1275.5078","2019-11-01T00:00:00.000Z","491.4683","2.551"
"2023-10-02T06:08:46.154Z","Azure Monitor","japanwest","EUR","1000 GB Commitment Tier Capacity Reservation","1000","1/Day","2506.7783","2021-06-01T00:00:00.000Z","982.665","2.5068"
"2023-10-02T06:08:46.154Z","Azure Monitor","japanwest","EUR","2000 GB Commitment Tier Capacity Reservation","2000","1/Day","4895.5905","2021-06-01T00:00:00.000Z","1952.9242","2.4478"
"2023-10-02T06:08:46.154Z","Azure Monitor","japanwest","EUR","5000 GB Commitment Tier Capacity Reservation","5000","1/Day","11870.3325","2021-06-01T00:00:00.000Z","4849.3882","2.3741"
"2023-11-01T06:08:41.407Z","Azure Monitor","japanwest","EUR","Pay-as-you-go Data Ingestion","Pay-as-you-go","1 GB","3.3746","2018-02-01T00:00:00.000Z","0","3.3746"
"2023-11-01T06:08:41.407Z","Azure Monitor","japanwest","EUR","100 GB Commitment Tier Capacity Reservation","100","1/Day","287.1727","2019-11-01T00:00:00.000Z","85.0983","2.8717"
"2023-11-01T06:08:41.407Z","Azure Monitor","japanwest","EUR","200 GB Commitment Tier Capacity Reservation","200","1/Day","539.1814","2019-11-01T00:00:00.000Z","187.7569","2.6959"
"2023-11-01T06:08:41.407Z","Azure Monitor","japanwest","EUR","300 GB Commitment Tier Capacity Reservation","300","1/Day","791.1901","2019-11-01T00:00:00.000Z","293.479","2.6373"
"2023-11-01T06:08:41.407Z","Azure Monitor","japanwest","EUR","400 GB Commitment Tier Capacity Reservation","400","1/Day","1031.4775","2019-11-01T00:00:00.000Z","391.1112","2.5787"
"2023-11-01T06:08:41.407Z","Azure Monitor","japanwest","EUR","500 GB Commitment Tier Capacity Reservation","500","1/Day","1267.3693","2019-11-01T00:00:00.000Z","491.4761","2.5347"
"2023-11-01T06:08:41.407Z","Azure Monitor","japanwest","EUR","1000 GB Commitment Tier Capacity Reservation","1000","1/Day","2490.7836","2021-06-01T00:00:00.000Z","982.6739","2.4908"
"2023-11-01T06:08:41.407Z","Azure Monitor","japanwest","EUR","2000 GB Commitment Tier Capacity Reservation","2000","1/Day","4864.3539","2021-06-01T00:00:00.000Z","1952.9283","2.4322"
"2023-11-01T06:08:41.407Z","Azure Monitor","japanwest","EUR","5000 GB Commitment Tier Capacity Reservation","5000","1/Day","11794.5931","2021-06-01T00:00:00.000Z","4849.3517","2.3589"
"2023-12-02T06:07:58.693Z","Azure Monitor","japanwest","EUR","Pay-as-you-go Data Ingestion","Pay-as-you-go","1 GB","3.2511","2018-02-01T00:00:00.000Z","0","3.2511"
"2023-12-02T06:07:58.693Z","Azure Monitor","japanwest","EUR","100 GB Commitment Tier Capacity Reservation","100","1/Day","276.6597","2019-11-01T00:00:00.000Z","85.0973","2.7666"
"2023-12-02T06:07:58.693Z","Azure Monitor","japanwest","EUR","200 GB Commitment Tier Capacity Reservation","200","1/Day","519.4427","2019-11-01T00:00:00.000Z","187.7549","2.5972"
"2023-12-02T06:07:58.693Z","Azure Monitor","japanwest","EUR","300 GB Commitment Tier Capacity Reservation","300","1/Day","762.2257","2019-11-01T00:00:00.000Z","293.4798","2.5408"
"2023-12-02T06:07:58.693Z","Azure Monitor","japanwest","EUR","400 GB Commitment Tier Capacity Reservation","400","1/Day","993.7164","2019-11-01T00:00:00.000Z","391.1037","2.4843"
"2023-12-02T06:07:58.693Z","Azure Monitor","japanwest","EUR","500 GB Commitment Tier Capacity Reservation","500","1/Day","1220.9726","2019-11-01T00:00:00.000Z","491.4755","2.4419"
"2023-12-02T06:07:58.693Z","Azure Monitor","japanwest","EUR","1000 GB Commitment Tier Capacity Reservation","1000","1/Day","2399.5993","2021-06-01T00:00:00.000Z","982.6771","2.3996"
"2023-12-02T06:07:58.693Z","Azure Monitor","japanwest","EUR","2000 GB Commitment Tier Capacity Reservation","2000","1/Day","4686.2763","2021-06-01T00:00:00.000Z","1952.9406","2.3431"
"2023-12-02T06:07:58.693Z","Azure Monitor","japanwest","EUR","5000 GB Commitment Tier Capacity Reservation","5000","1/Day","11362.8085","2021-06-01T00:00:00.000Z","4849.4765","2.2726"
"2024-01-01T06:09:20.544Z","Azure Monitor","japanwest","EUR","Pay-as-you-go Data Ingestion","Pay-as-you-go","1 GB","3.2148","2018-02-01T00:00:00.000Z","0","3.2148"
"2024-01-01T06:09:20.544Z","Azure Monitor","japanwest","EUR","100 GB Commitment Tier Capacity Reservation","100","1/Day","273.5705","2019-11-01T00:00:00.000Z","85.0972","2.7357"
"2024-01-01T06:09:20.544Z","Azure Monitor","japanwest","EUR","200 GB Commitment Tier Capacity Reservation","200","1/Day","513.6425","2019-11-01T00:00:00.000Z","187.7554","2.5682"
"2024-01-01T06:09:20.544Z","Azure Monitor","japanwest","EUR","300 GB Commitment Tier Capacity Reservation","300","1/Day","753.7145","2019-11-01T00:00:00.000Z","293.4797","2.5124"
"2024-01-01T06:09:20.544Z","Azure Monitor","japanwest","EUR","400 GB Commitment Tier Capacity Reservation","400","1/Day","982.6204","2019-11-01T00:00:00.000Z","391.1083","2.4566"
"2024-01-01T06:09:20.544Z","Azure Monitor","japanwest","EUR","500 GB Commitment Tier Capacity Reservation","500","1/Day","1207.339","2019-11-01T00:00:00.000Z","491.4675","2.4147"
"2024-01-01T06:09:20.544Z","Azure Monitor","japanwest","EUR","1000 GB Commitment Tier Capacity Reservation","1000","1/Day","2372.805","2021-06-01T00:00:00.000Z","982.65","2.3728"
"2024-01-01T06:09:20.544Z","Azure Monitor","japanwest","EUR","2000 GB Commitment Tier Capacity Reservation","2000","1/Day","4633.9487","2021-06-01T00:00:00.000Z","1952.9453","2.317"
"2024-01-01T06:09:20.544Z","Azure Monitor","japanwest","EUR","5000 GB Commitment Tier Capacity Reservation","5000","1/Day","11235.9298","2021-06-01T00:00:00.000Z","4849.3439","2.2472"
"2024-02-02T06:08:03.849Z","Azure Monitor","japanwest","EUR","Pay-as-you-go Data Ingestion","Pay-as-you-go","1 GB","3.306","2018-02-01T00:00:00.000Z","0","3.306"
"2024-02-02T06:08:03.849Z","Azure Monitor","japanwest","EUR","100 GB Commitment Tier Capacity Reservation","100","1/Day","281.3354","2019-11-01T00:00:00.000Z","85.0984","2.8134"
"2024-02-02T06:08:03.849Z","Azure Monitor","japanwest","EUR","200 GB Commitment Tier Capacity Reservation","200","1/Day","528.2215","2019-11-01T00:00:00.000Z","187.752","2.6411"
"2024-02-02T06:08:03.849Z","Azure Monitor","japanwest","EUR","300 GB Commitment Tier Capacity Reservation","300","1/Day","775.1077","2019-11-01T00:00:00.000Z","293.4791","2.5837"
"2024-02-02T06:08:03.849Z","Azure Monitor","japanwest","EUR","400 GB Commitment Tier Capacity Reservation","400","1/Day","1010.5107","2019-11-01T00:00:00.000Z","391.1099","2.5263"
"2024-02-02T06:08:03.849Z","Azure Monitor","japanwest","EUR","500 GB Commitment Tier Capacity Reservation","500","1/Day","1241.6076","2019-11-01T00:00:00.000Z","491.4727","2.4832"
"2024-02-02T06:08:03.849Z","Azure Monitor","japanwest","EUR","1000 GB Commitment Tier Capacity Reservation","1000","1/Day","2440.1537","2021-06-01T00:00:00.000Z","982.665","2.4402"
"2024-02-02T06:08:03.849Z","Azure Monitor","japanwest","EUR","2000 GB Commitment Tier Capacity Reservation","2000","1/Day","4765.4767","2021-06-01T00:00:00.000Z","1952.9041","2.3827"
"2024-02-02T06:08:03.849Z","Azure Monitor","japanwest","EUR","5000 GB Commitment Tier Capacity Reservation","5000","1/Day","11554.8456","2021-06-01T00:00:00.000Z","4849.4756","2.311"
"2024-03-02T06:08:20.311Z","Azure Monitor","japanwest","EUR","Pay-as-you-go Data Ingestion","Pay-as-you-go","1 GB","3.2909","2018-02-01T00:00:00.000Z","0","3.2909"
"2024-03-02T06:08:20.311Z","Azure Monitor","japanwest","EUR","100 GB Commitment Tier Capacity Reservation","100","1/Day","280.0516","2019-11-01T00:00:00.000Z","85.0988","2.8005"
"2024-03-02T06:08:20.311Z","Azure Monitor","japanwest","EUR","200 GB Commitment Tier Capacity Reservation","200","1/Day","525.8112","2019-11-01T00:00:00.000Z","187.7562","2.6291"
"2024-03-02T06:08:20.311Z","Azure Monitor","japanwest","EUR","300 GB Commitment Tier Capacity Reservation","300","1/Day","771.5708","2019-11-01T00:00:00.000Z","293.4734","2.5719"
"2024-03-02T06:08:20.311Z","Azure Monitor","japanwest","EUR","400 GB Commitment Tier Capacity Reservation","400","1/Day","1005.8997","2019-11-01T00:00:00.000Z","391.1115","2.5147"
"2024-03-02T06:08:20.311Z","Azure Monitor","japanwest","EUR","500 GB Commitment Tier Capacity Reservation","500","1/Day","1235.9421","2019-11-01T00:00:00.000Z","491.4869","2.4719"
"2024-03-02T06:08:20.311Z","Azure Monitor","japanwest","EUR","1000 GB Commitment Tier Capacity Reservation","1000","1/Day","2429.0192","2021-06-01T00:00:00.000Z","982.6527","2.429"
"2024-03-02T06:08:20.311Z","Azure Monitor","japanwest","EUR","2000 GB Commitment Tier Capacity Reservation","2000","1/Day","4743.7316","2021-06-01T00:00:00.000Z","1952.9566","2.3719"
"2024-03-02T06:08:20.311Z","Azure Monitor","japanwest","EUR","5000 GB Commitment Tier Capacity Reservation","5000","1/Day","11502.1202","2021-06-01T00:00:00.000Z","4849.3276","2.3004"
"2024-04-03T09:26:28.723Z","Azure Monitor","japanwest","EUR","Pay-as-you-go Data Ingestion","Pay-as-you-go","1 GB","3.2969","2018-02-01T00:00:00.000Z","0","3.2969"
"2024-04-03T09:26:28.723Z","Azure Monitor","japanwest","EUR","100 GB Commitment Tier Capacity Reservation","100","1/Day","280.5559","2019-11-01T00:00:00.000Z","85.0969","2.8056"
"2024-04-03T09:26:28.723Z","Azure Monitor","japanwest","EUR","200 GB Commitment Tier Capacity Reservation","200","1/Day","526.7581","2019-11-01T00:00:00.000Z","187.7524","2.6338"
"2024-04-03T09:26:28.723Z","Azure Monitor","japanwest","EUR","300 GB Commitment Tier Capacity Reservation","300","1/Day","772.9602","2019-11-01T00:00:00.000Z","293.4772","2.5765"
"2024-04-03T09:26:28.723Z","Azure Monitor","japanwest","EUR","400 GB Commitment Tier Capacity Reservation","400","1/Day","1007.7111","2019-11-01T00:00:00.000Z","391.1163","2.5193"
"2024-04-03T09:26:28.723Z","Azure Monitor","japanwest","EUR","500 GB Commitment Tier Capacity Reservation","500","1/Day","1238.1678","2019-11-01T00:00:00.000Z","491.4729","2.4763"
"2024-04-03T09:26:28.723Z","Azure Monitor","japanwest","EUR","1000 GB Commitment Tier Capacity Reservation","1000","1/Day","2433.3934","2021-06-01T00:00:00.000Z","982.6731","2.4334"
"2024-04-03T09:26:28.723Z","Azure Monitor","japanwest","EUR","2000 GB Commitment Tier Capacity Reservation","2000","1/Day","4752.2741","2021-06-01T00:00:00.000Z","1952.9359","2.3761"
"2024-04-03T09:26:28.723Z","Azure Monitor","japanwest","EUR","5000 GB Commitment Tier Capacity Reservation","5000","1/Day","11522.8333","2021-06-01T00:00:00.000Z","4849.4732","2.3046"
"2024-05-01T06:09:59.892Z","Azure Monitor","japanwest","EUR","Pay-as-you-go Data Ingestion","Pay-as-you-go","1 GB","3.3427","2018-02-01T00:00:00.000Z","0","3.3427"
"2024-05-01T06:09:59.892Z","Azure Monitor","japanwest","EUR","100 GB Commitment Tier Capacity Reservation","100","1/Day","284.4569","2019-11-01T00:00:00.000Z","85.0979","2.8446"
"2024-05-01T06:09:59.892Z","Azure Monitor","japanwest","EUR","200 GB Commitment Tier Capacity Reservation","200","1/Day","534.0824","2019-11-01T00:00:00.000Z","187.7531","2.6704"
"2024-05-01T06:09:59.892Z","Azure Monitor","japanwest","EUR","300 GB Commitment Tier Capacity Reservation","300","1/Day","783.7079","2019-11-01T00:00:00.000Z","293.4796","2.6124"
"2024-05-01T06:09:59.892Z","Azure Monitor","japanwest","EUR","400 GB Commitment Tier Capacity Reservation","400","1/Day","1021.7228","2019-11-01T00:00:00.000Z","391.105","2.5543"
"2024-05-01T06:09:59.892Z","Azure Monitor","japanwest","EUR","500 GB Commitment Tier Capacity Reservation","500","1/Day","1255.3839","2019-11-01T00:00:00.000Z","491.4786","2.5108"
"2024-05-01T06:09:59.892Z","Azure Monitor","japanwest","EUR","1000 GB Commitment Tier Capacity Reservation","1000","1/Day","2467.2285","2021-06-01T00:00:00.000Z","982.6464","2.4672"
"2024-05-01T06:09:59.892Z","Azure Monitor","japanwest","EUR","2000 GB Commitment Tier Capacity Reservation","2000","1/Day","4818.3521","2021-06-01T00:00:00.000Z","1952.9637","2.4092"
"2024-05-01T06:09:59.892Z","Azure Monitor","japanwest","EUR","5000 GB Commitment Tier Capacity Reservation","5000","1/Day","11683.0524","2021-06-01T00:00:00.000Z","4849.3493","2.3366"
"2024-06-02T06:10:06.668Z","Azure Monitor","japanwest","EUR","Pay-as-you-go Data Ingestion","Pay-as-you-go","1 GB","3.3013","2018-02-01T00:00:00.000Z","0","3.3013"
"2024-06-02T06:10:06.668Z","Azure Monitor","japanwest","EUR","100 GB Commitment Tier Capacity Reservation","100","1/Day","280.9321","2019-11-01T00:00:00.000Z","85.0974","2.8093"
"2024-06-02T06:10:06.668Z","Azure Monitor","japanwest","EUR","200 GB Commitment Tier Capacity Reservation","200","1/Day","527.4644","2019-11-01T00:00:00.000Z","187.7565","2.6373"
"2024-06-02T06:10:06.668Z","Azure Monitor","japanwest","EUR","300 GB Commitment Tier Capacity Reservation","300","1/Day","773.9967","2019-11-01T00:00:00.000Z","293.4807","2.58"
"2024-06-02T06:10:06.668Z","Azure Monitor","japanwest","EUR","400 GB Commitment Tier Capacity Reservation","400","1/Day","1009.0623","2019-11-01T00:00:00.000Z","391.1094","2.5227"
"2024-06-02T06:10:06.668Z","Azure Monitor","japanwest","EUR","500 GB Commitment Tier Capacity Reservation","500","1/Day","1239.828","2019-11-01T00:00:00.000Z","491.4687","2.4797"
"2024-06-02T06:10:06.668Z","Azure Monitor","japanwest","EUR","1000 GB Commitment Tier Capacity Reservation","1000","1/Day","2436.6562","2021-06-01T00:00:00.000Z","982.6415","2.4367"
"2024-06-02T06:10:06.668Z","Azure Monitor","japanwest","EUR","2000 GB Commitment Tier Capacity Reservation","2000","1/Day","4758.6462","2021-06-01T00:00:00.000Z","1952.9061","2.3793"
"2024-06-02T06:10:06.668Z","Azure Monitor","japanwest","EUR","5000 GB Commitment Tier Capacity Reservation","5000","1/Day","11538.2837","2021-06-01T00:00:00.000Z","4849.4447","2.3077"
"2024-07-01T06:11:21.244Z","Azure Monitor","japanwest","EUR","Pay-as-you-go Data Ingestion","Pay-as-you-go","1 GB","3.3422","2018-02-01T00:00:00.000Z","0","3.3422"
"2024-07-01T06:11:21.244Z","Azure Monitor","japanwest","EUR","100 GB Commitment Tier Capacity Reservation","100","1/Day","284.417","2019-11-01T00:00:00.000Z","85.0987","2.8442"
"2024-07-01T06:11:21.244Z","Azure Monitor","japanwest","EUR","200 GB Commitment Tier Capacity Reservation","200","1/Day","534.0074","2019-11-01T00:00:00.000Z","187.7531","2.67"
"2024-07-01T06:11:21.244Z","Azure Monitor","japanwest","EUR","300 GB Commitment Tier Capacity Reservation","300","1/Day","783.5978","2019-11-01T00:00:00.000Z","293.4823","2.612"
"2024-07-01T06:11:21.244Z","Azure Monitor","japanwest","EUR","400 GB Commitment Tier Capacity Reservation","400","1/Day","1021.5794","2019-11-01T00:00:00.000Z","391.11","2.5539"
"2024-07-01T06:11:21.244Z","Azure Monitor","japanwest","EUR","500 GB Commitment Tier Capacity Reservation","500","1/Day","1255.2076","2019-11-01T00:00:00.000Z","491.4866","2.5104"
"2024-07-01T06:11:21.244Z","Azure Monitor","japanwest","EUR","1000 GB Commitment Tier Capacity Reservation","1000","1/Day","2466.882","2021-06-01T00:00:00.000Z","982.6649","2.4669"
"2024-07-01T06:11:21.244Z","Azure Monitor","japanwest","EUR","2000 GB Commitment Tier Capacity Reservation","2000","1/Day","4817.6754","2021-06-01T00:00:00.000Z","1952.9269","2.4088"
"2024-07-01T06:11:21.244Z","Azure Monitor","japanwest","EUR","5000 GB Commitment Tier Capacity Reservation","5000","1/Day","11681.4118","2021-06-01T00:00:00.000Z","4849.4735","2.3363"
"2024-08-02T06:11:10.559Z","Azure Monitor","japanwest","EUR","Pay-as-you-go Data Ingestion","Pay-as-you-go","1 GB","3.3007","2018-02-01T00:00:00.000Z","0","3.3007"
"2024-08-02T06:11:10.559Z","Azure Monitor","japanwest","EUR","100 GB Commitment Tier Capacity Reservation","100","1/Day","280.8802","2019-11-01T00:00:00.000Z","85.0972","2.8088"
"2024-08-02T06:11:10.559Z","Azure Monitor","japanwest","EUR","200 GB Commitment Tier Capacity Reservation","200","1/Day","527.3669","2019-11-01T00:00:00.000Z","187.7552","2.6368"
"2024-08-02T06:11:10.559Z","Azure Monitor","japanwest","EUR","300 GB Commitment Tier Capacity Reservation","300","1/Day","773.8536","2019-11-01T00:00:00.000Z","293.4821","2.5795"
"2024-08-02T06:11:10.559Z","Azure Monitor","japanwest","EUR","400 GB Commitment Tier Capacity Reservation","400","1/Day","1008.8757","2019-11-01T00:00:00.000Z","391.1129","2.5222"
"2024-08-02T06:11:10.559Z","Azure Monitor","japanwest","EUR","500 GB Commitment Tier Capacity Reservation","500","1/Day","1239.5987","2019-11-01T00:00:00.000Z","491.4752","2.4792"
"2024-08-02T06:11:10.559Z","Azure Monitor","japanwest","EUR","1000 GB Commitment Tier Capacity Reservation","1000","1/Day","2436.2056","2021-06-01T00:00:00.000Z","982.6580","2.4362"
"2024-08-02T06:11:10.559Z","Azure Monitor","japanwest","EUR","2000 GB Commitment Tier Capacity Reservation","2000","1/Day","4757.7663","2021-06-01T00:00:00.000Z","1952.9457","2.3789"
"2024-08-02T06:11:10.559Z","Azure Monitor","japanwest","EUR","5000 GB Commitment Tier Capacity Reservation","5000","1/Day","11536.1501","2021-06-01T00:00:00.000Z","4849.3632","2.3072"
