"TimeGenerated","ServiceName","ArmRegionName","CurrencyCode","MeterName","Tier","UnitOfMeasure","RetailPrice","EffectiveStartDate","EffectiveCommitmentTierThresholdGB","EffectivePricePerGB"
"2023-03-29T15:50:58.330Z","Azure Monitor","japanwest","JPY","Pay-as-you-go Data Ingestion","Pay-as-you-go","1 GB","486.8945","2018-02-01T00:00:00.000Z","0","486.8945"
"2023-03-29T15:50:58.330Z","Azure Monitor","japanwest","JPY","100 GB Commitment Tier Capacity Reservation","100","1/Day","41433.763","2019-11-01T00:00:00.000Z","85.098","414.3376"
"2023-03-29T15:50:58.330Z","Azure Monitor","japanwest","JPY","200 GB Commitment Tier Capacity Reservation","200","1/Day","77794.004","2019-11-01T00:00:00.000Z","187.7551","388.97"
"2023-03-29T15:50:58.330Z","Azure Monitor","japanwest","JPY","300 GB Commitment Tier Capacity Reservation","300","1/Day","114154.245","2019-11-01T00:00:00.000Z","293.4783","380.5142"
"2023-03-29T15:50:58.330Z","Azure Monitor","japanwest","JPY","400 GB Commitment Tier Capacity Reservation","400","1/Day","148823.312","2019-11-01T00:00:00.000Z","391.1111","372.0583"
"2023-03-29T15:50:58.330Z","Azure Monitor","japanwest","JPY","500 GB Commitment Tier Capacity Reservation","500","1/Day","182858.1888","2019-11-01T00:00:00.000Z","491.4772","365.7164"
"2023-03-29T15:50:58.330Z","Azure Monitor","japanwest","JPY","1000 GB Commitment Tier Capacity Reservation","1000","1/Day","359374.475","2021-06-01T02:00:00.000Z","982.6589","359.3745"
"2023-03-29T15:50:58.330Z","Azure Monitor","japanwest","JPY","2000 GB Commitment Tier Capacity Reservation","2000","1/Day","701837.21","2021-06-01T02:00:00.000Z","1952.941","350.9186"
"2023-03-29T15:50:58.330Z","Azure Monitor","japanwest","JPY","5000 GB Commitment Tier Capacity Reservation","5000","1/Day","1701743.8375","2021-06-01T02:00:00.000Z","4849.3977","340.3488"
"2023-04-12T13:28:34.468Z","Azure Monitor","japanwest","JPY","Pay-as-you-go Data Ingestion","Pay-as-you-go","1 GB","473.0429","2018-02-01T00:00:00.000Z","0","473.0429"
"2023-04-12T13:28:34.468Z","Azure Monitor","japanwest","JPY","100 GB Commitment Tier Capacity Reservation","100","1/Day","40255.019","2019-11-01T00:00:00.000Z","85.098","402.5502"
"2023-04-12T13:28:34.468Z","Azure Monitor","japanwest","JPY","200 GB Commitment Tier Capacity Reservation","200","1/Day","75580.852","2019-11-01T00:00:00.000Z","187.7551","377.9043"
"2023-04-12T13:28:34.468Z","Azure Monitor","japanwest","JPY","300 GB Commitment Tier Capacity Reservation","300","1/Day","110906.685","2019-11-01T00:00:00.000Z","293.4782","369.689"
"2023-04-12T13:28:34.468Z","Azure Monitor","japanwest","JPY","400 GB Commitment Tier Capacity Reservation","400","1/Day","144589.456","2019-11-01T00:00:00.000Z","391.1111","361.4736"
"2023-04-12T13:28:34.468Z","Azure Monitor","japanwest","JPY","500 GB Commitment Tier Capacity Reservation","500","1/Day","177656.0788","2019-11-01T00:00:00.000Z","491.4773","355.3122"
"2023-04-12T13:28:34.468Z","Azure Monitor","japanwest","JPY","1000 GB Commitment Tier Capacity Reservation","1000","1/Day","349150.675","2021-06-01T02:00:00.000Z","982.6588","349.1507"
"2023-04-12T13:28:34.468Z","Azure Monitor","japanwest","JPY","2000 GB Commitment Tier Capacity Reservation","2000","1/Day","681870.73","2021-06-01T02:00:00.000Z","1952.941","340.9354"
"2023-04-12T13:28:34.468Z","Azure Monitor","japanwest","JPY","5000 GB Commitment Tier Capacity Reservation","5000","1/Day","1653331.1375","2021-06-01T02:00:00.000Z","4849.3971","330.6662"
"2023-05-02T08:07:40.927Z","Azure Monitor","japanwest","JPY","Pay-as-you-go Data Ingestion","Pay-as-you-go","1 GB","476.0417","2018-02-01T00:00:00.000Z","0","476.0417"
"2023-05-02T08:07:40.927Z","Azure Monitor","japanwest","JPY","100 GB Commitment Tier Capacity Reservation","100","1/Day","40510.211","2019-11-01T00:00:00.000Z","85.098","405.1021"
"2023-05-02T08:07:40.927Z","Azure Monitor","japanwest","JPY","200 GB Commitment Tier Capacity Reservation","200","1/Day","76059.988","2019-11-01T00:00:00.000Z","187.7551","380.2999"
"2023-05-02T08:07:40.927Z","Azure Monitor","japanwest","JPY","300 GB Commitment Tier Capacity Reservation","300","1/Day","111609.765","2019-11-01T00:00:00.000Z","293.4783","372.0326"
"2023-05-02T08:07:40.927Z","Azure Monitor","japanwest","JPY","400 GB Commitment Tier Capacity Reservation","400","1/Day","145506.064","2019-11-01T00:00:00.000Z","391.1111","363.7652"
"2023-05-02T08:07:40.927Z","Azure Monitor","japanwest","JPY","500 GB Commitment Tier Capacity Reservation","500","1/Day","178782.3088","2019-11-01T00:00:00.000Z","491.4772","357.5646"
"2023-05-02T08:07:40.927Z","Azure Monitor","japanwest","JPY","1000 GB Commitment Tier Capacity Reservation","1000","1/Day","351364.075","2021-06-01T02:00:00.000Z","982.659","351.3641"
"2023-05-02T08:07:40.927Z","Azure Monitor","japanwest","JPY","2000 GB Commitment Tier Capacity Reservation","2000","1/Day","686193.37","2021-06-01T02:00:00.000Z","1952.941","343.0967"
"2023-05-02T08:07:40.927Z","Azure Monitor","japanwest","JPY","5000 GB Commitment Tier Capacity Reservation","5000","1/Day","1663812.2375","2021-06-01T02:00:00.000Z","4849.3974","332.7624"
"2023-06-02T08:07:42.568Z","Azure Monitor","japanwest","JPY","Pay-as-you-go Data Ingestion","Pay-as-you-go","1 GB","501.5671","2018-02-01T00:00:00.000Z","0","501.5671"
"2023-06-02T08:07:42.568Z","Azure Monitor","japanwest","JPY","100 GB Commitment Tier Capacity Reservation","100","1/Day","42682.381","2019-11-01T00:00:00.000Z","85.098","426.8238"
"2023-06-02T08:07:42.568Z","Azure Monitor","japanwest","JPY","200 GB Commitment Tier Capacity Reservation","200","1/Day","80138.348","2019-11-01T00:00:00.000Z","187.7551","400.6917"
"2023-06-02T08:07:42.568Z","Azure Monitor","japanwest","JPY","300 GB Commitment Tier Capacity Reservation","300","1/Day","117594.315","2019-11-01T00:00:00.000Z","293.4783","391.981"
"2023-06-02T08:07:42.568Z","Azure Monitor","japanwest","JPY","400 GB Commitment Tier Capacity Reservation","400","1/Day","153308.144","2019-11-01T00:00:00.000Z","391.1112","383.2704"
"2023-06-02T08:07:42.568Z","Azure Monitor","japanwest","JPY","500 GB Commitment Tier Capacity Reservation","500","1/Day","188368.6712","2019-11-01T00:00:00.000Z","491.4772","376.7373"
"2023-06-02T08:07:42.568Z","Azure Monitor","japanwest","JPY","1000 GB Commitment Tier Capacity Reservation","1000","1/Day","370204.325","2021-06-01T02:00:00.000Z","982.6591","370.2043"
"2023-06-02T08:07:42.568Z","Azure Monitor","japanwest","JPY","2000 GB Commitment Tier Capacity Reservation","2000","1/Day","722987.27","2021-06-01T02:00:00.000Z","1952.9413","361.4936"
"2023-06-02T08:07:42.568Z","Azure Monitor","japanwest","JPY","5000 GB Commitment Tier Capacity Reservation","5000","1/Day","1753026.3625","2021-06-01T02:00:00.000Z","4849.3981","350.6053"
"2023-07-07T06:09:02.036Z","Azure Monitor","japanwest","JPY","Pay-as-you-go Data Ingestion","Pay-as-you-go","1 GB","516.0256","2018-02-01T00:00:00.000Z","0","516.0256"
"2023-07-07T06:09:02.036Z","Azure Monitor","japanwest","JPY","100 GB Commitment Tier Capacity Reservation","100","1/Day","43912.771","2019-11-01T00:00:00.000Z","85.098","439.1277"
"2023-07-07T06:09:02.036Z","Azure Monitor","japanwest","JPY","200 GB Commitment Tier Capacity Reservation","200","1/Day","82448.468","2019-11-01T00:00:00.000Z","187.7551","412.2423"
"2023-07-07T06:09:02.036Z","Azure Monitor","japanwest","JPY","300 GB Commitment Tier Capacity Reservation","300","1/Day","120984.165","2019-11-01T00:00:00.000Z","293.4783","403.2806"
"2023-07-07T06:09:02.036Z","Azure Monitor","japanwest","JPY","400 GB Commitment Tier Capacity Reservation","400","1/Day","157727.504","2019-11-01T00:00:00.000Z","391.1111","394.3188"
"2023-07-07T06:09:02.036Z","Azure Monitor","japanwest","JPY","500 GB Commitment Tier Capacity Reservation","500","1/Day","193798.7087","2019-11-01T00:00:00.000Z","491.4772","387.5974"
"2023-07-07T06:09:02.036Z","Azure Monitor","japanwest","JPY","1000 GB Commitment Tier Capacity Reservation","1000","1/Day","380876.075","2021-06-01T00:00:00.000Z","982.659","380.8761"
"2023-07-07T06:09:02.036Z","Azure Monitor","japanwest","JPY","2000 GB Commitment Tier Capacity Reservation","2000","1/Day","743828.57","2021-06-01T00:00:00.000Z","1952.941","371.9143"
"2023-07-07T06:09:02.036Z","Azure Monitor","japanwest","JPY","5000 GB Commitment Tier Capacity Reservation","5000","1/Day","1803560.2375","2021-06-01T00:00:00.000Z","4849.3974","360.712"
"2023-08-01T06:08:30.007Z","Azure Monitor","japanwest","JPY","Pay-as-you-go Data Ingestion","Pay-as-you-go","1 GB","504.2804","2018-02-01T00:00:00.000Z","0","504.2804"
"2023-08-01T06:08:30.007Z","Azure Monitor","japanwest","JPY","200 GB Commitment Tier Capacity Reservation","200","1/Day","80571.852","2019-11-01T00:00:00.000Z","183.4816","402.8593"
"2023-08-01T06:08:30.007Z","Azure Monitor","japanwest","JPY","500 GB Commitment Tier Capacity Reservation","500","1/Day","189387.6413","2019-11-01T00:00:00.000Z","480.2907","378.7753"
"2023-08-01T06:08:30.007Z","Azure Monitor","japanwest","JPY","1000 GB Commitment Tier Capacity Reservation","1000","1/Day","372206.925","2021-06-01T00:00:00.000Z","982.6589","372.2069"
"2023-08-01T06:08:30.007Z","Azure Monitor","japanwest","JPY","5000 GB Commitment Tier Capacity Reservation","5000","1/Day","1762509.2625","2021-06-01T00:00:00.000Z","4739.0199","352.5019"
"2023-08-02T06:09:03.844Z","Azure Monitor","japanwest","JPY","100 GB Commitment Tier Capacity Reservation","100","1/Day","42913.269","2019-11-01T00:00:00.000Z","85.098","429.1327"
"2023-08-02T06:09:03.844Z","Azure Monitor","japanwest","JPY","300 GB Commitment Tier Capacity Reservation","300","1/Day","118230.435","2019-11-01T00:00:00.000Z","293.4782","394.1014"
"2023-08-02T06:09:03.844Z","Azure Monitor","japanwest","JPY","400 GB Commitment Tier Capacity Reservation","400","1/Day","154137.456","2019-11-01T00:00:00.000Z","391.1112","385.3436"
"2023-08-02T06:09:03.844Z","Azure Monitor","japanwest","JPY","2000 GB Commitment Tier Capacity Reservation","2000","1/Day","726898.23","2021-06-01T00:00:00.000Z","1952.9413","363.4491"
"2023-09-02T06:07:00.316Z","Azure Monitor","japanwest","JPY","Pay-as-you-go Data Ingestion","Pay-as-you-go","1 GB","522.3624","2018-02-01T00:00:00.000Z","0","522.3624"
"2023-09-02T06:07:00.316Z","Azure Monitor","japanwest","JPY","100 GB Commitment Tier Capacity Reservation","100","1/Day","44452.016","2019-11-01T00:00:00.000Z","85.098","444.5202"
"2023-09-02T06:07:00.316Z","Azure Monitor","japanwest","JPY","200 GB Commitment Tier Capacity Reservation","200","1/Day","83460.928","2019-11-01T00:00:00.000Z","187.7551","417.3046"
"2023-09-02T06:07:00.316Z","Azure Monitor","japanwest","JPY","300 GB Commitment Tier Capacity Reservation","300","1/Day","122469.84","2019-11-01T00:00:00.000Z","293.4783","408.2328"
"2023-09-02T06:07:00.316Z","Azure Monitor","japanwest","JPY","400 GB Commitment Tier Capacity Reservation","400","1/Day","159664.384","2019-11-01T00:00:00.000Z","391.1111","399.161"
"2023-09-02T06:07:00.316Z","Azure Monitor","japanwest","JPY","500 GB Commitment Tier Capacity Reservation","500","1/Day","196178.54","2019-11-01T00:00:00.000Z","491.4772","392.3571"
"2023-09-02T06:07:00.316Z","Azure Monitor","japanwest","JPY","1000 GB Commitment Tier Capacity Reservation","1000","1/Day","385553.2","2021-06-01T00:00:00.000Z","982.6589","385.5532"
"2023-09-02T06:07:00.316Z","Azure Monitor","japanwest","JPY","2000 GB Commitment Tier Capacity Reservation","2000","1/Day","752962.72","2021-06-01T00:00:00.000Z","1952.9412","376.4814"
"2023-09-02T06:07:00.316Z","Azure Monitor","japanwest","JPY","5000 GB Commitment Tier Capacity Reservation","5000","1/Day","1825707.8","2021-06-01T00:00:00.000Z","4849.3971","365.1416"
"2023-10-02T06:08:46.154Z","Azure Monitor","japanwest","JPY","Pay-as-you-go Data Ingestion","Pay-as-you-go","1 GB","533.6258","2018-02-01T00:00:00.000Z","0","533.6258"
"2023-10-02T06:08:46.154Z","Azure Monitor","japanwest","JPY","100 GB Commitment Tier Capacity Reservation","100","1/Day","45410.505","2019-11-01T00:00:00.000Z","85.098","454.105"
"2023-10-02T06:08:46.154Z","Azure Monitor","japanwest","JPY","200 GB Commitment Tier Capacity Reservation","200","1/Day","85260.54","2019-11-01T00:00:00.000Z","187.7551","426.3027"
"2023-10-02T06:08:46.154Z","Azure Monitor","japanwest","JPY","300 GB Commitment Tier Capacity Reservation","300","1/Day","125110.575","2019-11-01T00:00:00.000Z","293.4783","417.0352"
"2023-10-02T06:08:46.154Z","Azure Monitor","japanwest","JPY","400 GB Commitment Tier Capacity Reservation","400","1/Day","163107.12","2019-11-01T00:00:00.000Z","391.1112","407.7678"
"2023-10-02T06:08:46.154Z","Azure Monitor","japanwest","JPY","500 GB Commitment Tier Capacity Reservation","500","1/Day","200408.6063","2019-11-01T00:00:00.000Z","491.4773","400.8172"
"2023-10-02T06:08:46.154Z","Azure Monitor","japanwest","JPY","1000 GB Commitment Tier Capacity Reservation","1000","1/Day","393866.625","2021-06-01T00:00:00.000Z","982.659","393.8666"
"2023-10-02T06:08:46.154Z","Azure Monitor","japanwest","JPY","2000 GB Commitment Tier Capacity Reservation","2000","1/Day","769198.35","2021-06-01T00:00:00.000Z","1952.9413","384.5992"
"2023-10-02T06:08:46.154Z","Azure Monitor","japanwest","JPY","5000 GB Commitment Tier Capacity Reservation","5000","1/Day","1865074.3125","2021-06-01T00:00:00.000Z","4849.3973","373.0149"
"2023-11-02T06:08:26.681Z","Azure Monitor","japanwest","JPY","Pay-as-you-go Data Ingestion","Pay-as-you-go","1 GB","534.0898","2018-02-01T00:00:00.000Z","0","534.0898"
"2023-11-02T06:08:26.681Z","Azure Monitor","japanwest","JPY","100 GB Commitment Tier Capacity Reservation","100","1/Day","45449.999","2019-11-01T00:00:00.000Z","85.098","454.5"
"2023-11-02T06:08:26.681Z","Azure Monitor","japanwest","JPY","200 GB Commitment Tier Capacity Reservation","200","1/Day","85334.692","2019-11-01T00:00:00.000Z","187.7551","426.6735"
"2023-11-02T06:08:26.681Z","Azure Monitor","japanwest","JPY","300 GB Commitment Tier Capacity Reservation","300","1/Day","125219.385","2019-11-01T00:00:00.000Z","293.4782","417.398"
"2023-11-02T06:08:26.681Z","Azure Monitor","japanwest","JPY","400 GB Commitment Tier Capacity Reservation","400","1/Day","163248.976","2019-11-01T00:00:00.000Z","391.1111","408.1224"
"2023-11-02T06:08:26.681Z","Azure Monitor","japanwest","JPY","500 GB Commitment Tier Capacity Reservation","500","1/Day","200582.9037","2019-11-01T00:00:00.000Z","491.4773","401.1658"
"2023-11-02T06:08:26.681Z","Azure Monitor","japanwest","JPY","1000 GB Commitment Tier Capacity Reservation","1000","1/Day","394209.175","2021-06-01T00:00:00.000Z","982.659","394.2092"
"2023-11-02T06:08:26.681Z","Azure Monitor","japanwest","JPY","2000 GB Commitment Tier Capacity Reservation","2000","1/Day","769867.33","2021-06-01T00:00:00.000Z","1952.9411","384.9337"
"2023-11-02T06:08:26.681Z","Azure Monitor","japanwest","JPY","5000 GB Commitment Tier Capacity Reservation","5000","1/Day","1866696.3875","2021-06-01T00:00:00.000Z","4849.3971","373.3393"
"2023-12-02T06:07:58.693Z","Azure Monitor","japanwest","JPY","Pay-as-you-go Data Ingestion","Pay-as-you-go","1 GB","527.9316","2018-02-01T00:00:00.000Z","0","527.9316"
"2023-12-02T06:07:58.693Z","Azure Monitor","japanwest","JPY","100 GB Commitment Tier Capacity Reservation","100","1/Day","44925.944","2019-11-01T00:00:00.000Z","85.098","449.2594"
"2023-12-02T06:07:58.693Z","Azure Monitor","japanwest","JPY","200 GB Commitment Tier Capacity Reservation","200","1/Day","84350.752","2019-11-01T00:00:00.000Z","187.7551","421.7538"
"2023-12-02T06:07:58.693Z","Azure Monitor","japanwest","JPY","300 GB Commitment Tier Capacity Reservation","300","1/Day","123775.56","2019-11-01T00:00:00.000Z","293.4782","412.5852"
"2023-12-02T06:07:58.693Z","Azure Monitor","japanwest","JPY","400 GB Commitment Tier Capacity Reservation","400","1/Day","161366.656","2019-11-01T00:00:00.000Z","391.1111","403.4166"
"2023-12-02T06:07:58.693Z","Azure Monitor","japanwest","JPY","500 GB Commitment Tier Capacity Reservation","500","1/Day","198270.11","2019-11-01T00:00:00.000Z","491.4773","396.5402"
"2023-12-02T06:07:58.693Z","Azure Monitor","japanwest","JPY","1000 GB Commitment Tier Capacity Reservation","1000","1/Day","389663.8","2021-06-01T00:00:00.000Z","982.659","389.6638"
"2023-12-02T06:07:58.693Z","Azure Monitor","japanwest","JPY","2000 GB Commitment Tier Capacity Reservation","2000","1/Day","760990.48","2021-06-01T00:00:00.000Z","1952.9412","380.4952"
"2023-12-02T06:07:58.693Z","Azure Monitor","japanwest","JPY","5000 GB Commitment Tier Capacity Reservation","5000","1/Day","1845172.7","2021-06-01T00:00:00.000Z","4849.3981","369.0345"
"2024-01-01T06:09:20.544Z","Azure Monitor","japanwest","JPY","Pay-as-you-go Data Ingestion","Pay-as-you-go","1 GB","507.7789","2018-02-01T00:00:00.000Z","0","507.7789"
"2024-01-01T06:09:20.544Z","Azure Monitor","japanwest","JPY","100 GB Commitment Tier Capacity Reservation","100","1/Day","43210.993","2019-11-01T00:00:00.000Z","85.098","432.1099"
"2024-01-01T06:09:20.544Z","Azure Monitor","japanwest","JPY","200 GB Commitment Tier Capacity Reservation","200","1/Day","81130.844","2019-11-01T00:00:00.000Z","187.7551","405.6542"
"2024-01-01T06:09:20.544Z","Azure Monitor","japanwest","JPY","300 GB Commitment Tier Capacity Reservation","300","1/Day","119050.695","2019-11-01T00:00:00.000Z","293.4783","396.8356"
"2024-01-01T06:09:20.544Z","Azure Monitor","japanwest","JPY","400 GB Commitment Tier Capacity Reservation","400","1/Day","155206.832","2019-11-01T00:00:00.000Z","391.1112","388.0171"
"2024-01-01T06:09:20.544Z","Azure Monitor","japanwest","JPY","500 GB Commitment Tier Capacity Reservation","500","1/Day","190701.5762","2019-11-01T00:00:00.000Z","491.4772","381.4032"
"2024-01-01T06:09:20.544Z","Azure Monitor","japanwest","JPY","1000 GB Commitment Tier Capacity Reservation","1000","1/Day","374789.225","2021-06-01T00:00:00.000Z","982.6588","374.7892"
"2024-01-01T06:09:20.544Z","Azure Monitor","japanwest","JPY","2000 GB Commitment Tier Capacity Reservation","2000","1/Day","731941.31","2021-06-01T00:00:00.000Z","1952.9413","365.9707"
"2024-01-01T06:09:20.544Z","Azure Monitor","japanwest","JPY","5000 GB Commitment Tier Capacity Reservation","5000","1/Day","1774737.2125","2021-06-01T00:00:00.000Z","4849.397","354.9474"
"2024-02-02T06:08:03.849Z","Azure Monitor","japanwest","JPY","Pay-as-you-go Data Ingestion","Pay-as-you-go","1 GB","527.1997","2018-02-01T00:00:00.000Z","0","527.1997"
"2024-02-02T06:08:03.849Z","Azure Monitor","japanwest","JPY","100 GB Commitment Tier Capacity Reservation","100","1/Day","44863.665","2019-11-01T00:00:00.000Z","85.098","448.6366"
"2024-02-02T06:08:03.849Z","Azure Monitor","japanwest","JPY","200 GB Commitment Tier Capacity Reservation","200","1/Day","84233.82","2019-11-01T00:00:00.000Z","187.7551","421.1691"
"2024-02-02T06:08:03.849Z","Azure Monitor","japanwest","JPY","300 GB Commitment Tier Capacity Reservation","300","1/Day","123603.975","2019-11-01T00:00:00.000Z","293.4783","412.0132"
"2024-02-02T06:08:03.849Z","Azure Monitor","japanwest","JPY","400 GB Commitment Tier Capacity Reservation","400","1/Day","161142.96","2019-11-01T00:00:00.000Z","391.1112","402.8574"
"2024-02-02T06:08:03.849Z","Azure Monitor","japanwest","JPY","500 GB Commitment Tier Capacity Reservation","500","1/Day","197995.2562","2019-11-01T00:00:00.000Z","491.4773","395.9905"
"2024-02-02T06:08:03.849Z","Azure Monitor","japanwest","JPY","1000 GB Commitment Tier Capacity Reservation","1000","1/Day","389123.625","2021-06-01T00:00:00.000Z","982.659","389.1236"
"2024-02-02T06:08:03.849Z","Azure Monitor","japanwest","JPY","2000 GB Commitment Tier Capacity Reservation","2000","1/Day","759935.55","2021-06-01T00:00:00.000Z","1952.9413","379.9678"
"2024-02-02T06:08:03.849Z","Azure Monitor","japanwest","JPY","5000 GB Commitment Tier Capacity Reservation","5000","1/Day","1842614.8125","2021-06-01T00:00:00.000Z","4849.3973","368.523"
"2024-03-02T06:08:20.311Z","Azure Monitor","japanwest","JPY","Pay-as-you-go Data Ingestion","Pay-as-you-go","1 GB","537.0173","2018-02-01T00:00:00.000Z","0","537.0173"
"2024-03-02T06:08:20.311Z","Azure Monitor","japanwest","JPY","100 GB Commitment Tier Capacity Reservation","100","1/Day","45699.115","2019-11-01T00:00:00.000Z","85.098","456.9912"
"2024-03-02T06:08:20.311Z","Azure Monitor","japanwest","JPY","200 GB Commitment Tier Capacity Reservation","200","1/Day","85802.42","2019-11-01T00:00:00.000Z","187.7551","429.0121"
"2024-03-02T06:08:20.311Z","Azure Monitor","japanwest","JPY","300 GB Commitment Tier Capacity Reservation","300","1/Day","125905.725","2019-11-01T00:00:00.000Z","293.4783","419.6858"
"2024-03-02T06:08:20.311Z","Azure Monitor","japanwest","JPY","400 GB Commitment Tier Capacity Reservation","400","1/Day","164143.76","2019-11-01T00:00:00.000Z","391.1111","410.3594"
"2024-03-02T06:08:20.311Z","Azure Monitor","japanwest","JPY","500 GB Commitment Tier Capacity Reservation","500","1/Day","201682.3188","2019-11-01T00:00:00.000Z","491.4773","403.3646"
"2024-03-02T06:08:20.311Z","Azure Monitor","japanwest","JPY","1000 GB Commitment Tier Capacity Reservation","1000","1/Day","396369.875","2021-06-01T00:00:00.000Z","982.6591","396.3699"
"2024-03-02T06:08:20.311Z","Azure Monitor","japanwest","JPY","2000 GB Commitment Tier Capacity Reservation","2000","1/Day","774087.05","2021-06-01T00:00:00.000Z","1952.9411","387.0435"
"2024-03-02T06:08:20.311Z","Azure Monitor","japanwest","JPY","5000 GB Commitment Tier Capacity Reservation","5000","1/Day","1876927.9375","2021-06-01T00:00:00.000Z","4849.3979","375.3856"
"2024-04-03T09:26:28.723Z","Azure Monitor","japanwest","JPY","Pay-as-you-go Data Ingestion","Pay-as-you-go","1 GB","541.1585","2018-02-01T00:00:00.000Z","0","541.1585"
"2024-04-03T09:26:28.723Z","Azure Monitor","japanwest","JPY","100 GB Commitment Tier Capacity Reservation","100","1/Day","46051.523","2019-11-01T00:00:00.000Z","85.098","460.5152"
"2024-04-03T09:26:28.723Z","Azure Monitor","japanwest","JPY","200 GB Commitment Tier Capacity Reservation","200","1/Day","86464.084","2019-11-01T00:00:00.000Z","187.7551","432.3204"
"2024-04-03T09:26:28.723Z","Azure Monitor","japanwest","JPY","300 GB Commitment Tier Capacity Reservation","300","1/Day","126876.645","2019-11-01T00:00:00.000Z","293.4783","422.9222"
"2024-04-03T09:26:28.723Z","Azure Monitor","japanwest","JPY","400 GB Commitment Tier Capacity Reservation","400","1/Day","165409.552","2019-11-01T00:00:00.000Z","391.1111","413.5239"
"2024-04-03T09:26:28.723Z","Azure Monitor","japanwest","JPY","500 GB Commitment Tier Capacity Reservation","500","1/Day","203237.5888","2019-11-01T00:00:00.000Z","491.4772","406.4752"
"2024-04-03T09:26:28.723Z","Azure Monitor","japanwest","JPY","1000 GB Commitment Tier Capacity Reservation","1000","1/Day","399426.475","2021-06-01T00:00:00.000Z","982.6589","399.4265"
"2024-04-03T09:26:28.723Z","Azure Monitor","japanwest","JPY","2000 GB Commitment Tier Capacity Reservation","2000","1/Day","780056.41","2021-06-01T00:00:00.000Z","1952.9411","390.0282"
"2024-04-03T09:26:28.723Z","Azure Monitor","japanwest","JPY","5000 GB Commitment Tier Capacity Reservation","5000","1/Day","1891401.8375","2021-06-01T00:00:00.000Z","4849.3977","378.2804"
"2024-05-01T06:09:59.892Z","Azure Monitor","japanwest","JPY","Pay-as-you-go Data Ingestion","Pay-as-you-go","1 GB","561.4896","2018-02-01T00:00:00.000Z","0","561.4896"
"2024-05-01T06:09:59.892Z","Azure Monitor","japanwest","JPY","100 GB Commitment Tier Capacity Reservation","100","1/Day","47781.664","2019-11-01T00:00:00.000Z","85.098","477.8166"
"2024-05-01T06:09:59.892Z","Azure Monitor","japanwest","JPY","200 GB Commitment Tier Capacity Reservation","200","1/Day","89712.512","2019-11-01T00:00:00.000Z","187.7551","448.5626"
"2024-05-01T06:09:59.892Z","Azure Monitor","japanwest","JPY","300 GB Commitment Tier Capacity Reservation","300","1/Day","131643.36","2019-11-01T00:00:00.000Z","293.4782","438.8112"
"2024-05-01T06:09:59.892Z","Azure Monitor","japanwest","JPY","400 GB Commitment Tier Capacity Reservation","400","1/Day","171623.936","2019-11-01T00:00:00.000Z","391.1111","429.0598"
"2024-05-01T06:09:59.892Z","Azure Monitor","japanwest","JPY","500 GB Commitment Tier Capacity Reservation","500","1/Day","210873.16","2019-11-01T00:00:00.000Z","491.4773","421.7463"
"2024-05-01T06:09:59.892Z","Azure Monitor","japanwest","JPY","1000 GB Commitment Tier Capacity Reservation","1000","1/Day","414432.8","2021-06-01T00:00:00.000Z","982.659","414.4328"
"2024-05-01T06:09:59.892Z","Azure Monitor","japanwest","JPY","2000 GB Commitment Tier Capacity Reservation","2000","1/Day","809362.88","2021-06-01T00:00:00.000Z","1952.9412","404.6814"
"2024-05-01T06:09:59.892Z","Azure Monitor","japanwest","JPY","5000 GB Commitment Tier Capacity Reservation","5000","1/Day","1962461.2","2021-06-01T00:00:00.000Z","4849.3981","392.4922"
"2024-06-02T06:10:06.668Z","Azure Monitor","japanwest","JPY","Pay-as-you-go Data Ingestion","Pay-as-you-go","1 GB","562.275","2018-02-01T00:00:00.000Z","0","562.275"
"2024-06-02T06:10:06.668Z","Azure Monitor","japanwest","JPY","100 GB Commitment Tier Capacity Reservation","100","1/Day","47848.5","2019-11-01T00:00:00.000Z","85.098","478.485"
"2024-06-02T06:10:06.668Z","Azure Monitor","japanwest","JPY","200 GB Commitment Tier Capacity Reservation","200","1/Day","89838","2019-11-01T00:00:00.000Z","187.7551","449.19"
"2024-06-02T06:10:06.668Z","Azure Monitor","japanwest","JPY","300 GB Commitment Tier Capacity Reservation","300","1/Day","131827.5","2019-11-01T00:00:00.000Z","293.4783","439.425"
"2024-06-02T06:10:06.668Z","Azure Monitor","japanwest","JPY","400 GB Commitment Tier Capacity Reservation","400","1/Day","171864","2019-11-01T00:00:00.000Z","391.1111","429.66"
"2024-06-02T06:10:06.668Z","Azure Monitor","japanwest","JPY","500 GB Commitment Tier Capacity Reservation","500","1/Day","211168.125","2019-11-01T00:00:00.000Z","491.4773","422.3362"
"2024-06-02T06:10:06.668Z","Azure Monitor","japanwest","JPY","1000 GB Commitment Tier Capacity Reservation","1000","1/Day","415012.5","2021-06-01T00:00:00.000Z","982.6591","415.0125"
"2024-06-02T06:10:06.668Z","Azure Monitor","japanwest","JPY","2000 GB Commitment Tier Capacity Reservation","2000","1/Day","810495","2021-06-01T00:00:00.000Z","1952.9412","405.2475"
"2024-06-02T06:10:06.668Z","Azure Monitor","japanwest","JPY","5000 GB Commitment Tier Capacity Reservation","5000","1/Day","1965206.25","2021-06-01T00:00:00.000Z","4849.3976","393.0412"
"2024-07-01T06:11:21.244Z","Azure Monitor","japanwest","JPY","Pay-as-you-go Data Ingestion","Pay-as-you-go","1 GB","573.3956","2018-02-01T00:00:00.000Z","0","573.3956"
"2024-07-01T06:11:21.244Z","Azure Monitor","japanwest","JPY","100 GB Commitment Tier Capacity Reservation","100","1/Day","48794.837","2019-11-01T00:00:00.000Z","85.098","487.9484"
"2024-07-01T06:11:21.244Z","Azure Monitor","japanwest","JPY","200 GB Commitment Tier Capacity Reservation","200","1/Day","91614.796","2019-11-01T00:00:00.000Z","187.7551","458.074"
"2024-07-01T06:11:21.244Z","Azure Monitor","japanwest","JPY","300 GB Commitment Tier Capacity Reservation","300","1/Day","134434.755","2019-11-01T00:00:00.000Z","293.4782","448.1158"
"2024-07-01T06:11:21.244Z","Azure Monitor","japanwest","JPY","400 GB Commitment Tier Capacity Reservation","400","1/Day","175263.088","2019-11-01T00:00:00.000Z","391.1112","438.1577"
"2024-07-01T06:11:21.244Z","Azure Monitor","japanwest","JPY","500 GB Commitment Tier Capacity Reservation","500","1/Day","215344.5613","2019-11-01T00:00:00.000Z","491.4773","430.6891"
"2024-07-01T06:11:21.244Z","Azure Monitor","japanwest","JPY","1000 GB Commitment Tier Capacity Reservation","1000","1/Day","423220.525","2021-06-01T00:00:00.000Z","982.659","423.2205"
"2024-07-01T06:11:21.244Z","Azure Monitor","japanwest","JPY","2000 GB Commitment Tier Capacity Reservation","2000","1/Day","826524.79","2021-06-01T00:00:00.000Z","1952.9413","413.2624"
"2024-07-01T06:11:21.244Z","Azure Monitor","japanwest","JPY","5000 GB Commitment Tier Capacity Reservation","5000","1/Day","2004073.6625","2021-06-01T00:00:00.000Z","4849.3975","400.8147"
"2024-08-02T06:11:10.559Z","Azure Monitor","japanwest","JPY","Pay-as-you-go Data Ingestion","Pay-as-you-go","1 GB","549.9763","2018-02-01T00:00:00.000Z","0","549.9763"
"2024-08-02T06:11:10.559Z","Azure Monitor","japanwest","JPY","100 GB Commitment Tier Capacity Reservation","100","1/Day","46801.909","2019-11-01T00:00:00.000Z","85.0980","468.0191"
"2024-08-02T06:11:10.559Z","Azure Monitor","japanwest","JPY","200 GB Commitment Tier Capacity Reservation","200","1/Day","87872.972","2019-11-01T00:00:00.000Z","187.7551","439.3649"
"2024-08-02T06:11:10.559Z","Azure Monitor","japanwest","JPY","300 GB Commitment Tier Capacity Reservation","300","1/Day","128944.035","2019-11-01T00:00:00.000Z","293.4782","429.8134"
"2024-08-02T06:11:10.559Z","Azure Monitor","japanwest","JPY","400 GB Commitment Tier Capacity Reservation","400","1/Day","168104.816","2019-11-01T00:00:00.000Z","391.1112","420.2620"
"2024-08-02T06:11:10.559Z","Azure Monitor","japanwest","JPY","500 GB Commitment Tier Capacity Reservation","500","1/Day","206549.2412","2019-11-01T00:00:00.000Z","491.4773","413.0985"
"2024-08-02T06:11:10.559Z","Azure Monitor","japanwest","JPY","1000 GB Commitment Tier Capacity Reservation","1000","1/Day","405934.925","2021-06-01T00:00:00.000Z","982.6589","405.9349"
"2024-08-02T06:11:10.559Z","Azure Monitor","japanwest","JPY","2000 GB Commitment Tier Capacity Reservation","2000","1/Day","792767.03","2021-06-01T00:00:00.000Z","1952.9413","396.3835"
"2024-08-02T06:11:10.559Z","Azure Monitor","japanwest","JPY","5000 GB Commitment Tier Capacity Reservation","5000","1/Day","1922221.2625","2021-06-01T00:00:00.000Z","4849.3978","384.4443"
