"TimeGenerated","ServiceName","ArmRegionName","CurrencyCode","MeterName","Tier","UnitOfMeasure","RetailPrice","EffectiveStartDate","EffectiveCommitmentTierThresholdGB","EffectivePricePerGB"
"2023-03-29T15:50:58.330Z","Azure Monitor","canadaeast","INR","Pay-as-you-go Data Ingestion","Pay-as-you-go","1 GB","228.3831","2018-02-01T00:00:00.000Z","0","228.3831"
"2023-03-29T15:50:58.330Z","Azure Monitor","canadaeast","INR","100 GB Commitment Tier Capacity Reservation","100","1/Day","18164.7312","2019-11-01T00:00:00.000Z","79.5362","181.6473"
"2023-03-29T15:50:58.330Z","Azure Monitor","canadaeast","INR","200 GB Commitment Tier Capacity Reservation","200","1/Day","34105.2096","2019-11-01T00:00:00.000Z","187.7551","170.526"
"2023-03-29T15:50:58.330Z","Azure Monitor","canadaeast","INR","300 GB Commitment Tier Capacity Reservation","300","1/Day","50045.688","2019-11-01T00:00:00.000Z","293.4783","166.819"
"2023-03-29T15:50:58.330Z","Azure Monitor","canadaeast","INR","400 GB Commitment Tier Capacity Reservation","400","1/Day","65244.7488","2019-11-01T00:00:00.000Z","391.111","163.1119"
"2023-03-29T15:50:58.330Z","Azure Monitor","canadaeast","INR","500 GB Commitment Tier Capacity Reservation","500","1/Day","80165.778","2019-11-01T00:00:00.000Z","491.4772","160.3316"
"2023-03-29T15:50:58.330Z","Azure Monitor","canadaeast","INR","1000 GB Commitment Tier Capacity Reservation","1000","1/Day","157551.24","2021-06-01T02:00:00.000Z","982.6587","157.5512"
"2023-03-29T15:50:58.330Z","Azure Monitor","canadaeast","INR","2000 GB Commitment Tier Capacity Reservation","2000","1/Day","307688.304","2021-06-01T02:00:00.000Z","1952.9417","153.8442"
"2023-03-29T15:50:58.330Z","Azure Monitor","canadaeast","INR","5000 GB Commitment Tier Capacity Reservation","5000","1/Day","746051.46","2021-06-01T02:00:00.000Z","4849.3961","149.2103"
"2023-04-12T13:28:34.468Z","Azure Monitor","canadaeast","INR","Pay-as-you-go Data Ingestion","Pay-as-you-go","1 GB","227.2653","2018-02-01T00:00:00.000Z","0","227.2653"
"2023-04-12T13:28:34.468Z","Azure Monitor","canadaeast","INR","100 GB Commitment Tier Capacity Reservation","100","1/Day","18075.8256","2019-11-01T00:00:00.000Z","79.5362","180.7583"
"2023-04-12T13:28:34.468Z","Azure Monitor","canadaeast","INR","200 GB Commitment Tier Capacity Reservation","200","1/Day","33938.2848","2019-11-01T00:00:00.000Z","187.7551","169.6914"
"2023-04-12T13:28:34.468Z","Azure Monitor","canadaeast","INR","300 GB Commitment Tier Capacity Reservation","300","1/Day","49800.744","2019-11-01T00:00:00.000Z","293.4783","166.0025"
"2023-04-12T13:28:34.468Z","Azure Monitor","canadaeast","INR","400 GB Commitment Tier Capacity Reservation","400","1/Day","64925.4144","2019-11-01T00:00:00.000Z","391.1111","162.3135"
"2023-04-12T13:28:34.468Z","Azure Monitor","canadaeast","INR","500 GB Commitment Tier Capacity Reservation","500","1/Day","79773.414","2019-11-01T00:00:00.000Z","491.4774","159.5468"
"2023-04-12T13:28:34.468Z","Azure Monitor","canadaeast","INR","1000 GB Commitment Tier Capacity Reservation","1000","1/Day","156780.12","2021-06-01T02:00:00.000Z","982.6591","156.7801"
"2023-04-12T13:28:34.468Z","Azure Monitor","canadaeast","INR","2000 GB Commitment Tier Capacity Reservation","2000","1/Day","306182.352","2021-06-01T02:00:00.000Z","1952.9414","153.0912"
"2023-04-12T13:28:34.468Z","Azure Monitor","canadaeast","INR","5000 GB Commitment Tier Capacity Reservation","5000","1/Day","742399.98","2021-06-01T02:00:00.000Z","4849.3968","148.48"
"2023-05-02T08:07:40.927Z","Azure Monitor","canadaeast","INR","Pay-as-you-go Data Ingestion","Pay-as-you-go","1 GB","225.6887","2018-02-01T00:00:00.000Z","0","225.6887"
"2023-05-02T08:07:40.927Z","Azure Monitor","canadaeast","INR","100 GB Commitment Tier Capacity Reservation","100","1/Day","17950.4248","2019-11-01T00:00:00.000Z","79.5362","179.5042"
"2023-05-02T08:07:40.927Z","Azure Monitor","canadaeast","INR","200 GB Commitment Tier Capacity Reservation","200","1/Day","33702.8384","2019-11-01T00:00:00.000Z","187.7552","168.5142"
"2023-05-02T08:07:40.927Z","Azure Monitor","canadaeast","INR","300 GB Commitment Tier Capacity Reservation","300","1/Day","49455.252","2019-11-01T00:00:00.000Z","293.4782","164.8508"
"2023-05-02T08:07:40.927Z","Azure Monitor","canadaeast","INR","400 GB Commitment Tier Capacity Reservation","400","1/Day","64474.9952","2019-11-01T00:00:00.000Z","391.1112","161.1875"
"2023-05-02T08:07:40.927Z","Azure Monitor","canadaeast","INR","500 GB Commitment Tier Capacity Reservation","500","1/Day","79219.987","2019-11-01T00:00:00.000Z","491.4772","158.44"
"2023-05-02T08:07:40.927Z","Azure Monitor","canadaeast","INR","1000 GB Commitment Tier Capacity Reservation","1000","1/Day","155692.46","2021-06-01T02:00:00.000Z","982.6588","155.6925"
"2023-05-02T08:07:40.927Z","Azure Monitor","canadaeast","INR","2000 GB Commitment Tier Capacity Reservation","2000","1/Day","304058.216","2021-06-01T02:00:00.000Z","1952.9407","152.0291"
"2023-05-02T08:07:40.927Z","Azure Monitor","canadaeast","INR","5000 GB Commitment Tier Capacity Reservation","5000","1/Day","737249.59","2021-06-01T02:00:00.000Z","4849.3978","147.4499"
"2023-06-02T08:07:42.568Z","Azure Monitor","canadaeast","INR","Pay-as-you-go Data Ingestion","Pay-as-you-go","1 GB","227.8966","2018-02-01T00:00:00.000Z","0","227.8966"
"2023-06-02T08:07:42.568Z","Azure Monitor","canadaeast","INR","100 GB Commitment Tier Capacity Reservation","100","1/Day","18126.0408","2019-11-01T00:00:00.000Z","79.5362","181.2604"
"2023-06-02T08:07:42.568Z","Azure Monitor","canadaeast","INR","200 GB Commitment Tier Capacity Reservation","200","1/Day","34032.5664","2019-11-01T00:00:00.000Z","187.7551","170.1628"
"2023-06-02T08:07:42.568Z","Azure Monitor","canadaeast","INR","300 GB Commitment Tier Capacity Reservation","300","1/Day","49939.092","2019-11-01T00:00:00.000Z","293.4783","166.4636"
"2023-06-02T08:07:42.568Z","Azure Monitor","canadaeast","INR","400 GB Commitment Tier Capacity Reservation","400","1/Day","65105.7792","2019-11-01T00:00:00.000Z","391.1112","162.7644"
"2023-06-02T08:07:42.568Z","Azure Monitor","canadaeast","INR","500 GB Commitment Tier Capacity Reservation","500","1/Day","79995.027","2019-11-01T00:00:00.000Z","491.4774","159.9901"
"2023-06-02T08:07:42.568Z","Azure Monitor","canadaeast","INR","1000 GB Commitment Tier Capacity Reservation","1000","1/Day","157215.66","2021-06-01T02:00:00.000Z","982.6587","157.2157"
"2023-06-02T08:07:42.568Z","Azure Monitor","canadaeast","INR","2000 GB Commitment Tier Capacity Reservation","2000","1/Day","307032.936","2021-06-01T02:00:00.000Z","1952.9407","153.5165"
"2023-06-02T08:07:42.568Z","Azure Monitor","canadaeast","INR","5000 GB Commitment Tier Capacity Reservation","5000","1/Day","744462.39","2021-06-01T02:00:00.000Z","4849.3966","148.8925"
"2023-07-07T06:09:02.036Z","Azure Monitor","canadaeast","INR","Pay-as-you-go Data Ingestion","Pay-as-you-go","1 GB","226.4752","2018-02-01T00:00:00.000Z","0","226.4752"
"2023-07-07T06:09:02.036Z","Azure Monitor","canadaeast","INR","100 GB Commitment Tier Capacity Reservation","100","1/Day","18012.988","2019-11-01T00:00:00.000Z","79.5362","180.1299"
"2023-07-07T06:09:02.036Z","Azure Monitor","canadaeast","INR","200 GB Commitment Tier Capacity Reservation","200","1/Day","33820.304","2019-11-01T00:00:00.000Z","187.7551","169.1015"
"2023-07-07T06:09:02.036Z","Azure Monitor","canadaeast","INR","300 GB Commitment Tier Capacity Reservation","300","1/Day","49627.62","2019-11-01T00:00:00.000Z","293.4783","165.4254"
"2023-07-07T06:09:02.036Z","Azure Monitor","canadaeast","INR","400 GB Commitment Tier Capacity Reservation","400","1/Day","64699.712","2019-11-01T00:00:00.000Z","391.1111","161.7493"
"2023-07-07T06:09:02.036Z","Azure Monitor","canadaeast","INR","500 GB Commitment Tier Capacity Reservation","500","1/Day","79496.095","2019-11-01T00:00:00.000Z","491.4772","158.9922"
"2023-07-07T06:09:02.036Z","Azure Monitor","canadaeast","INR","1000 GB Commitment Tier Capacity Reservation","1000","1/Day","156235.1","2021-06-01T00:00:00.000Z","982.6589","156.2351"
"2023-07-07T06:09:02.036Z","Azure Monitor","canadaeast","INR","2000 GB Commitment Tier Capacity Reservation","2000","1/Day","305117.96","2021-06-01T00:00:00.000Z","1952.9412","152.559"
"2023-07-07T06:09:02.036Z","Azure Monitor","canadaeast","INR","5000 GB Commitment Tier Capacity Reservation","5000","1/Day","739819.15","2021-06-01T00:00:00.000Z","4849.397","147.9638"
"2023-08-01T06:08:30.007Z","Azure Monitor","canadaeast","INR","Pay-as-you-go Data Ingestion","Pay-as-you-go","1 GB","226.1527","2018-02-01T00:00:00.000Z","0","226.1527"
"2023-08-01T06:08:30.007Z","Azure Monitor","canadaeast","INR","400 GB Commitment Tier Capacity Reservation","400","1/Day","64607.5781","2019-11-01T00:00:00.000Z","390.5542","161.5189"
"2023-08-01T06:08:30.007Z","Azure Monitor","canadaeast","INR","1000 GB Commitment Tier Capacity Reservation","1000","1/Day","156012.6176","2021-06-01T00:00:00.000Z","981.2596","156.0126"
"2023-08-01T06:08:30.007Z","Azure Monitor","canadaeast","INR","2000 GB Commitment Tier Capacity Reservation","2000","1/Day","304683.465","2021-06-01T00:00:00.000Z","1952.9414","152.3417"
"2023-08-01T06:08:30.007Z","Azure Monitor","canadaeast","INR","5000 GB Commitment Tier Capacity Reservation","5000","1/Day","738765.6304","2021-06-01T00:00:00.000Z","4849.3986","147.7531"
"2023-08-02T06:09:03.844Z","Azure Monitor","canadaeast","INR","100 GB Commitment Tier Capacity Reservation","100","1/Day","17987.3371","2019-11-01T00:00:00.000Z","79.5362","179.8734"
"2023-08-02T06:09:03.844Z","Azure Monitor","canadaeast","INR","200 GB Commitment Tier Capacity Reservation","200","1/Day","33772.1431","2019-11-01T00:00:00.000Z","187.7551","168.8607"
"2023-08-02T06:09:03.844Z","Azure Monitor","canadaeast","INR","300 GB Commitment Tier Capacity Reservation","300","1/Day","49556.9491","2019-11-01T00:00:00.000Z","293.4783","165.1898"
"2023-08-02T06:09:03.844Z","Azure Monitor","canadaeast","INR","500 GB Commitment Tier Capacity Reservation","500","1/Day","79382.8907","2019-11-01T00:00:00.000Z","491.4774","158.7658"
"2023-09-02T06:07:00.316Z","Azure Monitor","canadaeast","INR","Pay-as-you-go Data Ingestion","Pay-as-you-go","1 GB","228.2693","2018-02-01T00:00:00.000Z","0","228.2693"
"2023-09-02T06:07:00.316Z","Azure Monitor","canadaeast","INR","100 GB Commitment Tier Capacity Reservation","100","1/Day","18155.676","2019-11-01T00:00:00.000Z","79.5362","181.5568"
"2023-09-02T06:07:00.316Z","Azure Monitor","canadaeast","INR","200 GB Commitment Tier Capacity Reservation","200","1/Day","34088.208","2019-11-01T00:00:00.000Z","187.7551","170.441"
"2023-09-02T06:07:00.316Z","Azure Monitor","canadaeast","INR","300 GB Commitment Tier Capacity Reservation","300","1/Day","50020.74","2019-11-01T00:00:00.000Z","293.4783","166.7358"
"2023-09-02T06:07:00.316Z","Azure Monitor","canadaeast","INR","400 GB Commitment Tier Capacity Reservation","400","1/Day","65212.224","2019-11-01T00:00:00.000Z","391.1111","163.0306"
"2023-09-02T06:07:00.316Z","Azure Monitor","canadaeast","INR","500 GB Commitment Tier Capacity Reservation","500","1/Day","80125.815","2019-11-01T00:00:00.000Z","491.4772","160.2516"
"2023-09-02T06:07:00.316Z","Azure Monitor","canadaeast","INR","1000 GB Commitment Tier Capacity Reservation","1000","1/Day","157472.7","2021-06-01T00:00:00.000Z","982.6591","157.4727"
"2023-09-02T06:07:00.316Z","Azure Monitor","canadaeast","INR","2000 GB Commitment Tier Capacity Reservation","2000","1/Day","307534.92","2021-06-01T00:00:00.000Z","1952.9412","153.7675"
"2023-09-02T06:07:00.316Z","Azure Monitor","canadaeast","INR","5000 GB Commitment Tier Capacity Reservation","5000","1/Day","745679.55","2021-06-01T00:00:00.000Z","4849.3963","149.1359"
"2023-10-02T06:08:46.154Z","Azure Monitor","canadaeast","INR","Pay-as-you-go Data Ingestion","Pay-as-you-go","1 GB","229.7113","2018-02-01T00:00:00.000Z","0","229.7113"
"2023-10-02T06:08:46.154Z","Azure Monitor","canadaeast","INR","100 GB Commitment Tier Capacity Reservation","100","1/Day","18270.3752","2019-11-01T00:00:00.000Z","79.5362","182.7038"
"2023-10-02T06:08:46.154Z","Azure Monitor","canadaeast","INR","200 GB Commitment Tier Capacity Reservation","200","1/Day","34303.5616","2019-11-01T00:00:00.000Z","187.7551","171.5178"
"2023-10-02T06:08:46.154Z","Azure Monitor","canadaeast","INR","300 GB Commitment Tier Capacity Reservation","300","1/Day","50336.748","2019-11-01T00:00:00.000Z","293.4783","167.7892"
"2023-10-02T06:08:46.154Z","Azure Monitor","canadaeast","INR","400 GB Commitment Tier Capacity Reservation","400","1/Day","65624.2048","2019-11-01T00:00:00.000Z","391.111","164.0605"
"2023-10-02T06:08:46.154Z","Azure Monitor","canadaeast","INR","500 GB Commitment Tier Capacity Reservation","500","1/Day","80632.013","2019-11-01T00:00:00.000Z","491.4773","161.264"
"2023-10-02T06:08:46.154Z","Azure Monitor","canadaeast","INR","1000 GB Commitment Tier Capacity Reservation","1000","1/Day","158467.54","2021-06-01T00:00:00.000Z","982.6591","158.4675"
"2023-10-02T06:08:46.154Z","Azure Monitor","canadaeast","INR","2000 GB Commitment Tier Capacity Reservation","2000","1/Day","309477.784","2021-06-01T00:00:00.000Z","1952.9417","154.7389"
"2023-10-02T06:08:46.154Z","Azure Monitor","canadaeast","INR","5000 GB Commitment Tier Capacity Reservation","5000","1/Day","750390.41","2021-06-01T00:00:00.000Z","4849.3973","150.0781"
"2023-11-01T06:08:41.407Z","Azure Monitor","canadaeast","INR","Pay-as-you-go Data Ingestion","Pay-as-you-go","1 GB","229.7597","2018-02-01T00:00:00.000Z","0","229.7597"
"2023-11-01T06:08:41.407Z","Azure Monitor","canadaeast","INR","100 GB Commitment Tier Capacity Reservation","100","1/Day","18274.2168","2019-11-01T00:00:00.000Z","79.5362","182.7422"
"2023-11-01T06:08:41.407Z","Azure Monitor","canadaeast","INR","200 GB Commitment Tier Capacity Reservation","200","1/Day","34310.7744","2019-11-01T00:00:00.000Z","187.7551","171.5539"
"2023-11-01T06:08:41.407Z","Azure Monitor","canadaeast","INR","300 GB Commitment Tier Capacity Reservation","300","1/Day","50347.332","2019-11-01T00:00:00.000Z","293.4782","167.8244"
"2023-11-01T06:08:41.407Z","Azure Monitor","canadaeast","INR","400 GB Commitment Tier Capacity Reservation","400","1/Day","65638.0032","2019-11-01T00:00:00.000Z","391.1112","164.095"
"2023-11-01T06:08:41.407Z","Azure Monitor","canadaeast","INR","500 GB Commitment Tier Capacity Reservation","500","1/Day","80648.967","2019-11-01T00:00:00.000Z","491.4773","161.2979"
"2023-11-01T06:08:41.407Z","Azure Monitor","canadaeast","INR","1000 GB Commitment Tier Capacity Reservation","1000","1/Day","158500.86","2021-06-01T00:00:00.000Z","982.6592","158.5009"
"2023-11-01T06:08:41.407Z","Azure Monitor","canadaeast","INR","2000 GB Commitment Tier Capacity Reservation","2000","1/Day","309542.856","2021-06-01T00:00:00.000Z","1952.9407","154.7714"
"2023-11-01T06:08:41.407Z","Azure Monitor","canadaeast","INR","5000 GB Commitment Tier Capacity Reservation","5000","1/Day","750548.19","2021-06-01T00:00:00.000Z","4849.3985","150.1096"
"2023-12-02T06:07:58.693Z","Azure Monitor","canadaeast","INR","Pay-as-you-go Data Ingestion","Pay-as-you-go","1 GB","230.0287","2018-02-01T00:00:00.000Z","0","230.0287"
"2023-12-02T06:07:58.693Z","Azure Monitor","canadaeast","INR","100 GB Commitment Tier Capacity Reservation","100","1/Day","18295.62","2019-11-01T00:00:00.000Z","79.5362","182.9562"
"2023-12-02T06:07:58.693Z","Azure Monitor","canadaeast","INR","200 GB Commitment Tier Capacity Reservation","200","1/Day","34350.96","2019-11-01T00:00:00.000Z","187.7551","171.7548"
"2023-12-02T06:07:58.693Z","Azure Monitor","canadaeast","INR","300 GB Commitment Tier Capacity Reservation","300","1/Day","50406.3","2019-11-01T00:00:00.000Z","293.4783","168.021"
"2023-12-02T06:07:58.693Z","Azure Monitor","canadaeast","INR","400 GB Commitment Tier Capacity Reservation","400","1/Day","65714.88","2019-11-01T00:00:00.000Z","391.1111","164.2872"
"2023-12-02T06:07:58.693Z","Azure Monitor","canadaeast","INR","500 GB Commitment Tier Capacity Reservation","500","1/Day","80743.425","2019-11-01T00:00:00.000Z","491.4773","161.4868"
"2023-12-02T06:07:58.693Z","Azure Monitor","canadaeast","INR","1000 GB Commitment Tier Capacity Reservation","1000","1/Day","158686.5","2021-06-01T00:00:00.000Z","982.6593","158.6865"
"2023-12-02T06:07:58.693Z","Azure Monitor","canadaeast","INR","2000 GB Commitment Tier Capacity Reservation","2000","1/Day","309905.4","2021-06-01T00:00:00.000Z","1952.9412","154.9527"
"2023-12-02T06:07:58.693Z","Azure Monitor","canadaeast","INR","5000 GB Commitment Tier Capacity Reservation","5000","1/Day","751427.25","2021-06-01T00:00:00.000Z","4849.3976","150.2854"
"2024-01-01T06:09:20.544Z","Azure Monitor","canadaeast","INR","Pay-as-you-go Data Ingestion","Pay-as-you-go","1 GB","230.0494","2018-02-01T00:00:00.000Z","0","230.0494"
"2024-01-01T06:09:20.544Z","Azure Monitor","canadaeast","INR","100 GB Commitment Tier Capacity Reservation","100","1/Day","18297.2664","2019-11-01T00:00:00.000Z","79.5362","182.9727"
"2024-01-01T06:09:20.544Z","Azure Monitor","canadaeast","INR","200 GB Commitment Tier Capacity Reservation","200","1/Day","34354.0512","2019-11-01T00:00:00.000Z","187.7551","171.7703"
"2024-01-01T06:09:20.544Z","Azure Monitor","canadaeast","INR","300 GB Commitment Tier Capacity Reservation","300","1/Day","50410.836","2019-11-01T00:00:00.000Z","293.4782","168.0361"
"2024-01-01T06:09:20.544Z","Azure Monitor","canadaeast","INR","400 GB Commitment Tier Capacity Reservation","400","1/Day","65720.7936","2019-11-01T00:00:00.000Z","391.1112","164.302"
"2024-01-01T06:09:20.544Z","Azure Monitor","canadaeast","INR","500 GB Commitment Tier Capacity Reservation","500","1/Day","80750.691","2019-11-01T00:00:00.000Z","491.4772","161.5014"
"2024-01-01T06:09:20.544Z","Azure Monitor","canadaeast","INR","1000 GB Commitment Tier Capacity Reservation","1000","1/Day","158700.78","2021-06-01T00:00:00.000Z","982.6589","158.7008"
"2024-01-01T06:09:20.544Z","Azure Monitor","canadaeast","INR","2000 GB Commitment Tier Capacity Reservation","2000","1/Day","309933.288","2021-06-01T00:00:00.000Z","1952.9409","154.9666"
"2024-01-01T06:09:20.544Z","Azure Monitor","canadaeast","INR","5000 GB Commitment Tier Capacity Reservation","5000","1/Day","751494.87","2021-06-01T00:00:00.000Z","4849.399","150.299"
"2024-02-02T06:08:03.849Z","Azure Monitor","canadaeast","INR","Pay-as-you-go Data Ingestion","Pay-as-you-go","1 GB","229.4698","2018-02-01T00:00:00.000Z","0","229.4698"
"2024-02-02T06:08:03.849Z","Azure Monitor","canadaeast","INR","100 GB Commitment Tier Capacity Reservation","100","1/Day","18251.1672","2019-11-01T00:00:00.000Z","79.5362","182.5117"
"2024-02-02T06:08:03.849Z","Azure Monitor","canadaeast","INR","200 GB Commitment Tier Capacity Reservation","200","1/Day","34267.4976","2019-11-01T00:00:00.000Z","187.7551","171.3375"
"2024-02-02T06:08:03.849Z","Azure Monitor","canadaeast","INR","300 GB Commitment Tier Capacity Reservation","300","1/Day","50283.828","2019-11-01T00:00:00.000Z","293.4782","167.6128"
"2024-02-02T06:08:03.849Z","Azure Monitor","canadaeast","INR","400 GB Commitment Tier Capacity Reservation","400","1/Day","65555.2128","2019-11-01T00:00:00.000Z","391.111","163.888"
"2024-02-02T06:08:03.849Z","Azure Monitor","canadaeast","INR","500 GB Commitment Tier Capacity Reservation","500","1/Day","80547.243","2019-11-01T00:00:00.000Z","491.4774","161.0945"
"2024-02-02T06:08:03.849Z","Azure Monitor","canadaeast","INR","1000 GB Commitment Tier Capacity Reservation","1000","1/Day","158300.94","2021-06-01T00:00:00.000Z","982.6589","158.3009"
"2024-02-02T06:08:03.849Z","Azure Monitor","canadaeast","INR","2000 GB Commitment Tier Capacity Reservation","2000","1/Day","309152.424","2021-06-01T00:00:00.000Z","1952.9417","154.5762"
"2024-02-02T06:08:03.849Z","Azure Monitor","canadaeast","INR","5000 GB Commitment Tier Capacity Reservation","5000","1/Day","749601.51","2021-06-01T00:00:00.000Z","4849.398","149.9203"
"2024-03-02T06:08:20.311Z","Azure Monitor","canadaeast","INR","Pay-as-you-go Data Ingestion","Pay-as-you-go","1 GB","228.8109","2018-02-01T00:00:00.000Z","0","228.8109"
"2024-03-02T06:08:20.311Z","Azure Monitor","canadaeast","INR","100 GB Commitment Tier Capacity Reservation","100","1/Day","18198.7568","2019-11-01T00:00:00.000Z","79.5362","181.9876"
"2024-03-02T06:08:20.311Z","Azure Monitor","canadaeast","INR","200 GB Commitment Tier Capacity Reservation","200","1/Day","34169.0944","2019-11-01T00:00:00.000Z","187.7551","170.8455"
"2024-03-02T06:08:20.311Z","Azure Monitor","canadaeast","INR","300 GB Commitment Tier Capacity Reservation","300","1/Day","50139.432","2019-11-01T00:00:00.000Z","293.4782","167.1314"
"2024-03-02T06:08:20.311Z","Azure Monitor","canadaeast","INR","400 GB Commitment Tier Capacity Reservation","400","1/Day","65366.9632","2019-11-01T00:00:00.000Z","391.1112","163.4174"
"2024-03-02T06:08:20.311Z","Azure Monitor","canadaeast","INR","500 GB Commitment Tier Capacity Reservation","500","1/Day","80315.942","2019-11-01T00:00:00.000Z","491.4773","160.6319"
"2024-03-02T06:08:20.311Z","Azure Monitor","canadaeast","INR","1000 GB Commitment Tier Capacity Reservation","1000","1/Day","157846.36","2021-06-01T00:00:00.000Z","982.6589","157.8464"
"2024-03-02T06:08:20.311Z","Azure Monitor","canadaeast","INR","2000 GB Commitment Tier Capacity Reservation","2000","1/Day","308264.656","2021-06-01T00:00:00.000Z","1952.9407","154.1323"
"2024-03-02T06:08:20.311Z","Azure Monitor","canadaeast","INR","5000 GB Commitment Tier Capacity Reservation","5000","1/Day","747448.94","2021-06-01T00:00:00.000Z","4849.3985","149.4898"
"2024-04-03T09:26:28.723Z","Azure Monitor","canadaeast","INR","Pay-as-you-go Data Ingestion","Pay-as-you-go","1 GB","229.8839","2018-02-01T00:00:00.000Z","0","229.8839"
"2024-04-03T09:26:28.723Z","Azure Monitor","canadaeast","INR","100 GB Commitment Tier Capacity Reservation","100","1/Day","18284.0952","2019-11-01T00:00:00.000Z","79.5362","182.841"
"2024-04-03T09:26:28.723Z","Azure Monitor","canadaeast","INR","200 GB Commitment Tier Capacity Reservation","200","1/Day","34329.3216","2019-11-01T00:00:00.000Z","187.7551","171.6466"
"2024-04-03T09:26:28.723Z","Azure Monitor","canadaeast","INR","300 GB Commitment Tier Capacity Reservation","300","1/Day","50374.548","2019-11-01T00:00:00.000Z","293.4783","167.9152"
"2024-04-03T09:26:28.723Z","Azure Monitor","canadaeast","INR","400 GB Commitment Tier Capacity Reservation","400","1/Day","65673.4848","2019-11-01T00:00:00.000Z","391.111","164.1837"
"2024-04-03T09:26:28.723Z","Azure Monitor","canadaeast","INR","500 GB Commitment Tier Capacity Reservation","500","1/Day","80692.563","2019-11-01T00:00:00.000Z","491.4773","161.3851"
"2024-04-03T09:26:28.723Z","Azure Monitor","canadaeast","INR","1000 GB Commitment Tier Capacity Reservation","1000","1/Day","158586.54","2021-06-01T00:00:00.000Z","982.6591","158.5865"
"2024-04-03T09:26:28.723Z","Azure Monitor","canadaeast","INR","2000 GB Commitment Tier Capacity Reservation","2000","1/Day","309710.184","2021-06-01T00:00:00.000Z","1952.9417","154.8551"
"2024-04-03T09:26:28.723Z","Azure Monitor","canadaeast","INR","5000 GB Commitment Tier Capacity Reservation","5000","1/Day","750953.91","2021-06-01T00:00:00.000Z","4849.3973","150.1908"
"2024-05-01T06:09:59.892Z","Azure Monitor","canadaeast","INR","Pay-as-you-go Data Ingestion","Pay-as-you-go","1 GB","230.0494","2018-02-01T00:00:00.000Z","0","230.0494"
"2024-05-01T06:09:59.892Z","Azure Monitor","canadaeast","INR","100 GB Commitment Tier Capacity Reservation","100","1/Day","18297.2664","2019-11-01T00:00:00.000Z","79.5362","182.9727"
"2024-05-01T06:09:59.892Z","Azure Monitor","canadaeast","INR","200 GB Commitment Tier Capacity Reservation","200","1/Day","34354.0512","2019-11-01T00:00:00.000Z","187.7551","171.7703"
"2024-05-01T06:09:59.892Z","Azure Monitor","canadaeast","INR","300 GB Commitment Tier Capacity Reservation","300","1/Day","50410.836","2019-11-01T00:00:00.000Z","293.4782","168.0361"
"2024-05-01T06:09:59.892Z","Azure Monitor","canadaeast","INR","400 GB Commitment Tier Capacity Reservation","400","1/Day","65720.7936","2019-11-01T00:00:00.000Z","391.1112","164.302"
"2024-05-01T06:09:59.892Z","Azure Monitor","canadaeast","INR","500 GB Commitment Tier Capacity Reservation","500","1/Day","80750.691","2019-11-01T00:00:00.000Z","491.4772","161.5014"
"2024-05-01T06:09:59.892Z","Azure Monitor","canadaeast","INR","1000 GB Commitment Tier Capacity Reservation","1000","1/Day","158700.78","2021-06-01T00:00:00.000Z","982.6589","158.7008"
"2024-05-01T06:09:59.892Z","Azure Monitor","canadaeast","INR","2000 GB Commitment Tier Capacity Reservation","2000","1/Day","309933.288","2021-06-01T00:00:00.000Z","1952.9409","154.9666"
"2024-05-01T06:09:59.892Z","Azure Monitor","canadaeast","INR","5000 GB Commitment Tier Capacity Reservation","5000","1/Day","751494.87","2021-06-01T00:00:00.000Z","4849.399","150.299"
"2024-06-02T06:10:06.668Z","Azure Monitor","canadaeast","INR","Pay-as-you-go Data Ingestion","Pay-as-you-go","1 GB","230.0322","2018-02-01T00:00:00.000Z","0","230.0322"
"2024-06-02T06:10:06.668Z","Azure Monitor","canadaeast","INR","100 GB Commitment Tier Capacity Reservation","100","1/Day","18295.8944","2019-11-01T00:00:00.000Z","79.5362","182.9589"
"2024-06-02T06:10:06.668Z","Azure Monitor","canadaeast","INR","200 GB Commitment Tier Capacity Reservation","200","1/Day","34351.4752","2019-11-01T00:00:00.000Z","187.7551","171.7574"
"2024-06-02T06:10:06.668Z","Azure Monitor","canadaeast","INR","300 GB Commitment Tier Capacity Reservation","300","1/Day","50407.056","2019-11-01T00:00:00.000Z","293.4782","168.0235"
"2024-06-02T06:10:06.668Z","Azure Monitor","canadaeast","INR","400 GB Commitment Tier Capacity Reservation","400","1/Day","65715.8656","2019-11-01T00:00:00.000Z","391.1112","164.2897"
"2024-06-02T06:10:06.668Z","Azure Monitor","canadaeast","INR","500 GB Commitment Tier Capacity Reservation","500","1/Day","80744.636","2019-11-01T00:00:00.000Z","491.4772","161.4893"
"2024-06-02T06:10:06.668Z","Azure Monitor","canadaeast","INR","1000 GB Commitment Tier Capacity Reservation","1000","1/Day","158688.88","2021-06-01T00:00:00.000Z","982.6588","158.6889"
"2024-06-02T06:10:06.668Z","Azure Monitor","canadaeast","INR","2000 GB Commitment Tier Capacity Reservation","2000","1/Day","309910.048","2021-06-01T00:00:00.000Z","1952.9409","154.955"
"2024-06-02T06:10:06.668Z","Azure Monitor","canadaeast","INR","5000 GB Commitment Tier Capacity Reservation","5000","1/Day","751438.52","2021-06-01T00:00:00.000Z","4849.3983","150.2877"
"2024-07-01T06:11:21.244Z","Azure Monitor","canadaeast","INR","Pay-as-you-go Data Ingestion","Pay-as-you-go","1 GB","230.6843","2018-02-01T00:00:00.000Z","0","230.6843"
"2024-07-01T06:11:21.244Z","Azure Monitor","canadaeast","INR","100 GB Commitment Tier Capacity Reservation","100","1/Day","18347.756","2019-11-01T00:00:00.000Z","79.5362","183.4776"
"2024-07-01T06:11:21.244Z","Azure Monitor","canadaeast","INR","200 GB Commitment Tier Capacity Reservation","200","1/Day","34448.848","2019-11-01T00:00:00.000Z","187.7551","172.2442"
"2024-07-01T06:11:21.244Z","Azure Monitor","canadaeast","INR","300 GB Commitment Tier Capacity Reservation","300","1/Day","50549.94","2019-11-01T00:00:00.000Z","293.4783","168.4998"
"2024-07-01T06:11:21.244Z","Azure Monitor","canadaeast","INR","400 GB Commitment Tier Capacity Reservation","400","1/Day","65902.144","2019-11-01T00:00:00.000Z","391.1111","164.7554"
"2024-07-01T06:11:21.244Z","Azure Monitor","canadaeast","INR","500 GB Commitment Tier Capacity Reservation","500","1/Day","80973.515","2019-11-01T00:00:00.000Z","491.4772","161.947"
"2024-07-01T06:11:21.244Z","Azure Monitor","canadaeast","INR","1000 GB Commitment Tier Capacity Reservation","1000","1/Day","159138.7","2021-06-01T00:00:00.000Z","982.6591","159.1387"
"2024-07-01T06:11:21.244Z","Azure Monitor","canadaeast","INR","2000 GB Commitment Tier Capacity Reservation","2000","1/Day","310788.52","2021-06-01T00:00:00.000Z","1952.9412","155.3943"
"2024-07-01T06:11:21.244Z","Azure Monitor","canadaeast","INR","5000 GB Commitment Tier Capacity Reservation","5000","1/Day","753568.55","2021-06-01T00:00:00.000Z","4849.3963","150.7137"
"2024-08-02T06:11:10.559Z","Azure Monitor","canadaeast","INR","Pay-as-you-go Data Ingestion","Pay-as-you-go","1 GB","231.1189","2018-02-01T00:00:00.000Z","0","231.1189"
"2024-08-02T06:11:10.559Z","Azure Monitor","canadaeast","INR","100 GB Commitment Tier Capacity Reservation","100","1/Day","18382.3304","2019-11-01T00:00:00.000Z","79.5362","183.8233"
"2024-08-02T06:11:10.559Z","Azure Monitor","canadaeast","INR","200 GB Commitment Tier Capacity Reservation","200","1/Day","34513.7632","2019-11-01T00:00:00.000Z","187.7551","172.5688"
"2024-08-02T06:11:10.559Z","Azure Monitor","canadaeast","INR","300 GB Commitment Tier Capacity Reservation","300","1/Day","50645.196","2019-11-01T00:00:00.000Z","293.4783","168.8173"
"2024-08-02T06:11:10.559Z","Azure Monitor","canadaeast","INR","400 GB Commitment Tier Capacity Reservation","400","1/Day","66026.3296","2019-11-01T00:00:00.000Z","391.1112","165.0658"
"2024-08-02T06:11:10.559Z","Azure Monitor","canadaeast","INR","500 GB Commitment Tier Capacity Reservation","500","1/Day","81126.101","2019-11-01T00:00:00.000Z","491.4773","162.2522"
"2024-08-02T06:11:10.559Z","Azure Monitor","canadaeast","INR","1000 GB Commitment Tier Capacity Reservation","1000","1/Day","159438.58","2021-06-01T00:00:00.000Z","982.6590","159.4386"
"2024-08-02T06:11:10.559Z","Azure Monitor","canadaeast","INR","2000 GB Commitment Tier Capacity Reservation","2000","1/Day","311374.168","2021-06-01T00:00:00.000Z","1952.9409","155.6871"
"2024-08-02T06:11:10.559Z","Azure Monitor","canadaeast","INR","5000 GB Commitment Tier Capacity Reservation","5000","1/Day","754988.57","2021-06-01T00:00:00.000Z","4849.3971","150.9977"
