"TimeGenerated","ServiceName","ArmRegionName","CurrencyCode","MeterName","Tier","UnitOfMeasure","RetailPrice","EffectiveStartDate","EffectiveCommitmentTierThresholdGB","EffectivePricePerGB"
"2023-03-29T15:50:58.330Z","Azure Monitor","canadaeast","NOK","Pay-as-you-go Data Ingestion","Pay-as-you-go","1 GB","28.7443","2018-02-01T00:00:00.000Z","0","28.7443"
"2023-03-29T15:50:58.330Z","Azure Monitor","canadaeast","NOK","100 GB Commitment Tier Capacity Reservation","100","1/Day","2286.213","2019-11-01T00:00:00.000Z","79.5362","22.8621"
"2023-03-29T15:50:58.330Z","Azure Monitor","canadaeast","NOK","200 GB Commitment Tier Capacity Reservation","200","1/Day","4292.4815","2019-11-01T00:00:00.000Z","187.7553","21.4624"
"2023-03-29T15:50:58.330Z","Azure Monitor","canadaeast","NOK","300 GB Commitment Tier Capacity Reservation","300","1/Day","6298.7501","2019-11-01T00:00:00.000Z","293.4784","20.9958"
"2023-03-29T15:50:58.330Z","Azure Monitor","canadaeast","NOK","400 GB Commitment Tier Capacity Reservation","400","1/Day","8211.7038","2019-11-01T00:00:00.000Z","391.1117","20.5293"
"2023-03-29T15:50:58.330Z","Azure Monitor","canadaeast","NOK","500 GB Commitment Tier Capacity Reservation","500","1/Day","10089.6645","2019-11-01T00:00:00.000Z","491.4763","20.1793"
"2023-03-29T15:50:58.330Z","Azure Monitor","canadaeast","NOK","1000 GB Commitment Tier Capacity Reservation","1000","1/Day","19829.3984","2021-06-01T02:00:00.000Z","982.6604","19.8294"
"2023-03-29T15:50:58.330Z","Azure Monitor","canadaeast","NOK","2000 GB Commitment Tier Capacity Reservation","2000","1/Day","38725.6486","2021-06-01T02:00:00.000Z","1952.941","19.3628"
"2023-03-29T15:50:58.330Z","Azure Monitor","canadaeast","NOK","5000 GB Commitment Tier Capacity Reservation","5000","1/Day","93898.0336","2021-06-01T02:00:00.000Z","4849.4037","18.7796"
"2023-04-12T13:28:34.468Z","Azure Monitor","canadaeast","NOK","Pay-as-you-go Data Ingestion","Pay-as-you-go","1 GB","28.7709","2018-02-01T00:00:00.000Z","0","28.7709"
"2023-04-12T13:28:34.468Z","Azure Monitor","canadaeast","NOK","100 GB Commitment Tier Capacity Reservation","100","1/Day","2288.3314","2019-11-01T00:00:00.000Z","79.5363","22.8833"
"2023-04-12T13:28:34.468Z","Azure Monitor","canadaeast","NOK","200 GB Commitment Tier Capacity Reservation","200","1/Day","4296.4589","2019-11-01T00:00:00.000Z","187.7552","21.4823"
"2023-04-12T13:28:34.468Z","Azure Monitor","canadaeast","NOK","300 GB Commitment Tier Capacity Reservation","300","1/Day","6304.5864","2019-11-01T00:00:00.000Z","293.4782","21.0153"
"2023-04-12T13:28:34.468Z","Azure Monitor","canadaeast","NOK","400 GB Commitment Tier Capacity Reservation","400","1/Day","8219.3126","2019-11-01T00:00:00.000Z","391.1109","20.5483"
"2023-04-12T13:28:34.468Z","Azure Monitor","canadaeast","NOK","500 GB Commitment Tier Capacity Reservation","500","1/Day","10099.0134","2019-11-01T00:00:00.000Z","491.4768","20.198"
"2023-04-12T13:28:34.468Z","Azure Monitor","canadaeast","NOK","1000 GB Commitment Tier Capacity Reservation","1000","1/Day","19847.772","2021-06-01T02:00:00.000Z","982.6603","19.8478"
"2023-04-12T13:28:34.468Z","Azure Monitor","canadaeast","NOK","2000 GB Commitment Tier Capacity Reservation","2000","1/Day","38761.5312","2021-06-01T02:00:00.000Z","1952.9384","19.3808"
"2023-04-12T13:28:34.468Z","Azure Monitor","canadaeast","NOK","5000 GB Commitment Tier Capacity Reservation","5000","1/Day","93985.038","2021-06-01T02:00:00.000Z","4849.389","18.797"
"2023-05-02T08:07:40.927Z","Azure Monitor","canadaeast","NOK","Pay-as-you-go Data Ingestion","Pay-as-you-go","1 GB","29.3169","2018-02-01T00:00:00.000Z","0","29.3169"
"2023-05-02T08:07:40.927Z","Azure Monitor","canadaeast","NOK","100 GB Commitment Tier Capacity Reservation","100","1/Day","2331.7524","2019-11-01T00:00:00.000Z","79.5361","23.3175"
"2023-05-02T08:07:40.927Z","Azure Monitor","canadaeast","NOK","200 GB Commitment Tier Capacity Reservation","200","1/Day","4377.9841","2019-11-01T00:00:00.000Z","187.7553","21.8899"
"2023-05-02T08:07:40.927Z","Azure Monitor","canadaeast","NOK","300 GB Commitment Tier Capacity Reservation","300","1/Day","6424.2158","2019-11-01T00:00:00.000Z","293.4785","21.4141"
"2023-05-02T08:07:40.927Z","Azure Monitor","canadaeast","NOK","400 GB Commitment Tier Capacity Reservation","400","1/Day","8375.274","2019-11-01T00:00:00.000Z","391.1102","20.9382"
"2023-05-02T08:07:40.927Z","Azure Monitor","canadaeast","NOK","500 GB Commitment Tier Capacity Reservation","500","1/Day","10290.642","2019-11-01T00:00:00.000Z","491.4769","20.5813"
"2023-05-02T08:07:40.927Z","Azure Monitor","canadaeast","NOK","1000 GB Commitment Tier Capacity Reservation","1000","1/Day","20224.3832","2021-06-01T02:00:00.000Z","982.6582","20.2244"
"2023-05-02T08:07:40.927Z","Azure Monitor","canadaeast","NOK","2000 GB Commitment Tier Capacity Reservation","2000","1/Day","39497.0307","2021-06-01T02:00:00.000Z","1952.9396","19.7485"
"2023-05-02T08:07:40.927Z","Azure Monitor","canadaeast","NOK","5000 GB Commitment Tier Capacity Reservation","5000","1/Day","95768.4028","2021-06-01T02:00:00.000Z","4849.4014","19.1537"
"2023-06-02T08:07:42.568Z","Azure Monitor","canadaeast","NOK","Pay-as-you-go Data Ingestion","Pay-as-you-go","1 GB","30.5778","2018-02-01T00:00:00.000Z","0","30.5778"
"2023-06-02T08:07:42.568Z","Azure Monitor","canadaeast","NOK","100 GB Commitment Tier Capacity Reservation","100","1/Day","2432.0401","2019-11-01T00:00:00.000Z","79.5361","24.3204"
"2023-06-02T08:07:42.568Z","Azure Monitor","canadaeast","NOK","200 GB Commitment Tier Capacity Reservation","200","1/Day","4566.2794","2019-11-01T00:00:00.000Z","187.7551","22.8314"
"2023-06-02T08:07:42.568Z","Azure Monitor","canadaeast","NOK","300 GB Commitment Tier Capacity Reservation","300","1/Day","6700.5187","2019-11-01T00:00:00.000Z","293.4782","22.3351"
"2023-06-02T08:07:42.568Z","Azure Monitor","canadaeast","NOK","400 GB Commitment Tier Capacity Reservation","400","1/Day","8735.4911","2019-11-01T00:00:00.000Z","391.1105","21.8387"
"2023-06-02T08:07:42.568Z","Azure Monitor","canadaeast","NOK","500 GB Commitment Tier Capacity Reservation","500","1/Day","10733.2383","2019-11-01T00:00:00.000Z","491.4779","21.4665"
"2023-06-02T08:07:42.568Z","Azure Monitor","canadaeast","NOK","1000 GB Commitment Tier Capacity Reservation","1000","1/Day","21094.2256","2021-06-01T02:00:00.000Z","982.6579","21.0942"
"2023-06-02T08:07:42.568Z","Azure Monitor","canadaeast","NOK","2000 GB Commitment Tier Capacity Reservation","2000","1/Day","41195.7818","2021-06-01T02:00:00.000Z","1952.9435","20.5979"
"2023-06-02T08:07:42.568Z","Azure Monitor","canadaeast","NOK","5000 GB Commitment Tier Capacity Reservation","5000","1/Day","99887.3624","2021-06-01T02:00:00.000Z","4849.3954","19.9775"
"2023-07-07T06:09:02.036Z","Azure Monitor","canadaeast","NOK","Pay-as-you-go Data Ingestion","Pay-as-you-go","1 GB","29.8484","2018-02-01T00:00:00.000Z","0","29.8484"
"2023-07-07T06:09:02.036Z","Azure Monitor","canadaeast","NOK","100 GB Commitment Tier Capacity Reservation","100","1/Day","2374.032","2019-11-01T00:00:00.000Z","79.5363","23.7403"
"2023-07-07T06:09:02.036Z","Azure Monitor","canadaeast","NOK","200 GB Commitment Tier Capacity Reservation","200","1/Day","4457.3661","2019-11-01T00:00:00.000Z","187.7553","22.2868"
"2023-07-07T06:09:02.036Z","Azure Monitor","canadaeast","NOK","300 GB Commitment Tier Capacity Reservation","300","1/Day","6540.7003","2019-11-01T00:00:00.000Z","293.4787","21.8023"
"2023-07-07T06:09:02.036Z","Azure Monitor","canadaeast","NOK","400 GB Commitment Tier Capacity Reservation","400","1/Day","8527.1352","2019-11-01T00:00:00.000Z","391.1117","21.3178"
"2023-07-07T06:09:02.036Z","Azure Monitor","canadaeast","NOK","500 GB Commitment Tier Capacity Reservation","500","1/Day","10477.2329","2019-11-01T00:00:00.000Z","491.4781","20.9545"
"2023-07-07T06:09:02.036Z","Azure Monitor","canadaeast","NOK","1000 GB Commitment Tier Capacity Reservation","1000","1/Day","20591.0936","2021-06-01T00:00:00.000Z","982.6574","20.5911"
"2023-07-07T06:09:02.036Z","Azure Monitor","canadaeast","NOK","2000 GB Commitment Tier Capacity Reservation","2000","1/Day","40213.1946","2021-06-01T00:00:00.000Z","1952.9406","20.1066"
"2023-07-07T06:09:02.036Z","Azure Monitor","canadaeast","NOK","5000 GB Commitment Tier Capacity Reservation","5000","1/Day","97504.8844","2021-06-01T00:00:00.000Z","4849.3969","19.501"
"2023-08-01T06:08:30.007Z","Azure Monitor","canadaeast","NOK","Pay-as-you-go Data Ingestion","Pay-as-you-go","1 GB","27.9453","2018-02-01T00:00:00.000Z","0","27.9453"
"2023-08-01T06:08:30.007Z","Azure Monitor","canadaeast","NOK","100 GB Commitment Tier Capacity Reservation","100","1/Day","2222.662","2019-11-01T00:00:00.000Z","79.5362","22.2266"
"2023-08-01T06:08:30.007Z","Azure Monitor","canadaeast","NOK","300 GB Commitment Tier Capacity Reservation","300","1/Day","6123.6605","2019-11-01T00:00:00.000Z","274.7663","20.4122"
"2023-08-01T06:08:30.007Z","Azure Monitor","canadaeast","NOK","400 GB Commitment Tier Capacity Reservation","400","1/Day","7983.4388","2019-11-01T00:00:00.000Z","391.1111","19.9586"
"2023-08-01T06:08:30.007Z","Azure Monitor","canadaeast","NOK","500 GB Commitment Tier Capacity Reservation","500","1/Day","9809.1969","2019-11-01T00:00:00.000Z","491.4772","19.6184"
"2023-08-01T06:08:30.007Z","Azure Monitor","canadaeast","NOK","1000 GB Commitment Tier Capacity Reservation","1000","1/Day","19278.1904","2021-06-01T00:00:00.000Z","982.6586","19.2782"
"2023-08-01T06:08:30.007Z","Azure Monitor","canadaeast","NOK","2000 GB Commitment Tier Capacity Reservation","2000","1/Day","37649.1718","2021-06-01T00:00:00.000Z","1952.9402","18.8246"
"2023-08-01T06:08:30.007Z","Azure Monitor","canadaeast","NOK","5000 GB Commitment Tier Capacity Reservation","5000","1/Day","91287.9016","2021-06-01T00:00:00.000Z","4849.394","18.2576"
"2023-08-02T06:09:03.844Z","Azure Monitor","canadaeast","NOK","200 GB Commitment Tier Capacity Reservation","200","1/Day","4173.1612","2019-11-01T00:00:00.000Z","187.7553","20.8658"
"2023-09-02T06:07:00.316Z","Azure Monitor","canadaeast","NOK","Pay-as-you-go Data Ingestion","Pay-as-you-go","1 GB","29.4656","2018-02-01T00:00:00.000Z","0","29.4656"
"2023-09-02T06:07:00.316Z","Azure Monitor","canadaeast","NOK","100 GB Commitment Tier Capacity Reservation","100","1/Day","2343.5845","2019-11-01T00:00:00.000Z","79.5363","23.4358"
"2023-09-02T06:07:00.316Z","Azure Monitor","canadaeast","NOK","200 GB Commitment Tier Capacity Reservation","200","1/Day","4400.1996","2019-11-01T00:00:00.000Z","187.7555","22.001"
"2023-09-02T06:07:00.316Z","Azure Monitor","canadaeast","NOK","300 GB Commitment Tier Capacity Reservation","300","1/Day","6456.8146","2019-11-01T00:00:00.000Z","293.4782","21.5227"
"2023-09-02T06:07:00.316Z","Azure Monitor","canadaeast","NOK","400 GB Commitment Tier Capacity Reservation","400","1/Day","8417.7731","2019-11-01T00:00:00.000Z","391.1114","21.0444"
"2023-09-02T06:07:00.316Z","Azure Monitor","canadaeast","NOK","500 GB Commitment Tier Capacity Reservation","500","1/Day","10342.8604","2019-11-01T00:00:00.000Z","491.478","20.6857"
"2023-09-02T06:07:00.316Z","Azure Monitor","canadaeast","NOK","1000 GB Commitment Tier Capacity Reservation","1000","1/Day","20327.0088","2021-06-01T00:00:00.000Z","982.6599","20.327"
"2023-09-02T06:07:00.316Z","Azure Monitor","canadaeast","NOK","2000 GB Commitment Tier Capacity Reservation","2000","1/Day","39697.4525","2021-06-01T00:00:00.000Z","1952.942","19.8487"
"2023-09-02T06:07:00.316Z","Azure Monitor","canadaeast","NOK","5000 GB Commitment Tier Capacity Reservation","5000","1/Day","96254.3652","2021-06-01T00:00:00.000Z","4849.404","19.2509"
"2023-10-02T06:08:46.154Z","Azure Monitor","canadaeast","NOK","Pay-as-you-go Data Ingestion","Pay-as-you-go","1 GB","29.6769","2018-02-01T00:00:00.000Z","0","29.6769"
"2023-10-02T06:08:46.154Z","Azure Monitor","canadaeast","NOK","100 GB Commitment Tier Capacity Reservation","100","1/Day","2360.3888","2019-11-01T00:00:00.000Z","79.5362","23.6039"
"2023-10-02T06:08:46.154Z","Azure Monitor","canadaeast","NOK","200 GB Commitment Tier Capacity Reservation","200","1/Day","4431.7504","2019-11-01T00:00:00.000Z","187.755","22.1588"
"2023-10-02T06:08:46.154Z","Azure Monitor","canadaeast","NOK","300 GB Commitment Tier Capacity Reservation","300","1/Day","6503.112","2019-11-01T00:00:00.000Z","293.4776","21.677"
"2023-10-02T06:08:46.154Z","Azure Monitor","canadaeast","NOK","400 GB Commitment Tier Capacity Reservation","400","1/Day","8478.1312","2019-11-01T00:00:00.000Z","391.1118","21.1953"
"2023-10-02T06:08:46.154Z","Azure Monitor","canadaeast","NOK","500 GB Commitment Tier Capacity Reservation","500","1/Day","10417.022","2019-11-01T00:00:00.000Z","491.4779","20.834"
"2023-10-02T06:08:46.154Z","Azure Monitor","canadaeast","NOK","1000 GB Commitment Tier Capacity Reservation","1000","1/Day","20472.76","2021-06-01T00:00:00.000Z","982.661","20.4728"
"2023-10-02T06:08:46.154Z","Azure Monitor","canadaeast","NOK","2000 GB Commitment Tier Capacity Reservation","2000","1/Day","39982.096","2021-06-01T00:00:00.000Z","1952.9374","19.991"
"2023-10-02T06:08:46.154Z","Azure Monitor","canadaeast","NOK","5000 GB Commitment Tier Capacity Reservation","5000","1/Day","96944.54","2021-06-01T00:00:00.000Z","4849.4092","19.3889"
"2023-11-02T06:08:26.681Z","Azure Monitor","canadaeast","NOK","Pay-as-you-go Data Ingestion","Pay-as-you-go","1 GB","30.7855","2018-02-01T00:00:00.000Z","0","30.7855"
"2023-11-02T06:08:26.681Z","Azure Monitor","canadaeast","NOK","100 GB Commitment Tier Capacity Reservation","100","1/Day","2448.559","2019-11-01T00:00:00.000Z","79.5361","24.4856"
"2023-11-02T06:08:26.681Z","Azure Monitor","canadaeast","NOK","200 GB Commitment Tier Capacity Reservation","200","1/Day","4597.2945","2019-11-01T00:00:00.000Z","187.755","22.9865"
"2023-11-02T06:08:26.681Z","Azure Monitor","canadaeast","NOK","300 GB Commitment Tier Capacity Reservation","300","1/Day","6746.0299","2019-11-01T00:00:00.000Z","293.4779","22.4868"
"2023-11-02T06:08:26.681Z","Azure Monitor","canadaeast","NOK","400 GB Commitment Tier Capacity Reservation","400","1/Day","8794.8242","2019-11-01T00:00:00.000Z","391.1105","21.9871"
"2023-11-02T06:08:26.681Z","Azure Monitor","canadaeast","NOK","500 GB Commitment Tier Capacity Reservation","500","1/Day","10806.1405","2019-11-01T00:00:00.000Z","491.4764","21.6123"
"2023-11-02T06:08:26.681Z","Azure Monitor","canadaeast","NOK","1000 GB Commitment Tier Capacity Reservation","1000","1/Day","21237.5016","2021-06-01T00:00:00.000Z","982.6581","21.2375"
"2023-11-02T06:08:26.681Z","Azure Monitor","canadaeast","NOK","2000 GB Commitment Tier Capacity Reservation","2000","1/Day","41475.5914","2021-06-01T00:00:00.000Z","1952.9413","20.7378"
"2023-11-02T06:08:26.681Z","Azure Monitor","canadaeast","NOK","5000 GB Commitment Tier Capacity Reservation","5000","1/Day","100565.8164","2021-06-01T00:00:00.000Z","4849.3966","20.1132"
"2023-12-02T06:07:58.693Z","Azure Monitor","canadaeast","NOK","Pay-as-you-go Data Ingestion","Pay-as-you-go","1 GB","29.3921","2018-02-01T00:00:00.000Z","0","29.3921"
"2023-12-02T06:07:58.693Z","Azure Monitor","canadaeast","NOK","100 GB Commitment Tier Capacity Reservation","100","1/Day","2337.7343","2019-11-01T00:00:00.000Z","79.5361","23.3773"
"2023-12-02T06:07:58.693Z","Azure Monitor","canadaeast","NOK","200 GB Commitment Tier Capacity Reservation","200","1/Day","4389.2155","2019-11-01T00:00:00.000Z","187.7555","21.9461"
"2023-12-02T06:07:58.693Z","Azure Monitor","canadaeast","NOK","300 GB Commitment Tier Capacity Reservation","300","1/Day","6440.6966","2019-11-01T00:00:00.000Z","293.478","21.469"
"2023-12-02T06:07:58.693Z","Azure Monitor","canadaeast","NOK","400 GB Commitment Tier Capacity Reservation","400","1/Day","8396.7601","2019-11-01T00:00:00.000Z","391.1109","20.9919"
"2023-12-02T06:07:58.693Z","Azure Monitor","canadaeast","NOK","500 GB Commitment Tier Capacity Reservation","500","1/Day","10317.0418","2019-11-01T00:00:00.000Z","491.4773","20.6341"
"2023-12-02T06:07:58.693Z","Azure Monitor","canadaeast","NOK","1000 GB Commitment Tier Capacity Reservation","1000","1/Day","20276.2672","2021-06-01T00:00:00.000Z","982.6582","20.2763"
"2023-12-02T06:07:58.693Z","Azure Monitor","canadaeast","NOK","2000 GB Commitment Tier Capacity Reservation","2000","1/Day","39598.3571","2021-06-01T00:00:00.000Z","1952.938","19.7992"
"2023-12-02T06:07:58.693Z","Azure Monitor","canadaeast","NOK","5000 GB Commitment Tier Capacity Reservation","5000","1/Day","96014.0888","2021-06-01T00:00:00.000Z","4849.3923","19.2028"
"2024-01-02T06:08:37.104Z","Azure Monitor","canadaeast","NOK","Pay-as-you-go Data Ingestion","Pay-as-you-go","1 GB","27.8012","2018-02-01T00:00:00.000Z","0","27.8012"
"2024-01-02T06:08:37.104Z","Azure Monitor","canadaeast","NOK","100 GB Commitment Tier Capacity Reservation","100","1/Day","2211.203","2019-11-01T00:00:00.000Z","79.5362","22.112"
"2024-01-02T06:08:37.104Z","Azure Monitor","canadaeast","NOK","200 GB Commitment Tier Capacity Reservation","200","1/Day","4151.6465","2019-11-01T00:00:00.000Z","187.7554","20.7582"
"2024-01-02T06:08:37.104Z","Azure Monitor","canadaeast","NOK","300 GB Commitment Tier Capacity Reservation","300","1/Day","6092.0899","2019-11-01T00:00:00.000Z","293.4787","20.307"
"2024-01-02T06:08:37.104Z","Azure Monitor","canadaeast","NOK","400 GB Commitment Tier Capacity Reservation","400","1/Day","7942.2802","2019-11-01T00:00:00.000Z","391.1105","19.8557"
"2024-01-02T06:08:37.104Z","Azure Monitor","canadaeast","NOK","500 GB Commitment Tier Capacity Reservation","500","1/Day","9758.6255","2019-11-01T00:00:00.000Z","491.4773","19.5173"
"2024-01-02T06:08:37.104Z","Azure Monitor","canadaeast","NOK","1000 GB Commitment Tier Capacity Reservation","1000","1/Day","19178.8016","2021-06-01T00:00:00.000Z","982.6565","19.1788"
"2024-01-02T06:08:37.104Z","Azure Monitor","canadaeast","NOK","2000 GB Commitment Tier Capacity Reservation","2000","1/Day","37455.0714","2021-06-01T00:00:00.000Z","1952.9413","18.7275"
"2024-01-02T06:08:37.104Z","Azure Monitor","canadaeast","NOK","5000 GB Commitment Tier Capacity Reservation","5000","1/Day","90817.2664","2021-06-01T00:00:00.000Z","4849.4068","18.1635"
"2024-02-02T06:08:03.849Z","Azure Monitor","canadaeast","NOK","Pay-as-you-go Data Ingestion","Pay-as-you-go","1 GB","28.8742","2018-02-01T00:00:00.000Z","0","28.8742"
"2024-02-02T06:08:03.849Z","Azure Monitor","canadaeast","NOK","100 GB Commitment Tier Capacity Reservation","100","1/Day","2296.5414","2019-11-01T00:00:00.000Z","79.5361","22.9654"
"2024-02-02T06:08:03.849Z","Azure Monitor","canadaeast","NOK","200 GB Commitment Tier Capacity Reservation","200","1/Day","4311.8737","2019-11-01T00:00:00.000Z","187.7552","21.5594"
"2024-02-02T06:08:03.849Z","Azure Monitor","canadaeast","NOK","300 GB Commitment Tier Capacity Reservation","300","1/Day","6327.2059","2019-11-01T00:00:00.000Z","293.4778","21.0907"
"2024-02-02T06:08:03.849Z","Azure Monitor","canadaeast","NOK","400 GB Commitment Tier Capacity Reservation","400","1/Day","8248.8018","2019-11-01T00:00:00.000Z","391.1109","20.622"
"2024-02-02T06:08:03.849Z","Azure Monitor","canadaeast","NOK","500 GB Commitment Tier Capacity Reservation","500","1/Day","10135.2465","2019-11-01T00:00:00.000Z","491.4774","20.2705"
"2024-02-02T06:08:03.849Z","Azure Monitor","canadaeast","NOK","1000 GB Commitment Tier Capacity Reservation","1000","1/Day","19918.9816","2021-06-01T00:00:00.000Z","982.6586","19.919"
"2024-02-02T06:08:03.849Z","Azure Monitor","canadaeast","NOK","2000 GB Commitment Tier Capacity Reservation","2000","1/Day","38900.5994","2021-06-01T00:00:00.000Z","1952.9394","19.4503"
"2024-02-02T06:08:03.849Z","Azure Monitor","canadaeast","NOK","5000 GB Commitment Tier Capacity Reservation","5000","1/Day","94322.2364","2021-06-01T00:00:00.000Z","4849.3975","18.8644"
"2024-03-02T06:08:20.311Z","Azure Monitor","canadaeast","NOK","Pay-as-you-go Data Ingestion","Pay-as-you-go","1 GB","29.0566","2018-02-01T00:00:00.000Z","0","29.0566"
"2024-03-02T06:08:20.311Z","Azure Monitor","canadaeast","NOK","100 GB Commitment Tier Capacity Reservation","100","1/Day","2311.0517","2019-11-01T00:00:00.000Z","79.5362","23.1105"
"2024-03-02T06:08:20.311Z","Azure Monitor","canadaeast","NOK","200 GB Commitment Tier Capacity Reservation","200","1/Day","4339.1174","2019-11-01T00:00:00.000Z","187.7552","21.6956"
"2024-03-02T06:08:20.311Z","Azure Monitor","canadaeast","NOK","300 GB Commitment Tier Capacity Reservation","300","1/Day","6367.1832","2019-11-01T00:00:00.000Z","293.4781","21.2239"
"2024-03-02T06:08:20.311Z","Azure Monitor","canadaeast","NOK","400 GB Commitment Tier Capacity Reservation","400","1/Day","8300.9203","2019-11-01T00:00:00.000Z","391.1119","20.7523"
"2024-03-02T06:08:20.311Z","Azure Monitor","canadaeast","NOK","500 GB Commitment Tier Capacity Reservation","500","1/Day","10199.2842","2019-11-01T00:00:00.000Z","491.4773","20.3986"
"2024-03-02T06:08:20.311Z","Azure Monitor","canadaeast","NOK","1000 GB Commitment Tier Capacity Reservation","1000","1/Day","20044.836","2021-06-01T00:00:00.000Z","982.6574","20.0448"
"2024-03-02T06:08:20.311Z","Azure Monitor","canadaeast","NOK","2000 GB Commitment Tier Capacity Reservation","2000","1/Day","39146.3856","2021-06-01T00:00:00.000Z","1952.9447","19.5732"
"2024-03-02T06:08:20.311Z","Azure Monitor","canadaeast","NOK","5000 GB Commitment Tier Capacity Reservation","5000","1/Day","94918.194","2021-06-01T00:00:00.000Z","4849.3958","18.9836"
"2024-04-03T09:26:28.723Z","Azure Monitor","canadaeast","NOK","Pay-as-you-go Data Ingestion","Pay-as-you-go","1 GB","29.6614","2018-02-01T00:00:00.000Z","0","29.6614"
"2024-04-03T09:26:28.723Z","Azure Monitor","canadaeast","NOK","100 GB Commitment Tier Capacity Reservation","100","1/Day","2359.1595","2019-11-01T00:00:00.000Z","79.5364","23.5916"
"2024-04-03T09:26:28.723Z","Azure Monitor","canadaeast","NOK","200 GB Commitment Tier Capacity Reservation","200","1/Day","4429.4423","2019-11-01T00:00:00.000Z","187.7551","22.1472"
"2024-04-03T09:26:28.723Z","Azure Monitor","canadaeast","NOK","300 GB Commitment Tier Capacity Reservation","300","1/Day","6499.7251","2019-11-01T00:00:00.000Z","293.4784","21.6658"
"2024-04-03T09:26:28.723Z","Azure Monitor","canadaeast","NOK","400 GB Commitment Tier Capacity Reservation","400","1/Day","8473.7157","2019-11-01T00:00:00.000Z","391.1102","21.1843"
"2024-04-03T09:26:28.723Z","Azure Monitor","canadaeast","NOK","500 GB Commitment Tier Capacity Reservation","500","1/Day","10411.5967","2019-11-01T00:00:00.000Z","491.477","20.8232"
"2024-04-03T09:26:28.723Z","Azure Monitor","canadaeast","NOK","1000 GB Commitment Tier Capacity Reservation","1000","1/Day","20462.0976","2021-06-01T00:00:00.000Z","982.6586","20.4621"
"2024-04-03T09:26:28.723Z","Azure Monitor","canadaeast","NOK","2000 GB Commitment Tier Capacity Reservation","2000","1/Day","39961.273","2021-06-01T00:00:00.000Z","1952.9409","19.9806"
"2024-04-03T09:26:28.723Z","Azure Monitor","canadaeast","NOK","5000 GB Commitment Tier Capacity Reservation","5000","1/Day","96894.0504","2021-06-01T00:00:00.000Z","4849.4064","19.3788"
"2024-05-01T06:09:59.892Z","Azure Monitor","canadaeast","NOK","Pay-as-you-go Data Ingestion","Pay-as-you-go","1 GB","30.4446","2018-02-01T00:00:00.000Z","0","30.4446"
"2024-05-01T06:09:59.892Z","Azure Monitor","canadaeast","NOK","100 GB Commitment Tier Capacity Reservation","100","1/Day","2421.4483","2019-11-01T00:00:00.000Z","79.5362","24.2145"
"2024-05-01T06:09:59.892Z","Azure Monitor","canadaeast","NOK","200 GB Commitment Tier Capacity Reservation","200","1/Day","4546.3927","2019-11-01T00:00:00.000Z","187.755","22.732"
"2024-05-01T06:09:59.892Z","Azure Monitor","canadaeast","NOK","300 GB Commitment Tier Capacity Reservation","300","1/Day","6671.3371","2019-11-01T00:00:00.000Z","293.4778","22.2378"
"2024-05-01T06:09:59.892Z","Azure Monitor","canadaeast","NOK","400 GB Commitment Tier Capacity Reservation","400","1/Day","8697.4469","2019-11-01T00:00:00.000Z","391.1109","21.7436"
"2024-05-01T06:09:59.892Z","Azure Monitor","canadaeast","NOK","500 GB Commitment Tier Capacity Reservation","500","1/Day","10686.4937","2019-11-01T00:00:00.000Z","491.4777","21.373"
"2024-05-01T06:09:59.892Z","Azure Monitor","canadaeast","NOK","1000 GB Commitment Tier Capacity Reservation","1000","1/Day","21002.3576","2021-06-01T00:00:00.000Z","982.6584","21.0024"
"2024-05-01T06:09:59.892Z","Azure Monitor","canadaeast","NOK","2000 GB Commitment Tier Capacity Reservation","2000","1/Day","41016.369","2021-06-01T00:00:00.000Z","1952.9372","20.5082"
"2024-05-01T06:09:59.892Z","Azure Monitor","canadaeast","NOK","5000 GB Commitment Tier Capacity Reservation","5000","1/Day","99452.3404","2021-06-01T00:00:00.000Z","4849.3939","19.8905"
"2024-06-02T06:10:06.668Z","Azure Monitor","canadaeast","NOK","Pay-as-you-go Data Ingestion","Pay-as-you-go","1 GB","29.1518","2018-02-01T00:00:00.000Z","0","29.1518"
"2024-06-02T06:10:06.668Z","Azure Monitor","canadaeast","NOK","100 GB Commitment Tier Capacity Reservation","100","1/Day","2318.6251","2019-11-01T00:00:00.000Z","79.5363","23.1863"
"2024-06-02T06:10:06.668Z","Azure Monitor","canadaeast","NOK","200 GB Commitment Tier Capacity Reservation","200","1/Day","4353.337","2019-11-01T00:00:00.000Z","187.7547","21.7667"
"2024-06-02T06:10:06.668Z","Azure Monitor","canadaeast","NOK","300 GB Commitment Tier Capacity Reservation","300","1/Day","6388.0488","2019-11-01T00:00:00.000Z","293.4781","21.2935"
"2024-06-02T06:10:06.668Z","Azure Monitor","canadaeast","NOK","400 GB Commitment Tier Capacity Reservation","400","1/Day","8328.1229","2019-11-01T00:00:00.000Z","391.111","20.8203"
"2024-06-02T06:10:06.668Z","Azure Monitor","canadaeast","NOK","500 GB Commitment Tier Capacity Reservation","500","1/Day","10232.7078","2019-11-01T00:00:00.000Z","491.4774","20.4654"
"2024-06-02T06:10:06.668Z","Azure Monitor","canadaeast","NOK","1000 GB Commitment Tier Capacity Reservation","1000","1/Day","20110.524","2021-06-01T00:00:00.000Z","982.6597","20.1105"
"2024-06-02T06:10:06.668Z","Azure Monitor","canadaeast","NOK","2000 GB Commitment Tier Capacity Reservation","2000","1/Day","39274.6704","2021-06-01T00:00:00.000Z","1952.9435","19.6373"
"2024-06-02T06:10:06.668Z","Azure Monitor","canadaeast","NOK","5000 GB Commitment Tier Capacity Reservation","5000","1/Day","95229.246","2021-06-01T00:00:00.000Z","4849.4063","19.0458"
"2024-07-01T06:11:21.244Z","Azure Monitor","canadaeast","NOK","Pay-as-you-go Data Ingestion","Pay-as-you-go","1 GB","29.4655","2018-02-01T00:00:00.000Z","0","29.4655"
"2024-07-01T06:11:21.244Z","Azure Monitor","canadaeast","NOK","100 GB Commitment Tier Capacity Reservation","100","1/Day","2343.5736","2019-11-01T00:00:00.000Z","79.5362","23.4357"
"2024-07-01T06:11:21.244Z","Azure Monitor","canadaeast","NOK","200 GB Commitment Tier Capacity Reservation","200","1/Day","4400.1789","2019-11-01T00:00:00.000Z","187.7554","22.0009"
"2024-07-01T06:11:21.244Z","Azure Monitor","canadaeast","NOK","300 GB Commitment Tier Capacity Reservation","300","1/Day","6456.7843","2019-11-01T00:00:00.000Z","293.4782","21.5226"
"2024-07-01T06:11:21.244Z","Azure Monitor","canadaeast","NOK","400 GB Commitment Tier Capacity Reservation","400","1/Day","8417.7336","2019-11-01T00:00:00.000Z","391.1114","21.0443"
"2024-07-01T06:11:21.244Z","Azure Monitor","canadaeast","NOK","500 GB Commitment Tier Capacity Reservation","500","1/Day","10342.8119","2019-11-01T00:00:00.000Z","491.4781","20.6856"
"2024-07-01T06:11:21.244Z","Azure Monitor","canadaeast","NOK","1000 GB Commitment Tier Capacity Reservation","1000","1/Day","20326.9136","2021-06-01T00:00:00.000Z","982.6601","20.3269"
"2024-07-01T06:11:21.244Z","Azure Monitor","canadaeast","NOK","2000 GB Commitment Tier Capacity Reservation","2000","1/Day","39697.2666","2021-06-01T00:00:00.000Z","1952.9425","19.8486"
"2024-07-01T06:11:21.244Z","Azure Monitor","canadaeast","NOK","5000 GB Commitment Tier Capacity Reservation","5000","1/Day","96253.9144","2021-06-01T00:00:00.000Z","4849.4057","19.2508"
"2024-08-02T06:11:10.559Z","Azure Monitor","canadaeast","NOK","Pay-as-you-go Data Ingestion","Pay-as-you-go","1 GB","30.3675","2018-02-01T00:00:00.000Z","0","30.3675"
"2024-08-02T06:11:10.559Z","Azure Monitor","canadaeast","NOK","100 GB Commitment Tier Capacity Reservation","100","1/Day","2415.3127","2019-11-01T00:00:00.000Z","79.5361","24.1531"
"2024-08-02T06:11:10.559Z","Azure Monitor","canadaeast","NOK","200 GB Commitment Tier Capacity Reservation","200","1/Day","4534.8728","2019-11-01T00:00:00.000Z","187.7553","22.6744"
"2024-08-02T06:11:10.559Z","Azure Monitor","canadaeast","NOK","300 GB Commitment Tier Capacity Reservation","300","1/Day","6654.433","2019-11-01T00:00:00.000Z","293.4778","22.1814"
"2024-08-02T06:11:10.559Z","Azure Monitor","canadaeast","NOK","400 GB Commitment Tier Capacity Reservation","400","1/Day","8675.4089","2019-11-01T00:00:00.000Z","391.1119","21.6885"
"2024-08-02T06:11:10.559Z","Azure Monitor","canadaeast","NOK","500 GB Commitment Tier Capacity Reservation","500","1/Day","10659.4158","2019-11-01T00:00:00.000Z","491.4778","21.3188"
"2024-08-02T06:11:10.559Z","Azure Monitor","canadaeast","NOK","1000 GB Commitment Tier Capacity Reservation","1000","1/Day","20949.1408","2021-06-01T00:00:00.000Z","982.6604","20.9491"
"2024-08-02T06:11:10.559Z","Azure Monitor","canadaeast","NOK","2000 GB Commitment Tier Capacity Reservation","2000","1/Day","40912.4397","2021-06-01T00:00:00.000Z","1952.9450","20.4562"
"2024-08-02T06:11:10.559Z","Azure Monitor","canadaeast","NOK","5000 GB Commitment Tier Capacity Reservation","5000","1/Day","99200.3432","2021-06-01T00:00:00.000Z","4849.4023","19.8401"
