"TimeGenerated","ServiceName","ArmRegionName","CurrencyCode","MeterName","Tier","UnitOfMeasure","RetailPrice","EffectiveStartDate","EffectiveCommitmentTierThresholdGB","EffectivePricePerGB"
"2023-03-29T15:50:58.330Z","Azure Monitor","centralus","AUD","Pay-as-you-go Data Ingestion","Pay-as-you-go","1 GB","4.1059","2018-02-01T00:00:00.000Z","0","4.1059"
"2023-03-29T15:50:58.330Z","Azure Monitor","centralus","AUD","100 GB Commitment Tier Capacity Reservation","100","1/Day","326.5695","2019-11-01T00:00:00.000Z","79.5366","3.2657"
"2023-03-29T15:50:58.330Z","Azure Monitor","centralus","AUD","200 GB Commitment Tier Capacity Reservation","200","1/Day","613.1508","2019-11-01T00:00:00.000Z","187.7548","3.0658"
"2023-03-29T15:50:58.330Z","Azure Monitor","centralus","AUD","300 GB Commitment Tier Capacity Reservation","300","1/Day","899.7322","2019-11-01T00:00:00.000Z","293.4739","2.9991"
"2023-03-29T15:50:58.330Z","Azure Monitor","centralus","AUD","400 GB Commitment Tier Capacity Reservation","400","1/Day","1172.9842","2019-11-01T00:00:00.000Z","391.1121","2.9325"
"2023-03-29T15:50:58.330Z","Azure Monitor","centralus","AUD","500 GB Commitment Tier Capacity Reservation","500","1/Day","1441.2377","2019-11-01T00:00:00.000Z","491.4707","2.8825"
"2023-03-29T15:50:58.330Z","Azure Monitor","centralus","AUD","1000 GB Commitment Tier Capacity Reservation","1000","1/Day","2832.4903","2021-06-01T02:00:00.000Z","982.6506","2.8325"
"2023-03-29T15:50:58.330Z","Azure Monitor","centralus","AUD","2000 GB Commitment Tier Capacity Reservation","2000","1/Day","5531.687","2021-06-01T02:00:00.000Z","1952.9345","2.7658"
"2023-03-29T15:50:58.330Z","Azure Monitor","centralus","AUD","5000 GB Commitment Tier Capacity Reservation","5000","1/Day","13412.6748","2021-06-01T02:00:00.000Z","4849.4739","2.6825"
"2023-04-12T13:28:34.468Z","Azure Monitor","centralus","AUD","Pay-as-you-go Data Ingestion","Pay-as-you-go","1 GB","4.1296","2018-02-01T00:00:00.000Z","0","4.1296"
"2023-04-12T13:28:34.468Z","Azure Monitor","centralus","AUD","100 GB Commitment Tier Capacity Reservation","100","1/Day","328.4507","2019-11-01T00:00:00.000Z","79.5357","3.2845"
"2023-04-12T13:28:34.468Z","Azure Monitor","centralus","AUD","200 GB Commitment Tier Capacity Reservation","200","1/Day","616.6829","2019-11-01T00:00:00.000Z","187.7555","3.0834"
"2023-04-12T13:28:34.468Z","Azure Monitor","centralus","AUD","300 GB Commitment Tier Capacity Reservation","300","1/Day","904.9151","2019-11-01T00:00:00.000Z","293.4796","3.0164"
"2023-04-12T13:28:34.468Z","Azure Monitor","centralus","AUD","400 GB Commitment Tier Capacity Reservation","400","1/Day","1179.7412","2019-11-01T00:00:00.000Z","391.109","2.9494"
"2023-04-12T13:28:34.468Z","Azure Monitor","centralus","AUD","500 GB Commitment Tier Capacity Reservation","500","1/Day","1449.5399","2019-11-01T00:00:00.000Z","491.4694","2.8991"
"2023-04-12T13:28:34.468Z","Azure Monitor","centralus","AUD","1000 GB Commitment Tier Capacity Reservation","1000","1/Day","2848.8068","2021-06-01T02:00:00.000Z","982.6521","2.8488"
"2023-04-12T13:28:34.468Z","Azure Monitor","centralus","AUD","2000 GB Commitment Tier Capacity Reservation","2000","1/Day","5563.552","2021-06-01T02:00:00.000Z","1952.9458","2.7818"
"2023-04-12T13:28:34.468Z","Azure Monitor","centralus","AUD","5000 GB Commitment Tier Capacity Reservation","5000","1/Day","13489.9379","2021-06-01T02:00:00.000Z","4849.3558","2.698"
"2023-05-02T08:07:40.927Z","Azure Monitor","centralus","AUD","Pay-as-you-go Data Ingestion","Pay-as-you-go","1 GB","4.1764","2018-02-01T00:00:00.000Z","0","4.1764"
"2023-05-02T08:07:40.927Z","Azure Monitor","centralus","AUD","100 GB Commitment Tier Capacity Reservation","100","1/Day","332.1783","2019-11-01T00:00:00.000Z","79.537","3.3218"
"2023-05-02T08:07:40.927Z","Azure Monitor","centralus","AUD","200 GB Commitment Tier Capacity Reservation","200","1/Day","623.6816","2019-11-01T00:00:00.000Z","187.7541","3.1184"
"2023-05-02T08:07:40.927Z","Azure Monitor","centralus","AUD","300 GB Commitment Tier Capacity Reservation","300","1/Day","915.185","2019-11-01T00:00:00.000Z","293.479","3.0506"
"2023-05-02T08:07:40.927Z","Azure Monitor","centralus","AUD","400 GB Commitment Tier Capacity Reservation","400","1/Day","1193.1301","2019-11-01T00:00:00.000Z","391.1133","2.9828"
"2023-05-02T08:07:40.927Z","Azure Monitor","centralus","AUD","500 GB Commitment Tier Capacity Reservation","500","1/Day","1465.9908","2019-11-01T00:00:00.000Z","491.4814","2.932"
"2023-05-02T08:07:40.927Z","Azure Monitor","centralus","AUD","1000 GB Commitment Tier Capacity Reservation","1000","1/Day","2881.1379","2021-06-01T02:00:00.000Z","982.6528","2.8811"
"2023-05-02T08:07:40.927Z","Azure Monitor","centralus","AUD","2000 GB Commitment Tier Capacity Reservation","2000","1/Day","5626.6929","2021-06-01T02:00:00.000Z","1952.9669","2.8133"
"2023-05-02T08:07:40.927Z","Azure Monitor","centralus","AUD","5000 GB Commitment Tier Capacity Reservation","5000","1/Day","13643.0355","2021-06-01T02:00:00.000Z","4849.4777","2.7286"
"2023-06-02T08:07:42.568Z","Azure Monitor","centralus","AUD","Pay-as-you-go Data Ingestion","Pay-as-you-go","1 GB","4.2413","2018-02-01T00:00:00.000Z","0","4.2413"
"2023-06-02T08:07:42.568Z","Azure Monitor","centralus","AUD","100 GB Commitment Tier Capacity Reservation","100","1/Day","337.3338","2019-11-01T00:00:00.000Z","79.5355","3.3733"
"2023-06-02T08:07:42.568Z","Azure Monitor","centralus","AUD","200 GB Commitment Tier Capacity Reservation","200","1/Day","633.3615","2019-11-01T00:00:00.000Z","187.7572","3.1668"
"2023-06-02T08:07:42.568Z","Azure Monitor","centralus","AUD","300 GB Commitment Tier Capacity Reservation","300","1/Day","929.3892","2019-11-01T00:00:00.000Z","293.479","3.098"
"2023-06-02T08:07:42.568Z","Azure Monitor","centralus","AUD","400 GB Commitment Tier Capacity Reservation","400","1/Day","1211.6481","2019-11-01T00:00:00.000Z","391.1066","3.0291"
"2023-06-02T08:07:42.568Z","Azure Monitor","centralus","AUD","500 GB Commitment Tier Capacity Reservation","500","1/Day","1488.7438","2019-11-01T00:00:00.000Z","491.4806","2.9775"
"2023-06-02T08:07:42.568Z","Azure Monitor","centralus","AUD","1000 GB Commitment Tier Capacity Reservation","1000","1/Day","2925.8548","2021-06-01T02:00:00.000Z","982.6548","2.9259"
"2023-06-02T08:07:42.568Z","Azure Monitor","centralus","AUD","2000 GB Commitment Tier Capacity Reservation","2000","1/Day","5714.0223","2021-06-01T02:00:00.000Z","1952.911","2.857"
"2023-06-02T08:07:42.568Z","Azure Monitor","centralus","AUD","5000 GB Commitment Tier Capacity Reservation","5000","1/Day","13854.7829","2021-06-01T02:00:00.000Z","4849.4165","2.771"
"2023-07-07T06:09:02.036Z","Azure Monitor","centralus","AUD","Pay-as-you-go Data Ingestion","Pay-as-you-go","1 GB","4.1815","2018-02-01T00:00:00.000Z","0","4.1815"
"2023-07-07T06:09:02.036Z","Azure Monitor","centralus","AUD","100 GB Commitment Tier Capacity Reservation","100","1/Day","332.5809","2019-11-01T00:00:00.000Z","79.5363","3.3258"
"2023-07-07T06:09:02.036Z","Azure Monitor","centralus","AUD","200 GB Commitment Tier Capacity Reservation","200","1/Day","624.4375","2019-11-01T00:00:00.000Z","187.7556","3.1222"
"2023-07-07T06:09:02.036Z","Azure Monitor","centralus","AUD","300 GB Commitment Tier Capacity Reservation","300","1/Day","916.2942","2019-11-01T00:00:00.000Z","293.4771","3.0543"
"2023-07-07T06:09:02.036Z","Azure Monitor","centralus","AUD","400 GB Commitment Tier Capacity Reservation","400","1/Day","1194.5762","2019-11-01T00:00:00.000Z","391.1129","2.9864"
"2023-07-07T06:09:02.036Z","Azure Monitor","centralus","AUD","500 GB Commitment Tier Capacity Reservation","500","1/Day","1467.7676","2019-11-01T00:00:00.000Z","491.4839","2.9355"
"2023-07-07T06:09:02.036Z","Azure Monitor","centralus","AUD","1000 GB Commitment Tier Capacity Reservation","1000","1/Day","2884.63","2021-06-01T00:00:00.000Z","982.6708","2.8846"
"2023-07-07T06:09:02.036Z","Azure Monitor","centralus","AUD","2000 GB Commitment Tier Capacity Reservation","2000","1/Day","5633.5126","2021-06-01T00:00:00.000Z","1952.9615","2.8168"
"2023-07-07T06:09:02.036Z","Azure Monitor","centralus","AUD","5000 GB Commitment Tier Capacity Reservation","5000","1/Day","13659.5712","2021-06-01T00:00:00.000Z","4849.3224","2.7319"
"2023-08-01T06:08:30.007Z","Azure Monitor","centralus","AUD","5000 GB Commitment Tier Capacity Reservation","5000","1/Day","13401.7094","2021-06-01T00:00:00.000Z","4757.7781","2.6803"
"2023-08-02T06:09:03.844Z","Azure Monitor","centralus","AUD","Pay-as-you-go Data Ingestion","Pay-as-you-go","1 GB","4.1026","2018-02-01T00:00:00.000Z","0","4.1026"
"2023-08-02T06:09:03.844Z","Azure Monitor","centralus","AUD","100 GB Commitment Tier Capacity Reservation","100","1/Day","326.3025","2019-11-01T00:00:00.000Z","79.5355","3.263"
"2023-08-02T06:09:03.844Z","Azure Monitor","centralus","AUD","200 GB Commitment Tier Capacity Reservation","200","1/Day","612.6496","2019-11-01T00:00:00.000Z","187.7565","3.0632"
"2023-08-02T06:09:03.844Z","Azure Monitor","centralus","AUD","300 GB Commitment Tier Capacity Reservation","300","1/Day","898.9967","2019-11-01T00:00:00.000Z","293.4829","2.9967"
"2023-08-02T06:09:03.844Z","Azure Monitor","centralus","AUD","400 GB Commitment Tier Capacity Reservation","400","1/Day","1172.0253","2019-11-01T00:00:00.000Z","391.1053","2.9301"
"2023-08-02T06:09:03.844Z","Azure Monitor","centralus","AUD","500 GB Commitment Tier Capacity Reservation","500","1/Day","1440.0595","2019-11-01T00:00:00.000Z","491.4711","2.8801"
"2023-08-02T06:09:03.844Z","Azure Monitor","centralus","AUD","1000 GB Commitment Tier Capacity Reservation","1000","1/Day","2830.1747","2021-06-01T00:00:00.000Z","982.6654","2.8302"
"2023-08-02T06:09:03.844Z","Azure Monitor","centralus","AUD","2000 GB Commitment Tier Capacity Reservation","2000","1/Day","5527.1646","2021-06-01T00:00:00.000Z","1952.9237","2.7636"
"2023-09-02T06:07:00.316Z","Azure Monitor","centralus","AUD","Pay-as-you-go Data Ingestion","Pay-as-you-go","1 GB","4.2847","2018-02-01T00:00:00.000Z","0","4.2847"
"2023-09-02T06:07:00.316Z","Azure Monitor","centralus","AUD","100 GB Commitment Tier Capacity Reservation","100","1/Day","340.7902","2019-11-01T00:00:00.000Z","79.5365","3.4079"
"2023-09-02T06:07:00.316Z","Azure Monitor","centralus","AUD","200 GB Commitment Tier Capacity Reservation","200","1/Day","639.851","2019-11-01T00:00:00.000Z","187.7552","3.1993"
"2023-09-02T06:07:00.316Z","Azure Monitor","centralus","AUD","300 GB Commitment Tier Capacity Reservation","300","1/Day","938.9117","2019-11-01T00:00:00.000Z","293.4741","3.1297"
"2023-09-02T06:07:00.316Z","Azure Monitor","centralus","AUD","400 GB Commitment Tier Capacity Reservation","400","1/Day","1224.0627","2019-11-01T00:00:00.000Z","391.1118","3.0602"
"2023-09-02T06:07:00.316Z","Azure Monitor","centralus","AUD","500 GB Commitment Tier Capacity Reservation","500","1/Day","1503.9975","2019-11-01T00:00:00.000Z","491.4703","3.008"
"2023-09-02T06:07:00.316Z","Azure Monitor","centralus","AUD","1000 GB Commitment Tier Capacity Reservation","1000","1/Day","2955.8333","2021-06-01T00:00:00.000Z","982.6573","2.9558"
"2023-09-02T06:07:00.316Z","Azure Monitor","centralus","AUD","2000 GB Commitment Tier Capacity Reservation","2000","1/Day","5772.5685","2021-06-01T00:00:00.000Z","1952.9632","2.8863"
"2023-09-02T06:07:00.316Z","Azure Monitor","centralus","AUD","5000 GB Commitment Tier Capacity Reservation","5000","1/Day","13996.7399","2021-06-01T00:00:00.000Z","4849.3711","2.7993"
"2023-10-02T06:08:46.154Z","Azure Monitor","centralus","AUD","Pay-as-you-go Data Ingestion","Pay-as-you-go","1 GB","4.3281","2018-02-01T00:00:00.000Z","0","4.3281"
"2023-10-02T06:08:46.154Z","Azure Monitor","centralus","AUD","100 GB Commitment Tier Capacity Reservation","100","1/Day","344.2371","2019-11-01T00:00:00.000Z","79.5354","3.4424"
"2023-10-02T06:08:46.154Z","Azure Monitor","centralus","AUD","200 GB Commitment Tier Capacity Reservation","200","1/Day","646.3227","2019-11-01T00:00:00.000Z","187.7535","3.2316"
"2023-10-02T06:08:46.154Z","Azure Monitor","centralus","AUD","300 GB Commitment Tier Capacity Reservation","300","1/Day","948.4083","2019-11-01T00:00:00.000Z","293.4795","3.1614"
"2023-10-02T06:08:46.154Z","Azure Monitor","centralus","AUD","400 GB Commitment Tier Capacity Reservation","400","1/Day","1236.4435","2019-11-01T00:00:00.000Z","391.1063","3.0911"
"2023-10-02T06:08:46.154Z","Azure Monitor","centralus","AUD","500 GB Commitment Tier Capacity Reservation","500","1/Day","1519.2097","2019-11-01T00:00:00.000Z","491.4787","3.0384"
"2023-10-02T06:08:46.154Z","Azure Monitor","centralus","AUD","1000 GB Commitment Tier Capacity Reservation","1000","1/Day","2985.73","2021-06-01T00:00:00.000Z","982.6652","2.9857"
"2023-10-02T06:08:46.154Z","Azure Monitor","centralus","AUD","2000 GB Commitment Tier Capacity Reservation","2000","1/Day","5830.955","2021-06-01T00:00:00.000Z","1952.9608","2.9155"
"2023-10-02T06:08:46.154Z","Azure Monitor","centralus","AUD","5000 GB Commitment Tier Capacity Reservation","5000","1/Day","14138.3095","2021-06-01T00:00:00.000Z","4849.3601","2.8277"
"2023-11-01T06:08:41.407Z","Azure Monitor","centralus","AUD","Pay-as-you-go Data Ingestion","Pay-as-you-go","1 GB","4.3461","2018-02-01T00:00:00.000Z","0","4.3461"
"2023-11-01T06:08:41.407Z","Azure Monitor","centralus","AUD","100 GB Commitment Tier Capacity Reservation","100","1/Day","345.6736","2019-11-01T00:00:00.000Z","79.5365","3.4567"
"2023-11-01T06:08:41.407Z","Azure Monitor","centralus","AUD","200 GB Commitment Tier Capacity Reservation","200","1/Day","649.0198","2019-11-01T00:00:00.000Z","187.7571","3.2451"
"2023-11-01T06:08:41.407Z","Azure Monitor","centralus","AUD","300 GB Commitment Tier Capacity Reservation","300","1/Day","952.366","2019-11-01T00:00:00.000Z","293.4782","3.1746"
"2023-11-01T06:08:41.407Z","Azure Monitor","centralus","AUD","400 GB Commitment Tier Capacity Reservation","400","1/Day","1241.603","2019-11-01T00:00:00.000Z","391.1053","3.104"
"2023-11-01T06:08:41.407Z","Azure Monitor","centralus","AUD","500 GB Commitment Tier Capacity Reservation","500","1/Day","1525.5492","2019-11-01T00:00:00.000Z","491.4785","3.0511"
"2023-11-01T06:08:41.407Z","Azure Monitor","centralus","AUD","1000 GB Commitment Tier Capacity Reservation","1000","1/Day","2998.1891","2021-06-01T00:00:00.000Z","982.6584","2.9982"
"2023-11-01T06:08:41.407Z","Azure Monitor","centralus","AUD","2000 GB Commitment Tier Capacity Reservation","2000","1/Day","5855.287","2021-06-01T00:00:00.000Z","1952.9341","2.9276"
"2023-11-01T06:08:41.407Z","Azure Monitor","centralus","AUD","5000 GB Commitment Tier Capacity Reservation","5000","1/Day","14197.3073","2021-06-01T00:00:00.000Z","4849.4696","2.8395"
"2023-12-02T06:07:58.693Z","Azure Monitor","centralus","AUD","Pay-as-you-go Data Ingestion","Pay-as-you-go","1 GB","4.1557","2018-02-01T00:00:00.000Z","0","4.1557"
"2023-12-02T06:07:58.693Z","Azure Monitor","centralus","AUD","100 GB Commitment Tier Capacity Reservation","100","1/Day","330.5277","2019-11-01T00:00:00.000Z","79.536","3.3053"
"2023-12-02T06:07:58.693Z","Azure Monitor","centralus","AUD","200 GB Commitment Tier Capacity Reservation","200","1/Day","620.5827","2019-11-01T00:00:00.000Z","187.7538","3.1029"
"2023-12-02T06:07:58.693Z","Azure Monitor","centralus","AUD","300 GB Commitment Tier Capacity Reservation","300","1/Day","910.6377","2019-11-01T00:00:00.000Z","293.4796","3.0355"
"2023-12-02T06:07:58.693Z","Azure Monitor","centralus","AUD","400 GB Commitment Tier Capacity Reservation","400","1/Day","1187.2017","2019-11-01T00:00:00.000Z","391.1058","2.968"
"2023-12-02T06:07:58.693Z","Azure Monitor","centralus","AUD","500 GB Commitment Tier Capacity Reservation","500","1/Day","1458.7066","2019-11-01T00:00:00.000Z","491.478","2.9174"
"2023-12-02T06:07:58.693Z","Azure Monitor","centralus","AUD","1000 GB Commitment Tier Capacity Reservation","1000","1/Day","2866.8223","2021-06-01T00:00:00.000Z","982.6634","2.8668"
"2023-12-02T06:07:58.693Z","Azure Monitor","centralus","AUD","2000 GB Commitment Tier Capacity Reservation","2000","1/Day","5598.7352","2021-06-01T00:00:00.000Z","1952.9563","2.7994"
"2023-12-02T06:07:58.693Z","Azure Monitor","centralus","AUD","5000 GB Commitment Tier Capacity Reservation","5000","1/Day","13575.2466","2021-06-01T00:00:00.000Z","4849.3415","2.715"
"2024-01-01T06:09:20.544Z","Azure Monitor","centralus","AUD","Pay-as-you-go Data Ingestion","Pay-as-you-go","1 GB","4.0295","2018-02-01T00:00:00.000Z","0","4.0295"
"2024-01-01T06:09:20.544Z","Azure Monitor","centralus","AUD","100 GB Commitment Tier Capacity Reservation","100","1/Day","320.4905","2019-11-01T00:00:00.000Z","79.536","3.2049"
"2024-01-01T06:09:20.544Z","Azure Monitor","centralus","AUD","200 GB Commitment Tier Capacity Reservation","200","1/Day","601.7374","2019-11-01T00:00:00.000Z","187.7554","3.0087"
"2024-01-01T06:09:20.544Z","Azure Monitor","centralus","AUD","300 GB Commitment Tier Capacity Reservation","300","1/Day","882.9842","2019-11-01T00:00:00.000Z","293.477","2.9433"
"2024-01-01T06:09:20.544Z","Azure Monitor","centralus","AUD","400 GB Commitment Tier Capacity Reservation","400","1/Day","1151.1497","2019-11-01T00:00:00.000Z","391.1085","2.8779"
"2024-01-01T06:09:20.544Z","Azure Monitor","centralus","AUD","500 GB Commitment Tier Capacity Reservation","500","1/Day","1414.4098","2019-11-01T00:00:00.000Z","491.4729","2.8288"
"2024-01-01T06:09:20.544Z","Azure Monitor","centralus","AUD","1000 GB Commitment Tier Capacity Reservation","1000","1/Day","2779.7649","2021-06-01T00:00:00.000Z","982.6658","2.7798"
"2024-01-01T06:09:20.544Z","Azure Monitor","centralus","AUD","2000 GB Commitment Tier Capacity Reservation","2000","1/Day","5428.7174","2021-06-01T00:00:00.000Z","1952.9165","2.7144"
"2024-01-01T06:09:20.544Z","Azure Monitor","centralus","AUD","5000 GB Commitment Tier Capacity Reservation","5000","1/Day","13163.0046","2021-06-01T00:00:00.000Z","4849.3238","2.6326"
"2024-02-02T06:08:03.849Z","Azure Monitor","centralus","AUD","Pay-as-you-go Data Ingestion","Pay-as-you-go","1 GB","4.1866","2018-02-01T00:00:00.000Z","0","4.1866"
"2024-02-02T06:08:03.849Z","Azure Monitor","centralus","AUD","100 GB Commitment Tier Capacity Reservation","100","1/Day","332.9845","2019-11-01T00:00:00.000Z","79.5358","3.3298"
"2024-02-02T06:08:03.849Z","Azure Monitor","centralus","AUD","200 GB Commitment Tier Capacity Reservation","200","1/Day","625.1953","2019-11-01T00:00:00.000Z","187.7576","3.126"
"2024-02-02T06:08:03.849Z","Azure Monitor","centralus","AUD","300 GB Commitment Tier Capacity Reservation","300","1/Day","917.4061","2019-11-01T00:00:00.000Z","293.476","3.058"
"2024-02-02T06:08:03.849Z","Azure Monitor","centralus","AUD","400 GB Commitment Tier Capacity Reservation","400","1/Day","1196.0258","2019-11-01T00:00:00.000Z","391.1137","2.9901"
"2024-02-02T06:08:03.849Z","Azure Monitor","centralus","AUD","500 GB Commitment Tier Capacity Reservation","500","1/Day","1469.5487","2019-11-01T00:00:00.000Z","491.4714","2.9391"
"2024-02-02T06:08:03.849Z","Azure Monitor","centralus","AUD","1000 GB Commitment Tier Capacity Reservation","1000","1/Day","2888.1305","2021-06-01T00:00:00.000Z","982.6581","2.8881"
"2024-02-02T06:08:03.849Z","Azure Monitor","centralus","AUD","2000 GB Commitment Tier Capacity Reservation","2000","1/Day","5640.3489","2021-06-01T00:00:00.000Z","1952.9618","2.8202"
"2024-02-02T06:08:03.849Z","Azure Monitor","centralus","AUD","5000 GB Commitment Tier Capacity Reservation","5000","1/Day","13676.1471","2021-06-01T00:00:00.000Z","4849.3536","2.7352"
"2024-03-02T06:08:20.311Z","Azure Monitor","centralus","AUD","Pay-as-you-go Data Ingestion","Pay-as-you-go","1 GB","4.216","2018-02-01T00:00:00.000Z","0","4.216"
"2024-03-02T06:08:20.311Z","Azure Monitor","centralus","AUD","100 GB Commitment Tier Capacity Reservation","100","1/Day","335.3242","2019-11-01T00:00:00.000Z","79.5361","3.3532"
"2024-03-02T06:08:20.311Z","Azure Monitor","centralus","AUD","200 GB Commitment Tier Capacity Reservation","200","1/Day","629.5883","2019-11-01T00:00:00.000Z","187.7575","3.1479"
"2024-03-02T06:08:20.311Z","Azure Monitor","centralus","AUD","300 GB Commitment Tier Capacity Reservation","300","1/Day","923.8524","2019-11-01T00:00:00.000Z","293.4821","3.0795"
"2024-03-02T06:08:20.311Z","Azure Monitor","centralus","AUD","400 GB Commitment Tier Capacity Reservation","400","1/Day","1204.4298","2019-11-01T00:00:00.000Z","391.1121","3.0111"
"2024-03-02T06:08:20.311Z","Azure Monitor","centralus","AUD","500 GB Commitment Tier Capacity Reservation","500","1/Day","1479.8747","2019-11-01T00:00:00.000Z","491.4731","2.9597"
"2024-03-02T06:08:20.311Z","Azure Monitor","centralus","AUD","1000 GB Commitment Tier Capacity Reservation","1000","1/Day","2908.4243","2021-06-01T00:00:00.000Z","982.6754","2.9084"
"2024-03-02T06:08:20.311Z","Azure Monitor","centralus","AUD","2000 GB Commitment Tier Capacity Reservation","2000","1/Day","5679.9817","2021-06-01T00:00:00.000Z","1952.9575","2.84"
"2024-03-02T06:08:20.311Z","Azure Monitor","centralus","AUD","5000 GB Commitment Tier Capacity Reservation","5000","1/Day","13772.2447","2021-06-01T00:00:00.000Z","4849.3819","2.7544"
"2024-04-03T09:26:28.723Z","Azure Monitor","centralus","AUD","Pay-as-you-go Data Ingestion","Pay-as-you-go","1 GB","4.2224","2018-02-01T00:00:00.000Z","0","4.2224"
"2024-04-03T09:26:28.723Z","Azure Monitor","centralus","AUD","100 GB Commitment Tier Capacity Reservation","100","1/Day","335.8372","2019-11-01T00:00:00.000Z","79.537","3.3584"
"2024-04-03T09:26:28.723Z","Azure Monitor","centralus","AUD","200 GB Commitment Tier Capacity Reservation","200","1/Day","630.5515","2019-11-01T00:00:00.000Z","187.7535","3.1528"
"2024-04-03T09:26:28.723Z","Azure Monitor","centralus","AUD","300 GB Commitment Tier Capacity Reservation","300","1/Day","925.2658","2019-11-01T00:00:00.000Z","293.4743","3.0842"
"2024-04-03T09:26:28.723Z","Azure Monitor","centralus","AUD","400 GB Commitment Tier Capacity Reservation","400","1/Day","1206.2725","2019-11-01T00:00:00.000Z","391.1136","3.0157"
"2024-04-03T09:26:28.723Z","Azure Monitor","centralus","AUD","500 GB Commitment Tier Capacity Reservation","500","1/Day","1482.1388","2019-11-01T00:00:00.000Z","491.4742","2.9643"
"2024-04-03T09:26:28.723Z","Azure Monitor","centralus","AUD","1000 GB Commitment Tier Capacity Reservation","1000","1/Day","2912.8739","2021-06-01T00:00:00.000Z","982.6515","2.9129"
"2024-04-03T09:26:28.723Z","Azure Monitor","centralus","AUD","2000 GB Commitment Tier Capacity Reservation","2000","1/Day","5688.6713","2021-06-01T00:00:00.000Z","1952.9236","2.8443"
"2024-04-03T09:26:28.723Z","Azure Monitor","centralus","AUD","5000 GB Commitment Tier Capacity Reservation","5000","1/Day","13793.3145","2021-06-01T00:00:00.000Z","4849.4584","2.7587"
"2024-05-01T06:09:59.892Z","Azure Monitor","centralus","AUD","Pay-as-you-go Data Ingestion","Pay-as-you-go","1 GB","4.2289","2018-02-01T00:00:00.000Z","0","4.2289"
"2024-05-01T06:09:59.892Z","Azure Monitor","centralus","AUD","100 GB Commitment Tier Capacity Reservation","100","1/Day","336.3518","2019-11-01T00:00:00.000Z","79.5365","3.3635"
"2024-05-01T06:09:59.892Z","Azure Monitor","centralus","AUD","200 GB Commitment Tier Capacity Reservation","200","1/Day","631.5177","2019-11-01T00:00:00.000Z","187.7561","3.1576"
"2024-05-01T06:09:59.892Z","Azure Monitor","centralus","AUD","300 GB Commitment Tier Capacity Reservation","300","1/Day","926.6835","2019-11-01T00:00:00.000Z","293.4772","3.0889"
"2024-05-01T06:09:59.892Z","Azure Monitor","centralus","AUD","400 GB Commitment Tier Capacity Reservation","400","1/Day","1208.1207","2019-11-01T00:00:00.000Z","391.1168","3.0203"
"2024-05-01T06:09:59.892Z","Azure Monitor","centralus","AUD","500 GB Commitment Tier Capacity Reservation","500","1/Day","1484.4097","2019-11-01T00:00:00.000Z","491.4776","2.9688"
"2024-05-01T06:09:59.892Z","Azure Monitor","centralus","AUD","1000 GB Commitment Tier Capacity Reservation","1000","1/Day","2917.337","2021-06-01T00:00:00.000Z","982.6654","2.9173"
"2024-05-01T06:09:59.892Z","Azure Monitor","centralus","AUD","2000 GB Commitment Tier Capacity Reservation","2000","1/Day","5697.3876","2021-06-01T00:00:00.000Z","1952.966","2.8487"
"2024-05-01T06:09:59.892Z","Azure Monitor","centralus","AUD","5000 GB Commitment Tier Capacity Reservation","5000","1/Day","13814.4488","2021-06-01T00:00:00.000Z","4849.387","2.7629"
"2024-06-02T06:10:06.668Z","Azure Monitor","centralus","AUD","Pay-as-you-go Data Ingestion","Pay-as-you-go","1 GB","4.1689","2018-02-01T00:00:00.000Z","0","4.1689"
"2024-06-02T06:10:06.668Z","Azure Monitor","centralus","AUD","100 GB Commitment Tier Capacity Reservation","100","1/Day","331.5762","2019-11-01T00:00:00.000Z","79.5357","3.3158"
"2024-06-02T06:10:06.668Z","Azure Monitor","centralus","AUD","200 GB Commitment Tier Capacity Reservation","200","1/Day","622.5512","2019-11-01T00:00:00.000Z","187.7529","3.1128"
"2024-06-02T06:10:06.668Z","Azure Monitor","centralus","AUD","300 GB Commitment Tier Capacity Reservation","300","1/Day","913.5262","2019-11-01T00:00:00.000Z","293.4741","3.0451"
"2024-06-02T06:10:06.668Z","Azure Monitor","centralus","AUD","400 GB Commitment Tier Capacity Reservation","400","1/Day","1190.9674","2019-11-01T00:00:00.000Z","391.1095","2.9774"
"2024-06-02T06:10:06.668Z","Azure Monitor","centralus","AUD","500 GB Commitment Tier Capacity Reservation","500","1/Day","1463.3336","2019-11-01T00:00:00.000Z","491.4804","2.9267"
"2024-06-02T06:10:06.668Z","Azure Monitor","centralus","AUD","1000 GB Commitment Tier Capacity Reservation","1000","1/Day","2875.9157","2021-06-01T00:00:00.000Z","982.6479","2.8759"
"2024-06-02T06:10:06.668Z","Azure Monitor","centralus","AUD","2000 GB Commitment Tier Capacity Reservation","2000","1/Day","5616.4942","2021-06-01T00:00:00.000Z","1952.9518","2.8082"
"2024-06-02T06:10:06.668Z","Azure Monitor","centralus","AUD","5000 GB Commitment Tier Capacity Reservation","5000","1/Day","13618.3068","2021-06-01T00:00:00.000Z","4849.479","2.7237"
"2024-07-01T06:11:21.244Z","Azure Monitor","centralus","AUD","Pay-as-you-go Data Ingestion","Pay-as-you-go","1 GB","4.1494","2018-02-01T00:00:00.000Z","0","4.1494"
"2024-07-01T06:11:21.244Z","Azure Monitor","centralus","AUD","100 GB Commitment Tier Capacity Reservation","100","1/Day","330.0308","2019-11-01T00:00:00.000Z","79.537","3.3003"
"2024-07-01T06:11:21.244Z","Azure Monitor","centralus","AUD","200 GB Commitment Tier Capacity Reservation","200","1/Day","619.6497","2019-11-01T00:00:00.000Z","187.7556","3.0982"
"2024-07-01T06:11:21.244Z","Azure Monitor","centralus","AUD","300 GB Commitment Tier Capacity Reservation","300","1/Day","909.2686","2019-11-01T00:00:00.000Z","293.4829","3.0309"
"2024-07-01T06:11:21.244Z","Azure Monitor","centralus","AUD","400 GB Commitment Tier Capacity Reservation","400","1/Day","1185.4168","2019-11-01T00:00:00.000Z","391.1105","2.9635"
"2024-07-01T06:11:21.244Z","Azure Monitor","centralus","AUD","500 GB Commitment Tier Capacity Reservation","500","1/Day","1456.5136","2019-11-01T00:00:00.000Z","491.4843","2.913"
"2024-07-01T06:11:21.244Z","Azure Monitor","centralus","AUD","1000 GB Commitment Tier Capacity Reservation","1000","1/Day","2862.5122","2021-06-01T00:00:00.000Z","982.6681","2.8625"
"2024-07-01T06:11:21.244Z","Azure Monitor","centralus","AUD","2000 GB Commitment Tier Capacity Reservation","2000","1/Day","5590.318","2021-06-01T00:00:00.000Z","1952.9495","2.7952"
"2024-07-01T06:11:21.244Z","Azure Monitor","centralus","AUD","5000 GB Commitment Tier Capacity Reservation","5000","1/Day","13554.8373","2021-06-01T00:00:00.000Z","4849.3265","2.711"
"2024-08-02T06:11:10.559Z","Azure Monitor","centralus","AUD","Pay-as-you-go Data Ingestion","Pay-as-you-go","1 GB","4.2237","2018-02-01T00:00:00.000Z","0","4.2237"
"2024-08-02T06:11:10.559Z","Azure Monitor","centralus","AUD","100 GB Commitment Tier Capacity Reservation","100","1/Day","335.94","2019-11-01T00:00:00.000Z","79.5369","3.3594"
"2024-08-02T06:11:10.559Z","Azure Monitor","centralus","AUD","200 GB Commitment Tier Capacity Reservation","200","1/Day","630.7445","2019-11-01T00:00:00.000Z","187.7551","3.1537"
"2024-08-02T06:11:10.559Z","Azure Monitor","centralus","AUD","300 GB Commitment Tier Capacity Reservation","300","1/Day","925.549","2019-11-01T00:00:00.000Z","293.4804","3.0852"
"2024-08-02T06:11:10.559Z","Azure Monitor","centralus","AUD","400 GB Commitment Tier Capacity Reservation","400","1/Day","1206.6417","2019-11-01T00:00:00.000Z","391.1065","3.0166"
"2024-08-02T06:11:10.559Z","Azure Monitor","centralus","AUD","500 GB Commitment Tier Capacity Reservation","500","1/Day","1482.5924","2019-11-01T00:00:00.000Z","491.4780","2.9652"
"2024-08-02T06:11:10.559Z","Azure Monitor","centralus","AUD","1000 GB Commitment Tier Capacity Reservation","1000","1/Day","2913.7654","2021-06-01T00:00:00.000Z","982.6539","2.9138"
"2024-08-02T06:11:10.559Z","Azure Monitor","centralus","AUD","2000 GB Commitment Tier Capacity Reservation","2000","1/Day","5690.4124","2021-06-01T00:00:00.000Z","1952.9180","2.8452"
"2024-08-02T06:11:10.559Z","Azure Monitor","centralus","AUD","5000 GB Commitment Tier Capacity Reservation","5000","1/Day","13797.5362","2021-06-01T00:00:00.000Z","4849.4082","2.7595"
