"TimeGenerated","ServiceName","ArmRegionName","CurrencyCode","MeterName","Tier","UnitOfMeasure","RetailPrice","EffectiveStartDate","EffectiveCommitmentTierThresholdGB","EffectivePricePerGB"
"2023-03-29T15:50:58.330Z","Azure Monitor","centralus","CAD","Pay-as-you-go Data Ingestion","Pay-as-you-go","1 GB","3.7657","2018-02-01T00:00:00.000Z","0","3.7657"
"2023-03-29T15:50:58.330Z","Azure Monitor","centralus","CAD","100 GB Commitment Tier Capacity Reservation","100","1/Day","299.5131","2019-11-01T00:00:00.000Z","79.5372","2.9951"
"2023-03-29T15:50:58.330Z","Azure Monitor","centralus","CAD","200 GB Commitment Tier Capacity Reservation","200","1/Day","562.3511","2019-11-01T00:00:00.000Z","187.757","2.8118"
"2023-03-29T15:50:58.330Z","Azure Monitor","centralus","CAD","300 GB Commitment Tier Capacity Reservation","300","1/Day","825.1891","2019-11-01T00:00:00.000Z","293.4736","2.7506"
"2023-03-29T15:50:58.330Z","Azure Monitor","centralus","CAD","400 GB Commitment Tier Capacity Reservation","400","1/Day","1075.8021","2019-11-01T00:00:00.000Z","391.1154","2.6895"
"2023-03-29T15:50:58.330Z","Azure Monitor","centralus","CAD","500 GB Commitment Tier Capacity Reservation","500","1/Day","1321.8307","2019-11-01T00:00:00.000Z","491.4782","2.6437"
"2023-03-29T15:50:58.330Z","Azure Monitor","centralus","CAD","1000 GB Commitment Tier Capacity Reservation","1000","1/Day","2597.8176","2021-06-01T02:00:00.000Z","982.6446","2.5978"
"2023-03-29T15:50:58.330Z","Azure Monitor","centralus","CAD","2000 GB Commitment Tier Capacity Reservation","2000","1/Day","5073.385","2021-06-01T02:00:00.000Z","1952.9544","2.5367"
"2023-03-29T15:50:58.330Z","Azure Monitor","centralus","CAD","5000 GB Commitment Tier Capacity Reservation","5000","1/Day","12301.4304","2021-06-01T02:00:00.000Z","4849.3832","2.4603"
"2023-04-12T13:28:34.468Z","Azure Monitor","centralus","CAD","Pay-as-you-go Data Ingestion","Pay-as-you-go","1 GB","3.7496","2018-02-01T00:00:00.000Z","0","3.7496"
"2023-04-12T13:28:34.468Z","Azure Monitor","centralus","CAD","100 GB Commitment Tier Capacity Reservation","100","1/Day","298.2289","2019-11-01T00:00:00.000Z","79.5362","2.9823"
"2023-04-12T13:28:34.468Z","Azure Monitor","centralus","CAD","200 GB Commitment Tier Capacity Reservation","200","1/Day","559.94","2019-11-01T00:00:00.000Z","187.7544","2.7997"
"2023-04-12T13:28:34.468Z","Azure Monitor","centralus","CAD","300 GB Commitment Tier Capacity Reservation","300","1/Day","821.651","2019-11-01T00:00:00.000Z","293.4782","2.7388"
"2023-04-12T13:28:34.468Z","Azure Monitor","centralus","CAD","400 GB Commitment Tier Capacity Reservation","400","1/Day","1071.1895","2019-11-01T00:00:00.000Z","391.1164","2.678"
"2023-04-12T13:28:34.468Z","Azure Monitor","centralus","CAD","500 GB Commitment Tier Capacity Reservation","500","1/Day","1316.1632","2019-11-01T00:00:00.000Z","491.4724","2.6323"
"2023-04-12T13:28:34.468Z","Azure Monitor","centralus","CAD","1000 GB Commitment Tier Capacity Reservation","1000","1/Day","2586.6792","2021-06-01T02:00:00.000Z","982.6688","2.5867"
"2023-04-12T13:28:34.468Z","Azure Monitor","centralus","CAD","2000 GB Commitment Tier Capacity Reservation","2000","1/Day","5051.6323","2021-06-01T02:00:00.000Z","1952.9255","2.5258"
"2023-04-12T13:28:34.468Z","Azure Monitor","centralus","CAD","5000 GB Commitment Tier Capacity Reservation","5000","1/Day","12248.6868","2021-06-01T02:00:00.000Z","4849.4286","2.4497"
"2023-05-02T08:07:40.927Z","Azure Monitor","centralus","CAD","Pay-as-you-go Data Ingestion","Pay-as-you-go","1 GB","3.7604","2018-02-01T00:00:00.000Z","0","3.7604"
"2023-05-02T08:07:40.927Z","Azure Monitor","centralus","CAD","100 GB Commitment Tier Capacity Reservation","100","1/Day","299.085","2019-11-01T00:00:00.000Z","79.5354","2.9908"
"2023-05-02T08:07:40.927Z","Azure Monitor","centralus","CAD","200 GB Commitment Tier Capacity Reservation","200","1/Day","561.5474","2019-11-01T00:00:00.000Z","187.7583","2.8077"
"2023-05-02T08:07:40.927Z","Azure Monitor","centralus","CAD","300 GB Commitment Tier Capacity Reservation","300","1/Day","824.0098","2019-11-01T00:00:00.000Z","293.4821","2.7467"
"2023-05-02T08:07:40.927Z","Azure Monitor","centralus","CAD","400 GB Commitment Tier Capacity Reservation","400","1/Day","1074.2646","2019-11-01T00:00:00.000Z","391.111","2.6857"
"2023-05-02T08:07:40.927Z","Azure Monitor","centralus","CAD","500 GB Commitment Tier Capacity Reservation","500","1/Day","1319.9416","2019-11-01T00:00:00.000Z","491.4702","2.6399"
"2023-05-02T08:07:40.927Z","Azure Monitor","centralus","CAD","1000 GB Commitment Tier Capacity Reservation","1000","1/Day","2594.1048","2021-06-01T02:00:00.000Z","982.6527","2.5941"
"2023-05-02T08:07:40.927Z","Azure Monitor","centralus","CAD","2000 GB Commitment Tier Capacity Reservation","2000","1/Day","5066.1341","2021-06-01T02:00:00.000Z","1952.9448","2.5331"
"2023-05-02T08:07:40.927Z","Azure Monitor","centralus","CAD","5000 GB Commitment Tier Capacity Reservation","5000","1/Day","12283.8492","2021-06-01T02:00:00.000Z","4849.3345","2.4568"
"2023-06-02T08:07:42.568Z","Azure Monitor","centralus","CAD","Pay-as-you-go Data Ingestion","Pay-as-you-go","1 GB","3.7655","2018-02-01T00:00:00.000Z","0","3.7655"
"2023-06-02T08:07:42.568Z","Azure Monitor","centralus","CAD","100 GB Commitment Tier Capacity Reservation","100","1/Day","299.4911","2019-11-01T00:00:00.000Z","79.5355","2.9949"
"2023-06-02T08:07:42.568Z","Azure Monitor","centralus","CAD","200 GB Commitment Tier Capacity Reservation","200","1/Day","562.3099","2019-11-01T00:00:00.000Z","187.7558","2.8115"
"2023-06-02T08:07:42.568Z","Azure Monitor","centralus","CAD","300 GB Commitment Tier Capacity Reservation","300","1/Day","825.1286","2019-11-01T00:00:00.000Z","293.4834","2.7504"
"2023-06-02T08:07:42.568Z","Azure Monitor","centralus","CAD","400 GB Commitment Tier Capacity Reservation","400","1/Day","1075.7233","2019-11-01T00:00:00.000Z","391.1152","2.6893"
"2023-06-02T08:07:42.568Z","Azure Monitor","centralus","CAD","500 GB Commitment Tier Capacity Reservation","500","1/Day","1321.7338","2019-11-01T00:00:00.000Z","491.4787","2.6435"
"2023-06-02T08:07:42.568Z","Azure Monitor","centralus","CAD","1000 GB Commitment Tier Capacity Reservation","1000","1/Day","2597.6272","2021-06-01T02:00:00.000Z","982.6469","2.5976"
"2023-06-02T08:07:42.568Z","Azure Monitor","centralus","CAD","2000 GB Commitment Tier Capacity Reservation","2000","1/Day","5073.0131","2021-06-01T02:00:00.000Z","1952.9616","2.5365"
"2023-06-02T08:07:42.568Z","Azure Monitor","centralus","CAD","5000 GB Commitment Tier Capacity Reservation","5000","1/Day","12300.5288","2021-06-01T02:00:00.000Z","4849.4101","2.4601"
"2023-07-07T06:09:02.036Z","Azure Monitor","centralus","CAD","Pay-as-you-go Data Ingestion","Pay-as-you-go","1 GB","3.661","2018-02-01T00:00:00.000Z","0","3.661"
"2023-07-07T06:09:02.036Z","Azure Monitor","centralus","CAD","100 GB Commitment Tier Capacity Reservation","100","1/Day","291.1823","2019-11-01T00:00:00.000Z","79.5363","2.9118"
"2023-07-07T06:09:02.036Z","Azure Monitor","centralus","CAD","200 GB Commitment Tier Capacity Reservation","200","1/Day","546.7096","2019-11-01T00:00:00.000Z","187.7566","2.7335"
"2023-07-07T06:09:02.036Z","Azure Monitor","centralus","CAD","300 GB Commitment Tier Capacity Reservation","300","1/Day","802.237","2019-11-01T00:00:00.000Z","293.4834","2.6741"
"2023-07-07T06:09:02.036Z","Azure Monitor","centralus","CAD","400 GB Commitment Tier Capacity Reservation","400","1/Day","1045.8793","2019-11-01T00:00:00.000Z","391.1145","2.6147"
"2023-07-07T06:09:02.036Z","Azure Monitor","centralus","CAD","500 GB Commitment Tier Capacity Reservation","500","1/Day","1285.0648","2019-11-01T00:00:00.000Z","491.477","2.5701"
"2023-07-07T06:09:02.036Z","Azure Monitor","centralus","CAD","1000 GB Commitment Tier Capacity Reservation","1000","1/Day","2525.5608","2021-06-01T00:00:00.000Z","982.6702","2.5256"
"2023-07-07T06:09:02.036Z","Azure Monitor","centralus","CAD","2000 GB Commitment Tier Capacity Reservation","2000","1/Day","4932.2717","2021-06-01T00:00:00.000Z","1952.9109","2.4661"
"2023-07-07T06:09:02.036Z","Azure Monitor","centralus","CAD","5000 GB Commitment Tier Capacity Reservation","5000","1/Day","11959.2732","2021-06-01T00:00:00.000Z","4849.4681","2.3919"
"2023-08-01T06:08:30.007Z","Azure Monitor","centralus","CAD","Pay-as-you-go Data Ingestion","Pay-as-you-go","1 GB","3.6422","2018-02-01T00:00:00.000Z","0","3.6422"
"2023-08-02T06:09:03.844Z","Azure Monitor","centralus","CAD","100 GB Commitment Tier Capacity Reservation","100","1/Day","289.6896","2019-11-01T00:00:00.000Z","79.537","2.8969"
"2023-08-02T06:09:03.844Z","Azure Monitor","centralus","CAD","200 GB Commitment Tier Capacity Reservation","200","1/Day","543.9069","2019-11-01T00:00:00.000Z","187.7548","2.7195"
"2023-08-02T06:09:03.844Z","Azure Monitor","centralus","CAD","300 GB Commitment Tier Capacity Reservation","300","1/Day","798.1243","2019-11-01T00:00:00.000Z","293.482","2.6604"
"2023-08-02T06:09:03.844Z","Azure Monitor","centralus","CAD","400 GB Commitment Tier Capacity Reservation","400","1/Day","1040.5176","2019-11-01T00:00:00.000Z","391.1132","2.6013"
"2023-08-02T06:09:03.844Z","Azure Monitor","centralus","CAD","500 GB Commitment Tier Capacity Reservation","500","1/Day","1278.4769","2019-11-01T00:00:00.000Z","491.4761","2.557"
"2023-08-02T06:09:03.844Z","Azure Monitor","centralus","CAD","1000 GB Commitment Tier Capacity Reservation","1000","1/Day","2512.6136","2021-06-01T00:00:00.000Z","982.6412","2.5126"
"2023-08-02T06:09:03.844Z","Azure Monitor","centralus","CAD","2000 GB Commitment Tier Capacity Reservation","2000","1/Day","4906.9866","2021-06-01T00:00:00.000Z","1952.9518","2.4535"
"2023-08-02T06:09:03.844Z","Azure Monitor","centralus","CAD","5000 GB Commitment Tier Capacity Reservation","5000","1/Day","11897.9644","2021-06-01T00:00:00.000Z","4849.3843","2.3796"
"2023-09-02T06:07:00.316Z","Azure Monitor","centralus","CAD","Pay-as-you-go Data Ingestion","Pay-as-you-go","1 GB","3.7537","2018-02-01T00:00:00.000Z","0","3.7537"
"2023-09-02T06:07:00.316Z","Azure Monitor","centralus","CAD","100 GB Commitment Tier Capacity Reservation","100","1/Day","298.5582","2019-11-01T00:00:00.000Z","79.537","2.9856"
"2023-09-02T06:07:00.316Z","Azure Monitor","centralus","CAD","200 GB Commitment Tier Capacity Reservation","200","1/Day","560.5582","2019-11-01T00:00:00.000Z","187.754","2.8028"
"2023-09-02T06:07:00.316Z","Azure Monitor","centralus","CAD","300 GB Commitment Tier Capacity Reservation","300","1/Day","822.5582","2019-11-01T00:00:00.000Z","293.4773","2.7419"
"2023-09-02T06:07:00.316Z","Azure Monitor","centralus","CAD","400 GB Commitment Tier Capacity Reservation","400","1/Day","1072.3722","2019-11-01T00:00:00.000Z","391.1055","2.6809"
"2023-09-02T06:07:00.316Z","Azure Monitor","centralus","CAD","500 GB Commitment Tier Capacity Reservation","500","1/Day","1317.6164","2019-11-01T00:00:00.000Z","491.4829","2.6352"
"2023-09-02T06:07:00.316Z","Azure Monitor","centralus","CAD","1000 GB Commitment Tier Capacity Reservation","1000","1/Day","2589.5352","2021-06-01T00:00:00.000Z","982.6712","2.5895"
"2023-09-02T06:07:00.316Z","Azure Monitor","centralus","CAD","2000 GB Commitment Tier Capacity Reservation","2000","1/Day","5057.2099","2021-06-01T00:00:00.000Z","1952.9677","2.5286"
"2023-09-02T06:07:00.316Z","Azure Monitor","centralus","CAD","5000 GB Commitment Tier Capacity Reservation","5000","1/Day","12262.2108","2021-06-01T00:00:00.000Z","4849.4071","2.4524"
"2023-10-02T06:08:46.154Z","Azure Monitor","centralus","CAD","Pay-as-you-go Data Ingestion","Pay-as-you-go","1 GB","3.7308","2018-02-01T00:00:00.000Z","0","3.7308"
"2023-10-02T06:08:46.154Z","Azure Monitor","centralus","CAD","100 GB Commitment Tier Capacity Reservation","100","1/Day","296.7362","2019-11-01T00:00:00.000Z","79.5369","2.9674"
"2023-10-02T06:08:46.154Z","Azure Monitor","centralus","CAD","200 GB Commitment Tier Capacity Reservation","200","1/Day","557.1373","2019-11-01T00:00:00.000Z","187.7527","2.7857"
"2023-10-02T06:08:46.154Z","Azure Monitor","centralus","CAD","300 GB Commitment Tier Capacity Reservation","300","1/Day","817.5384","2019-11-01T00:00:00.000Z","293.4768","2.7251"
"2023-10-02T06:08:46.154Z","Azure Monitor","centralus","CAD","400 GB Commitment Tier Capacity Reservation","400","1/Day","1065.8278","2019-11-01T00:00:00.000Z","391.1151","2.6646"
"2023-10-02T06:08:46.154Z","Azure Monitor","centralus","CAD","500 GB Commitment Tier Capacity Reservation","500","1/Day","1309.5754","2019-11-01T00:00:00.000Z","491.4717","2.6192"
"2023-10-02T06:08:46.154Z","Azure Monitor","centralus","CAD","1000 GB Commitment Tier Capacity Reservation","1000","1/Day","2573.732","2021-06-01T00:00:00.000Z","982.6405","2.5737"
"2023-10-02T06:08:46.154Z","Azure Monitor","centralus","CAD","2000 GB Commitment Tier Capacity Reservation","2000","1/Day","5026.3472","2021-06-01T00:00:00.000Z","1952.9655","2.5132"
"2023-10-02T06:08:46.154Z","Azure Monitor","centralus","CAD","5000 GB Commitment Tier Capacity Reservation","5000","1/Day","12187.378","2021-06-01T00:00:00.000Z","4849.3466","2.4375"
"2023-11-02T06:08:26.681Z","Azure Monitor","centralus","CAD","Pay-as-you-go Data Ingestion","Pay-as-you-go","1 GB","3.824","2018-02-01T00:00:00.000Z","0","3.824"
"2023-11-02T06:08:26.681Z","Azure Monitor","centralus","CAD","100 GB Commitment Tier Capacity Reservation","100","1/Day","304.145","2019-11-01T00:00:00.000Z","79.5358","3.0414"
"2023-11-02T06:08:26.681Z","Azure Monitor","centralus","CAD","200 GB Commitment Tier Capacity Reservation","200","1/Day","571.0477","2019-11-01T00:00:00.000Z","187.7582","2.8552"
"2023-11-02T06:08:26.681Z","Azure Monitor","centralus","CAD","300 GB Commitment Tier Capacity Reservation","300","1/Day","837.9504","2019-11-01T00:00:00.000Z","293.4822","2.7932"
"2023-11-02T06:08:26.681Z","Azure Monitor","centralus","CAD","400 GB Commitment Tier Capacity Reservation","400","1/Day","1092.439","2019-11-01T00:00:00.000Z","391.1066","2.7311"
"2023-11-02T06:08:26.681Z","Azure Monitor","centralus","CAD","500 GB Commitment Tier Capacity Reservation","500","1/Day","1342.2724","2019-11-01T00:00:00.000Z","491.4768","2.6845"
"2023-11-02T06:08:26.681Z","Azure Monitor","centralus","CAD","1000 GB Commitment Tier Capacity Reservation","1000","1/Day","2637.992","2021-06-01T00:00:00.000Z","982.6754","2.638"
"2023-11-02T06:08:26.681Z","Azure Monitor","centralus","CAD","2000 GB Commitment Tier Capacity Reservation","2000","1/Day","5151.8432","2021-06-01T00:00:00.000Z","1952.9353","2.5759"
"2023-11-02T06:08:26.681Z","Azure Monitor","centralus","CAD","5000 GB Commitment Tier Capacity Reservation","5000","1/Day","12491.668","2021-06-01T00:00:00.000Z","4849.4383","2.4983"
"2023-12-02T06:07:58.693Z","Azure Monitor","centralus","CAD","Pay-as-you-go Data Ingestion","Pay-as-you-go","1 GB","3.7493","2018-02-01T00:00:00.000Z","0","3.7493"
"2023-12-02T06:07:58.693Z","Azure Monitor","centralus","CAD","100 GB Commitment Tier Capacity Reservation","100","1/Day","298.2069","2019-11-01T00:00:00.000Z","79.5367","2.9821"
"2023-12-02T06:07:58.693Z","Azure Monitor","centralus","CAD","200 GB Commitment Tier Capacity Reservation","200","1/Day","559.8988","2019-11-01T00:00:00.000Z","187.7532","2.7995"
"2023-12-02T06:07:58.693Z","Azure Monitor","centralus","CAD","300 GB Commitment Tier Capacity Reservation","300","1/Day","821.5906","2019-11-01T00:00:00.000Z","293.4776","2.7386"
"2023-12-02T06:07:58.693Z","Azure Monitor","centralus","CAD","400 GB Commitment Tier Capacity Reservation","400","1/Day","1071.1107","2019-11-01T00:00:00.000Z","391.1162","2.6778"
"2023-12-02T06:07:58.693Z","Azure Monitor","centralus","CAD","500 GB Commitment Tier Capacity Reservation","500","1/Day","1316.0664","2019-11-01T00:00:00.000Z","491.473","2.6321"
"2023-12-02T06:07:58.693Z","Azure Monitor","centralus","CAD","1000 GB Commitment Tier Capacity Reservation","1000","1/Day","2586.4888","2021-06-01T00:00:00.000Z","982.6712","2.5865"
"2023-12-02T06:07:58.693Z","Azure Monitor","centralus","CAD","2000 GB Commitment Tier Capacity Reservation","2000","1/Day","5051.2605","2021-06-01T00:00:00.000Z","1952.9327","2.5256"
"2023-12-02T06:07:58.693Z","Azure Monitor","centralus","CAD","5000 GB Commitment Tier Capacity Reservation","5000","1/Day","12247.7852","2021-06-01T00:00:00.000Z","4849.4557","2.4496"
"2024-01-01T06:09:20.544Z","Azure Monitor","centralus","CAD","Pay-as-you-go Data Ingestion","Pay-as-you-go","1 GB","3.645","2018-02-01T00:00:00.000Z","0","3.645"
"2024-01-01T06:09:20.544Z","Azure Monitor","centralus","CAD","100 GB Commitment Tier Capacity Reservation","100","1/Day","289.9091","2019-11-01T00:00:00.000Z","79.5361","2.8991"
"2024-01-01T06:09:20.544Z","Azure Monitor","centralus","CAD","200 GB Commitment Tier Capacity Reservation","200","1/Day","544.3191","2019-11-01T00:00:00.000Z","187.7545","2.7216"
"2024-01-01T06:09:20.544Z","Azure Monitor","centralus","CAD","300 GB Commitment Tier Capacity Reservation","300","1/Day","798.7291","2019-11-01T00:00:00.000Z","293.4778","2.6624"
"2024-01-01T06:09:20.544Z","Azure Monitor","centralus","CAD","400 GB Commitment Tier Capacity Reservation","400","1/Day","1041.3061","2019-11-01T00:00:00.000Z","391.1156","2.6033"
"2024-01-01T06:09:20.544Z","Azure Monitor","centralus","CAD","500 GB Commitment Tier Capacity Reservation","500","1/Day","1279.4457","2019-11-01T00:00:00.000Z","491.4707","2.5589"
"2024-01-01T06:09:20.544Z","Azure Monitor","centralus","CAD","1000 GB Commitment Tier Capacity Reservation","1000","1/Day","2514.5176","2021-06-01T00:00:00.000Z","982.6557","2.5145"
"2024-01-01T06:09:20.544Z","Azure Monitor","centralus","CAD","2000 GB Commitment Tier Capacity Reservation","2000","1/Day","4910.705","2021-06-01T00:00:00.000Z","1952.9549","2.4554"
"2024-01-01T06:09:20.544Z","Azure Monitor","centralus","CAD","5000 GB Commitment Tier Capacity Reservation","5000","1/Day","11906.9804","2021-06-01T00:00:00.000Z","4849.3037","2.3814"
"2024-02-02T06:08:03.849Z","Azure Monitor","centralus","CAD","Pay-as-you-go Data Ingestion","Pay-as-you-go","1 GB","3.7129","2018-02-01T00:00:00.000Z","0","3.7129"
"2024-02-02T06:08:03.849Z","Azure Monitor","centralus","CAD","100 GB Commitment Tier Capacity Reservation","100","1/Day","295.3093","2019-11-01T00:00:00.000Z","79.536","2.9531"
"2024-02-02T06:08:03.849Z","Azure Monitor","centralus","CAD","200 GB Commitment Tier Capacity Reservation","200","1/Day","554.4582","2019-11-01T00:00:00.000Z","187.7546","2.7723"
"2024-02-02T06:08:03.849Z","Azure Monitor","centralus","CAD","300 GB Commitment Tier Capacity Reservation","300","1/Day","813.6072","2019-11-01T00:00:00.000Z","293.4773","2.712"
"2024-02-02T06:08:03.849Z","Azure Monitor","centralus","CAD","400 GB Commitment Tier Capacity Reservation","400","1/Day","1060.7027","2019-11-01T00:00:00.000Z","391.1146","2.6518"
"2024-02-02T06:08:03.849Z","Azure Monitor","centralus","CAD","500 GB Commitment Tier Capacity Reservation","500","1/Day","1303.2782","2019-11-01T00:00:00.000Z","491.4693","2.6066"
"2024-02-02T06:08:03.849Z","Azure Monitor","centralus","CAD","1000 GB Commitment Tier Capacity Reservation","1000","1/Day","2561.356","2021-06-01T00:00:00.000Z","982.6425","2.5614"
"2024-02-02T06:08:03.849Z","Azure Monitor","centralus","CAD","2000 GB Commitment Tier Capacity Reservation","2000","1/Day","5002.1776","2021-06-01T00:00:00.000Z","1952.9076","2.5011"
"2024-02-02T06:08:03.849Z","Azure Monitor","centralus","CAD","5000 GB Commitment Tier Capacity Reservation","5000","1/Day","12128.774","2021-06-01T00:00:00.000Z","4849.3759","2.4258"
"2024-03-02T06:08:20.311Z","Azure Monitor","centralus","CAD","Pay-as-you-go Data Ingestion","Pay-as-you-go","1 GB","3.7314","2018-02-01T00:00:00.000Z","0","3.7314"
"2024-03-02T06:08:20.311Z","Azure Monitor","centralus","CAD","100 GB Commitment Tier Capacity Reservation","100","1/Day","296.7801","2019-11-01T00:00:00.000Z","79.5359","2.9678"
"2024-03-02T06:08:20.311Z","Azure Monitor","centralus","CAD","200 GB Commitment Tier Capacity Reservation","200","1/Day","557.2197","2019-11-01T00:00:00.000Z","187.7551","2.7861"
"2024-03-02T06:08:20.311Z","Azure Monitor","centralus","CAD","300 GB Commitment Tier Capacity Reservation","300","1/Day","817.6594","2019-11-01T00:00:00.000Z","293.4781","2.7255"
"2024-03-02T06:08:20.311Z","Azure Monitor","centralus","CAD","400 GB Commitment Tier Capacity Reservation","400","1/Day","1065.9855","2019-11-01T00:00:00.000Z","391.1156","2.665"
"2024-03-02T06:08:20.311Z","Azure Monitor","centralus","CAD","500 GB Commitment Tier Capacity Reservation","500","1/Day","1309.7692","2019-11-01T00:00:00.000Z","491.4706","2.6195"
"2024-03-02T06:08:20.311Z","Azure Monitor","centralus","CAD","1000 GB Commitment Tier Capacity Reservation","1000","1/Day","2574.1128","2021-06-01T00:00:00.000Z","982.6733","2.5741"
"2024-03-02T06:08:20.311Z","Azure Monitor","centralus","CAD","2000 GB Commitment Tier Capacity Reservation","2000","1/Day","5027.0909","2021-06-01T00:00:00.000Z","1952.9509","2.5135"
"2024-03-02T06:08:20.311Z","Azure Monitor","centralus","CAD","5000 GB Commitment Tier Capacity Reservation","5000","1/Day","12189.1812","2021-06-01T00:00:00.000Z","4849.4853","2.4378"
"2024-04-03T09:26:28.723Z","Azure Monitor","centralus","CAD","Pay-as-you-go Data Ingestion","Pay-as-you-go","1 GB","3.7457","2018-02-01T00:00:00.000Z","0","3.7457"
"2024-04-03T09:26:28.723Z","Azure Monitor","centralus","CAD","100 GB Commitment Tier Capacity Reservation","100","1/Day","297.9216","2019-11-01T00:00:00.000Z","79.537","2.9792"
"2024-04-03T09:26:28.723Z","Azure Monitor","centralus","CAD","200 GB Commitment Tier Capacity Reservation","200","1/Day","559.3629","2019-11-01T00:00:00.000Z","187.7561","2.7968"
"2024-04-03T09:26:28.723Z","Azure Monitor","centralus","CAD","300 GB Commitment Tier Capacity Reservation","300","1/Day","820.8043","2019-11-01T00:00:00.000Z","293.4798","2.736"
"2024-04-03T09:26:28.723Z","Azure Monitor","centralus","CAD","400 GB Commitment Tier Capacity Reservation","400","1/Day","1070.0856","2019-11-01T00:00:00.000Z","391.1132","2.6752"
"2024-04-03T09:26:28.723Z","Azure Monitor","centralus","CAD","500 GB Commitment Tier Capacity Reservation","500","1/Day","1314.8069","2019-11-01T00:00:00.000Z","491.4799","2.6296"
"2024-04-03T09:26:28.723Z","Azure Monitor","centralus","CAD","1000 GB Commitment Tier Capacity Reservation","1000","1/Day","2584.0136","2021-06-01T00:00:00.000Z","982.6641","2.584"
"2024-04-03T09:26:28.723Z","Azure Monitor","centralus","CAD","2000 GB Commitment Tier Capacity Reservation","2000","1/Day","5046.4266","2021-06-01T00:00:00.000Z","1952.9515","2.5232"
"2024-04-03T09:26:28.723Z","Azure Monitor","centralus","CAD","5000 GB Commitment Tier Capacity Reservation","5000","1/Day","12236.0644","2021-06-01T00:00:00.000Z","4849.4231","2.4472"
"2024-05-01T06:09:59.892Z","Azure Monitor","centralus","CAD","Pay-as-you-go Data Ingestion","Pay-as-you-go","1 GB","3.7771","2018-02-01T00:00:00.000Z","0","3.7771"
"2024-05-01T06:09:59.892Z","Azure Monitor","centralus","CAD","100 GB Commitment Tier Capacity Reservation","100","1/Day","300.4131","2019-11-01T00:00:00.000Z","79.5354","3.0041"
"2024-05-01T06:09:59.892Z","Azure Monitor","centralus","CAD","200 GB Commitment Tier Capacity Reservation","200","1/Day","564.041","2019-11-01T00:00:00.000Z","187.7571","2.8202"
"2024-05-01T06:09:59.892Z","Azure Monitor","centralus","CAD","300 GB Commitment Tier Capacity Reservation","300","1/Day","827.6688","2019-11-01T00:00:00.000Z","293.4788","2.7589"
"2024-05-01T06:09:59.892Z","Azure Monitor","centralus","CAD","400 GB Commitment Tier Capacity Reservation","400","1/Day","1079.0349","2019-11-01T00:00:00.000Z","391.1106","2.6976"
"2024-05-01T06:09:59.892Z","Azure Monitor","centralus","CAD","500 GB Commitment Tier Capacity Reservation","500","1/Day","1325.8028","2019-11-01T00:00:00.000Z","491.4749","2.6516"
"2024-05-01T06:09:59.892Z","Azure Monitor","centralus","CAD","1000 GB Commitment Tier Capacity Reservation","1000","1/Day","2605.624","2021-06-01T00:00:00.000Z","982.661","2.6056"
"2024-05-01T06:09:59.892Z","Azure Monitor","centralus","CAD","2000 GB Commitment Tier Capacity Reservation","2000","1/Day","5088.6304","2021-06-01T00:00:00.000Z","1952.9592","2.5443"
"2024-05-01T06:09:59.892Z","Azure Monitor","centralus","CAD","5000 GB Commitment Tier Capacity Reservation","5000","1/Day","12338.396","2021-06-01T00:00:00.000Z","4849.4266","2.4677"
"2024-06-02T06:10:06.668Z","Azure Monitor","centralus","CAD","Pay-as-you-go Data Ingestion","Pay-as-you-go","1 GB","3.7838","2018-02-01T00:00:00.000Z","0","3.7838"
"2024-06-02T06:10:06.668Z","Azure Monitor","centralus","CAD","100 GB Commitment Tier Capacity Reservation","100","1/Day","300.9509","2019-11-01T00:00:00.000Z","79.5367","3.0095"
"2024-06-02T06:10:06.668Z","Azure Monitor","centralus","CAD","200 GB Commitment Tier Capacity Reservation","200","1/Day","565.0508","2019-11-01T00:00:00.000Z","187.7557","2.8253"
"2024-06-02T06:10:06.668Z","Azure Monitor","centralus","CAD","300 GB Commitment Tier Capacity Reservation","300","1/Day","829.1506","2019-11-01T00:00:00.000Z","293.4735","2.7638"
"2024-06-02T06:10:06.668Z","Azure Monitor","centralus","CAD","400 GB Commitment Tier Capacity Reservation","400","1/Day","1080.9667","2019-11-01T00:00:00.000Z","391.1161","2.7024"
"2024-06-02T06:10:06.668Z","Azure Monitor","centralus","CAD","500 GB Commitment Tier Capacity Reservation","500","1/Day","1328.1764","2019-11-01T00:00:00.000Z","491.4803","2.6564"
"2024-06-02T06:10:06.668Z","Azure Monitor","centralus","CAD","1000 GB Commitment Tier Capacity Reservation","1000","1/Day","2610.2888","2021-06-01T00:00:00.000Z","982.6415","2.6103"
"2024-06-02T06:10:06.668Z","Azure Monitor","centralus","CAD","2000 GB Commitment Tier Capacity Reservation","2000","1/Day","5097.7405","2021-06-01T00:00:00.000Z","1952.9328","2.5489"
"2024-06-02T06:10:06.668Z","Azure Monitor","centralus","CAD","5000 GB Commitment Tier Capacity Reservation","5000","1/Day","12360.4852","2021-06-01T00:00:00.000Z","4849.341","2.4721"
"2024-07-01T06:11:21.244Z","Azure Monitor","centralus","CAD","Pay-as-you-go Data Ingestion","Pay-as-you-go","1 GB","3.7797","2018-02-01T00:00:00.000Z","0","3.7797"
"2024-07-01T06:11:21.244Z","Azure Monitor","centralus","CAD","100 GB Commitment Tier Capacity Reservation","100","1/Day","300.6217","2019-11-01T00:00:00.000Z","79.5359","3.0062"
"2024-07-01T06:11:21.244Z","Azure Monitor","centralus","CAD","200 GB Commitment Tier Capacity Reservation","200","1/Day","564.4325","2019-11-01T00:00:00.000Z","187.7561","2.8222"
"2024-07-01T06:11:21.244Z","Azure Monitor","centralus","CAD","300 GB Commitment Tier Capacity Reservation","300","1/Day","828.2434","2019-11-01T00:00:00.000Z","293.4744","2.7608"
"2024-07-01T06:11:21.244Z","Azure Monitor","centralus","CAD","400 GB Commitment Tier Capacity Reservation","400","1/Day","1079.7839","2019-11-01T00:00:00.000Z","391.1127","2.6995"
"2024-07-01T06:11:21.244Z","Azure Monitor","centralus","CAD","500 GB Commitment Tier Capacity Reservation","500","1/Day","1326.7232","2019-11-01T00:00:00.000Z","491.47","2.6534"
"2024-07-01T06:11:21.244Z","Azure Monitor","centralus","CAD","1000 GB Commitment Tier Capacity Reservation","1000","1/Day","2607.4328","2021-06-01T00:00:00.000Z","982.6761","2.6074"
"2024-07-01T06:11:21.244Z","Azure Monitor","centralus","CAD","2000 GB Commitment Tier Capacity Reservation","2000","1/Day","5092.1629","2021-06-01T00:00:00.000Z","1952.9658","2.5461"
"2024-07-01T06:11:21.244Z","Azure Monitor","centralus","CAD","5000 GB Commitment Tier Capacity Reservation","5000","1/Day","12346.9612","2021-06-01T00:00:00.000Z","4849.3622","2.4694"
"2024-08-02T06:11:10.559Z","Azure Monitor","centralus","CAD","Pay-as-you-go Data Ingestion","Pay-as-you-go","1 GB","3.8236","2018-02-01T00:00:00.000Z","0","3.8236"
"2024-08-02T06:11:10.559Z","Azure Monitor","centralus","CAD","100 GB Commitment Tier Capacity Reservation","100","1/Day","304.112","2019-11-01T00:00:00.000Z","79.5355","3.0411"
"2024-08-02T06:11:10.559Z","Azure Monitor","centralus","CAD","200 GB Commitment Tier Capacity Reservation","200","1/Day","570.9859","2019-11-01T00:00:00.000Z","187.7564","2.8549"
"2024-08-02T06:11:10.559Z","Azure Monitor","centralus","CAD","300 GB Commitment Tier Capacity Reservation","300","1/Day","837.8597","2019-11-01T00:00:00.000Z","293.4813","2.7929"
"2024-08-02T06:11:10.559Z","Azure Monitor","centralus","CAD","400 GB Commitment Tier Capacity Reservation","400","1/Day","1092.3208","2019-11-01T00:00:00.000Z","391.1063","2.7308"
"2024-08-02T06:11:10.559Z","Azure Monitor","centralus","CAD","500 GB Commitment Tier Capacity Reservation","500","1/Day","1342.1271","2019-11-01T00:00:00.000Z","491.4776","2.6843"
"2024-08-02T06:11:10.559Z","Azure Monitor","centralus","CAD","1000 GB Commitment Tier Capacity Reservation","1000","1/Day","2637.7064","2021-06-01T00:00:00.000Z","982.6422","2.6377"
"2024-08-02T06:11:10.559Z","Azure Monitor","centralus","CAD","2000 GB Commitment Tier Capacity Reservation","2000","1/Day","5151.2854","2021-06-01T00:00:00.000Z","1952.9459","2.5756"
"2024-08-02T06:11:10.559Z","Azure Monitor","centralus","CAD","5000 GB Commitment Tier Capacity Reservation","5000","1/Day","12490.3156","2021-06-01T00:00:00.000Z","4849.4780","2.4981"
