"TimeGenerated","ServiceName","ArmRegionName","CurrencyCode","MeterName","Tier","UnitOfMeasure","RetailPrice","EffectiveStartDate","EffectiveCommitmentTierThresholdGB","EffectivePricePerGB"
"2023-03-29T15:50:58.330Z","Azure Monitor","australiacentral","DKK","Pay-as-you-go Data Ingestion","Pay-as-you-go","1 GB","23.5851","2020-02-01T00:00:00.000Z","0","23.5851"
"2023-03-29T15:50:58.330Z","Azure Monitor","australiacentral","DKK","100 GB Commitment Tier Capacity Reservation","100","1/Day","1937.6482","2019-11-01T00:00:00.000Z","82.1556","19.3765"
"2023-03-29T15:50:58.330Z","Azure Monitor","australiacentral","DKK","200 GB Commitment Tier Capacity Reservation","200","1/Day","3638.0333","2019-11-01T00:00:00.000Z","187.7549","18.1902"
"2023-03-29T15:50:58.330Z","Azure Monitor","australiacentral","DKK","300 GB Commitment Tier Capacity Reservation","300","1/Day","5338.4184","2019-11-01T00:00:00.000Z","293.4777","17.7947"
"2023-03-29T15:50:58.330Z","Azure Monitor","australiacentral","DKK","400 GB Commitment Tier Capacity Reservation","400","1/Day","6959.7158","2019-11-01T00:00:00.000Z","391.1117","17.3993"
"2023-03-29T15:50:58.330Z","Azure Monitor","australiacentral","DKK","500 GB Commitment Tier Capacity Reservation","500","1/Day","8551.3554","2019-11-01T00:00:00.000Z","491.477","17.1027"
"2023-03-29T15:50:58.330Z","Azure Monitor","australiacentral","DKK","1000 GB Commitment Tier Capacity Reservation","1000","1/Day","16806.132","2021-06-01T02:00:00.000Z","982.6596","16.8061"
"2023-03-29T15:50:58.330Z","Azure Monitor","australiacentral","DKK","2000 GB Commitment Tier Capacity Reservation","2000","1/Day","32821.3872","2021-06-01T02:00:00.000Z","1952.9449","16.4107"
"2023-03-29T15:50:58.330Z","Azure Monitor","australiacentral","DKK","5000 GB Commitment Tier Capacity Reservation","5000","1/Day","79581.978","2021-06-01T02:00:00.000Z","4849.3957","15.9164"
"2023-04-12T13:28:34.468Z","Azure Monitor","australiacentral","DKK","Pay-as-you-go Data Ingestion","Pay-as-you-go","1 GB","22.973","2020-02-01T00:00:00.000Z","0","22.973"
"2023-04-12T13:28:34.468Z","Azure Monitor","australiacentral","DKK","100 GB Commitment Tier Capacity Reservation","100","1/Day","1887.3644","2019-11-01T00:00:00.000Z","82.1558","18.8736"
"2023-04-12T13:28:34.468Z","Azure Monitor","australiacentral","DKK","200 GB Commitment Tier Capacity Reservation","200","1/Day","3543.6229","2019-11-01T00:00:00.000Z","187.7555","17.7181"
"2023-04-12T13:28:34.468Z","Azure Monitor","australiacentral","DKK","300 GB Commitment Tier Capacity Reservation","300","1/Day","5199.8814","2019-11-01T00:00:00.000Z","293.4785","17.3329"
"2023-04-12T13:28:34.468Z","Azure Monitor","australiacentral","DKK","400 GB Commitment Tier Capacity Reservation","400","1/Day","6779.1046","2019-11-01T00:00:00.000Z","391.112","16.9478"
"2023-04-12T13:28:34.468Z","Azure Monitor","australiacentral","DKK","500 GB Commitment Tier Capacity Reservation","500","1/Day","8329.4396","2019-11-01T00:00:00.000Z","491.4762","16.6589"
"2023-04-12T13:28:34.468Z","Azure Monitor","australiacentral","DKK","1000 GB Commitment Tier Capacity Reservation","1000","1/Day","16369.997","2021-06-01T02:00:00.000Z","982.6577","16.37"
"2023-04-12T13:28:34.468Z","Azure Monitor","australiacentral","DKK","2000 GB Commitment Tier Capacity Reservation","2000","1/Day","31969.6412","2021-06-01T02:00:00.000Z","1952.9408","15.9848"
"2023-04-12T13:28:34.468Z","Azure Monitor","australiacentral","DKK","5000 GB Commitment Tier Capacity Reservation","5000","1/Day","77516.7505","2021-06-01T02:00:00.000Z","4849.4038","15.5034"
"2023-05-02T08:07:40.927Z","Azure Monitor","australiacentral","DKK","Pay-as-you-go Data Ingestion","Pay-as-you-go","1 GB","22.5447","2020-02-01T00:00:00.000Z","0","22.5447"
"2023-05-02T08:07:40.927Z","Azure Monitor","australiacentral","DKK","100 GB Commitment Tier Capacity Reservation","100","1/Day","1852.1726","2019-11-01T00:00:00.000Z","82.1556","18.5217"
"2023-05-02T08:07:40.927Z","Azure Monitor","australiacentral","DKK","200 GB Commitment Tier Capacity Reservation","200","1/Day","3477.5485","2019-11-01T00:00:00.000Z","187.7554","17.3877"
"2023-05-02T08:07:40.927Z","Azure Monitor","australiacentral","DKK","300 GB Commitment Tier Capacity Reservation","300","1/Day","5102.9244","2019-11-01T00:00:00.000Z","293.479","17.0097"
"2023-05-02T08:07:40.927Z","Azure Monitor","australiacentral","DKK","400 GB Commitment Tier Capacity Reservation","400","1/Day","6652.7014","2019-11-01T00:00:00.000Z","391.1122","16.6318"
"2023-05-02T08:07:40.927Z","Azure Monitor","australiacentral","DKK","500 GB Commitment Tier Capacity Reservation","500","1/Day","8174.1289","2019-11-01T00:00:00.000Z","491.4759","16.3483"
"2023-05-02T08:07:40.927Z","Azure Monitor","australiacentral","DKK","1000 GB Commitment Tier Capacity Reservation","1000","1/Day","16064.762","2021-06-01T02:00:00.000Z","982.6564","16.0648"
"2023-05-02T08:07:40.927Z","Azure Monitor","australiacentral","DKK","2000 GB Commitment Tier Capacity Reservation","2000","1/Day","31373.5352","2021-06-01T02:00:00.000Z","1952.9366","15.6868"
"2023-05-02T08:07:40.927Z","Azure Monitor","australiacentral","DKK","5000 GB Commitment Tier Capacity Reservation","5000","1/Day","76071.373","2021-06-01T02:00:00.000Z","4849.3876","15.2143"
"2023-06-02T08:07:42.568Z","Azure Monitor","australiacentral","DKK","Pay-as-you-go Data Ingestion","Pay-as-you-go","1 GB","23.2404","2020-02-01T00:00:00.000Z","0","23.2404"
"2023-06-02T08:07:42.568Z","Azure Monitor","australiacentral","DKK","100 GB Commitment Tier Capacity Reservation","100","1/Day","1909.3301","2019-11-01T00:00:00.000Z","82.1556","19.0933"
"2023-06-02T08:07:42.568Z","Azure Monitor","australiacentral","DKK","200 GB Commitment Tier Capacity Reservation","200","1/Day","3584.8646","2019-11-01T00:00:00.000Z","187.7551","17.9243"
"2023-06-02T08:07:42.568Z","Azure Monitor","australiacentral","DKK","300 GB Commitment Tier Capacity Reservation","300","1/Day","5260.3992","2019-11-01T00:00:00.000Z","293.4786","17.5347"
"2023-06-02T08:07:42.568Z","Azure Monitor","australiacentral","DKK","400 GB Commitment Tier Capacity Reservation","400","1/Day","6858.0019","2019-11-01T00:00:00.000Z","391.1103","17.145"
"2023-06-02T08:07:42.568Z","Azure Monitor","australiacentral","DKK","500 GB Commitment Tier Capacity Reservation","500","1/Day","8426.3802","2019-11-01T00:00:00.000Z","491.4774","16.8528"
"2023-06-02T08:07:42.568Z","Azure Monitor","australiacentral","DKK","1000 GB Commitment Tier Capacity Reservation","1000","1/Day","16560.516","2021-06-01T02:00:00.000Z","982.6567","16.5605"
"2023-06-02T08:07:42.568Z","Azure Monitor","australiacentral","DKK","2000 GB Commitment Tier Capacity Reservation","2000","1/Day","32341.7136","2021-06-01T02:00:00.000Z","1952.9431","16.1709"
"2023-06-02T08:07:42.568Z","Azure Monitor","australiacentral","DKK","5000 GB Commitment Tier Capacity Reservation","5000","1/Day","78418.914","2021-06-01T02:00:00.000Z","4849.3846","15.6838"
"2023-07-07T06:09:02.036Z","Azure Monitor","australiacentral","DKK","Pay-as-you-go Data Ingestion","Pay-as-you-go","1 GB","22.8192","2020-02-01T00:00:00.000Z","0","22.8192"
"2023-07-07T06:09:02.036Z","Azure Monitor","australiacentral","DKK","100 GB Commitment Tier Capacity Reservation","100","1/Day","1874.7282","2019-11-01T00:00:00.000Z","82.1557","18.7473"
"2023-07-07T06:09:02.036Z","Azure Monitor","australiacentral","DKK","200 GB Commitment Tier Capacity Reservation","200","1/Day","3519.8979","2019-11-01T00:00:00.000Z","187.7549","17.5995"
"2023-07-07T06:09:02.036Z","Azure Monitor","australiacentral","DKK","300 GB Commitment Tier Capacity Reservation","300","1/Day","5165.0676","2019-11-01T00:00:00.000Z","293.4781","17.2169"
"2023-07-07T06:09:02.036Z","Azure Monitor","australiacentral","DKK","400 GB Commitment Tier Capacity Reservation","400","1/Day","6733.7178","2019-11-01T00:00:00.000Z","391.1109","16.8343"
"2023-07-07T06:09:02.036Z","Azure Monitor","australiacentral","DKK","500 GB Commitment Tier Capacity Reservation","500","1/Day","8273.6731","2019-11-01T00:00:00.000Z","491.4771","16.5473"
"2023-07-07T06:09:02.036Z","Azure Monitor","australiacentral","DKK","1000 GB Commitment Tier Capacity Reservation","1000","1/Day","16260.398","2021-06-01T00:00:00.000Z","982.6617","16.2604"
"2023-07-07T06:09:02.036Z","Azure Monitor","australiacentral","DKK","2000 GB Commitment Tier Capacity Reservation","2000","1/Day","31755.6008","2021-06-01T00:00:00.000Z","1952.9409","15.8778"
"2023-07-07T06:09:02.036Z","Azure Monitor","australiacentral","DKK","5000 GB Commitment Tier Capacity Reservation","5000","1/Day","76997.767","2021-06-01T00:00:00.000Z","4849.3977","15.3996"
"2023-08-01T06:08:30.007Z","Azure Monitor","australiacentral","DKK","Pay-as-you-go Data Ingestion","Pay-as-you-go","1 GB","22.6444","2020-02-01T00:00:00.000Z","0","22.6444"
"2023-08-01T06:08:30.007Z","Azure Monitor","australiacentral","DKK","500 GB Commitment Tier Capacity Reservation","500","1/Day","8210.2772","2019-11-01T00:00:00.000Z","487.7112","16.4206"
"2023-08-01T06:08:30.007Z","Azure Monitor","australiacentral","DKK","2000 GB Commitment Tier Capacity Reservation","2000","1/Day","31512.278","2021-06-01T00:00:00.000Z","1937.9768","15.7561"
"2023-08-02T06:09:03.844Z","Azure Monitor","australiacentral","DKK","100 GB Commitment Tier Capacity Reservation","100","1/Day","1860.3634","2019-11-01T00:00:00.000Z","82.1556","18.6036"
"2023-08-02T06:09:03.844Z","Azure Monitor","australiacentral","DKK","200 GB Commitment Tier Capacity Reservation","200","1/Day","3492.9272","2019-11-01T00:00:00.000Z","187.7554","17.4646"
"2023-08-02T06:09:03.844Z","Azure Monitor","australiacentral","DKK","300 GB Commitment Tier Capacity Reservation","300","1/Day","5125.491","2019-11-01T00:00:00.000Z","293.4789","17.085"
"2023-08-02T06:09:03.844Z","Azure Monitor","australiacentral","DKK","400 GB Commitment Tier Capacity Reservation","400","1/Day","6682.1216","2019-11-01T00:00:00.000Z","391.1104","16.7053"
"2023-08-02T06:09:03.844Z","Azure Monitor","australiacentral","DKK","1000 GB Commitment Tier Capacity Reservation","1000","1/Day","16135.805","2021-06-01T00:00:00.000Z","982.6562","16.1358"
"2023-08-02T06:09:03.844Z","Azure Monitor","australiacentral","DKK","5000 GB Commitment Tier Capacity Reservation","5000","1/Day","76407.7825","2021-06-01T00:00:00.000Z","4849.4096","15.2816"
"2023-09-02T06:07:00.316Z","Azure Monitor","australiacentral","DKK","Pay-as-you-go Data Ingestion","Pay-as-you-go","1 GB","22.9904","2020-02-01T00:00:00.000Z","0","22.9904"
"2023-09-02T06:07:00.316Z","Azure Monitor","australiacentral","DKK","100 GB Commitment Tier Capacity Reservation","100","1/Day","1888.7912","2019-11-01T00:00:00.000Z","82.1556","18.8879"
"2023-09-02T06:07:00.316Z","Azure Monitor","australiacentral","DKK","200 GB Commitment Tier Capacity Reservation","200","1/Day","3546.3019","2019-11-01T00:00:00.000Z","187.7552","17.7315"
"2023-09-02T06:07:00.316Z","Azure Monitor","australiacentral","DKK","300 GB Commitment Tier Capacity Reservation","300","1/Day","5203.8126","2019-11-01T00:00:00.000Z","293.4784","17.346"
"2023-09-02T06:07:00.316Z","Azure Monitor","australiacentral","DKK","400 GB Commitment Tier Capacity Reservation","400","1/Day","6784.2298","2019-11-01T00:00:00.000Z","391.1121","16.9606"
"2023-09-02T06:07:00.316Z","Azure Monitor","australiacentral","DKK","500 GB Commitment Tier Capacity Reservation","500","1/Day","8335.7368","2019-11-01T00:00:00.000Z","491.4765","16.6715"
"2023-09-02T06:07:00.316Z","Azure Monitor","australiacentral","DKK","1000 GB Commitment Tier Capacity Reservation","1000","1/Day","16382.373","2021-06-01T00:00:00.000Z","982.6574","16.3824"
"2023-09-02T06:07:00.316Z","Azure Monitor","australiacentral","DKK","2000 GB Commitment Tier Capacity Reservation","2000","1/Day","31993.8108","2021-06-01T00:00:00.000Z","1952.938","15.9969"
"2023-09-02T06:07:00.316Z","Azure Monitor","australiacentral","DKK","5000 GB Commitment Tier Capacity Reservation","5000","1/Day","77575.3545","2021-06-01T00:00:00.000Z","4849.3992","15.5151"
"2023-10-02T06:08:46.154Z","Azure Monitor","australiacentral","DKK","Pay-as-you-go Data Ingestion","Pay-as-you-go","1 GB","23.6913","2020-02-01T00:00:00.000Z","0","23.6913"
"2023-10-02T06:08:46.154Z","Azure Monitor","australiacentral","DKK","100 GB Commitment Tier Capacity Reservation","100","1/Day","1946.3741","2019-11-01T00:00:00.000Z","82.1556","19.4637"
"2023-10-02T06:08:46.154Z","Azure Monitor","australiacentral","DKK","200 GB Commitment Tier Capacity Reservation","200","1/Day","3654.4166","2019-11-01T00:00:00.000Z","187.7555","18.2721"
"2023-10-02T06:08:46.154Z","Azure Monitor","australiacentral","DKK","300 GB Commitment Tier Capacity Reservation","300","1/Day","5362.4592","2019-11-01T00:00:00.000Z","293.478","17.8749"
"2023-10-02T06:08:46.154Z","Azure Monitor","australiacentral","DKK","400 GB Commitment Tier Capacity Reservation","400","1/Day","6991.0579","2019-11-01T00:00:00.000Z","391.1103","17.4776"
"2023-10-02T06:08:46.154Z","Azure Monitor","australiacentral","DKK","500 GB Commitment Tier Capacity Reservation","500","1/Day","8589.8652","2019-11-01T00:00:00.000Z","491.4785","17.1797"
"2023-10-02T06:08:46.154Z","Azure Monitor","australiacentral","DKK","1000 GB Commitment Tier Capacity Reservation","1000","1/Day","16881.816","2021-06-01T00:00:00.000Z","982.6607","16.8818"
"2023-10-02T06:08:46.154Z","Azure Monitor","australiacentral","DKK","2000 GB Commitment Tier Capacity Reservation","2000","1/Day","32969.1936","2021-06-01T00:00:00.000Z","1952.943","16.4846"
"2023-10-02T06:08:46.154Z","Azure Monitor","australiacentral","DKK","5000 GB Commitment Tier Capacity Reservation","5000","1/Day","79940.364","2021-06-01T00:00:00.000Z","4849.3966","15.9881"
"2023-11-01T06:08:41.407Z","Azure Monitor","australiacentral","DKK","Pay-as-you-go Data Ingestion","Pay-as-you-go","1 GB","23.5652","2020-02-01T00:00:00.000Z","0","23.5652"
"2023-11-01T06:08:41.407Z","Azure Monitor","australiacentral","DKK","100 GB Commitment Tier Capacity Reservation","100","1/Day","1936.0155","2019-11-01T00:00:00.000Z","82.1557","19.3602"
"2023-11-01T06:08:41.407Z","Azure Monitor","australiacentral","DKK","200 GB Commitment Tier Capacity Reservation","200","1/Day","3634.9678","2019-11-01T00:00:00.000Z","187.7547","18.1748"
"2023-11-01T06:08:41.407Z","Azure Monitor","australiacentral","DKK","300 GB Commitment Tier Capacity Reservation","300","1/Day","5333.9202","2019-11-01T00:00:00.000Z","293.4789","17.7797"
"2023-11-01T06:08:41.407Z","Azure Monitor","australiacentral","DKK","400 GB Commitment Tier Capacity Reservation","400","1/Day","6953.8515","2019-11-01T00:00:00.000Z","391.1119","17.3846"
"2023-11-01T06:08:41.407Z","Azure Monitor","australiacentral","DKK","500 GB Commitment Tier Capacity Reservation","500","1/Day","8544.1499","2019-11-01T00:00:00.000Z","491.4781","17.0883"
"2023-11-01T06:08:41.407Z","Azure Monitor","australiacentral","DKK","1000 GB Commitment Tier Capacity Reservation","1000","1/Day","16791.971","2021-06-01T00:00:00.000Z","982.659","16.792"
"2023-11-01T06:08:41.407Z","Azure Monitor","australiacentral","DKK","2000 GB Commitment Tier Capacity Reservation","2000","1/Day","32793.7316","2021-06-01T00:00:00.000Z","1952.9378","16.3969"
"2023-11-01T06:08:41.407Z","Azure Monitor","australiacentral","DKK","5000 GB Commitment Tier Capacity Reservation","5000","1/Day","79514.9215","2021-06-01T00:00:00.000Z","4849.3875","15.903"
"2023-12-02T06:07:58.693Z","Azure Monitor","australiacentral","DKK","Pay-as-you-go Data Ingestion","Pay-as-you-go","1 GB","22.6791","2020-02-01T00:00:00.000Z","0","22.6791"
"2023-12-02T06:07:58.693Z","Azure Monitor","australiacentral","DKK","100 GB Commitment Tier Capacity Reservation","100","1/Day","1863.2172","2019-11-01T00:00:00.000Z","82.1557","18.6322"
"2023-12-02T06:07:58.693Z","Azure Monitor","australiacentral","DKK","200 GB Commitment Tier Capacity Reservation","200","1/Day","3498.2853","2019-11-01T00:00:00.000Z","187.7548","17.4914"
"2023-12-02T06:07:58.693Z","Azure Monitor","australiacentral","DKK","300 GB Commitment Tier Capacity Reservation","300","1/Day","5133.3534","2019-11-01T00:00:00.000Z","293.4787","17.1112"
"2023-12-02T06:07:58.693Z","Azure Monitor","australiacentral","DKK","400 GB Commitment Tier Capacity Reservation","400","1/Day","6692.3718","2019-11-01T00:00:00.000Z","391.1106","16.7309"
"2023-12-02T06:07:58.693Z","Azure Monitor","australiacentral","DKK","500 GB Commitment Tier Capacity Reservation","500","1/Day","8222.8717","2019-11-01T00:00:00.000Z","491.4781","16.4457"
"2023-12-02T06:07:58.693Z","Azure Monitor","australiacentral","DKK","1000 GB Commitment Tier Capacity Reservation","1000","1/Day","16160.557","2021-06-01T00:00:00.000Z","982.6615","16.1606"
"2023-12-02T06:07:58.693Z","Azure Monitor","australiacentral","DKK","2000 GB Commitment Tier Capacity Reservation","2000","1/Day","31560.6172","2021-06-01T00:00:00.000Z","1952.936","15.7803"
"2023-12-02T06:07:58.693Z","Azure Monitor","australiacentral","DKK","5000 GB Commitment Tier Capacity Reservation","5000","1/Day","76524.9905","2021-06-01T00:00:00.000Z","4849.4002","15.305"
"2024-01-02T06:08:37.104Z","Azure Monitor","australiacentral","DKK","Pay-as-you-go Data Ingestion","Pay-as-you-go","1 GB","22.4228","2020-02-01T00:00:00.000Z","0","22.4228"
"2024-01-02T06:08:37.104Z","Azure Monitor","australiacentral","DKK","100 GB Commitment Tier Capacity Reservation","100","1/Day","1842.157","2019-11-01T00:00:00.000Z","82.1555","18.4216"
"2024-01-02T06:08:37.104Z","Azure Monitor","australiacentral","DKK","200 GB Commitment Tier Capacity Reservation","200","1/Day","3458.7437","2019-11-01T00:00:00.000Z","187.7548","17.2937"
"2024-01-02T06:08:37.104Z","Azure Monitor","australiacentral","DKK","300 GB Commitment Tier Capacity Reservation","300","1/Day","5075.3304","2019-11-01T00:00:00.000Z","293.4786","16.9178"
"2024-01-02T06:08:37.104Z","Azure Monitor","australiacentral","DKK","400 GB Commitment Tier Capacity Reservation","400","1/Day","6616.727","2019-11-01T00:00:00.000Z","391.1104","16.5418"
"2024-01-02T06:08:37.104Z","Azure Monitor","australiacentral","DKK","500 GB Commitment Tier Capacity Reservation","500","1/Day","8129.9274","2019-11-01T00:00:00.000Z","491.4778","16.2599"
"2024-01-02T06:08:37.104Z","Azure Monitor","australiacentral","DKK","1000 GB Commitment Tier Capacity Reservation","1000","1/Day","15977.892","2021-06-01T00:00:00.000Z","982.6562","15.9779"
"2024-01-02T06:08:37.104Z","Azure Monitor","australiacentral","DKK","2000 GB Commitment Tier Capacity Reservation","2000","1/Day","31203.8832","2021-06-01T00:00:00.000Z","1952.9402","15.6019"
"2024-01-02T06:08:37.104Z","Azure Monitor","australiacentral","DKK","5000 GB Commitment Tier Capacity Reservation","5000","1/Day","75660.018","2021-06-01T00:00:00.000Z","4849.4105","15.132"
"2024-02-02T06:08:03.849Z","Azure Monitor","australiacentral","DKK","Pay-as-you-go Data Ingestion","Pay-as-you-go","1 GB","23.0567","2020-02-01T00:00:00.000Z","0","23.0567"
"2024-02-02T06:08:03.849Z","Azure Monitor","australiacentral","DKK","100 GB Commitment Tier Capacity Reservation","100","1/Day","1894.2381","2019-11-01T00:00:00.000Z","82.1556","18.9424"
"2024-02-02T06:08:03.849Z","Azure Monitor","australiacentral","DKK","200 GB Commitment Tier Capacity Reservation","200","1/Day","3556.5286","2019-11-01T00:00:00.000Z","187.7549","17.7826"
"2024-02-02T06:08:03.849Z","Azure Monitor","australiacentral","DKK","300 GB Commitment Tier Capacity Reservation","300","1/Day","5218.8192","2019-11-01T00:00:00.000Z","293.479","17.3961"
"2024-02-02T06:08:03.849Z","Azure Monitor","australiacentral","DKK","400 GB Commitment Tier Capacity Reservation","400","1/Day","6803.7939","2019-11-01T00:00:00.000Z","391.1103","17.0095"
"2024-02-02T06:08:03.849Z","Azure Monitor","australiacentral","DKK","500 GB Commitment Tier Capacity Reservation","500","1/Day","8359.7752","2019-11-01T00:00:00.000Z","491.4768","16.7196"
"2024-02-02T06:08:03.849Z","Azure Monitor","australiacentral","DKK","1000 GB Commitment Tier Capacity Reservation","1000","1/Day","16429.616","2021-06-01T00:00:00.000Z","982.656","16.4296"
"2024-02-02T06:08:03.849Z","Azure Monitor","australiacentral","DKK","2000 GB Commitment Tier Capacity Reservation","2000","1/Day","32086.0736","2021-06-01T00:00:00.000Z","1952.9431","16.043"
"2024-02-02T06:08:03.849Z","Azure Monitor","australiacentral","DKK","5000 GB Commitment Tier Capacity Reservation","5000","1/Day","77799.064","2021-06-01T00:00:00.000Z","4849.4087","15.5598"
"2024-03-02T06:08:20.311Z","Azure Monitor","australiacentral","DKK","Pay-as-you-go Data Ingestion","Pay-as-you-go","1 GB","22.95","2020-02-01T00:00:00.000Z","0","22.95"
"2024-03-02T06:08:20.311Z","Azure Monitor","australiacentral","DKK","100 GB Commitment Tier Capacity Reservation","100","1/Day","1885.471","2019-11-01T00:00:00.000Z","82.1556","18.8547"
"2024-03-02T06:08:20.311Z","Azure Monitor","australiacentral","DKK","200 GB Commitment Tier Capacity Reservation","200","1/Day","3540.068","2019-11-01T00:00:00.000Z","187.7552","17.7003"
"2024-03-02T06:08:20.311Z","Azure Monitor","australiacentral","DKK","300 GB Commitment Tier Capacity Reservation","300","1/Day","5194.665","2019-11-01T00:00:00.000Z","293.4789","17.3156"
"2024-03-02T06:08:20.311Z","Azure Monitor","australiacentral","DKK","400 GB Commitment Tier Capacity Reservation","400","1/Day","6772.304","2019-11-01T00:00:00.000Z","391.11","16.9308"
"2024-03-02T06:08:20.311Z","Azure Monitor","australiacentral","DKK","500 GB Commitment Tier Capacity Reservation","500","1/Day","8321.0838","2019-11-01T00:00:00.000Z","491.4761","16.6422"
"2024-03-02T06:08:20.311Z","Azure Monitor","australiacentral","DKK","1000 GB Commitment Tier Capacity Reservation","1000","1/Day","16353.575","2021-06-01T00:00:00.000Z","982.657","16.3536"
"2024-03-02T06:08:20.311Z","Azure Monitor","australiacentral","DKK","2000 GB Commitment Tier Capacity Reservation","2000","1/Day","31937.57","2021-06-01T00:00:00.000Z","1952.9382","15.9688"
"2024-03-02T06:08:20.311Z","Azure Monitor","australiacentral","DKK","5000 GB Commitment Tier Capacity Reservation","5000","1/Day","77438.9875","2021-06-01T00:00:00.000Z","4849.393","15.4878"
"2024-04-03T09:26:28.723Z","Azure Monitor","australiacentral","DKK","Pay-as-you-go Data Ingestion","Pay-as-you-go","1 GB","23.0089","2020-02-01T00:00:00.000Z","0","23.0089"
"2024-04-03T09:26:28.723Z","Azure Monitor","australiacentral","DKK","100 GB Commitment Tier Capacity Reservation","100","1/Day","1890.3142","2019-11-01T00:00:00.000Z","82.1558","18.9031"
"2024-04-03T09:26:28.723Z","Azure Monitor","australiacentral","DKK","200 GB Commitment Tier Capacity Reservation","200","1/Day","3549.1613","2019-11-01T00:00:00.000Z","187.7555","17.7458"
"2024-04-03T09:26:28.723Z","Azure Monitor","australiacentral","DKK","300 GB Commitment Tier Capacity Reservation","300","1/Day","5208.0084","2019-11-01T00:00:00.000Z","293.4784","17.36"
"2024-04-03T09:26:28.723Z","Azure Monitor","australiacentral","DKK","400 GB Commitment Tier Capacity Reservation","400","1/Day","6789.6998","2019-11-01T00:00:00.000Z","391.1117","16.9742"
"2024-04-03T09:26:28.723Z","Azure Monitor","australiacentral","DKK","500 GB Commitment Tier Capacity Reservation","500","1/Day","8342.4579","2019-11-01T00:00:00.000Z","491.4787","16.6849"
"2024-04-03T09:26:28.723Z","Azure Monitor","australiacentral","DKK","1000 GB Commitment Tier Capacity Reservation","1000","1/Day","16395.582","2021-06-01T00:00:00.000Z","982.6599","16.3956"
"2024-04-03T09:26:28.723Z","Azure Monitor","australiacentral","DKK","2000 GB Commitment Tier Capacity Reservation","2000","1/Day","32019.6072","2021-06-01T00:00:00.000Z","1952.939","16.0098"
"2024-04-03T09:26:28.723Z","Azure Monitor","australiacentral","DKK","5000 GB Commitment Tier Capacity Reservation","5000","1/Day","77637.903","2021-06-01T00:00:00.000Z","4849.3987","15.5276"
"2024-05-01T06:09:59.892Z","Azure Monitor","australiacentral","DKK","Pay-as-you-go Data Ingestion","Pay-as-you-go","1 GB","23.3221","2020-02-01T00:00:00.000Z","0","23.3221"
"2024-05-01T06:09:59.892Z","Azure Monitor","australiacentral","DKK","100 GB Commitment Tier Capacity Reservation","100","1/Day","1916.0392","2019-11-01T00:00:00.000Z","82.1555","19.1604"
"2024-05-01T06:09:59.892Z","Azure Monitor","australiacentral","DKK","200 GB Commitment Tier Capacity Reservation","200","1/Day","3597.4613","2019-11-01T00:00:00.000Z","187.755","17.9873"
"2024-05-01T06:09:59.892Z","Azure Monitor","australiacentral","DKK","300 GB Commitment Tier Capacity Reservation","300","1/Day","5278.8834","2019-11-01T00:00:00.000Z","293.4784","17.5963"
"2024-05-01T06:09:59.892Z","Azure Monitor","australiacentral","DKK","400 GB Commitment Tier Capacity Reservation","400","1/Day","6882.0998","2019-11-01T00:00:00.000Z","391.1106","17.2052"
"2024-05-01T06:09:59.892Z","Azure Monitor","australiacentral","DKK","500 GB Commitment Tier Capacity Reservation","500","1/Day","8455.9892","2019-11-01T00:00:00.000Z","491.4787","16.912"
"2024-05-01T06:09:59.892Z","Azure Monitor","australiacentral","DKK","1000 GB Commitment Tier Capacity Reservation","1000","1/Day","16618.707","2021-06-01T00:00:00.000Z","982.6577","16.6187"
"2024-05-01T06:09:59.892Z","Azure Monitor","australiacentral","DKK","2000 GB Commitment Tier Capacity Reservation","2000","1/Day","32455.3572","2021-06-01T00:00:00.000Z","1952.942","16.2277"
"2024-05-01T06:09:59.892Z","Azure Monitor","australiacentral","DKK","5000 GB Commitment Tier Capacity Reservation","5000","1/Day","78694.4655","2021-06-01T00:00:00.000Z","4849.3912","15.7389"
"2024-06-02T06:10:06.668Z","Azure Monitor","australiacentral","DKK","Pay-as-you-go Data Ingestion","Pay-as-you-go","1 GB","23.0425","2020-02-01T00:00:00.000Z","0","23.0425"
"2024-06-02T06:10:06.668Z","Azure Monitor","australiacentral","DKK","100 GB Commitment Tier Capacity Reservation","100","1/Day","1893.0719","2019-11-01T00:00:00.000Z","82.1557","18.9307"
"2024-06-02T06:10:06.668Z","Azure Monitor","australiacentral","DKK","200 GB Commitment Tier Capacity Reservation","200","1/Day","3554.339","2019-11-01T00:00:00.000Z","187.7553","17.7717"
"2024-06-02T06:10:06.668Z","Azure Monitor","australiacentral","DKK","300 GB Commitment Tier Capacity Reservation","300","1/Day","5215.6062","2019-11-01T00:00:00.000Z","293.4782","17.3854"
"2024-06-02T06:10:06.668Z","Azure Monitor","australiacentral","DKK","400 GB Commitment Tier Capacity Reservation","400","1/Day","6799.6051","2019-11-01T00:00:00.000Z","391.1101","16.999"
"2024-06-02T06:10:06.668Z","Azure Monitor","australiacentral","DKK","500 GB Commitment Tier Capacity Reservation","500","1/Day","8354.6285","2019-11-01T00:00:00.000Z","491.4776","16.7093"
"2024-06-02T06:10:06.668Z","Azure Monitor","australiacentral","DKK","1000 GB Commitment Tier Capacity Reservation","1000","1/Day","16419.501","2021-06-01T00:00:00.000Z","982.6564","16.4195"
"2024-06-02T06:10:06.668Z","Azure Monitor","australiacentral","DKK","2000 GB Commitment Tier Capacity Reservation","2000","1/Day","32066.3196","2021-06-01T00:00:00.000Z","1952.9413","16.0332"
"2024-06-02T06:10:06.668Z","Azure Monitor","australiacentral","DKK","5000 GB Commitment Tier Capacity Reservation","5000","1/Day","77751.1665","2021-06-01T00:00:00.000Z","4849.3854","15.5502"
"2024-07-01T06:11:21.244Z","Azure Monitor","australiacentral","DKK","Pay-as-you-go Data Ingestion","Pay-as-you-go","1 GB","23.3224","2020-02-01T00:00:00.000Z","0","23.3224"
"2024-07-01T06:11:21.244Z","Azure Monitor","australiacentral","DKK","100 GB Commitment Tier Capacity Reservation","100","1/Day","1916.0666","2019-11-01T00:00:00.000Z","82.1556","19.1607"
"2024-07-01T06:11:21.244Z","Azure Monitor","australiacentral","DKK","200 GB Commitment Tier Capacity Reservation","200","1/Day","3597.5128","2019-11-01T00:00:00.000Z","187.7548","17.9876"
"2024-07-01T06:11:21.244Z","Azure Monitor","australiacentral","DKK","300 GB Commitment Tier Capacity Reservation","300","1/Day","5278.959","2019-11-01T00:00:00.000Z","293.4777","17.5965"
"2024-07-01T06:11:21.244Z","Azure Monitor","australiacentral","DKK","400 GB Commitment Tier Capacity Reservation","400","1/Day","6882.1984","2019-11-01T00:00:00.000Z","391.1118","17.2055"
"2024-07-01T06:11:21.244Z","Azure Monitor","australiacentral","DKK","500 GB Commitment Tier Capacity Reservation","500","1/Day","8456.1102","2019-11-01T00:00:00.000Z","491.4772","16.9122"
"2024-07-01T06:11:21.244Z","Azure Monitor","australiacentral","DKK","1000 GB Commitment Tier Capacity Reservation","1000","1/Day","16618.945","2021-06-01T00:00:00.000Z","982.6602","16.6189"
"2024-07-01T06:11:21.244Z","Azure Monitor","australiacentral","DKK","2000 GB Commitment Tier Capacity Reservation","2000","1/Day","32455.822","2021-06-01T00:00:00.000Z","1952.9465","16.2279"
"2024-07-01T06:11:21.244Z","Azure Monitor","australiacentral","DKK","5000 GB Commitment Tier Capacity Reservation","5000","1/Day","78695.5925","2021-06-01T00:00:00.000Z","4849.4009","15.7391"
"2024-08-02T06:11:10.559Z","Azure Monitor","australiacentral","DKK","Pay-as-you-go Data Ingestion","Pay-as-you-go","1 GB","23.0438","2020-02-01T00:00:00.000Z","0","23.0438"
"2024-08-02T06:11:10.559Z","Azure Monitor","australiacentral","DKK","100 GB Commitment Tier Capacity Reservation","100","1/Day","1893.1816","2019-11-01T00:00:00.000Z","82.1558","18.9318"
"2024-08-02T06:11:10.559Z","Azure Monitor","australiacentral","DKK","200 GB Commitment Tier Capacity Reservation","200","1/Day","3554.5451","2019-11-01T00:00:00.000Z","187.7553","17.7727"
"2024-08-02T06:11:10.559Z","Azure Monitor","australiacentral","DKK","300 GB Commitment Tier Capacity Reservation","300","1/Day","5215.9086","2019-11-01T00:00:00.000Z","293.4787","17.3864"
"2024-08-02T06:11:10.559Z","Azure Monitor","australiacentral","DKK","400 GB Commitment Tier Capacity Reservation","400","1/Day","6799.9994","2019-11-01T00:00:00.000Z","391.1103","17.0000"
"2024-08-02T06:11:10.559Z","Azure Monitor","australiacentral","DKK","500 GB Commitment Tier Capacity Reservation","500","1/Day","8355.1129","2019-11-01T00:00:00.000Z","491.4772","16.7102"
"2024-08-02T06:11:10.559Z","Azure Monitor","australiacentral","DKK","1000 GB Commitment Tier Capacity Reservation","1000","1/Day","16420.453","2021-06-01T00:00:00.000Z","982.6605","16.4205"
"2024-08-02T06:11:10.559Z","Azure Monitor","australiacentral","DKK","2000 GB Commitment Tier Capacity Reservation","2000","1/Day","32068.1788","2021-06-01T00:00:00.000Z","1952.9356","16.0341"
"2024-08-02T06:11:10.559Z","Azure Monitor","australiacentral","DKK","5000 GB Commitment Tier Capacity Reservation","5000","1/Day","77755.6745","2021-06-01T00:00:00.000Z","4849.3944","15.5511"
