"TimeGenerated","ServiceName","ArmRegionName","CurrencyCode","MeterName","Tier","UnitOfMeasure","RetailPrice","EffectiveStartDate","EffectiveCommitmentTierThresholdGB","EffectivePricePerGB"
"2023-03-29T15:50:58.330Z","Azure Monitor","australiacentral","RUB","Pay-as-you-go Data Ingestion","Pay-as-you-go","1 GB","254.508","2020-02-01T00:00:00.000Z","0","254.508"
"2023-03-29T15:50:58.330Z","Azure Monitor","australiacentral","RUB","100 GB Commitment Tier Capacity Reservation","100","1/Day","20909.28","2019-11-01T00:00:00.000Z","82.1557","209.0928"
"2023-03-29T15:50:58.330Z","Azure Monitor","australiacentral","RUB","200 GB Commitment Tier Capacity Reservation","200","1/Day","39258.24","2019-11-01T00:00:00.000Z","187.7551","196.2912"
"2023-03-29T15:50:58.330Z","Azure Monitor","australiacentral","RUB","300 GB Commitment Tier Capacity Reservation","300","1/Day","57607.2","2019-11-01T00:00:00.000Z","293.4783","192.024"
"2023-03-29T15:50:58.330Z","Azure Monitor","australiacentral","RUB","400 GB Commitment Tier Capacity Reservation","400","1/Day","75102.72","2019-11-01T00:00:00.000Z","391.1111","187.7568"
"2023-03-29T15:50:58.330Z","Azure Monitor","australiacentral","RUB","500 GB Commitment Tier Capacity Reservation","500","1/Day","92278.2","2019-11-01T00:00:00.000Z","491.4773","184.5564"
"2023-03-29T15:50:58.330Z","Azure Monitor","australiacentral","RUB","1000 GB Commitment Tier Capacity Reservation","1000","1/Day","181356","2021-06-01T02:00:00.000Z","982.659","181.356"
"2023-03-29T15:50:58.330Z","Azure Monitor","australiacentral","RUB","2000 GB Commitment Tier Capacity Reservation","2000","1/Day","354177.6","2021-06-01T02:00:00.000Z","1952.9412","177.0888"
"2023-03-29T15:50:58.330Z","Azure Monitor","australiacentral","RUB","5000 GB Commitment Tier Capacity Reservation","5000","1/Day","858774","2021-06-01T02:00:00.000Z","4849.3976","171.7548"
"2023-04-12T13:28:34.468Z","Azure Monitor","australiacentral","RUB","Pay-as-you-go Data Ingestion","Pay-as-you-go","1 GB","258.015","2020-02-01T00:00:00.000Z","0","258.015"
"2023-04-12T13:28:34.468Z","Azure Monitor","australiacentral","RUB","100 GB Commitment Tier Capacity Reservation","100","1/Day","21197.4","2019-11-01T00:00:00.000Z","82.1557","211.974"
"2023-04-12T13:28:34.468Z","Azure Monitor","australiacentral","RUB","200 GB Commitment Tier Capacity Reservation","200","1/Day","39799.2","2019-11-01T00:00:00.000Z","187.7551","198.996"
"2023-04-12T13:28:34.468Z","Azure Monitor","australiacentral","RUB","300 GB Commitment Tier Capacity Reservation","300","1/Day","58401","2019-11-01T00:00:00.000Z","293.4783","194.67"
"2023-04-12T13:28:34.468Z","Azure Monitor","australiacentral","RUB","400 GB Commitment Tier Capacity Reservation","400","1/Day","76137.6","2019-11-01T00:00:00.000Z","391.1111","190.344"
"2023-04-12T13:28:34.468Z","Azure Monitor","australiacentral","RUB","500 GB Commitment Tier Capacity Reservation","500","1/Day","93549.75","2019-11-01T00:00:00.000Z","491.4773","187.0995"
"2023-04-12T13:28:34.468Z","Azure Monitor","australiacentral","RUB","1000 GB Commitment Tier Capacity Reservation","1000","1/Day","183855","2021-06-01T02:00:00.000Z","982.659","183.855"
"2023-04-12T13:28:34.468Z","Azure Monitor","australiacentral","RUB","2000 GB Commitment Tier Capacity Reservation","2000","1/Day","359058","2021-06-01T02:00:00.000Z","1952.9412","179.529"
"2023-04-12T13:28:34.468Z","Azure Monitor","australiacentral","RUB","5000 GB Commitment Tier Capacity Reservation","5000","1/Day","870607.5","2021-06-01T02:00:00.000Z","4849.3976","174.1215"
"2023-05-02T08:07:40.927Z","Azure Monitor","australiacentral","RUB","Pay-as-you-go Data Ingestion","Pay-as-you-go","1 GB","276.385","2020-02-01T00:00:00.000Z","0","276.385"
"2023-05-02T08:07:40.927Z","Azure Monitor","australiacentral","RUB","100 GB Commitment Tier Capacity Reservation","100","1/Day","22706.6","2019-11-01T00:00:00.000Z","82.1557","227.066"
"2023-05-02T08:07:40.927Z","Azure Monitor","australiacentral","RUB","200 GB Commitment Tier Capacity Reservation","200","1/Day","42632.8","2019-11-01T00:00:00.000Z","187.7551","213.164"
"2023-05-02T08:07:40.927Z","Azure Monitor","australiacentral","RUB","300 GB Commitment Tier Capacity Reservation","300","1/Day","62559","2019-11-01T00:00:00.000Z","293.4783","208.53"
"2023-05-02T08:07:40.927Z","Azure Monitor","australiacentral","RUB","400 GB Commitment Tier Capacity Reservation","400","1/Day","81558.4","2019-11-01T00:00:00.000Z","391.1111","203.896"
"2023-05-02T08:07:40.927Z","Azure Monitor","australiacentral","RUB","500 GB Commitment Tier Capacity Reservation","500","1/Day","100210.25","2019-11-01T00:00:00.000Z","491.4773","200.4205"
"2023-05-02T08:07:40.927Z","Azure Monitor","australiacentral","RUB","1000 GB Commitment Tier Capacity Reservation","1000","1/Day","196945","2021-06-01T02:00:00.000Z","982.659","196.945"
"2023-05-02T08:07:40.927Z","Azure Monitor","australiacentral","RUB","2000 GB Commitment Tier Capacity Reservation","2000","1/Day","384622","2021-06-01T02:00:00.000Z","1952.9412","192.311"
"2023-05-02T08:07:40.927Z","Azure Monitor","australiacentral","RUB","5000 GB Commitment Tier Capacity Reservation","5000","1/Day","932592.5","2021-06-01T02:00:00.000Z","4849.3976","186.5185"
"2023-06-02T08:07:42.568Z","Azure Monitor","australiacentral","RUB","Pay-as-you-go Data Ingestion","Pay-as-you-go","1 GB","266.866","2020-02-01T00:00:00.000Z","0","266.866"
"2023-06-02T08:07:42.568Z","Azure Monitor","australiacentral","RUB","100 GB Commitment Tier Capacity Reservation","100","1/Day","21924.56","2019-11-01T00:00:00.000Z","82.1557","219.2456"
"2023-06-02T08:07:42.568Z","Azure Monitor","australiacentral","RUB","200 GB Commitment Tier Capacity Reservation","200","1/Day","41164.48","2019-11-01T00:00:00.000Z","187.7551","205.8224"
"2023-06-02T08:07:42.568Z","Azure Monitor","australiacentral","RUB","300 GB Commitment Tier Capacity Reservation","300","1/Day","60404.4","2019-11-01T00:00:00.000Z","293.4783","201.348"
"2023-06-02T08:07:42.568Z","Azure Monitor","australiacentral","RUB","400 GB Commitment Tier Capacity Reservation","400","1/Day","78749.44","2019-11-01T00:00:00.000Z","391.1111","196.8736"
"2023-06-02T08:07:42.568Z","Azure Monitor","australiacentral","RUB","500 GB Commitment Tier Capacity Reservation","500","1/Day","96758.9","2019-11-01T00:00:00.000Z","491.4773","193.5178"
"2023-06-02T08:07:42.568Z","Azure Monitor","australiacentral","RUB","1000 GB Commitment Tier Capacity Reservation","1000","1/Day","190162","2021-06-01T02:00:00.000Z","982.659","190.162"
"2023-06-02T08:07:42.568Z","Azure Monitor","australiacentral","RUB","2000 GB Commitment Tier Capacity Reservation","2000","1/Day","371375.2","2021-06-01T02:00:00.000Z","1952.9412","185.6876"
"2023-06-02T08:07:42.568Z","Azure Monitor","australiacentral","RUB","5000 GB Commitment Tier Capacity Reservation","5000","1/Day","900473","2021-06-01T02:00:00.000Z","4849.3976","180.0946"
"2023-07-07T06:09:02.036Z","Azure Monitor","australiacentral","RUB","Pay-as-you-go Data Ingestion","Pay-as-you-go","1 GB","289.244","2020-02-01T00:00:00.000Z","0","289.244"
"2023-07-07T06:09:02.036Z","Azure Monitor","australiacentral","RUB","100 GB Commitment Tier Capacity Reservation","100","1/Day","23763.04","2019-11-01T00:00:00.000Z","82.1557","237.6304"
"2023-07-07T06:09:02.036Z","Azure Monitor","australiacentral","RUB","200 GB Commitment Tier Capacity Reservation","200","1/Day","44616.32","2019-11-01T00:00:00.000Z","187.7551","223.0816"
"2023-07-07T06:09:02.036Z","Azure Monitor","australiacentral","RUB","300 GB Commitment Tier Capacity Reservation","300","1/Day","65469.6","2019-11-01T00:00:00.000Z","293.4783","218.232"
"2023-07-07T06:09:02.036Z","Azure Monitor","australiacentral","RUB","400 GB Commitment Tier Capacity Reservation","400","1/Day","85352.96","2019-11-01T00:00:00.000Z","391.1111","213.3824"
"2023-07-07T06:09:02.036Z","Azure Monitor","australiacentral","RUB","500 GB Commitment Tier Capacity Reservation","500","1/Day","104872.6","2019-11-01T00:00:00.000Z","491.4773","209.7452"
"2023-07-07T06:09:02.036Z","Azure Monitor","australiacentral","RUB","1000 GB Commitment Tier Capacity Reservation","1000","1/Day","206108","2021-06-01T00:00:00.000Z","982.659","206.108"
"2023-07-07T06:09:02.036Z","Azure Monitor","australiacentral","RUB","2000 GB Commitment Tier Capacity Reservation","2000","1/Day","402516.8","2021-06-01T00:00:00.000Z","1952.9412","201.2584"
"2023-07-07T06:09:02.036Z","Azure Monitor","australiacentral","RUB","5000 GB Commitment Tier Capacity Reservation","5000","1/Day","975982","2021-06-01T00:00:00.000Z","4849.3976","195.1964"
"2023-08-01T06:08:30.007Z","Azure Monitor","australiacentral","RUB","Pay-as-you-go Data Ingestion","Pay-as-you-go","1 GB","303.272","2020-02-01T00:00:00.000Z","0","303.272"
"2023-08-01T06:08:30.007Z","Azure Monitor","australiacentral","RUB","100 GB Commitment Tier Capacity Reservation","100","1/Day","24915.52","2019-11-01T00:00:00.000Z","82.1557","249.1552"
"2023-08-01T06:08:30.007Z","Azure Monitor","australiacentral","RUB","200 GB Commitment Tier Capacity Reservation","200","1/Day","46780.16","2019-11-01T00:00:00.000Z","187.7551","233.9008"
"2023-08-01T06:08:30.007Z","Azure Monitor","australiacentral","RUB","300 GB Commitment Tier Capacity Reservation","300","1/Day","68644.8","2019-11-01T00:00:00.000Z","293.4783","228.816"
"2023-08-01T06:08:30.007Z","Azure Monitor","australiacentral","RUB","400 GB Commitment Tier Capacity Reservation","400","1/Day","89492.48","2019-11-01T00:00:00.000Z","391.1111","223.7312"
"2023-08-01T06:08:30.007Z","Azure Monitor","australiacentral","RUB","500 GB Commitment Tier Capacity Reservation","500","1/Day","109958.8","2019-11-01T00:00:00.000Z","491.4773","219.9176"
"2023-08-01T06:08:30.007Z","Azure Monitor","australiacentral","RUB","1000 GB Commitment Tier Capacity Reservation","1000","1/Day","216104","2021-06-01T00:00:00.000Z","982.659","216.104"
"2023-08-01T06:08:30.007Z","Azure Monitor","australiacentral","RUB","2000 GB Commitment Tier Capacity Reservation","2000","1/Day","422038.4","2021-06-01T00:00:00.000Z","1952.9412","211.0192"
"2023-08-01T06:08:30.007Z","Azure Monitor","australiacentral","RUB","5000 GB Commitment Tier Capacity Reservation","5000","1/Day","1023316","2021-06-01T00:00:00.000Z","4849.3976","204.6632"
"2023-09-02T06:07:00.316Z","Azure Monitor","australiacentral","RUB","Pay-as-you-go Data Ingestion","Pay-as-you-go","1 GB","319.5545","2020-02-01T00:00:00.000Z","0","319.5545"
"2023-09-02T06:07:00.316Z","Azure Monitor","australiacentral","RUB","100 GB Commitment Tier Capacity Reservation","100","1/Day","26253.22","2019-11-01T00:00:00.000Z","82.1557","262.5322"
"2023-09-02T06:07:00.316Z","Azure Monitor","australiacentral","RUB","200 GB Commitment Tier Capacity Reservation","200","1/Day","49291.76","2019-11-01T00:00:00.000Z","187.7551","246.4588"
"2023-09-02T06:07:00.316Z","Azure Monitor","australiacentral","RUB","300 GB Commitment Tier Capacity Reservation","300","1/Day","72330.3","2019-11-01T00:00:00.000Z","293.4783","241.101"
"2023-09-02T06:07:00.316Z","Azure Monitor","australiacentral","RUB","400 GB Commitment Tier Capacity Reservation","400","1/Day","94297.28","2019-11-01T00:00:00.000Z","391.1111","235.7432"
"2023-09-02T06:07:00.316Z","Azure Monitor","australiacentral","RUB","500 GB Commitment Tier Capacity Reservation","500","1/Day","115862.425","2019-11-01T00:00:00.000Z","491.4773","231.7248"
"2023-09-02T06:07:00.316Z","Azure Monitor","australiacentral","RUB","1000 GB Commitment Tier Capacity Reservation","1000","1/Day","227706.5","2021-06-01T00:00:00.000Z","982.6592","227.7065"
"2023-09-02T06:07:00.316Z","Azure Monitor","australiacentral","RUB","2000 GB Commitment Tier Capacity Reservation","2000","1/Day","444697.4","2021-06-01T00:00:00.000Z","1952.9412","222.3487"
"2023-09-02T06:07:00.316Z","Azure Monitor","australiacentral","RUB","5000 GB Commitment Tier Capacity Reservation","5000","1/Day","1078257.25","2021-06-01T00:00:00.000Z","4849.3976","215.6514"
"2023-10-02T06:08:46.154Z","Azure Monitor","australiacentral","RUB","Pay-as-you-go Data Ingestion","Pay-as-you-go","1 GB","323.145","2020-02-01T00:00:00.000Z","0","323.145"
"2023-10-02T06:08:46.154Z","Azure Monitor","australiacentral","RUB","100 GB Commitment Tier Capacity Reservation","100","1/Day","26548.2","2019-11-01T00:00:00.000Z","82.1557","265.482"
"2023-10-02T06:08:46.154Z","Azure Monitor","australiacentral","RUB","200 GB Commitment Tier Capacity Reservation","200","1/Day","49845.6","2019-11-01T00:00:00.000Z","187.7551","249.228"
"2023-10-02T06:08:46.154Z","Azure Monitor","australiacentral","RUB","300 GB Commitment Tier Capacity Reservation","300","1/Day","73143","2019-11-01T00:00:00.000Z","293.4783","243.81"
"2023-10-02T06:08:46.154Z","Azure Monitor","australiacentral","RUB","400 GB Commitment Tier Capacity Reservation","400","1/Day","95356.8","2019-11-01T00:00:00.000Z","391.1111","238.392"
"2023-10-02T06:08:46.154Z","Azure Monitor","australiacentral","RUB","500 GB Commitment Tier Capacity Reservation","500","1/Day","117164.25","2019-11-01T00:00:00.000Z","491.4773","234.3285"
"2023-10-02T06:08:46.154Z","Azure Monitor","australiacentral","RUB","1000 GB Commitment Tier Capacity Reservation","1000","1/Day","230265","2021-06-01T00:00:00.000Z","982.659","230.265"
"2023-10-02T06:08:46.154Z","Azure Monitor","australiacentral","RUB","2000 GB Commitment Tier Capacity Reservation","2000","1/Day","449694","2021-06-01T00:00:00.000Z","1952.9412","224.847"
"2023-10-02T06:08:46.154Z","Azure Monitor","australiacentral","RUB","5000 GB Commitment Tier Capacity Reservation","5000","1/Day","1090372.5","2021-06-01T00:00:00.000Z","4849.3976","218.0745"
"2023-11-01T06:08:41.407Z","Azure Monitor","australiacentral","RUB","Pay-as-you-go Data Ingestion","Pay-as-you-go","1 GB","316.298","2020-02-01T00:00:00.000Z","0","316.298"
"2023-11-01T06:08:41.407Z","Azure Monitor","australiacentral","RUB","100 GB Commitment Tier Capacity Reservation","100","1/Day","25985.68","2019-11-01T00:00:00.000Z","82.1557","259.8568"
"2023-11-01T06:08:41.407Z","Azure Monitor","australiacentral","RUB","200 GB Commitment Tier Capacity Reservation","200","1/Day","48789.44","2019-11-01T00:00:00.000Z","187.7551","243.9472"
"2023-11-01T06:08:41.407Z","Azure Monitor","australiacentral","RUB","300 GB Commitment Tier Capacity Reservation","300","1/Day","71593.2","2019-11-01T00:00:00.000Z","293.4783","238.644"
"2023-11-01T06:08:41.407Z","Azure Monitor","australiacentral","RUB","400 GB Commitment Tier Capacity Reservation","400","1/Day","93336.32","2019-11-01T00:00:00.000Z","391.1111","233.3408"
"2023-11-01T06:08:41.407Z","Azure Monitor","australiacentral","RUB","500 GB Commitment Tier Capacity Reservation","500","1/Day","114681.7","2019-11-01T00:00:00.000Z","491.4773","229.3634"
"2023-11-01T06:08:41.407Z","Azure Monitor","australiacentral","RUB","1000 GB Commitment Tier Capacity Reservation","1000","1/Day","225386","2021-06-01T00:00:00.000Z","982.659","225.386"
"2023-11-01T06:08:41.407Z","Azure Monitor","australiacentral","RUB","2000 GB Commitment Tier Capacity Reservation","2000","1/Day","440165.6","2021-06-01T00:00:00.000Z","1952.9412","220.0828"
"2023-11-01T06:08:41.407Z","Azure Monitor","australiacentral","RUB","5000 GB Commitment Tier Capacity Reservation","5000","1/Day","1067269","2021-06-01T00:00:00.000Z","4849.3976","213.4538"
"2023-12-02T06:07:58.693Z","Azure Monitor","australiacentral","RUB","Pay-as-you-go Data Ingestion","Pay-as-you-go","1 GB","298.93","2020-02-01T00:00:00.000Z","0","298.93"
"2023-12-02T06:07:58.693Z","Azure Monitor","australiacentral","RUB","100 GB Commitment Tier Capacity Reservation","100","1/Day","24558.8","2019-11-01T00:00:00.000Z","82.1557","245.588"
"2023-12-02T06:07:58.693Z","Azure Monitor","australiacentral","RUB","200 GB Commitment Tier Capacity Reservation","200","1/Day","46110.4","2019-11-01T00:00:00.000Z","187.7551","230.552"
"2023-12-02T06:07:58.693Z","Azure Monitor","australiacentral","RUB","300 GB Commitment Tier Capacity Reservation","300","1/Day","67662","2019-11-01T00:00:00.000Z","293.4783","225.54"
"2023-12-02T06:07:58.693Z","Azure Monitor","australiacentral","RUB","400 GB Commitment Tier Capacity Reservation","400","1/Day","88211.2","2019-11-01T00:00:00.000Z","391.1111","220.528"
"2023-12-02T06:07:58.693Z","Azure Monitor","australiacentral","RUB","500 GB Commitment Tier Capacity Reservation","500","1/Day","108384.5","2019-11-01T00:00:00.000Z","491.4773","216.769"
"2023-12-02T06:07:58.693Z","Azure Monitor","australiacentral","RUB","1000 GB Commitment Tier Capacity Reservation","1000","1/Day","213010","2021-06-01T00:00:00.000Z","982.659","213.01"
"2023-12-02T06:07:58.693Z","Azure Monitor","australiacentral","RUB","2000 GB Commitment Tier Capacity Reservation","2000","1/Day","415996","2021-06-01T00:00:00.000Z","1952.9412","207.998"
"2023-12-02T06:07:58.693Z","Azure Monitor","australiacentral","RUB","5000 GB Commitment Tier Capacity Reservation","5000","1/Day","1008665","2021-06-01T00:00:00.000Z","4849.3976","201.733"
"2024-01-02T06:08:37.104Z","Azure Monitor","australiacentral","RUB","Pay-as-you-go Data Ingestion","Pay-as-you-go","1 GB","305.8605","2020-02-01T00:00:00.000Z","0","305.8605"
"2024-01-02T06:08:37.104Z","Azure Monitor","australiacentral","RUB","100 GB Commitment Tier Capacity Reservation","100","1/Day","25128.18","2019-11-01T00:00:00.000Z","82.1557","251.2818"
"2024-01-02T06:08:37.104Z","Azure Monitor","australiacentral","RUB","200 GB Commitment Tier Capacity Reservation","200","1/Day","47179.44","2019-11-01T00:00:00.000Z","187.7551","235.8972"
"2024-01-02T06:08:37.104Z","Azure Monitor","australiacentral","RUB","300 GB Commitment Tier Capacity Reservation","300","1/Day","69230.7","2019-11-01T00:00:00.000Z","293.4783","230.769"
"2024-01-02T06:08:37.104Z","Azure Monitor","australiacentral","RUB","400 GB Commitment Tier Capacity Reservation","400","1/Day","90256.32","2019-11-01T00:00:00.000Z","391.1111","225.6408"
"2024-01-02T06:08:37.104Z","Azure Monitor","australiacentral","RUB","500 GB Commitment Tier Capacity Reservation","500","1/Day","110897.325","2019-11-01T00:00:00.000Z","491.4773","221.7946"
"2024-01-02T06:08:37.104Z","Azure Monitor","australiacentral","RUB","1000 GB Commitment Tier Capacity Reservation","1000","1/Day","217948.5","2021-06-01T00:00:00.000Z","982.6592","217.9485"
"2024-01-02T06:08:37.104Z","Azure Monitor","australiacentral","RUB","2000 GB Commitment Tier Capacity Reservation","2000","1/Day","425640.6","2021-06-01T00:00:00.000Z","1952.9412","212.8203"
"2024-01-02T06:08:37.104Z","Azure Monitor","australiacentral","RUB","5000 GB Commitment Tier Capacity Reservation","5000","1/Day","1032050.25","2021-06-01T00:00:00.000Z","4849.3976","206.41"
"2024-02-02T06:08:03.849Z","Azure Monitor","australiacentral","RUB","Pay-as-you-go Data Ingestion","Pay-as-you-go","1 GB","299.765","2020-02-01T00:00:00.000Z","0","299.765"
"2024-02-02T06:08:03.849Z","Azure Monitor","australiacentral","RUB","100 GB Commitment Tier Capacity Reservation","100","1/Day","24627.4","2019-11-01T00:00:00.000Z","82.1557","246.274"
"2024-02-02T06:08:03.849Z","Azure Monitor","australiacentral","RUB","200 GB Commitment Tier Capacity Reservation","200","1/Day","46239.2","2019-11-01T00:00:00.000Z","187.7551","231.196"
"2024-02-02T06:08:03.849Z","Azure Monitor","australiacentral","RUB","300 GB Commitment Tier Capacity Reservation","300","1/Day","67851","2019-11-01T00:00:00.000Z","293.4783","226.17"
"2024-02-02T06:08:03.849Z","Azure Monitor","australiacentral","RUB","400 GB Commitment Tier Capacity Reservation","400","1/Day","88457.6","2019-11-01T00:00:00.000Z","391.1111","221.144"
"2024-02-02T06:08:03.849Z","Azure Monitor","australiacentral","RUB","500 GB Commitment Tier Capacity Reservation","500","1/Day","108687.25","2019-11-01T00:00:00.000Z","491.4773","217.3745"
"2024-02-02T06:08:03.849Z","Azure Monitor","australiacentral","RUB","1000 GB Commitment Tier Capacity Reservation","1000","1/Day","213605","2021-06-01T00:00:00.000Z","982.659","213.605"
"2024-02-02T06:08:03.849Z","Azure Monitor","australiacentral","RUB","2000 GB Commitment Tier Capacity Reservation","2000","1/Day","417158","2021-06-01T00:00:00.000Z","1952.9412","208.579"
"2024-02-02T06:08:03.849Z","Azure Monitor","australiacentral","RUB","5000 GB Commitment Tier Capacity Reservation","5000","1/Day","1011482.5","2021-06-01T00:00:00.000Z","4849.3976","202.2965"
"2024-03-02T06:08:20.311Z","Azure Monitor","australiacentral","RUB","Pay-as-you-go Data Ingestion","Pay-as-you-go","1 GB","306.612","2020-02-01T00:00:00.000Z","0","306.612"
"2024-03-02T06:08:20.311Z","Azure Monitor","australiacentral","RUB","100 GB Commitment Tier Capacity Reservation","100","1/Day","25189.92","2019-11-01T00:00:00.000Z","82.1557","251.8992"
"2024-03-02T06:08:20.311Z","Azure Monitor","australiacentral","RUB","200 GB Commitment Tier Capacity Reservation","200","1/Day","47295.36","2019-11-01T00:00:00.000Z","187.7551","236.4768"
"2024-03-02T06:08:20.311Z","Azure Monitor","australiacentral","RUB","300 GB Commitment Tier Capacity Reservation","300","1/Day","69400.8","2019-11-01T00:00:00.000Z","293.4783","231.336"
"2024-03-02T06:08:20.311Z","Azure Monitor","australiacentral","RUB","400 GB Commitment Tier Capacity Reservation","400","1/Day","90478.08","2019-11-01T00:00:00.000Z","391.1111","226.1952"
"2024-03-02T06:08:20.311Z","Azure Monitor","australiacentral","RUB","500 GB Commitment Tier Capacity Reservation","500","1/Day","111169.8","2019-11-01T00:00:00.000Z","491.4773","222.3396"
"2024-03-02T06:08:20.311Z","Azure Monitor","australiacentral","RUB","1000 GB Commitment Tier Capacity Reservation","1000","1/Day","218484","2021-06-01T00:00:00.000Z","982.659","218.484"
"2024-03-02T06:08:20.311Z","Azure Monitor","australiacentral","RUB","2000 GB Commitment Tier Capacity Reservation","2000","1/Day","426686.4","2021-06-01T00:00:00.000Z","1952.9412","213.3432"
"2024-03-02T06:08:20.311Z","Azure Monitor","australiacentral","RUB","5000 GB Commitment Tier Capacity Reservation","5000","1/Day","1034586","2021-06-01T00:00:00.000Z","4849.3976","206.9172"
"2024-04-03T09:26:28.723Z","Azure Monitor","australiacentral","RUB","Pay-as-you-go Data Ingestion","Pay-as-you-go","1 GB","310.3695","2020-02-01T00:00:00.000Z","0","310.3695"
"2024-04-03T09:26:28.723Z","Azure Monitor","australiacentral","RUB","100 GB Commitment Tier Capacity Reservation","100","1/Day","25498.62","2019-11-01T00:00:00.000Z","82.1557","254.9862"
"2024-04-03T09:26:28.723Z","Azure Monitor","australiacentral","RUB","200 GB Commitment Tier Capacity Reservation","200","1/Day","47874.96","2019-11-01T00:00:00.000Z","187.7551","239.3748"
"2024-04-03T09:26:28.723Z","Azure Monitor","australiacentral","RUB","300 GB Commitment Tier Capacity Reservation","300","1/Day","70251.3","2019-11-01T00:00:00.000Z","293.4783","234.171"
"2024-04-03T09:26:28.723Z","Azure Monitor","australiacentral","RUB","400 GB Commitment Tier Capacity Reservation","400","1/Day","91586.88","2019-11-01T00:00:00.000Z","391.1111","228.9672"
"2024-04-03T09:26:28.723Z","Azure Monitor","australiacentral","RUB","500 GB Commitment Tier Capacity Reservation","500","1/Day","112532.175","2019-11-01T00:00:00.000Z","491.4773","225.0644"
"2024-04-03T09:26:28.723Z","Azure Monitor","australiacentral","RUB","1000 GB Commitment Tier Capacity Reservation","1000","1/Day","221161.5","2021-06-01T00:00:00.000Z","982.6587","221.1615"
"2024-04-03T09:26:28.723Z","Azure Monitor","australiacentral","RUB","2000 GB Commitment Tier Capacity Reservation","2000","1/Day","431915.4","2021-06-01T00:00:00.000Z","1952.9412","215.9577"
"2024-04-03T09:26:28.723Z","Azure Monitor","australiacentral","RUB","5000 GB Commitment Tier Capacity Reservation","5000","1/Day","1047264.75","2021-06-01T00:00:00.000Z","4849.3976","209.453"
"2024-05-01T06:09:59.892Z","Azure Monitor","australiacentral","RUB","Pay-as-you-go Data Ingestion","Pay-as-you-go","1 GB","308.783","2020-02-01T00:00:00.000Z","0","308.783"
"2024-05-01T06:09:59.892Z","Azure Monitor","australiacentral","RUB","100 GB Commitment Tier Capacity Reservation","100","1/Day","25368.28","2019-11-01T00:00:00.000Z","82.1557","253.6828"
"2024-05-01T06:09:59.892Z","Azure Monitor","australiacentral","RUB","200 GB Commitment Tier Capacity Reservation","200","1/Day","47630.24","2019-11-01T00:00:00.000Z","187.7551","238.1512"
"2024-05-01T06:09:59.892Z","Azure Monitor","australiacentral","RUB","300 GB Commitment Tier Capacity Reservation","300","1/Day","69892.2","2019-11-01T00:00:00.000Z","293.4783","232.974"
"2024-05-01T06:09:59.892Z","Azure Monitor","australiacentral","RUB","400 GB Commitment Tier Capacity Reservation","400","1/Day","91118.72","2019-11-01T00:00:00.000Z","391.1111","227.7968"
"2024-05-01T06:09:59.892Z","Azure Monitor","australiacentral","RUB","500 GB Commitment Tier Capacity Reservation","500","1/Day","111956.95","2019-11-01T00:00:00.000Z","491.4773","223.9139"
"2024-05-01T06:09:59.892Z","Azure Monitor","australiacentral","RUB","1000 GB Commitment Tier Capacity Reservation","1000","1/Day","220031","2021-06-01T00:00:00.000Z","982.659","220.031"
"2024-05-01T06:09:59.892Z","Azure Monitor","australiacentral","RUB","2000 GB Commitment Tier Capacity Reservation","2000","1/Day","429707.6","2021-06-01T00:00:00.000Z","1952.9412","214.8538"
"2024-05-01T06:09:59.892Z","Azure Monitor","australiacentral","RUB","5000 GB Commitment Tier Capacity Reservation","5000","1/Day","1041911.5","2021-06-01T00:00:00.000Z","4849.3976","208.3823"
"2024-06-02T06:10:06.668Z","Azure Monitor","australiacentral","RUB","Pay-as-you-go Data Ingestion","Pay-as-you-go","1 GB","299.1805","2020-02-01T00:00:00.000Z","0","299.1805"
"2024-06-02T06:10:06.668Z","Azure Monitor","australiacentral","RUB","100 GB Commitment Tier Capacity Reservation","100","1/Day","24579.38","2019-11-01T00:00:00.000Z","82.1557","245.7938"
"2024-06-02T06:10:06.668Z","Azure Monitor","australiacentral","RUB","200 GB Commitment Tier Capacity Reservation","200","1/Day","46149.04","2019-11-01T00:00:00.000Z","187.7551","230.7452"
"2024-06-02T06:10:06.668Z","Azure Monitor","australiacentral","RUB","300 GB Commitment Tier Capacity Reservation","300","1/Day","67718.7","2019-11-01T00:00:00.000Z","293.4783","225.729"
"2024-06-02T06:10:06.668Z","Azure Monitor","australiacentral","RUB","400 GB Commitment Tier Capacity Reservation","400","1/Day","88285.12","2019-11-01T00:00:00.000Z","391.1111","220.7128"
"2024-06-02T06:10:06.668Z","Azure Monitor","australiacentral","RUB","500 GB Commitment Tier Capacity Reservation","500","1/Day","108475.325","2019-11-01T00:00:00.000Z","491.4773","216.9506"
"2024-06-02T06:10:06.668Z","Azure Monitor","australiacentral","RUB","1000 GB Commitment Tier Capacity Reservation","1000","1/Day","213188.5","2021-06-01T00:00:00.000Z","982.6592","213.1885"
"2024-06-02T06:10:06.668Z","Azure Monitor","australiacentral","RUB","2000 GB Commitment Tier Capacity Reservation","2000","1/Day","416344.6","2021-06-01T00:00:00.000Z","1952.9412","208.1723"
"2024-06-02T06:10:06.668Z","Azure Monitor","australiacentral","RUB","5000 GB Commitment Tier Capacity Reservation","5000","1/Day","1009510.25","2021-06-01T00:00:00.000Z","4849.3976","201.902"
"2024-07-01T06:11:21.244Z","Azure Monitor","australiacentral","RUB","Pay-as-you-go Data Ingestion","Pay-as-you-go","1 GB","296.091","2020-02-01T00:00:00.000Z","0","296.091"
"2024-07-01T06:11:21.244Z","Azure Monitor","australiacentral","RUB","100 GB Commitment Tier Capacity Reservation","100","1/Day","24325.56","2019-11-01T00:00:00.000Z","82.1557","243.2556"
"2024-07-01T06:11:21.244Z","Azure Monitor","australiacentral","RUB","200 GB Commitment Tier Capacity Reservation","200","1/Day","45672.48","2019-11-01T00:00:00.000Z","187.7551","228.3624"
"2024-07-01T06:11:21.244Z","Azure Monitor","australiacentral","RUB","300 GB Commitment Tier Capacity Reservation","300","1/Day","67019.4","2019-11-01T00:00:00.000Z","293.4783","223.398"
"2024-07-01T06:11:21.244Z","Azure Monitor","australiacentral","RUB","400 GB Commitment Tier Capacity Reservation","400","1/Day","87373.44","2019-11-01T00:00:00.000Z","391.1111","218.4336"
"2024-07-01T06:11:21.244Z","Azure Monitor","australiacentral","RUB","500 GB Commitment Tier Capacity Reservation","500","1/Day","107355.15","2019-11-01T00:00:00.000Z","491.4773","214.7103"
"2024-07-01T06:11:21.244Z","Azure Monitor","australiacentral","RUB","1000 GB Commitment Tier Capacity Reservation","1000","1/Day","210987","2021-06-01T00:00:00.000Z","982.659","210.987"
"2024-07-01T06:11:21.244Z","Azure Monitor","australiacentral","RUB","2000 GB Commitment Tier Capacity Reservation","2000","1/Day","412045.2","2021-06-01T00:00:00.000Z","1952.9412","206.0226"
"2024-07-01T06:11:21.244Z","Azure Monitor","australiacentral","RUB","5000 GB Commitment Tier Capacity Reservation","5000","1/Day","999085.5","2021-06-01T00:00:00.000Z","4849.3976","199.8171"
"2024-08-02T06:11:10.559Z","Azure Monitor","australiacentral","RUB","Pay-as-you-go Data Ingestion","Pay-as-you-go","1 GB","288.9142","2020-02-01T00:00:00.000Z","0","288.9142"
"2024-08-02T06:11:10.559Z","Azure Monitor","australiacentral","RUB","100 GB Commitment Tier Capacity Reservation","100","1/Day","23735.943","2019-11-01T00:00:00.000Z","82.1557","237.3594"
"2024-08-02T06:11:10.559Z","Azure Monitor","australiacentral","RUB","200 GB Commitment Tier Capacity Reservation","200","1/Day","44565.444","2019-11-01T00:00:00.000Z","187.7551","222.8272"
"2024-08-02T06:11:10.559Z","Azure Monitor","australiacentral","RUB","300 GB Commitment Tier Capacity Reservation","300","1/Day","65394.945","2019-11-01T00:00:00.000Z","293.4783","217.9832"
"2024-08-02T06:11:10.559Z","Azure Monitor","australiacentral","RUB","400 GB Commitment Tier Capacity Reservation","400","1/Day","85255.632","2019-11-01T00:00:00.000Z","391.1110","213.1391"
"2024-08-02T06:11:10.559Z","Azure Monitor","australiacentral","RUB","500 GB Commitment Tier Capacity Reservation","500","1/Day","104753.0138","2019-11-01T00:00:00.000Z","491.4772","209.5060"
"2024-08-02T06:11:10.559Z","Azure Monitor","australiacentral","RUB","1000 GB Commitment Tier Capacity Reservation","1000","1/Day","205872.975","2021-06-01T00:00:00.000Z","982.6591","205.8730"
"2024-08-02T06:11:10.559Z","Azure Monitor","australiacentral","RUB","2000 GB Commitment Tier Capacity Reservation","2000","1/Day","402057.81","2021-06-01T00:00:00.000Z","1952.9409","201.0289"
"2024-08-02T06:11:10.559Z","Azure Monitor","australiacentral","RUB","5000 GB Commitment Tier Capacity Reservation","5000","1/Day","974869.0875","2021-06-01T00:00:00.000Z","4849.3977","194.9738"
