"TimeGenerated","ServiceName","ArmRegionName","CurrencyCode","MeterName","Tier","UnitOfMeasure","RetailPrice","EffectiveStartDate","EffectiveCommitmentTierThresholdGB","EffectivePricePerGB"
"2023-03-29T15:50:58.330Z","Azure Monitor","australiacentral","SEK","Pay-as-you-go Data Ingestion","Pay-as-you-go","1 GB","35.0426","2020-02-01T00:00:00.000Z","0","35.0426"
"2023-03-29T15:50:58.330Z","Azure Monitor","australiacentral","SEK","100 GB Commitment Tier Capacity Reservation","100","1/Day","2878.9499","2019-11-01T00:00:00.000Z","82.1557","28.7895"
"2023-03-29T15:50:58.330Z","Azure Monitor","australiacentral","SEK","200 GB Commitment Tier Capacity Reservation","200","1/Day","5405.3754","2019-11-01T00:00:00.000Z","187.7551","27.0269"
"2023-03-29T15:50:58.330Z","Azure Monitor","australiacentral","SEK","300 GB Commitment Tier Capacity Reservation","300","1/Day","7931.8008","2019-11-01T00:00:00.000Z","293.478","26.4393"
"2023-03-29T15:50:58.330Z","Azure Monitor","australiacentral","SEK","400 GB Commitment Tier Capacity Reservation","400","1/Day","10340.7181","2019-11-01T00:00:00.000Z","391.1116","25.8518"
"2023-03-29T15:50:58.330Z","Azure Monitor","australiacentral","SEK","500 GB Commitment Tier Capacity Reservation","500","1/Day","12705.5698","2019-11-01T00:00:00.000Z","491.4772","25.4111"
"2023-03-29T15:50:58.330Z","Azure Monitor","australiacentral","SEK","1000 GB Commitment Tier Capacity Reservation","1000","1/Day","24970.484","2021-06-01T02:00:00.000Z","982.6605","24.9705"
"2023-03-29T15:50:58.330Z","Azure Monitor","australiacentral","SEK","2000 GB Commitment Tier Capacity Reservation","2000","1/Day","48765.8864","2021-06-01T02:00:00.000Z","1952.9399","24.3829"
"2023-03-29T15:50:58.330Z","Azure Monitor","australiacentral","SEK","5000 GB Commitment Tier Capacity Reservation","5000","1/Day","118242.586","2021-06-01T02:00:00.000Z","4849.4062","23.6485"
"2023-04-12T13:28:34.468Z","Azure Monitor","australiacentral","SEK","Pay-as-you-go Data Ingestion","Pay-as-you-go","1 GB","34.7786","2020-02-01T00:00:00.000Z","0","34.7786"
"2023-04-12T13:28:34.468Z","Azure Monitor","australiacentral","SEK","100 GB Commitment Tier Capacity Reservation","100","1/Day","2857.2586","2019-11-01T00:00:00.000Z","82.1557","28.5726"
"2023-04-12T13:28:34.468Z","Azure Monitor","australiacentral","SEK","200 GB Commitment Tier Capacity Reservation","200","1/Day","5364.6488","2019-11-01T00:00:00.000Z","187.755","26.8232"
"2023-04-12T13:28:34.468Z","Azure Monitor","australiacentral","SEK","300 GB Commitment Tier Capacity Reservation","300","1/Day","7872.039","2019-11-01T00:00:00.000Z","293.4787","26.2401"
"2023-04-12T13:28:34.468Z","Azure Monitor","australiacentral","SEK","400 GB Commitment Tier Capacity Reservation","400","1/Day","10262.8064","2019-11-01T00:00:00.000Z","391.1116","25.657"
"2023-04-12T13:28:34.468Z","Azure Monitor","australiacentral","SEK","500 GB Commitment Tier Capacity Reservation","500","1/Day","12609.8403","2019-11-01T00:00:00.000Z","491.4776","25.2197"
"2023-04-12T13:28:34.468Z","Azure Monitor","australiacentral","SEK","1000 GB Commitment Tier Capacity Reservation","1000","1/Day","24782.345","2021-06-01T02:00:00.000Z","982.6582","24.7823"
"2023-04-12T13:28:34.468Z","Azure Monitor","australiacentral","SEK","2000 GB Commitment Tier Capacity Reservation","2000","1/Day","48398.462","2021-06-01T02:00:00.000Z","1952.9447","24.1992"
"2023-04-12T13:28:34.468Z","Azure Monitor","australiacentral","SEK","5000 GB Commitment Tier Capacity Reservation","5000","1/Day","117351.6925","2021-06-01T02:00:00.000Z","4849.4038","23.4703"
"2023-05-02T08:07:40.927Z","Azure Monitor","australiacentral","SEK","Pay-as-you-go Data Ingestion","Pay-as-you-go","1 GB","34.5024","2020-02-01T00:00:00.000Z","0","34.5024"
"2023-05-02T08:07:40.927Z","Azure Monitor","australiacentral","SEK","100 GB Commitment Tier Capacity Reservation","100","1/Day","2834.5657","2019-11-01T00:00:00.000Z","82.1556","28.3457"
"2023-05-02T08:07:40.927Z","Azure Monitor","australiacentral","SEK","200 GB Commitment Tier Capacity Reservation","200","1/Day","5322.0418","2019-11-01T00:00:00.000Z","187.7548","26.6102"
"2023-05-02T08:07:40.927Z","Azure Monitor","australiacentral","SEK","300 GB Commitment Tier Capacity Reservation","300","1/Day","7809.5178","2019-11-01T00:00:00.000Z","293.4784","26.0317"
"2023-05-02T08:07:40.927Z","Azure Monitor","australiacentral","SEK","400 GB Commitment Tier Capacity Reservation","400","1/Day","10181.2973","2019-11-01T00:00:00.000Z","391.1115","25.4532"
"2023-05-02T08:07:40.927Z","Azure Monitor","australiacentral","SEK","500 GB Commitment Tier Capacity Reservation","500","1/Day","12509.6906","2019-11-01T00:00:00.000Z","491.4781","25.0194"
"2023-05-02T08:07:40.927Z","Azure Monitor","australiacentral","SEK","1000 GB Commitment Tier Capacity Reservation","1000","1/Day","24585.519","2021-06-01T02:00:00.000Z","982.6582","24.5855"
"2023-05-02T08:07:40.927Z","Azure Monitor","australiacentral","SEK","2000 GB Commitment Tier Capacity Reservation","2000","1/Day","48014.0724","2021-06-01T02:00:00.000Z","1952.9427","24.007"
"2023-05-02T08:07:40.927Z","Azure Monitor","australiacentral","SEK","5000 GB Commitment Tier Capacity Reservation","5000","1/Day","116419.6635","2021-06-01T02:00:00.000Z","4849.4049","23.2839"
"2023-06-02T08:07:42.568Z","Azure Monitor","australiacentral","SEK","Pay-as-you-go Data Ingestion","Pay-as-you-go","1 GB","36.0785","2020-02-01T00:00:00.000Z","0","36.0785"
"2023-06-02T08:07:42.568Z","Azure Monitor","australiacentral","SEK","100 GB Commitment Tier Capacity Reservation","100","1/Day","2964.0551","2019-11-01T00:00:00.000Z","82.1557","29.6406"
"2023-06-02T08:07:42.568Z","Azure Monitor","australiacentral","SEK","200 GB Commitment Tier Capacity Reservation","200","1/Day","5565.1646","2019-11-01T00:00:00.000Z","187.7548","27.8258"
"2023-06-02T08:07:42.568Z","Azure Monitor","australiacentral","SEK","300 GB Commitment Tier Capacity Reservation","300","1/Day","8166.2742","2019-11-01T00:00:00.000Z","293.4785","27.2209"
"2023-06-02T08:07:42.568Z","Azure Monitor","australiacentral","SEK","400 GB Commitment Tier Capacity Reservation","400","1/Day","10646.4019","2019-11-01T00:00:00.000Z","391.1113","26.616"
"2023-06-02T08:07:42.568Z","Azure Monitor","australiacentral","SEK","500 GB Commitment Tier Capacity Reservation","500","1/Day","13081.1614","2019-11-01T00:00:00.000Z","491.4774","26.1623"
"2023-06-02T08:07:42.568Z","Azure Monitor","australiacentral","SEK","1000 GB Commitment Tier Capacity Reservation","1000","1/Day","25708.641","2021-06-01T02:00:00.000Z","982.6598","25.7086"
"2023-06-02T08:07:42.568Z","Azure Monitor","australiacentral","SEK","2000 GB Commitment Tier Capacity Reservation","2000","1/Day","50207.4636","2021-06-01T02:00:00.000Z","1952.9443","25.1037"
"2023-06-02T08:07:42.568Z","Azure Monitor","australiacentral","SEK","5000 GB Commitment Tier Capacity Reservation","5000","1/Day","121737.9765","2021-06-01T02:00:00.000Z","4849.4037","24.3476"
"2023-07-07T06:09:02.036Z","Azure Monitor","australiacentral","SEK","Pay-as-you-go Data Ingestion","Pay-as-you-go","1 GB","36.1218","2020-02-01T00:00:00.000Z","0","36.1218"
"2023-07-07T06:09:02.036Z","Azure Monitor","australiacentral","SEK","100 GB Commitment Tier Capacity Reservation","100","1/Day","2967.6086","2019-11-01T00:00:00.000Z","82.1556","29.6761"
"2023-07-07T06:09:02.036Z","Azure Monitor","australiacentral","SEK","200 GB Commitment Tier Capacity Reservation","200","1/Day","5571.8365","2019-11-01T00:00:00.000Z","187.755","27.8592"
"2023-07-07T06:09:02.036Z","Azure Monitor","australiacentral","SEK","300 GB Commitment Tier Capacity Reservation","300","1/Day","8176.0644","2019-11-01T00:00:00.000Z","293.4781","27.2535"
"2023-07-07T06:09:02.036Z","Azure Monitor","australiacentral","SEK","400 GB Commitment Tier Capacity Reservation","400","1/Day","10659.1654","2019-11-01T00:00:00.000Z","391.1118","26.6479"
"2023-07-07T06:09:02.036Z","Azure Monitor","australiacentral","SEK","500 GB Commitment Tier Capacity Reservation","500","1/Day","13096.8439","2019-11-01T00:00:00.000Z","491.4775","26.1937"
"2023-07-07T06:09:02.036Z","Azure Monitor","australiacentral","SEK","1000 GB Commitment Tier Capacity Reservation","1000","1/Day","25739.462","2021-06-01T00:00:00.000Z","982.6585","25.7395"
"2023-07-07T06:09:02.036Z","Azure Monitor","australiacentral","SEK","2000 GB Commitment Tier Capacity Reservation","2000","1/Day","50267.6552","2021-06-01T00:00:00.000Z","1952.9383","25.1338"
"2023-07-07T06:09:02.036Z","Azure Monitor","australiacentral","SEK","5000 GB Commitment Tier Capacity Reservation","5000","1/Day","121883.923","2021-06-01T00:00:00.000Z","4849.4029","24.3768"
"2023-08-01T06:08:30.007Z","Azure Monitor","australiacentral","SEK","Pay-as-you-go Data Ingestion","Pay-as-you-go","1 GB","35.0326","2020-02-01T00:00:00.000Z","0","35.0326"
"2023-08-01T06:08:30.007Z","Azure Monitor","australiacentral","SEK","100 GB Commitment Tier Capacity Reservation","100","1/Day","2878.1267","2019-11-01T00:00:00.000Z","82.1557","28.7813"
"2023-08-01T06:08:30.007Z","Azure Monitor","australiacentral","SEK","200 GB Commitment Tier Capacity Reservation","200","1/Day","5403.8298","2019-11-01T00:00:00.000Z","187.7549","27.0191"
"2023-08-01T06:08:30.007Z","Azure Monitor","australiacentral","SEK","300 GB Commitment Tier Capacity Reservation","300","1/Day","7929.5328","2019-11-01T00:00:00.000Z","293.4788","26.4318"
"2023-08-01T06:08:30.007Z","Azure Monitor","australiacentral","SEK","400 GB Commitment Tier Capacity Reservation","400","1/Day","10337.7613","2019-11-01T00:00:00.000Z","391.1108","25.8444"
"2023-08-01T06:08:30.007Z","Azure Monitor","australiacentral","SEK","500 GB Commitment Tier Capacity Reservation","500","1/Day","12701.9368","2019-11-01T00:00:00.000Z","491.4773","25.4039"
"2023-08-01T06:08:30.007Z","Azure Monitor","australiacentral","SEK","1000 GB Commitment Tier Capacity Reservation","1000","1/Day","24963.344","2021-06-01T00:00:00.000Z","982.6579","24.9633"
"2023-08-01T06:08:30.007Z","Azure Monitor","australiacentral","SEK","2000 GB Commitment Tier Capacity Reservation","2000","1/Day","48751.9424","2021-06-01T00:00:00.000Z","1952.9446","24.376"
"2023-08-01T06:08:30.007Z","Azure Monitor","australiacentral","SEK","5000 GB Commitment Tier Capacity Reservation","5000","1/Day","118208.776","2021-06-01T00:00:00.000Z","4849.3919","23.6418"
"2023-09-02T06:07:00.316Z","Azure Monitor","australiacentral","SEK","Pay-as-you-go Data Ingestion","Pay-as-you-go","1 GB","36.6107","2020-02-01T00:00:00.000Z","0","36.6107"
"2023-09-02T06:07:00.316Z","Azure Monitor","australiacentral","SEK","100 GB Commitment Tier Capacity Reservation","100","1/Day","3007.7807","2019-11-01T00:00:00.000Z","82.1558","30.0778"
"2023-09-02T06:07:00.316Z","Azure Monitor","australiacentral","SEK","200 GB Commitment Tier Capacity Reservation","200","1/Day","5647.2618","2019-11-01T00:00:00.000Z","187.7551","28.2363"
"2023-09-02T06:07:00.316Z","Azure Monitor","australiacentral","SEK","300 GB Commitment Tier Capacity Reservation","300","1/Day","8286.7428","2019-11-01T00:00:00.000Z","293.4784","27.6225"
"2023-09-02T06:07:00.316Z","Azure Monitor","australiacentral","SEK","400 GB Commitment Tier Capacity Reservation","400","1/Day","10803.4573","2019-11-01T00:00:00.000Z","391.1108","27.0086"
"2023-09-02T06:07:00.316Z","Azure Monitor","australiacentral","SEK","500 GB Commitment Tier Capacity Reservation","500","1/Day","13274.1343","2019-11-01T00:00:00.000Z","491.4781","26.5483"
"2023-09-02T06:07:00.316Z","Azure Monitor","australiacentral","SEK","1000 GB Commitment Tier Capacity Reservation","1000","1/Day","26087.894","2021-06-01T00:00:00.000Z","982.6578","26.0879"
"2023-09-02T06:07:00.316Z","Azure Monitor","australiacentral","SEK","2000 GB Commitment Tier Capacity Reservation","2000","1/Day","50948.1224","2021-06-01T00:00:00.000Z","1952.9407","25.4741"
"2023-09-02T06:07:00.316Z","Azure Monitor","australiacentral","SEK","5000 GB Commitment Tier Capacity Reservation","5000","1/Day","123533.851","2021-06-01T00:00:00.000Z","4849.3902","24.7068"
"2023-10-02T06:08:46.154Z","Azure Monitor","australiacentral","SEK","Pay-as-you-go Data Ingestion","Pay-as-you-go","1 GB","36.7777","2020-02-01T00:00:00.000Z","0","36.7777"
"2023-10-02T06:08:46.154Z","Azure Monitor","australiacentral","SEK","100 GB Commitment Tier Capacity Reservation","100","1/Day","3021.5007","2019-11-01T00:00:00.000Z","82.1558","30.215"
"2023-10-02T06:08:46.154Z","Azure Monitor","australiacentral","SEK","200 GB Commitment Tier Capacity Reservation","200","1/Day","5673.0218","2019-11-01T00:00:00.000Z","187.7551","28.3651"
"2023-10-02T06:08:46.154Z","Azure Monitor","australiacentral","SEK","300 GB Commitment Tier Capacity Reservation","300","1/Day","8324.5428","2019-11-01T00:00:00.000Z","293.4784","27.7485"
"2023-10-02T06:08:46.154Z","Azure Monitor","australiacentral","SEK","400 GB Commitment Tier Capacity Reservation","400","1/Day","10852.7373","2019-11-01T00:00:00.000Z","391.1108","27.1318"
"2023-10-02T06:08:46.154Z","Azure Monitor","australiacentral","SEK","500 GB Commitment Tier Capacity Reservation","500","1/Day","13334.6843","2019-11-01T00:00:00.000Z","491.4781","26.6694"
"2023-10-02T06:08:46.154Z","Azure Monitor","australiacentral","SEK","1000 GB Commitment Tier Capacity Reservation","1000","1/Day","26206.894","2021-06-01T00:00:00.000Z","982.6578","26.2069"
"2023-10-02T06:08:46.154Z","Azure Monitor","australiacentral","SEK","2000 GB Commitment Tier Capacity Reservation","2000","1/Day","51180.5224","2021-06-01T00:00:00.000Z","1952.9407","25.5903"
"2023-10-02T06:08:46.154Z","Azure Monitor","australiacentral","SEK","5000 GB Commitment Tier Capacity Reservation","5000","1/Day","124097.351","2021-06-01T00:00:00.000Z","4849.3902","24.8195"
"2023-11-02T06:08:26.681Z","Azure Monitor","australiacentral","SEK","Pay-as-you-go Data Ingestion","Pay-as-you-go","1 GB","37.1603","2020-02-01T00:00:00.000Z","0","37.1603"
"2023-11-02T06:08:26.681Z","Azure Monitor","australiacentral","SEK","100 GB Commitment Tier Capacity Reservation","100","1/Day","3052.9332","2019-11-01T00:00:00.000Z","82.1558","30.5293"
"2023-11-02T06:08:26.681Z","Azure Monitor","australiacentral","SEK","200 GB Commitment Tier Capacity Reservation","200","1/Day","5732.0379","2019-11-01T00:00:00.000Z","187.7553","28.6602"
"2023-11-02T06:08:26.681Z","Azure Monitor","australiacentral","SEK","300 GB Commitment Tier Capacity Reservation","300","1/Day","8411.1426","2019-11-01T00:00:00.000Z","293.4782","28.0371"
"2023-11-02T06:08:26.681Z","Azure Monitor","australiacentral","SEK","400 GB Commitment Tier Capacity Reservation","400","1/Day","10965.6378","2019-11-01T00:00:00.000Z","391.1117","27.4141"
"2023-11-02T06:08:26.681Z","Azure Monitor","australiacentral","SEK","500 GB Commitment Tier Capacity Reservation","500","1/Day","13473.4043","2019-11-01T00:00:00.000Z","491.4772","26.9468"
"2023-11-02T06:08:26.681Z","Azure Monitor","australiacentral","SEK","1000 GB Commitment Tier Capacity Reservation","1000","1/Day","26479.523","2021-06-01T00:00:00.000Z","982.6593","26.4795"
"2023-11-02T06:08:26.681Z","Azure Monitor","australiacentral","SEK","2000 GB Commitment Tier Capacity Reservation","2000","1/Day","51712.9508","2021-06-01T00:00:00.000Z","1952.9429","25.8565"
"2023-11-02T06:08:26.681Z","Azure Monitor","australiacentral","SEK","5000 GB Commitment Tier Capacity Reservation","5000","1/Day","125388.3295","2021-06-01T00:00:00.000Z","4849.393","25.0777"
"2023-12-02T06:07:58.693Z","Azure Monitor","australiacentral","SEK","Pay-as-you-go Data Ingestion","Pay-as-you-go","1 GB","34.6607","2020-02-01T00:00:00.000Z","0","34.6607"
"2023-12-02T06:07:58.693Z","Azure Monitor","australiacentral","SEK","100 GB Commitment Tier Capacity Reservation","100","1/Day","2847.5723","2019-11-01T00:00:00.000Z","82.1556","28.4757"
"2023-12-02T06:07:58.693Z","Azure Monitor","australiacentral","SEK","200 GB Commitment Tier Capacity Reservation","200","1/Day","5346.4622","2019-11-01T00:00:00.000Z","187.7553","26.7323"
"2023-12-02T06:07:58.693Z","Azure Monitor","australiacentral","SEK","300 GB Commitment Tier Capacity Reservation","300","1/Day","7845.3522","2019-11-01T00:00:00.000Z","293.4784","26.1512"
"2023-12-02T06:07:58.693Z","Azure Monitor","australiacentral","SEK","400 GB Commitment Tier Capacity Reservation","400","1/Day","10228.0147","2019-11-01T00:00:00.000Z","391.1107","25.57"
"2023-12-02T06:07:58.693Z","Azure Monitor","australiacentral","SEK","500 GB Commitment Tier Capacity Reservation","500","1/Day","12567.0919","2019-11-01T00:00:00.000Z","491.478","25.1342"
"2023-12-02T06:07:58.693Z","Azure Monitor","australiacentral","SEK","1000 GB Commitment Tier Capacity Reservation","1000","1/Day","24698.331","2021-06-01T00:00:00.000Z","982.6583","24.6983"
"2023-12-02T06:07:58.693Z","Azure Monitor","australiacentral","SEK","2000 GB Commitment Tier Capacity Reservation","2000","1/Day","48234.3876","2021-06-01T00:00:00.000Z","1952.9436","24.1172"
"2023-12-02T06:07:58.693Z","Azure Monitor","australiacentral","SEK","5000 GB Commitment Tier Capacity Reservation","5000","1/Day","116953.8615","2021-06-01T00:00:00.000Z","4849.3963","23.3908"
"2024-01-01T06:09:20.544Z","Azure Monitor","australiacentral","SEK","Pay-as-you-go Data Ingestion","Pay-as-you-go","1 GB","33.1323","2020-02-01T00:00:00.000Z","0","33.1323"
"2024-01-01T06:09:20.544Z","Azure Monitor","australiacentral","SEK","100 GB Commitment Tier Capacity Reservation","100","1/Day","2722.0068","2019-11-01T00:00:00.000Z","82.1557","27.2201"
"2024-01-01T06:09:20.544Z","Azure Monitor","australiacentral","SEK","200 GB Commitment Tier Capacity Reservation","200","1/Day","5110.7067","2019-11-01T00:00:00.000Z","187.7549","25.5535"
"2024-01-01T06:09:20.544Z","Azure Monitor","australiacentral","SEK","300 GB Commitment Tier Capacity Reservation","300","1/Day","7499.4066","2019-11-01T00:00:00.000Z","293.4786","24.998"
"2024-01-01T06:09:20.544Z","Azure Monitor","australiacentral","SEK","400 GB Commitment Tier Capacity Reservation","400","1/Day","9777.0042","2019-11-01T00:00:00.000Z","391.1115","24.4425"
"2024-01-01T06:09:20.544Z","Azure Monitor","australiacentral","SEK","500 GB Commitment Tier Capacity Reservation","500","1/Day","12012.9384","2019-11-01T00:00:00.000Z","491.4775","24.0259"
"2024-01-01T06:09:20.544Z","Azure Monitor","australiacentral","SEK","1000 GB Commitment Tier Capacity Reservation","1000","1/Day","23609.243","2021-06-01T00:00:00.000Z","982.658","23.6092"
"2024-01-01T06:09:20.544Z","Azure Monitor","australiacentral","SEK","2000 GB Commitment Tier Capacity Reservation","2000","1/Day","46107.4628","2021-06-01T00:00:00.000Z","1952.9447","23.0537"
"2024-01-01T06:09:20.544Z","Azure Monitor","australiacentral","SEK","5000 GB Commitment Tier Capacity Reservation","5000","1/Day","111796.7095","2021-06-01T00:00:00.000Z","4849.4042","22.3593"
"2024-02-02T06:08:03.849Z","Azure Monitor","australiacentral","SEK","Pay-as-you-go Data Ingestion","Pay-as-you-go","1 GB","35.0131","2020-02-01T00:00:00.000Z","0","35.0131"
"2024-02-02T06:08:03.849Z","Azure Monitor","australiacentral","SEK","100 GB Commitment Tier Capacity Reservation","100","1/Day","2876.5215","2019-11-01T00:00:00.000Z","82.1556","28.7652"
"2024-02-02T06:08:03.849Z","Azure Monitor","australiacentral","SEK","200 GB Commitment Tier Capacity Reservation","200","1/Day","5400.8158","2019-11-01T00:00:00.000Z","187.7552","27.0041"
"2024-02-02T06:08:03.849Z","Azure Monitor","australiacentral","SEK","300 GB Commitment Tier Capacity Reservation","300","1/Day","7925.1102","2019-11-01T00:00:00.000Z","293.478","26.417"
"2024-02-02T06:08:03.849Z","Azure Monitor","australiacentral","SEK","400 GB Commitment Tier Capacity Reservation","400","1/Day","10331.9955","2019-11-01T00:00:00.000Z","391.1116","25.83"
"2024-02-02T06:08:03.849Z","Azure Monitor","australiacentral","SEK","500 GB Commitment Tier Capacity Reservation","500","1/Day","12694.8524","2019-11-01T00:00:00.000Z","491.4771","25.3897"
"2024-02-02T06:08:03.849Z","Azure Monitor","australiacentral","SEK","1000 GB Commitment Tier Capacity Reservation","1000","1/Day","24949.421","2021-06-01T00:00:00.000Z","982.6591","24.9494"
"2024-02-02T06:08:03.849Z","Azure Monitor","australiacentral","SEK","2000 GB Commitment Tier Capacity Reservation","2000","1/Day","48724.7516","2021-06-01T00:00:00.000Z","1952.9428","24.3624"
"2024-02-02T06:08:03.849Z","Azure Monitor","australiacentral","SEK","5000 GB Commitment Tier Capacity Reservation","5000","1/Day","118142.8465","2021-06-01T00:00:00.000Z","4849.3928","23.6286"
"2024-03-02T06:08:20.311Z","Azure Monitor","australiacentral","SEK","Pay-as-you-go Data Ingestion","Pay-as-you-go","1 GB","34.3975","2020-02-01T00:00:00.000Z","0","34.3975"
"2024-03-02T06:08:20.311Z","Azure Monitor","australiacentral","SEK","100 GB Commitment Tier Capacity Reservation","100","1/Day","2825.9496","2019-11-01T00:00:00.000Z","82.1557","28.2595"
"2024-03-02T06:08:20.311Z","Azure Monitor","australiacentral","SEK","200 GB Commitment Tier Capacity Reservation","200","1/Day","5305.8645","2019-11-01T00:00:00.000Z","187.7551","26.5293"
"2024-03-02T06:08:20.311Z","Azure Monitor","australiacentral","SEK","300 GB Commitment Tier Capacity Reservation","300","1/Day","7785.7794","2019-11-01T00:00:00.000Z","293.4785","25.9526"
"2024-03-02T06:08:20.311Z","Azure Monitor","australiacentral","SEK","400 GB Commitment Tier Capacity Reservation","400","1/Day","10150.3494","2019-11-01T00:00:00.000Z","391.1111","25.3759"
"2024-03-02T06:08:20.311Z","Azure Monitor","australiacentral","SEK","500 GB Commitment Tier Capacity Reservation","500","1/Day","12471.6652","2019-11-01T00:00:00.000Z","491.4768","24.9433"
"2024-03-02T06:08:20.311Z","Azure Monitor","australiacentral","SEK","1000 GB Commitment Tier Capacity Reservation","1000","1/Day","24510.787","2021-06-01T00:00:00.000Z","982.6602","24.5108"
"2024-03-02T06:08:20.311Z","Azure Monitor","australiacentral","SEK","2000 GB Commitment Tier Capacity Reservation","2000","1/Day","47868.1252","2021-06-01T00:00:00.000Z","1952.9401","23.9341"
"2024-03-02T06:08:20.311Z","Azure Monitor","australiacentral","SEK","5000 GB Commitment Tier Capacity Reservation","5000","1/Day","116065.7855","2021-06-01T00:00:00.000Z","4849.39","23.2132"
"2024-04-03T09:26:28.723Z","Azure Monitor","australiacentral","SEK","Pay-as-you-go Data Ingestion","Pay-as-you-go","1 GB","35.3309","2020-02-01T00:00:00.000Z","0","35.3309"
"2024-04-03T09:26:28.723Z","Azure Monitor","australiacentral","SEK","100 GB Commitment Tier Capacity Reservation","100","1/Day","2902.6306","2019-11-01T00:00:00.000Z","82.1556","29.0263"
"2024-04-03T09:26:28.723Z","Azure Monitor","australiacentral","SEK","200 GB Commitment Tier Capacity Reservation","200","1/Day","5449.8371","2019-11-01T00:00:00.000Z","187.7551","27.2492"
"2024-04-03T09:26:28.723Z","Azure Monitor","australiacentral","SEK","300 GB Commitment Tier Capacity Reservation","300","1/Day","7997.0436","2019-11-01T00:00:00.000Z","293.4781","26.6568"
"2024-04-03T09:26:28.723Z","Azure Monitor","australiacentral","SEK","400 GB Commitment Tier Capacity Reservation","400","1/Day","10425.7754","2019-11-01T00:00:00.000Z","391.1113","26.0644"
"2024-04-03T09:26:28.723Z","Azure Monitor","australiacentral","SEK","500 GB Commitment Tier Capacity Reservation","500","1/Day","12810.0791","2019-11-01T00:00:00.000Z","491.478","25.6202"
"2024-04-03T09:26:28.723Z","Azure Monitor","australiacentral","SEK","1000 GB Commitment Tier Capacity Reservation","1000","1/Day","25175.878","2021-06-01T00:00:00.000Z","982.6574","25.1759"
"2024-04-03T09:26:28.723Z","Azure Monitor","australiacentral","SEK","2000 GB Commitment Tier Capacity Reservation","2000","1/Day","49167.0088","2021-06-01T00:00:00.000Z","1952.9395","24.5835"
"2024-04-03T09:26:28.723Z","Azure Monitor","australiacentral","SEK","5000 GB Commitment Tier Capacity Reservation","5000","1/Day","119215.187","2021-06-01T00:00:00.000Z","4849.3985","23.843"
"2024-05-02T06:08:49.743Z","Azure Monitor","australiacentral","SEK","Pay-as-you-go Data Ingestion","Pay-as-you-go","1 GB","36.565","2020-02-01T00:00:00.000Z","0","36.565"
"2024-05-02T06:08:49.743Z","Azure Monitor","australiacentral","SEK","100 GB Commitment Tier Capacity Reservation","100","1/Day","3004.0214","2019-11-01T00:00:00.000Z","82.1557","30.0402"
"2024-05-02T06:08:49.743Z","Azure Monitor","australiacentral","SEK","200 GB Commitment Tier Capacity Reservation","200","1/Day","5640.2035","2019-11-01T00:00:00.000Z","187.7552","28.201"
"2024-05-02T06:08:49.743Z","Azure Monitor","australiacentral","SEK","300 GB Commitment Tier Capacity Reservation","300","1/Day","8276.3856","2019-11-01T00:00:00.000Z","293.4784","27.588"
"2024-05-02T06:08:49.743Z","Azure Monitor","australiacentral","SEK","400 GB Commitment Tier Capacity Reservation","400","1/Day","10789.9546","2019-11-01T00:00:00.000Z","391.1104","26.9749"
"2024-05-02T06:08:49.743Z","Azure Monitor","australiacentral","SEK","500 GB Commitment Tier Capacity Reservation","500","1/Day","13257.5436","2019-11-01T00:00:00.000Z","491.477","26.5151"
"2024-05-02T06:08:49.743Z","Azure Monitor","australiacentral","SEK","1000 GB Commitment Tier Capacity Reservation","1000","1/Day","26055.288","2021-06-01T00:00:00.000Z","982.6585","26.0553"
"2024-05-02T06:08:49.743Z","Azure Monitor","australiacentral","SEK","2000 GB Commitment Tier Capacity Reservation","2000","1/Day","50884.4448","2021-06-01T00:00:00.000Z","1952.9403","25.4422"
"2024-05-02T06:08:49.743Z","Azure Monitor","australiacentral","SEK","5000 GB Commitment Tier Capacity Reservation","5000","1/Day","123379.452","2021-06-01T00:00:00.000Z","4849.4019","24.6759"
"2024-06-01T06:08:37.725Z","Azure Monitor","australiacentral","SEK","Pay-as-you-go Data Ingestion","Pay-as-you-go","1 GB","35.5758","2020-02-01T00:00:00.000Z","0","35.5758"
"2024-06-01T06:08:37.725Z","Azure Monitor","australiacentral","SEK","100 GB Commitment Tier Capacity Reservation","100","1/Day","2922.7579","2019-11-01T00:00:00.000Z","82.1558","29.2276"
"2024-06-01T06:08:37.725Z","Azure Monitor","australiacentral","SEK","200 GB Commitment Tier Capacity Reservation","200","1/Day","5487.627","2019-11-01T00:00:00.000Z","187.755","27.4381"
"2024-06-01T06:08:37.725Z","Azure Monitor","australiacentral","SEK","300 GB Commitment Tier Capacity Reservation","300","1/Day","8052.4962","2019-11-01T00:00:00.000Z","293.4786","26.8417"
"2024-06-01T06:08:37.725Z","Azure Monitor","australiacentral","SEK","400 GB Commitment Tier Capacity Reservation","400","1/Day","10498.0691","2019-11-01T00:00:00.000Z","391.1104","26.2452"
"2024-06-01T06:08:37.725Z","Azure Monitor","australiacentral","SEK","500 GB Commitment Tier Capacity Reservation","500","1/Day","12898.9059","2019-11-01T00:00:00.000Z","491.4768","25.7978"
"2024-06-01T06:08:37.725Z","Azure Monitor","australiacentral","SEK","1000 GB Commitment Tier Capacity Reservation","1000","1/Day","25350.451","2021-06-01T00:00:00.000Z","982.6594","25.3505"
"2024-06-01T06:08:37.725Z","Azure Monitor","australiacentral","SEK","2000 GB Commitment Tier Capacity Reservation","2000","1/Day","49507.9396","2021-06-01T00:00:00.000Z","1952.9374","24.754"
"2024-06-01T06:08:37.725Z","Azure Monitor","australiacentral","SEK","5000 GB Commitment Tier Capacity Reservation","5000","1/Day","120041.8415","2021-06-01T00:00:00.000Z","4849.3917","24.0084"
"2024-07-01T06:11:21.244Z","Azure Monitor","australiacentral","SEK","Pay-as-you-go Data Ingestion","Pay-as-you-go","1 GB","35.2692","2020-02-01T00:00:00.000Z","0","35.2692"
"2024-07-01T06:11:21.244Z","Azure Monitor","australiacentral","SEK","100 GB Commitment Tier Capacity Reservation","100","1/Day","2897.568","2019-11-01T00:00:00.000Z","82.1558","28.9757"
"2024-07-01T06:11:21.244Z","Azure Monitor","australiacentral","SEK","200 GB Commitment Tier Capacity Reservation","200","1/Day","5440.3317","2019-11-01T00:00:00.000Z","187.755","27.2017"
"2024-07-01T06:11:21.244Z","Azure Monitor","australiacentral","SEK","300 GB Commitment Tier Capacity Reservation","300","1/Day","7983.0954","2019-11-01T00:00:00.000Z","293.4778","26.6103"
"2024-07-01T06:11:21.244Z","Azure Monitor","australiacentral","SEK","400 GB Commitment Tier Capacity Reservation","400","1/Day","10407.591","2019-11-01T00:00:00.000Z","391.1114","26.019"
"2024-07-01T06:11:21.244Z","Azure Monitor","australiacentral","SEK","500 GB Commitment Tier Capacity Reservation","500","1/Day","12787.7361","2019-11-01T00:00:00.000Z","491.4768","25.5755"
"2024-07-01T06:11:21.244Z","Azure Monitor","australiacentral","SEK","1000 GB Commitment Tier Capacity Reservation","1000","1/Day","25131.967","2021-06-01T00:00:00.000Z","982.6579","25.132"
"2024-07-01T06:11:21.244Z","Azure Monitor","australiacentral","SEK","2000 GB Commitment Tier Capacity Reservation","2000","1/Day","49081.2532","2021-06-01T00:00:00.000Z","1952.9386","24.5406"
"2024-07-01T06:11:21.244Z","Azure Monitor","australiacentral","SEK","5000 GB Commitment Tier Capacity Reservation","5000","1/Day","119007.2555","2021-06-01T00:00:00.000Z","4849.4028","23.8015"
"2024-08-02T06:11:10.559Z","Azure Monitor","australiacentral","SEK","Pay-as-you-go Data Ingestion","Pay-as-you-go","1 GB","36.1714","2020-02-01T00:00:00.000Z","0","36.1714"
"2024-08-02T06:11:10.559Z","Azure Monitor","australiacentral","SEK","100 GB Commitment Tier Capacity Reservation","100","1/Day","2971.6834","2019-11-01T00:00:00.000Z","82.1556","29.7168"
"2024-08-02T06:11:10.559Z","Azure Monitor","australiacentral","SEK","200 GB Commitment Tier Capacity Reservation","200","1/Day","5579.4872","2019-11-01T00:00:00.000Z","187.7553","27.8974"
"2024-08-02T06:11:10.559Z","Azure Monitor","australiacentral","SEK","300 GB Commitment Tier Capacity Reservation","300","1/Day","8187.291","2019-11-01T00:00:00.000Z","293.4786","27.2910"
"2024-08-02T06:11:10.559Z","Azure Monitor","australiacentral","SEK","400 GB Commitment Tier Capacity Reservation","400","1/Day","10673.8016","2019-11-01T00:00:00.000Z","391.1107","26.6845"
"2024-08-02T06:11:10.559Z","Azure Monitor","australiacentral","SEK","500 GB Commitment Tier Capacity Reservation","500","1/Day","13114.8273","2019-11-01T00:00:00.000Z","491.4773","26.2297"
"2024-08-02T06:11:10.559Z","Azure Monitor","australiacentral","SEK","1000 GB Commitment Tier Capacity Reservation","1000","1/Day","25774.805","2021-06-01T00:00:00.000Z","982.6573","25.7748"
"2024-08-02T06:11:10.559Z","Azure Monitor","australiacentral","SEK","2000 GB Commitment Tier Capacity Reservation","2000","1/Day","50336.678","2021-06-01T00:00:00.000Z","1952.9416","25.1683"
"2024-08-02T06:11:10.559Z","Azure Monitor","australiacentral","SEK","5000 GB Commitment Tier Capacity Reservation","5000","1/Day","122051.2825","2021-06-01T00:00:00.000Z","4849.4051","24.4103"
