"TimeGenerated","ServiceName","ArmRegionName","CurrencyCode","MeterName","Tier","UnitOfMeasure","RetailPrice","EffectiveStartDate","EffectiveCommitmentTierThresholdGB","EffectivePricePerGB"
"2023-03-29T15:50:58.330Z","Azure Monitor","australiacentral","TWD","Pay-as-you-go Data Ingestion","Pay-as-you-go","1 GB","101.7681","2020-02-01T00:00:00.000Z","0","101.7681"
"2023-03-29T15:50:58.330Z","Azure Monitor","australiacentral","TWD","100 GB Commitment Tier Capacity Reservation","100","1/Day","8360.8308","2019-11-01T00:00:00.000Z","82.1557","83.6083"
"2023-03-29T15:50:58.330Z","Azure Monitor","australiacentral","TWD","200 GB Commitment Tier Capacity Reservation","200","1/Day","15697.8864","2019-11-01T00:00:00.000Z","187.7551","78.4894"
"2023-03-29T15:50:58.330Z","Azure Monitor","australiacentral","TWD","300 GB Commitment Tier Capacity Reservation","300","1/Day","23034.942","2019-11-01T00:00:00.000Z","293.4784","76.7831"
"2023-03-29T15:50:58.330Z","Azure Monitor","australiacentral","TWD","400 GB Commitment Tier Capacity Reservation","400","1/Day","30030.7392","2019-11-01T00:00:00.000Z","391.1113","75.0768"
"2023-03-29T15:50:58.330Z","Azure Monitor","australiacentral","TWD","500 GB Commitment Tier Capacity Reservation","500","1/Day","36898.5645","2019-11-01T00:00:00.000Z","491.4776","73.7971"
"2023-03-29T15:50:58.330Z","Azure Monitor","australiacentral","TWD","1000 GB Commitment Tier Capacity Reservation","1000","1/Day","72517.41","2021-06-01T02:00:00.000Z","982.6593","72.5174"
"2023-03-29T15:50:58.330Z","Azure Monitor","australiacentral","TWD","2000 GB Commitment Tier Capacity Reservation","2000","1/Day","141622.236","2021-06-01T02:00:00.000Z","1952.9414","70.8111"
"2023-03-29T15:50:58.330Z","Azure Monitor","australiacentral","TWD","5000 GB Commitment Tier Capacity Reservation","5000","1/Day","343391.265","2021-06-01T02:00:00.000Z","4849.3988","68.6783"
"2023-04-12T13:28:34.468Z","Azure Monitor","australiacentral","TWD","Pay-as-you-go Data Ingestion","Pay-as-you-go","1 GB","101.6579","2020-02-01T00:00:00.000Z","0","101.6579"
"2023-04-12T13:28:34.468Z","Azure Monitor","australiacentral","TWD","100 GB Commitment Tier Capacity Reservation","100","1/Day","8351.7756","2019-11-01T00:00:00.000Z","82.1557","83.5178"
"2023-04-12T13:28:34.468Z","Azure Monitor","australiacentral","TWD","200 GB Commitment Tier Capacity Reservation","200","1/Day","15680.8848","2019-11-01T00:00:00.000Z","187.755","78.4044"
"2023-04-12T13:28:34.468Z","Azure Monitor","australiacentral","TWD","300 GB Commitment Tier Capacity Reservation","300","1/Day","23009.994","2019-11-01T00:00:00.000Z","293.4784","76.7"
"2023-04-12T13:28:34.468Z","Azure Monitor","australiacentral","TWD","400 GB Commitment Tier Capacity Reservation","400","1/Day","29998.2144","2019-11-01T00:00:00.000Z","391.111","74.9955"
"2023-04-12T13:28:34.468Z","Azure Monitor","australiacentral","TWD","500 GB Commitment Tier Capacity Reservation","500","1/Day","36858.6015","2019-11-01T00:00:00.000Z","491.4775","73.7172"
"2023-04-12T13:28:34.468Z","Azure Monitor","australiacentral","TWD","1000 GB Commitment Tier Capacity Reservation","1000","1/Day","72438.87","2021-06-01T02:00:00.000Z","982.659","72.4389"
"2023-04-12T13:28:34.468Z","Azure Monitor","australiacentral","TWD","2000 GB Commitment Tier Capacity Reservation","2000","1/Day","141468.852","2021-06-01T02:00:00.000Z","1952.9404","70.7344"
"2023-04-12T13:28:34.468Z","Azure Monitor","australiacentral","TWD","5000 GB Commitment Tier Capacity Reservation","5000","1/Day","343019.355","2021-06-01T02:00:00.000Z","4849.3994","68.6039"
"2023-05-02T08:07:40.927Z","Azure Monitor","australiacentral","TWD","Pay-as-you-go Data Ingestion","Pay-as-you-go","1 GB","102.6248","2020-02-01T00:00:00.000Z","0","102.6248"
"2023-05-02T08:07:40.927Z","Azure Monitor","australiacentral","TWD","100 GB Commitment Tier Capacity Reservation","100","1/Day","8431.2144","2019-11-01T00:00:00.000Z","82.1557","84.3121"
"2023-05-02T08:07:40.927Z","Azure Monitor","australiacentral","TWD","200 GB Commitment Tier Capacity Reservation","200","1/Day","15830.0352","2019-11-01T00:00:00.000Z","187.7552","79.1502"
"2023-05-02T08:07:40.927Z","Azure Monitor","australiacentral","TWD","300 GB Commitment Tier Capacity Reservation","300","1/Day","23228.856","2019-11-01T00:00:00.000Z","293.4782","77.4295"
"2023-05-02T08:07:40.927Z","Azure Monitor","australiacentral","TWD","400 GB Commitment Tier Capacity Reservation","400","1/Day","30283.5456","2019-11-01T00:00:00.000Z","391.1112","75.7089"
"2023-05-02T08:07:40.927Z","Azure Monitor","australiacentral","TWD","500 GB Commitment Tier Capacity Reservation","500","1/Day","37209.186","2019-11-01T00:00:00.000Z","491.477","74.4184"
"2023-05-02T08:07:40.927Z","Azure Monitor","australiacentral","TWD","1000 GB Commitment Tier Capacity Reservation","1000","1/Day","73127.88","2021-06-01T02:00:00.000Z","982.6586","73.1279"
"2023-05-02T08:07:40.927Z","Azure Monitor","australiacentral","TWD","2000 GB Commitment Tier Capacity Reservation","2000","1/Day","142814.448","2021-06-01T02:00:00.000Z","1952.9406","71.4072"
"2023-05-02T08:07:40.927Z","Azure Monitor","australiacentral","TWD","5000 GB Commitment Tier Capacity Reservation","5000","1/Day","346282.02","2021-06-01T02:00:00.000Z","4849.3992","69.2564"
"2023-06-02T08:07:42.568Z","Azure Monitor","australiacentral","TWD","Pay-as-you-go Data Ingestion","Pay-as-you-go","1 GB","102.6766","2020-02-01T00:00:00.000Z","0","102.6766"
"2023-06-02T08:07:42.568Z","Azure Monitor","australiacentral","TWD","100 GB Commitment Tier Capacity Reservation","100","1/Day","8435.4676","2019-11-01T00:00:00.000Z","82.1557","84.3547"
"2023-06-02T08:07:42.568Z","Azure Monitor","australiacentral","TWD","200 GB Commitment Tier Capacity Reservation","200","1/Day","15838.0208","2019-11-01T00:00:00.000Z","187.755","79.1901"
"2023-06-02T08:07:42.568Z","Azure Monitor","australiacentral","TWD","300 GB Commitment Tier Capacity Reservation","300","1/Day","23240.574","2019-11-01T00:00:00.000Z","293.4783","77.4686"
"2023-06-02T08:07:42.568Z","Azure Monitor","australiacentral","TWD","400 GB Commitment Tier Capacity Reservation","400","1/Day","30298.8224","2019-11-01T00:00:00.000Z","391.111","75.7471"
"2023-06-02T08:07:42.568Z","Azure Monitor","australiacentral","TWD","500 GB Commitment Tier Capacity Reservation","500","1/Day","37227.9565","2019-11-01T00:00:00.000Z","491.477","74.4559"
"2023-06-02T08:07:42.568Z","Azure Monitor","australiacentral","TWD","1000 GB Commitment Tier Capacity Reservation","1000","1/Day","73164.77","2021-06-01T02:00:00.000Z","982.6591","73.1648"
"2023-06-02T08:07:42.568Z","Azure Monitor","australiacentral","TWD","2000 GB Commitment Tier Capacity Reservation","2000","1/Day","142886.492","2021-06-01T02:00:00.000Z","1952.9404","71.4432"
"2023-06-02T08:07:42.568Z","Azure Monitor","australiacentral","TWD","5000 GB Commitment Tier Capacity Reservation","5000","1/Day","346456.705","2021-06-01T02:00:00.000Z","4849.4007","69.2913"
"2023-07-07T06:09:02.036Z","Azure Monitor","australiacentral","TWD","Pay-as-you-go Data Ingestion","Pay-as-you-go","1 GB","103.7604","2020-02-01T00:00:00.000Z","0","103.7604"
"2023-07-07T06:09:02.036Z","Azure Monitor","australiacentral","TWD","100 GB Commitment Tier Capacity Reservation","100","1/Day","8524.5104","2019-11-01T00:00:00.000Z","82.1557","85.2451"
"2023-07-07T06:09:02.036Z","Azure Monitor","australiacentral","TWD","200 GB Commitment Tier Capacity Reservation","200","1/Day","16005.2032","2019-11-01T00:00:00.000Z","187.7551","80.026"
"2023-07-07T06:09:02.036Z","Azure Monitor","australiacentral","TWD","300 GB Commitment Tier Capacity Reservation","300","1/Day","23485.896","2019-11-01T00:00:00.000Z","293.4783","78.2863"
"2023-07-07T06:09:02.036Z","Azure Monitor","australiacentral","TWD","400 GB Commitment Tier Capacity Reservation","400","1/Day","30618.6496","2019-11-01T00:00:00.000Z","391.1112","76.5466"
"2023-07-07T06:09:02.036Z","Azure Monitor","australiacentral","TWD","500 GB Commitment Tier Capacity Reservation","500","1/Day","37620.926","2019-11-01T00:00:00.000Z","491.4774","75.2419"
"2023-07-07T06:09:02.036Z","Azure Monitor","australiacentral","TWD","1000 GB Commitment Tier Capacity Reservation","1000","1/Day","73937.08","2021-06-01T00:00:00.000Z","982.6583","73.9371"
"2023-07-07T06:09:02.036Z","Azure Monitor","australiacentral","TWD","2000 GB Commitment Tier Capacity Reservation","2000","1/Day","144394.768","2021-06-01T00:00:00.000Z","1952.9406","72.1974"
"2023-07-07T06:09:02.036Z","Azure Monitor","australiacentral","TWD","5000 GB Commitment Tier Capacity Reservation","5000","1/Day","350113.82","2021-06-01T00:00:00.000Z","4849.3965","70.0228"
"2023-08-01T06:08:30.007Z","Azure Monitor","australiacentral","TWD","100 GB Commitment Tier Capacity Reservation","100","1/Day","8571.9816","2019-11-01T00:00:00.000Z","82.6132","85.7198"
"2023-08-01T06:08:30.007Z","Azure Monitor","australiacentral","TWD","200 GB Commitment Tier Capacity Reservation","200","1/Day","16094.3328","2019-11-01T00:00:00.000Z","187.7551","80.4717"
"2023-08-01T06:08:30.007Z","Azure Monitor","australiacentral","TWD","300 GB Commitment Tier Capacity Reservation","300","1/Day","23616.684","2019-11-01T00:00:00.000Z","293.4781","78.7223"
"2023-08-01T06:08:30.007Z","Azure Monitor","australiacentral","TWD","400 GB Commitment Tier Capacity Reservation","400","1/Day","30789.1584","2019-11-01T00:00:00.000Z","391.111","76.9729"
"2023-08-01T06:08:30.007Z","Azure Monitor","australiacentral","TWD","500 GB Commitment Tier Capacity Reservation","500","1/Day","37830.429","2019-11-01T00:00:00.000Z","491.4772","75.6609"
"2023-08-01T06:08:30.007Z","Azure Monitor","australiacentral","TWD","1000 GB Commitment Tier Capacity Reservation","1000","1/Day","74348.82","2021-06-01T00:00:00.000Z","982.6584","74.3488"
"2023-08-01T06:08:30.007Z","Azure Monitor","australiacentral","TWD","5000 GB Commitment Tier Capacity Reservation","5000","1/Day","352063.53","2021-06-01T00:00:00.000Z","4876.4018","70.4127"
"2023-08-02T06:09:03.844Z","Azure Monitor","australiacentral","TWD","Pay-as-you-go Data Ingestion","Pay-as-you-go","1 GB","104.3383","2020-02-01T00:00:00.000Z","0","104.3383"
"2023-08-02T06:09:03.844Z","Azure Monitor","australiacentral","TWD","2000 GB Commitment Tier Capacity Reservation","2000","1/Day","145198.872","2021-06-01T00:00:00.000Z","1952.9417","72.5994"
"2023-09-02T06:07:00.316Z","Azure Monitor","australiacentral","TWD","Pay-as-you-go Data Ingestion","Pay-as-you-go","1 GB","106.5009","2020-02-01T00:00:00.000Z","0","106.5009"
"2023-09-02T06:07:00.316Z","Azure Monitor","australiacentral","TWD","100 GB Commitment Tier Capacity Reservation","100","1/Day","8749.6556","2019-11-01T00:00:00.000Z","82.1557","87.4966"
"2023-09-02T06:07:00.316Z","Azure Monitor","australiacentral","TWD","200 GB Commitment Tier Capacity Reservation","200","1/Day","16427.9248","2019-11-01T00:00:00.000Z","187.755","82.1396"
"2023-09-02T06:07:00.316Z","Azure Monitor","australiacentral","TWD","300 GB Commitment Tier Capacity Reservation","300","1/Day","24106.194","2019-11-01T00:00:00.000Z","293.4783","80.354"
"2023-09-02T06:07:00.316Z","Azure Monitor","australiacentral","TWD","400 GB Commitment Tier Capacity Reservation","400","1/Day","31427.3344","2019-11-01T00:00:00.000Z","391.111","78.5683"
"2023-09-02T06:07:00.316Z","Azure Monitor","australiacentral","TWD","500 GB Commitment Tier Capacity Reservation","500","1/Day","38614.5515","2019-11-01T00:00:00.000Z","491.4775","77.2291"
"2023-09-02T06:07:00.316Z","Azure Monitor","australiacentral","TWD","1000 GB Commitment Tier Capacity Reservation","1000","1/Day","75889.87","2021-06-01T00:00:00.000Z","982.659","75.8899"
"2023-09-02T06:07:00.316Z","Azure Monitor","australiacentral","TWD","2000 GB Commitment Tier Capacity Reservation","2000","1/Day","148208.452","2021-06-01T00:00:00.000Z","1952.9404","74.1042"
"2023-09-02T06:07:00.316Z","Azure Monitor","australiacentral","TWD","5000 GB Commitment Tier Capacity Reservation","5000","1/Day","359360.855","2021-06-01T00:00:00.000Z","4849.3993","71.8722"
"2023-10-02T06:08:46.154Z","Azure Monitor","australiacentral","TWD","Pay-as-you-go Data Ingestion","Pay-as-you-go","1 GB","107.725","2020-02-01T00:00:00.000Z","0","107.725"
"2023-10-02T06:08:46.154Z","Azure Monitor","australiacentral","TWD","100 GB Commitment Tier Capacity Reservation","100","1/Day","8850.2232","2019-11-01T00:00:00.000Z","82.1557","88.5022"
"2023-10-02T06:08:46.154Z","Azure Monitor","australiacentral","TWD","200 GB Commitment Tier Capacity Reservation","200","1/Day","16616.7456","2019-11-01T00:00:00.000Z","187.7552","83.0837"
"2023-10-02T06:08:46.154Z","Azure Monitor","australiacentral","TWD","300 GB Commitment Tier Capacity Reservation","300","1/Day","24383.268","2019-11-01T00:00:00.000Z","293.4784","81.2776"
"2023-10-02T06:08:46.154Z","Azure Monitor","australiacentral","TWD","400 GB Commitment Tier Capacity Reservation","400","1/Day","31788.5568","2019-11-01T00:00:00.000Z","391.1109","79.4714"
"2023-10-02T06:08:46.154Z","Azure Monitor","australiacentral","TWD","500 GB Commitment Tier Capacity Reservation","500","1/Day","39058.383","2019-11-01T00:00:00.000Z","491.4772","78.1168"
"2023-10-02T06:08:46.154Z","Azure Monitor","australiacentral","TWD","1000 GB Commitment Tier Capacity Reservation","1000","1/Day","76762.14","2021-06-01T00:00:00.000Z","982.6585","76.7621"
"2023-10-02T06:08:46.154Z","Azure Monitor","australiacentral","TWD","2000 GB Commitment Tier Capacity Reservation","2000","1/Day","149911.944","2021-06-01T00:00:00.000Z","1952.9422","74.956"
"2023-10-02T06:08:46.154Z","Azure Monitor","australiacentral","TWD","5000 GB Commitment Tier Capacity Reservation","5000","1/Day","363491.31","2021-06-01T00:00:00.000Z","4849.3958","72.6983"
"2023-11-01T06:08:41.407Z","Azure Monitor","australiacentral","TWD","Pay-as-you-go Data Ingestion","Pay-as-you-go","1 GB","108.3362","2020-02-01T00:00:00.000Z","0","108.3362"
"2023-11-01T06:08:41.407Z","Azure Monitor","australiacentral","TWD","100 GB Commitment Tier Capacity Reservation","100","1/Day","8900.4384","2019-11-01T00:00:00.000Z","82.1557","89.0044"
"2023-11-01T06:08:41.407Z","Azure Monitor","australiacentral","TWD","200 GB Commitment Tier Capacity Reservation","200","1/Day","16711.0272","2019-11-01T00:00:00.000Z","187.7551","83.5551"
"2023-11-01T06:08:41.407Z","Azure Monitor","australiacentral","TWD","300 GB Commitment Tier Capacity Reservation","300","1/Day","24521.616","2019-11-01T00:00:00.000Z","293.4784","81.7387"
"2023-11-01T06:08:41.407Z","Azure Monitor","australiacentral","TWD","400 GB Commitment Tier Capacity Reservation","400","1/Day","31968.9216","2019-11-01T00:00:00.000Z","391.1112","79.9223"
"2023-11-01T06:08:41.407Z","Azure Monitor","australiacentral","TWD","500 GB Commitment Tier Capacity Reservation","500","1/Day","39279.996","2019-11-01T00:00:00.000Z","491.4773","78.56"
"2023-11-01T06:08:41.407Z","Azure Monitor","australiacentral","TWD","1000 GB Commitment Tier Capacity Reservation","1000","1/Day","77197.68","2021-06-01T00:00:00.000Z","982.6589","77.1977"
"2023-11-01T06:08:41.407Z","Azure Monitor","australiacentral","TWD","2000 GB Commitment Tier Capacity Reservation","2000","1/Day","150762.528","2021-06-01T00:00:00.000Z","1952.9407","75.3813"
"2023-11-01T06:08:41.407Z","Azure Monitor","australiacentral","TWD","5000 GB Commitment Tier Capacity Reservation","5000","1/Day","365553.72","2021-06-01T00:00:00.000Z","4849.3953","73.1107"
"2023-12-02T06:07:58.693Z","Azure Monitor","australiacentral","TWD","Pay-as-you-go Data Ingestion","Pay-as-you-go","1 GB","105.0964","2020-02-01T00:00:00.000Z","0","105.0964"
"2023-12-02T06:07:58.693Z","Azure Monitor","australiacentral","TWD","100 GB Commitment Tier Capacity Reservation","100","1/Day","8634.2704","2019-11-01T00:00:00.000Z","82.1557","86.3427"
"2023-12-02T06:07:58.693Z","Azure Monitor","australiacentral","TWD","200 GB Commitment Tier Capacity Reservation","200","1/Day","16211.2832","2019-11-01T00:00:00.000Z","187.7551","81.0564"
"2023-12-02T06:07:58.693Z","Azure Monitor","australiacentral","TWD","300 GB Commitment Tier Capacity Reservation","300","1/Day","23788.296","2019-11-01T00:00:00.000Z","293.4783","79.2943"
"2023-12-02T06:07:58.693Z","Azure Monitor","australiacentral","TWD","400 GB Commitment Tier Capacity Reservation","400","1/Day","31012.8896","2019-11-01T00:00:00.000Z","391.1112","77.5322"
"2023-12-02T06:07:58.693Z","Azure Monitor","australiacentral","TWD","500 GB Commitment Tier Capacity Reservation","500","1/Day","38105.326","2019-11-01T00:00:00.000Z","491.4774","76.2107"
"2023-12-02T06:07:58.693Z","Azure Monitor","australiacentral","TWD","1000 GB Commitment Tier Capacity Reservation","1000","1/Day","74889.08","2021-06-01T00:00:00.000Z","982.6583","74.8891"
"2023-12-02T06:07:58.693Z","Azure Monitor","australiacentral","TWD","2000 GB Commitment Tier Capacity Reservation","2000","1/Day","146253.968","2021-06-01T00:00:00.000Z","1952.9407","73.127"
"2023-12-02T06:07:58.693Z","Azure Monitor","australiacentral","TWD","5000 GB Commitment Tier Capacity Reservation","5000","1/Day","354621.82","2021-06-01T00:00:00.000Z","4849.3965","70.9244"
"2024-01-01T06:09:20.544Z","Azure Monitor","australiacentral","TWD","Pay-as-you-go Data Ingestion","Pay-as-you-go","1 GB","103.1926","2020-02-01T00:00:00.000Z","0","103.1926"
"2024-01-01T06:09:20.544Z","Azure Monitor","australiacentral","TWD","100 GB Commitment Tier Capacity Reservation","100","1/Day","8477.8624","2019-11-01T00:00:00.000Z","82.1557","84.7786"
"2024-01-01T06:09:20.544Z","Azure Monitor","australiacentral","TWD","200 GB Commitment Tier Capacity Reservation","200","1/Day","15917.6192","2019-11-01T00:00:00.000Z","187.7552","79.5881"
"2024-01-01T06:09:20.544Z","Azure Monitor","australiacentral","TWD","300 GB Commitment Tier Capacity Reservation","300","1/Day","23357.376","2019-11-01T00:00:00.000Z","293.4782","77.8579"
"2024-01-01T06:09:20.544Z","Azure Monitor","australiacentral","TWD","400 GB Commitment Tier Capacity Reservation","400","1/Day","30451.0976","2019-11-01T00:00:00.000Z","391.1112","76.1277"
"2024-01-01T06:09:20.544Z","Azure Monitor","australiacentral","TWD","500 GB Commitment Tier Capacity Reservation","500","1/Day","37415.056","2019-11-01T00:00:00.000Z","491.4776","74.8301"
"2024-01-01T06:09:20.544Z","Azure Monitor","australiacentral","TWD","1000 GB Commitment Tier Capacity Reservation","1000","1/Day","73532.48","2021-06-01T00:00:00.000Z","982.6591","73.5325"
"2024-01-01T06:09:20.544Z","Azure Monitor","australiacentral","TWD","2000 GB Commitment Tier Capacity Reservation","2000","1/Day","143604.608","2021-06-01T00:00:00.000Z","1952.9406","71.8023"
"2024-01-01T06:09:20.544Z","Azure Monitor","australiacentral","TWD","5000 GB Commitment Tier Capacity Reservation","5000","1/Day","348197.92","2021-06-01T00:00:00.000Z","4849.3979","69.6396"
"2024-02-02T06:08:03.849Z","Azure Monitor","australiacentral","TWD","Pay-as-you-go Data Ingestion","Pay-as-you-go","1 GB","104.2965","2020-02-01T00:00:00.000Z","0","104.2965"
"2024-02-02T06:08:03.849Z","Azure Monitor","australiacentral","TWD","100 GB Commitment Tier Capacity Reservation","100","1/Day","8568.5516","2019-11-01T00:00:00.000Z","82.1557","85.6855"
"2024-02-02T06:08:03.849Z","Azure Monitor","australiacentral","TWD","200 GB Commitment Tier Capacity Reservation","200","1/Day","16087.8928","2019-11-01T00:00:00.000Z","187.7551","80.4395"
"2024-02-02T06:08:03.849Z","Azure Monitor","australiacentral","TWD","300 GB Commitment Tier Capacity Reservation","300","1/Day","23607.234","2019-11-01T00:00:00.000Z","293.4781","78.6908"
"2024-02-02T06:08:03.849Z","Azure Monitor","australiacentral","TWD","400 GB Commitment Tier Capacity Reservation","400","1/Day","30776.8384","2019-11-01T00:00:00.000Z","391.111","76.9421"
"2024-02-02T06:08:03.849Z","Azure Monitor","australiacentral","TWD","500 GB Commitment Tier Capacity Reservation","500","1/Day","37815.2915","2019-11-01T00:00:00.000Z","491.4772","75.6306"
"2024-02-02T06:08:03.849Z","Azure Monitor","australiacentral","TWD","1000 GB Commitment Tier Capacity Reservation","1000","1/Day","74319.07","2021-06-01T00:00:00.000Z","982.6587","74.3191"
"2024-02-02T06:08:03.849Z","Azure Monitor","australiacentral","TWD","2000 GB Commitment Tier Capacity Reservation","2000","1/Day","145140.772","2021-06-01T00:00:00.000Z","1952.9404","72.5704"
"2024-02-02T06:08:03.849Z","Azure Monitor","australiacentral","TWD","5000 GB Commitment Tier Capacity Reservation","5000","1/Day","351922.655","2021-06-01T00:00:00.000Z","4849.3967","70.3845"
"2024-03-02T06:08:20.311Z","Azure Monitor","australiacentral","TWD","Pay-as-you-go Data Ingestion","Pay-as-you-go","1 GB","105.5206","2020-02-01T00:00:00.000Z","0","105.5206"
"2024-03-02T06:08:20.311Z","Azure Monitor","australiacentral","TWD","100 GB Commitment Tier Capacity Reservation","100","1/Day","8669.1192","2019-11-01T00:00:00.000Z","82.1557","86.6912"
"2024-03-02T06:08:20.311Z","Azure Monitor","australiacentral","TWD","200 GB Commitment Tier Capacity Reservation","200","1/Day","16276.7136","2019-11-01T00:00:00.000Z","187.7551","81.3836"
"2024-03-02T06:08:20.311Z","Azure Monitor","australiacentral","TWD","300 GB Commitment Tier Capacity Reservation","300","1/Day","23884.308","2019-11-01T00:00:00.000Z","293.4781","79.6144"
"2024-03-02T06:08:20.311Z","Azure Monitor","australiacentral","TWD","400 GB Commitment Tier Capacity Reservation","400","1/Day","31138.0608","2019-11-01T00:00:00.000Z","391.1109","77.8452"
"2024-03-02T06:08:20.311Z","Azure Monitor","australiacentral","TWD","500 GB Commitment Tier Capacity Reservation","500","1/Day","38259.123","2019-11-01T00:00:00.000Z","491.477","76.5182"
"2024-03-02T06:08:20.311Z","Azure Monitor","australiacentral","TWD","1000 GB Commitment Tier Capacity Reservation","1000","1/Day","75191.34","2021-06-01T00:00:00.000Z","982.6596","75.1913"
"2024-03-02T06:08:20.311Z","Azure Monitor","australiacentral","TWD","2000 GB Commitment Tier Capacity Reservation","2000","1/Day","146844.264","2021-06-01T00:00:00.000Z","1952.9422","73.4221"
"2024-03-02T06:08:20.311Z","Azure Monitor","australiacentral","TWD","5000 GB Commitment Tier Capacity Reservation","5000","1/Day","356053.11","2021-06-01T00:00:00.000Z","4849.3997","71.2106"
"2024-04-03T09:26:28.723Z","Azure Monitor","australiacentral","TWD","Pay-as-you-go Data Ingestion","Pay-as-you-go","1 GB","106.5026","2020-02-01T00:00:00.000Z","0","106.5026"
"2024-04-03T09:26:28.723Z","Azure Monitor","australiacentral","TWD","100 GB Commitment Tier Capacity Reservation","100","1/Day","8749.7928","2019-11-01T00:00:00.000Z","82.1557","87.4979"
"2024-04-03T09:26:28.723Z","Azure Monitor","australiacentral","TWD","200 GB Commitment Tier Capacity Reservation","200","1/Day","16428.1824","2019-11-01T00:00:00.000Z","187.7552","82.1409"
"2024-04-03T09:26:28.723Z","Azure Monitor","australiacentral","TWD","300 GB Commitment Tier Capacity Reservation","300","1/Day","24106.572","2019-11-01T00:00:00.000Z","293.4783","80.3552"
"2024-04-03T09:26:28.723Z","Azure Monitor","australiacentral","TWD","400 GB Commitment Tier Capacity Reservation","400","1/Day","31427.8272","2019-11-01T00:00:00.000Z","391.1113","78.5696"
"2024-04-03T09:26:28.723Z","Azure Monitor","australiacentral","TWD","500 GB Commitment Tier Capacity Reservation","500","1/Day","38615.157","2019-11-01T00:00:00.000Z","491.4771","77.2303"
"2024-04-03T09:26:28.723Z","Azure Monitor","australiacentral","TWD","1000 GB Commitment Tier Capacity Reservation","1000","1/Day","75891.06","2021-06-01T00:00:00.000Z","982.6591","75.8911"
"2024-04-03T09:26:28.723Z","Azure Monitor","australiacentral","TWD","2000 GB Commitment Tier Capacity Reservation","2000","1/Day","148210.776","2021-06-01T00:00:00.000Z","1952.9401","74.1054"
"2024-04-03T09:26:28.723Z","Azure Monitor","australiacentral","TWD","5000 GB Commitment Tier Capacity Reservation","5000","1/Day","359366.49","2021-06-01T00:00:00.000Z","4849.3968","71.8733"
"2024-05-01T06:09:59.892Z","Azure Monitor","australiacentral","TWD","Pay-as-you-go Data Ingestion","Pay-as-you-go","1 GB","108.7003","2020-02-01T00:00:00.000Z","0","108.7003"
"2024-05-01T06:09:59.892Z","Azure Monitor","australiacentral","TWD","100 GB Commitment Tier Capacity Reservation","100","1/Day","8930.348","2019-11-01T00:00:00.000Z","82.1557","89.3035"
"2024-05-01T06:09:59.892Z","Azure Monitor","australiacentral","TWD","200 GB Commitment Tier Capacity Reservation","200","1/Day","16767.184","2019-11-01T00:00:00.000Z","187.7551","83.8359"
"2024-05-01T06:09:59.892Z","Azure Monitor","australiacentral","TWD","300 GB Commitment Tier Capacity Reservation","300","1/Day","24604.02","2019-11-01T00:00:00.000Z","293.4783","82.0134"
"2024-05-01T06:09:59.892Z","Azure Monitor","australiacentral","TWD","400 GB Commitment Tier Capacity Reservation","400","1/Day","32076.352","2019-11-01T00:00:00.000Z","391.1111","80.1909"
"2024-05-01T06:09:59.892Z","Azure Monitor","australiacentral","TWD","500 GB Commitment Tier Capacity Reservation","500","1/Day","39411.995","2019-11-01T00:00:00.000Z","491.4772","78.824"
"2024-05-01T06:09:59.892Z","Azure Monitor","australiacentral","TWD","1000 GB Commitment Tier Capacity Reservation","1000","1/Day","77457.1","2021-06-01T00:00:00.000Z","982.6588","77.4571"
"2024-05-01T06:09:59.892Z","Azure Monitor","australiacentral","TWD","2000 GB Commitment Tier Capacity Reservation","2000","1/Day","151269.16","2021-06-01T00:00:00.000Z","1952.9412","75.6346"
"2024-05-01T06:09:59.892Z","Azure Monitor","australiacentral","TWD","5000 GB Commitment Tier Capacity Reservation","5000","1/Day","366782.15","2021-06-01T00:00:00.000Z","4849.3963","73.3564"
"2024-06-01T06:08:37.725Z","Azure Monitor","australiacentral","TWD","Pay-as-you-go Data Ingestion","Pay-as-you-go","1 GB","107.8887","2020-02-01T00:00:00.000Z","0","107.8887"
"2024-06-01T06:08:37.725Z","Azure Monitor","australiacentral","TWD","100 GB Commitment Tier Capacity Reservation","100","1/Day","8863.6688","2019-11-01T00:00:00.000Z","82.1557","88.6367"
"2024-06-01T06:08:37.725Z","Azure Monitor","australiacentral","TWD","200 GB Commitment Tier Capacity Reservation","200","1/Day","16641.9904","2019-11-01T00:00:00.000Z","187.7551","83.21"
"2024-06-01T06:08:37.725Z","Azure Monitor","australiacentral","TWD","300 GB Commitment Tier Capacity Reservation","300","1/Day","24420.312","2019-11-01T00:00:00.000Z","293.4781","81.401"
"2024-06-01T06:08:37.725Z","Azure Monitor","australiacentral","TWD","400 GB Commitment Tier Capacity Reservation","400","1/Day","31836.8512","2019-11-01T00:00:00.000Z","391.1113","79.5921"
"2024-06-01T06:08:37.725Z","Azure Monitor","australiacentral","TWD","500 GB Commitment Tier Capacity Reservation","500","1/Day","39117.722","2019-11-01T00:00:00.000Z","491.4774","78.2354"
"2024-06-01T06:08:37.725Z","Azure Monitor","australiacentral","TWD","1000 GB Commitment Tier Capacity Reservation","1000","1/Day","76878.76","2021-06-01T00:00:00.000Z","982.6595","76.8788"
"2024-06-01T06:08:37.725Z","Azure Monitor","australiacentral","TWD","2000 GB Commitment Tier Capacity Reservation","2000","1/Day","150139.696","2021-06-01T00:00:00.000Z","1952.9402","75.0698"
"2024-06-01T06:08:37.725Z","Azure Monitor","australiacentral","TWD","5000 GB Commitment Tier Capacity Reservation","5000","1/Day","364043.54","2021-06-01T00:00:00.000Z","4849.4007","72.8087"
"2024-07-01T06:11:21.244Z","Azure Monitor","australiacentral","TWD","Pay-as-you-go Data Ingestion","Pay-as-you-go","1 GB","108.6869","2020-02-01T00:00:00.000Z","0","108.6869"
"2024-07-01T06:11:21.244Z","Azure Monitor","australiacentral","TWD","100 GB Commitment Tier Capacity Reservation","100","1/Day","8929.2504","2019-11-01T00:00:00.000Z","82.1557","89.2925"
"2024-07-01T06:11:21.244Z","Azure Monitor","australiacentral","TWD","200 GB Commitment Tier Capacity Reservation","200","1/Day","16765.1232","2019-11-01T00:00:00.000Z","187.7551","83.8256"
"2024-07-01T06:11:21.244Z","Azure Monitor","australiacentral","TWD","300 GB Commitment Tier Capacity Reservation","300","1/Day","24600.996","2019-11-01T00:00:00.000Z","293.4783","82.0033"
"2024-07-01T06:11:21.244Z","Azure Monitor","australiacentral","TWD","400 GB Commitment Tier Capacity Reservation","400","1/Day","32072.4096","2019-11-01T00:00:00.000Z","391.1112","80.181"
"2024-07-01T06:11:21.244Z","Azure Monitor","australiacentral","TWD","500 GB Commitment Tier Capacity Reservation","500","1/Day","39407.151","2019-11-01T00:00:00.000Z","491.4774","78.8143"
"2024-07-01T06:11:21.244Z","Azure Monitor","australiacentral","TWD","1000 GB Commitment Tier Capacity Reservation","1000","1/Day","77447.58","2021-06-01T00:00:00.000Z","982.659","77.4476"
"2024-07-01T06:11:21.244Z","Azure Monitor","australiacentral","TWD","2000 GB Commitment Tier Capacity Reservation","2000","1/Day","151250.568","2021-06-01T00:00:00.000Z","1952.9407","75.6253"
"2024-07-01T06:11:21.244Z","Azure Monitor","australiacentral","TWD","5000 GB Commitment Tier Capacity Reservation","5000","1/Day","366737.07","2021-06-01T00:00:00.000Z","4849.3966","73.3474"
"2024-08-02T06:11:10.559Z","Azure Monitor","australiacentral","TWD","Pay-as-you-go Data Ingestion","Pay-as-you-go","1 GB","109.7891","2020-02-01T00:00:00.000Z","0","109.7891"
"2024-08-02T06:11:10.559Z","Azure Monitor","australiacentral","TWD","100 GB Commitment Tier Capacity Reservation","100","1/Day","9019.8024","2019-11-01T00:00:00.000Z","82.1557","90.1980"
"2024-08-02T06:11:10.559Z","Azure Monitor","australiacentral","TWD","200 GB Commitment Tier Capacity Reservation","200","1/Day","16935.1392","2019-11-01T00:00:00.000Z","187.7552","84.6757"
"2024-08-02T06:11:10.559Z","Azure Monitor","australiacentral","TWD","300 GB Commitment Tier Capacity Reservation","300","1/Day","24850.476","2019-11-01T00:00:00.000Z","293.4782","82.8349"
"2024-08-02T06:11:10.559Z","Azure Monitor","australiacentral","TWD","400 GB Commitment Tier Capacity Reservation","400","1/Day","32397.6576","2019-11-01T00:00:00.000Z","391.1112","80.9941"
"2024-08-02T06:11:10.559Z","Azure Monitor","australiacentral","TWD","500 GB Commitment Tier Capacity Reservation","500","1/Day","39806.781","2019-11-01T00:00:00.000Z","491.4775","79.6136"
"2024-08-02T06:11:10.559Z","Azure Monitor","australiacentral","TWD","1000 GB Commitment Tier Capacity Reservation","1000","1/Day","78232.98","2021-06-01T00:00:00.000Z","982.6585","78.2330"
"2024-08-02T06:11:10.559Z","Azure Monitor","australiacentral","TWD","2000 GB Commitment Tier Capacity Reservation","2000","1/Day","152784.408","2021-06-01T00:00:00.000Z","1952.9407","76.3922"
"2024-08-02T06:11:10.559Z","Azure Monitor","australiacentral","TWD","5000 GB Commitment Tier Capacity Reservation","5000","1/Day","370456.17","2021-06-01T00:00:00.000Z","4849.3978","74.0912"
