"TimeGenerated","ServiceName","ArmRegionName","CurrencyCode","MeterName","Tier","UnitOfMeasure","RetailPrice","EffectiveStartDate","EffectiveCommitmentTierThresholdGB","EffectivePricePerGB"
"2023-03-29T15:50:58.330Z","Azure Monitor","australiasoutheast","BRL","Pay-as-you-go Data Ingestion","Pay-as-you-go","1 GB","17.3498","2018-02-01T00:00:00.000Z","0","17.3498"
"2023-03-29T15:50:58.330Z","Azure Monitor","australiasoutheast","BRL","100 GB Commitment Tier Capacity Reservation","100","1/Day","1425.3845","2019-11-01T00:00:00.000Z","82.1557","14.2538"
"2023-03-29T15:50:58.330Z","Azure Monitor","australiasoutheast","BRL","200 GB Commitment Tier Capacity Reservation","200","1/Day","2676.2322","2019-11-01T00:00:00.000Z","187.7557","13.3812"
"2023-03-29T15:50:58.330Z","Azure Monitor","australiasoutheast","BRL","300 GB Commitment Tier Capacity Reservation","300","1/Day","3927.0798","2019-11-01T00:00:00.000Z","293.4774","13.0903"
"2023-03-29T15:50:58.330Z","Azure Monitor","australiasoutheast","BRL","400 GB Commitment Tier Capacity Reservation","400","1/Day","5119.7485","2019-11-01T00:00:00.000Z","391.1101","12.7994"
"2023-03-29T15:50:58.330Z","Azure Monitor","australiasoutheast","BRL","500 GB Commitment Tier Capacity Reservation","500","1/Day","6290.6001","2019-11-01T00:00:00.000Z","491.4762","12.5812"
"2023-03-29T15:50:58.330Z","Azure Monitor","australiasoutheast","BRL","1000 GB Commitment Tier Capacity Reservation","1000","1/Day","12363.029","2021-06-01T02:00:00.000Z","982.659","12.363"
"2023-03-29T15:50:58.330Z","Azure Monitor","australiasoutheast","BRL","2000 GB Commitment Tier Capacity Reservation","2000","1/Day","24144.2684","2021-06-01T02:00:00.000Z","1952.9458","12.0721"
"2023-03-29T15:50:58.330Z","Azure Monitor","australiasoutheast","BRL","5000 GB Commitment Tier Capacity Reservation","5000","1/Day","58542.5785","2021-06-01T02:00:00.000Z","4849.4113","11.7085"
"2023-04-12T13:28:34.468Z","Azure Monitor","australiasoutheast","BRL","Pay-as-you-go Data Ingestion","Pay-as-you-go","1 GB","17.1921","2018-02-01T00:00:00.000Z","0","17.1921"
"2023-04-12T13:28:34.468Z","Azure Monitor","australiasoutheast","BRL","100 GB Commitment Tier Capacity Reservation","100","1/Day","1412.4328","2019-11-01T00:00:00.000Z","82.1559","14.1243"
"2023-04-12T13:28:34.468Z","Azure Monitor","australiasoutheast","BRL","200 GB Commitment Tier Capacity Reservation","200","1/Day","2651.9147","2019-11-01T00:00:00.000Z","187.7555","13.2596"
"2023-04-12T13:28:34.468Z","Azure Monitor","australiasoutheast","BRL","300 GB Commitment Tier Capacity Reservation","300","1/Day","3891.3966","2019-11-01T00:00:00.000Z","293.4777","12.9713"
"2023-04-12T13:28:34.468Z","Azure Monitor","australiasoutheast","BRL","400 GB Commitment Tier Capacity Reservation","400","1/Day","5073.2282","2019-11-01T00:00:00.000Z","391.1118","12.6831"
"2023-04-12T13:28:34.468Z","Azure Monitor","australiasoutheast","BRL","500 GB Commitment Tier Capacity Reservation","500","1/Day","6233.4408","2019-11-01T00:00:00.000Z","491.4761","12.4669"
"2023-04-12T13:28:34.468Z","Azure Monitor","australiasoutheast","BRL","1000 GB Commitment Tier Capacity Reservation","1000","1/Day","12250.693","2021-06-01T02:00:00.000Z","982.6575","12.2507"
"2023-04-12T13:28:34.468Z","Azure Monitor","australiasoutheast","BRL","2000 GB Commitment Tier Capacity Reservation","2000","1/Day","23924.8828","2021-06-01T02:00:00.000Z","1952.9401","11.9624"
"2023-04-12T13:28:34.468Z","Azure Monitor","australiasoutheast","BRL","5000 GB Commitment Tier Capacity Reservation","5000","1/Day","58010.6345","2021-06-01T02:00:00.000Z","4849.4144","11.6021"
"2023-05-02T08:07:40.927Z","Azure Monitor","australiasoutheast","BRL","Pay-as-you-go Data Ingestion","Pay-as-you-go","1 GB","16.87","2018-02-01T00:00:00.000Z","0","16.87"
"2023-05-02T08:07:40.927Z","Azure Monitor","australiasoutheast","BRL","100 GB Commitment Tier Capacity Reservation","100","1/Day","1385.967","2019-11-01T00:00:00.000Z","82.1557","13.8597"
"2023-05-02T08:07:40.927Z","Azure Monitor","australiasoutheast","BRL","200 GB Commitment Tier Capacity Reservation","200","1/Day","2602.2237","2019-11-01T00:00:00.000Z","187.7547","13.0111"
"2023-05-02T08:07:40.927Z","Azure Monitor","australiasoutheast","BRL","300 GB Commitment Tier Capacity Reservation","300","1/Day","3818.4804","2019-11-01T00:00:00.000Z","293.4787","12.7283"
"2023-05-02T08:07:40.927Z","Azure Monitor","australiasoutheast","BRL","400 GB Commitment Tier Capacity Reservation","400","1/Day","4978.167","2019-11-01T00:00:00.000Z","391.1101","12.4454"
"2023-05-02T08:07:40.927Z","Azure Monitor","australiasoutheast","BRL","500 GB Commitment Tier Capacity Reservation","500","1/Day","6116.6399","2019-11-01T00:00:00.000Z","491.478","12.2333"
"2023-05-02T08:07:40.927Z","Azure Monitor","australiasoutheast","BRL","1000 GB Commitment Tier Capacity Reservation","1000","1/Day","12021.142","2021-06-01T02:00:00.000Z","982.6573","12.0211"
"2023-05-02T08:07:40.927Z","Azure Monitor","australiasoutheast","BRL","2000 GB Commitment Tier Capacity Reservation","2000","1/Day","23476.5832","2021-06-01T02:00:00.000Z","1952.948","11.7383"
"2023-05-02T08:07:40.927Z","Azure Monitor","australiasoutheast","BRL","5000 GB Commitment Tier Capacity Reservation","5000","1/Day","56923.643","2021-06-01T02:00:00.000Z","4849.3941","11.3847"
"2023-06-02T08:07:42.568Z","Azure Monitor","australiasoutheast","BRL","Pay-as-you-go Data Ingestion","Pay-as-you-go","1 GB","16.7309","2018-02-01T00:00:00.000Z","0","16.7309"
"2023-06-02T08:07:42.568Z","Azure Monitor","australiasoutheast","BRL","100 GB Commitment Tier Capacity Reservation","100","1/Day","1374.5382","2019-11-01T00:00:00.000Z","82.1557","13.7454"
"2023-06-02T08:07:42.568Z","Azure Monitor","australiasoutheast","BRL","200 GB Commitment Tier Capacity Reservation","200","1/Day","2580.7656","2019-11-01T00:00:00.000Z","187.7549","12.9038"
"2023-06-02T08:07:42.568Z","Azure Monitor","australiasoutheast","BRL","300 GB Commitment Tier Capacity Reservation","300","1/Day","3786.993","2019-11-01T00:00:00.000Z","293.4789","12.6233"
"2023-06-02T08:07:42.568Z","Azure Monitor","australiasoutheast","BRL","400 GB Commitment Tier Capacity Reservation","400","1/Day","4937.1168","2019-11-01T00:00:00.000Z","391.1114","12.3428"
"2023-06-02T08:07:42.568Z","Azure Monitor","australiasoutheast","BRL","500 GB Commitment Tier Capacity Reservation","500","1/Day","6066.2018","2019-11-01T00:00:00.000Z","491.477","12.1324"
"2023-06-02T08:07:42.568Z","Azure Monitor","australiasoutheast","BRL","1000 GB Commitment Tier Capacity Reservation","1000","1/Day","11922.015","2021-06-01T02:00:00.000Z","982.6592","11.922"
"2023-06-02T08:07:42.568Z","Azure Monitor","australiasoutheast","BRL","2000 GB Commitment Tier Capacity Reservation","2000","1/Day","23282.994","2021-06-01T02:00:00.000Z","1952.9436","11.6415"
"2023-06-02T08:07:42.568Z","Azure Monitor","australiasoutheast","BRL","5000 GB Commitment Tier Capacity Reservation","5000","1/Day","56454.2475","2021-06-01T02:00:00.000Z","4849.3963","11.2908"
"2023-07-07T06:09:02.036Z","Azure Monitor","australiasoutheast","BRL","Pay-as-you-go Data Ingestion","Pay-as-you-go","1 GB","16.2202","2018-02-01T00:00:00.000Z","0","16.2202"
"2023-07-07T06:09:02.036Z","Azure Monitor","australiasoutheast","BRL","100 GB Commitment Tier Capacity Reservation","100","1/Day","1332.5824","2019-11-01T00:00:00.000Z","82.1557","13.3258"
"2023-07-07T06:09:02.036Z","Azure Monitor","australiasoutheast","BRL","200 GB Commitment Tier Capacity Reservation","200","1/Day","2501.9915","2019-11-01T00:00:00.000Z","187.7554","12.51"
"2023-07-07T06:09:02.036Z","Azure Monitor","australiasoutheast","BRL","300 GB Commitment Tier Capacity Reservation","300","1/Day","3671.4006","2019-11-01T00:00:00.000Z","293.4773","12.238"
"2023-07-07T06:09:02.036Z","Azure Monitor","australiasoutheast","BRL","400 GB Commitment Tier Capacity Reservation","400","1/Day","4786.4186","2019-11-01T00:00:00.000Z","391.1112","11.966"
"2023-07-07T06:09:02.036Z","Azure Monitor","australiasoutheast","BRL","500 GB Commitment Tier Capacity Reservation","500","1/Day","5881.0399","2019-11-01T00:00:00.000Z","491.4792","11.7621"
"2023-07-07T06:09:02.036Z","Azure Monitor","australiasoutheast","BRL","1000 GB Commitment Tier Capacity Reservation","1000","1/Day","11558.113","2021-06-01T00:00:00.000Z","982.6573","11.5581"
"2023-07-07T06:09:02.036Z","Azure Monitor","australiasoutheast","BRL","2000 GB Commitment Tier Capacity Reservation","2000","1/Day","22572.3148","2021-06-01T00:00:00.000Z","1952.9434","11.2862"
"2023-07-07T06:09:02.036Z","Azure Monitor","australiasoutheast","BRL","5000 GB Commitment Tier Capacity Reservation","5000","1/Day","54731.0645","2021-06-01T00:00:00.000Z","4849.3793","10.9462"
"2023-08-01T06:08:30.007Z","Azure Monitor","australiasoutheast","BRL","Pay-as-you-go Data Ingestion","Pay-as-you-go","1 GB","15.8","2018-02-01T00:00:00.000Z","0","15.8"
"2023-08-01T06:08:30.007Z","Azure Monitor","australiasoutheast","BRL","100 GB Commitment Tier Capacity Reservation","100","1/Day","1298.0629","2019-11-01T00:00:00.000Z","82.1559","12.9806"
"2023-08-01T06:08:30.007Z","Azure Monitor","australiasoutheast","BRL","200 GB Commitment Tier Capacity Reservation","200","1/Day","2437.1794","2019-11-01T00:00:00.000Z","187.7555","12.1859"
"2023-08-01T06:08:30.007Z","Azure Monitor","australiasoutheast","BRL","1000 GB Commitment Tier Capacity Reservation","1000","1/Day","11258.709","2021-06-01T00:00:00.000Z","957.2023","11.2587"
"2023-08-01T06:08:30.007Z","Azure Monitor","australiasoutheast","BRL","2000 GB Commitment Tier Capacity Reservation","2000","1/Day","21987.5964","2021-06-01T00:00:00.000Z","1952.9427","10.9938"
"2023-08-01T06:08:30.007Z","Azure Monitor","australiasoutheast","BRL","5000 GB Commitment Tier Capacity Reservation","5000","1/Day","53313.2985","2021-06-01T00:00:00.000Z","4849.3968","10.6627"
"2023-08-02T06:09:03.844Z","Azure Monitor","australiasoutheast","BRL","300 GB Commitment Tier Capacity Reservation","300","1/Day","3576.2958","2019-11-01T00:00:00.000Z","293.4782","11.921"
"2023-08-02T06:09:03.844Z","Azure Monitor","australiasoutheast","BRL","400 GB Commitment Tier Capacity Reservation","400","1/Day","4662.4301","2019-11-01T00:00:00.000Z","391.1107","11.6561"
"2023-08-02T06:09:03.844Z","Azure Monitor","australiasoutheast","BRL","500 GB Commitment Tier Capacity Reservation","500","1/Day","5728.6961","2019-11-01T00:00:00.000Z","491.4762","11.4574"
"2023-09-02T06:07:00.316Z","Azure Monitor","australiasoutheast","BRL","Pay-as-you-go Data Ingestion","Pay-as-you-go","1 GB","16.2787","2018-02-01T00:00:00.000Z","0","16.2787"
"2023-09-02T06:07:00.316Z","Azure Monitor","australiasoutheast","BRL","100 GB Commitment Tier Capacity Reservation","100","1/Day","1337.3844","2019-11-01T00:00:00.000Z","82.1555","13.3738"
"2023-09-02T06:07:00.316Z","Azure Monitor","australiasoutheast","BRL","200 GB Commitment Tier Capacity Reservation","200","1/Day","2511.0075","2019-11-01T00:00:00.000Z","187.7557","12.555"
"2023-09-02T06:07:00.316Z","Azure Monitor","australiasoutheast","BRL","300 GB Commitment Tier Capacity Reservation","300","1/Day","3684.6306","2019-11-01T00:00:00.000Z","293.4791","12.2821"
"2023-09-02T06:07:00.316Z","Azure Monitor","australiasoutheast","BRL","400 GB Commitment Tier Capacity Reservation","400","1/Day","4803.6666","2019-11-01T00:00:00.000Z","391.1112","12.0092"
"2023-09-02T06:07:00.316Z","Azure Monitor","australiasoutheast","BRL","500 GB Commitment Tier Capacity Reservation","500","1/Day","5902.2323","2019-11-01T00:00:00.000Z","491.4759","11.8045"
"2023-09-02T06:07:00.316Z","Azure Monitor","australiasoutheast","BRL","1000 GB Commitment Tier Capacity Reservation","1000","1/Day","11599.763","2021-06-01T00:00:00.000Z","982.656","11.5998"
"2023-09-02T06:07:00.316Z","Azure Monitor","australiasoutheast","BRL","2000 GB Commitment Tier Capacity Reservation","2000","1/Day","22653.6548","2021-06-01T00:00:00.000Z","1952.9349","11.3268"
"2023-09-02T06:07:00.316Z","Azure Monitor","australiasoutheast","BRL","5000 GB Commitment Tier Capacity Reservation","5000","1/Day","54928.2895","2021-06-01T00:00:00.000Z","4849.4093","10.9857"
"2023-10-02T06:08:46.154Z","Azure Monitor","australiasoutheast","BRL","Pay-as-you-go Data Ingestion","Pay-as-you-go","1 GB","16.7972","2018-02-01T00:00:00.000Z","0","16.7972"
"2023-10-02T06:08:46.154Z","Azure Monitor","australiasoutheast","BRL","100 GB Commitment Tier Capacity Reservation","100","1/Day","1379.985","2019-11-01T00:00:00.000Z","82.1557","13.7998"
"2023-10-02T06:08:46.154Z","Azure Monitor","australiasoutheast","BRL","200 GB Commitment Tier Capacity Reservation","200","1/Day","2590.9923","2019-11-01T00:00:00.000Z","187.7558","12.955"
"2023-10-02T06:08:46.154Z","Azure Monitor","australiasoutheast","BRL","300 GB Commitment Tier Capacity Reservation","300","1/Day","3801.9996","2019-11-01T00:00:00.000Z","293.4774","12.6733"
"2023-10-02T06:08:46.154Z","Azure Monitor","australiasoutheast","BRL","400 GB Commitment Tier Capacity Reservation","400","1/Day","4956.681","2019-11-01T00:00:00.000Z","391.1121","12.3917"
"2023-10-02T06:08:46.154Z","Azure Monitor","australiasoutheast","BRL","500 GB Commitment Tier Capacity Reservation","500","1/Day","6090.2401","2019-11-01T00:00:00.000Z","491.4774","12.1805"
"2023-10-02T06:08:46.154Z","Azure Monitor","australiasoutheast","BRL","1000 GB Commitment Tier Capacity Reservation","1000","1/Day","11969.258","2021-06-01T00:00:00.000Z","982.6574","11.9693"
"2023-10-02T06:08:46.154Z","Azure Monitor","australiasoutheast","BRL","2000 GB Commitment Tier Capacity Reservation","2000","1/Day","23375.2568","2021-06-01T00:00:00.000Z","1952.9343","11.6876"
"2023-10-02T06:08:46.154Z","Azure Monitor","australiasoutheast","BRL","5000 GB Commitment Tier Capacity Reservation","5000","1/Day","56677.957","2021-06-01T00:00:00.000Z","4849.4094","11.3356"
"2023-11-01T06:08:41.407Z","Azure Monitor","australiasoutheast","BRL","Pay-as-you-go Data Ingestion","Pay-as-you-go","1 GB","16.5338","2018-02-01T00:00:00.000Z","0","16.5338"
"2023-11-01T06:08:41.407Z","Azure Monitor","australiasoutheast","BRL","100 GB Commitment Tier Capacity Reservation","100","1/Day","1358.3486","2019-11-01T00:00:00.000Z","82.1559","13.5835"
"2023-11-01T06:08:41.407Z","Azure Monitor","australiasoutheast","BRL","200 GB Commitment Tier Capacity Reservation","200","1/Day","2550.3688","2019-11-01T00:00:00.000Z","187.7549","12.7518"
"2023-11-01T06:08:41.407Z","Azure Monitor","australiasoutheast","BRL","300 GB Commitment Tier Capacity Reservation","300","1/Day","3742.389","2019-11-01T00:00:00.000Z","293.4793","12.4746"
"2023-11-01T06:08:41.407Z","Azure Monitor","australiasoutheast","BRL","400 GB Commitment Tier Capacity Reservation","400","1/Day","4878.9664","2019-11-01T00:00:00.000Z","391.1121","12.1974"
"2023-11-01T06:08:41.407Z","Azure Monitor","australiasoutheast","BRL","500 GB Commitment Tier Capacity Reservation","500","1/Day","5994.7528","2019-11-01T00:00:00.000Z","491.4779","11.9895"
"2023-11-01T06:08:41.407Z","Azure Monitor","australiasoutheast","BRL","1000 GB Commitment Tier Capacity Reservation","1000","1/Day","11781.595","2021-06-01T00:00:00.000Z","982.6594","11.7816"
"2023-11-01T06:08:41.407Z","Azure Monitor","australiasoutheast","BRL","2000 GB Commitment Tier Capacity Reservation","2000","1/Day","23008.762","2021-06-01T00:00:00.000Z","1952.9403","11.5044"
"2023-11-01T06:08:41.407Z","Azure Monitor","australiasoutheast","BRL","5000 GB Commitment Tier Capacity Reservation","5000","1/Day","55789.3175","2021-06-01T00:00:00.000Z","4849.3896","11.1579"
"2023-12-02T06:07:58.693Z","Azure Monitor","australiasoutheast","BRL","Pay-as-you-go Data Ingestion","Pay-as-you-go","1 GB","16.2548","2018-02-01T00:00:00.000Z","0","16.2548"
"2023-12-02T06:07:58.693Z","Azure Monitor","australiasoutheast","BRL","100 GB Commitment Tier Capacity Reservation","100","1/Day","1335.4225","2019-11-01T00:00:00.000Z","82.1556","13.3542"
"2023-12-02T06:07:58.693Z","Azure Monitor","australiasoutheast","BRL","200 GB Commitment Tier Capacity Reservation","200","1/Day","2507.3238","2019-11-01T00:00:00.000Z","187.7554","12.5366"
"2023-12-02T06:07:58.693Z","Azure Monitor","australiasoutheast","BRL","300 GB Commitment Tier Capacity Reservation","300","1/Day","3679.2252","2019-11-01T00:00:00.000Z","293.4787","12.2641"
"2023-12-02T06:07:58.693Z","Azure Monitor","australiasoutheast","BRL","400 GB Commitment Tier Capacity Reservation","400","1/Day","4796.6195","2019-11-01T00:00:00.000Z","391.1106","11.9915"
"2023-12-02T06:07:58.693Z","Azure Monitor","australiasoutheast","BRL","500 GB Commitment Tier Capacity Reservation","500","1/Day","5893.5737","2019-11-01T00:00:00.000Z","491.4793","11.7871"
"2023-12-02T06:07:58.693Z","Azure Monitor","australiasoutheast","BRL","1000 GB Commitment Tier Capacity Reservation","1000","1/Day","11582.746","2021-06-01T00:00:00.000Z","982.6629","11.5827"
"2023-12-02T06:07:58.693Z","Azure Monitor","australiasoutheast","BRL","2000 GB Commitment Tier Capacity Reservation","2000","1/Day","22620.4216","2021-06-01T00:00:00.000Z","1952.9489","11.3102"
"2023-12-02T06:07:58.693Z","Azure Monitor","australiasoutheast","BRL","5000 GB Commitment Tier Capacity Reservation","5000","1/Day","54847.709","2021-06-01T00:00:00.000Z","4849.4022","10.9695"
"2024-01-01T06:09:20.544Z","Azure Monitor","australiasoutheast","BRL","Pay-as-you-go Data Ingestion","Pay-as-you-go","1 GB","16.1163","2018-02-01T00:00:00.000Z","0","16.1163"
"2024-01-01T06:09:20.544Z","Azure Monitor","australiasoutheast","BRL","100 GB Commitment Tier Capacity Reservation","100","1/Day","1324.0486","2019-11-01T00:00:00.000Z","82.1559","13.2405"
"2024-01-01T06:09:20.544Z","Azure Monitor","australiasoutheast","BRL","200 GB Commitment Tier Capacity Reservation","200","1/Day","2485.9688","2019-11-01T00:00:00.000Z","187.7549","12.4298"
"2024-01-01T06:09:20.544Z","Azure Monitor","australiasoutheast","BRL","300 GB Commitment Tier Capacity Reservation","300","1/Day","3647.889","2019-11-01T00:00:00.000Z","293.4793","12.1596"
"2024-01-01T06:09:20.544Z","Azure Monitor","australiasoutheast","BRL","400 GB Commitment Tier Capacity Reservation","400","1/Day","4755.7664","2019-11-01T00:00:00.000Z","391.1121","11.8894"
"2024-01-01T06:09:20.544Z","Azure Monitor","australiasoutheast","BRL","500 GB Commitment Tier Capacity Reservation","500","1/Day","5843.3778","2019-11-01T00:00:00.000Z","491.4779","11.6868"
"2024-01-01T06:09:20.544Z","Azure Monitor","australiasoutheast","BRL","1000 GB Commitment Tier Capacity Reservation","1000","1/Day","11484.095","2021-06-01T00:00:00.000Z","982.6552","11.4841"
"2024-01-01T06:09:20.544Z","Azure Monitor","australiasoutheast","BRL","2000 GB Commitment Tier Capacity Reservation","2000","1/Day","22427.762","2021-06-01T00:00:00.000Z","1952.9403","11.2139"
"2024-01-01T06:09:20.544Z","Azure Monitor","australiasoutheast","BRL","5000 GB Commitment Tier Capacity Reservation","5000","1/Day","54380.5675","2021-06-01T00:00:00.000Z","4849.3894","10.8761"
"2024-02-02T06:08:03.849Z","Azure Monitor","australiasoutheast","BRL","Pay-as-you-go Data Ingestion","Pay-as-you-go","1 GB","16.5226","2018-02-01T00:00:00.000Z","0","16.5226"
"2024-02-02T06:08:03.849Z","Azure Monitor","australiasoutheast","BRL","100 GB Commitment Tier Capacity Reservation","100","1/Day","1357.4294","2019-11-01T00:00:00.000Z","82.1559","13.5743"
"2024-02-02T06:08:03.849Z","Azure Monitor","australiasoutheast","BRL","200 GB Commitment Tier Capacity Reservation","200","1/Day","2548.6429","2019-11-01T00:00:00.000Z","187.755","12.7432"
"2024-02-02T06:08:03.849Z","Azure Monitor","australiasoutheast","BRL","300 GB Commitment Tier Capacity Reservation","300","1/Day","3739.8564","2019-11-01T00:00:00.000Z","293.4786","12.4662"
"2024-02-02T06:08:03.849Z","Azure Monitor","australiasoutheast","BRL","400 GB Commitment Tier Capacity Reservation","400","1/Day","4875.6646","2019-11-01T00:00:00.000Z","391.1107","12.1892"
"2024-02-02T06:08:03.849Z","Azure Monitor","australiasoutheast","BRL","500 GB Commitment Tier Capacity Reservation","500","1/Day","5990.6959","2019-11-01T00:00:00.000Z","491.4757","11.9814"
"2024-02-02T06:08:03.849Z","Azure Monitor","australiasoutheast","BRL","1000 GB Commitment Tier Capacity Reservation","1000","1/Day","11773.622","2021-06-01T00:00:00.000Z","982.6583","11.7736"
"2024-02-02T06:08:03.849Z","Azure Monitor","australiasoutheast","BRL","2000 GB Commitment Tier Capacity Reservation","2000","1/Day","22993.1912","2021-06-01T00:00:00.000Z","1952.9448","11.4966"
"2024-02-02T06:08:03.849Z","Azure Monitor","australiasoutheast","BRL","5000 GB Commitment Tier Capacity Reservation","5000","1/Day","55751.563","2021-06-01T00:00:00.000Z","4849.3957","11.1503"
"2024-03-02T06:08:20.311Z","Azure Monitor","australiasoutheast","BRL","Pay-as-you-go Data Ingestion","Pay-as-you-go","1 GB","16.5158","2018-02-01T00:00:00.000Z","0","16.5158"
"2024-03-02T06:08:20.311Z","Azure Monitor","australiasoutheast","BRL","100 GB Commitment Tier Capacity Reservation","100","1/Day","1356.8668","2019-11-01T00:00:00.000Z","82.1557","13.5687"
"2024-03-02T06:08:20.311Z","Azure Monitor","australiasoutheast","BRL","200 GB Commitment Tier Capacity Reservation","200","1/Day","2547.5867","2019-11-01T00:00:00.000Z","187.7547","12.7379"
"2024-03-02T06:08:20.311Z","Azure Monitor","australiasoutheast","BRL","300 GB Commitment Tier Capacity Reservation","300","1/Day","3738.3066","2019-11-01T00:00:00.000Z","293.479","12.461"
"2024-03-02T06:08:20.311Z","Azure Monitor","australiasoutheast","BRL","400 GB Commitment Tier Capacity Reservation","400","1/Day","4873.6442","2019-11-01T00:00:00.000Z","391.1118","12.1841"
"2024-03-02T06:08:20.311Z","Azure Monitor","australiasoutheast","BRL","500 GB Commitment Tier Capacity Reservation","500","1/Day","5988.2134","2019-11-01T00:00:00.000Z","491.4777","11.9764"
"2024-03-02T06:08:20.311Z","Azure Monitor","australiasoutheast","BRL","1000 GB Commitment Tier Capacity Reservation","1000","1/Day","11768.743","2021-06-01T00:00:00.000Z","982.6612","11.7687"
"2024-03-02T06:08:20.311Z","Azure Monitor","australiasoutheast","BRL","2000 GB Commitment Tier Capacity Reservation","2000","1/Day","22983.6628","2021-06-01T00:00:00.000Z","1952.9483","11.4918"
"2024-03-02T06:08:20.311Z","Azure Monitor","australiasoutheast","BRL","5000 GB Commitment Tier Capacity Reservation","5000","1/Day","55728.4595","2021-06-01T00:00:00.000Z","4849.4108","11.1457"
"2024-04-03T09:26:28.723Z","Azure Monitor","australiasoutheast","BRL","Pay-as-you-go Data Ingestion","Pay-as-you-go","1 GB","16.6679","2018-02-01T00:00:00.000Z","0","16.6679"
"2024-04-03T09:26:28.723Z","Azure Monitor","australiasoutheast","BRL","100 GB Commitment Tier Capacity Reservation","100","1/Day","1369.3658","2019-11-01T00:00:00.000Z","82.1559","13.6937"
"2024-04-03T09:26:28.723Z","Azure Monitor","australiasoutheast","BRL","200 GB Commitment Tier Capacity Reservation","200","1/Day","2571.0541","2019-11-01T00:00:00.000Z","187.7545","12.8553"
"2024-04-03T09:26:28.723Z","Azure Monitor","australiasoutheast","BRL","300 GB Commitment Tier Capacity Reservation","300","1/Day","3772.7424","2019-11-01T00:00:00.000Z","293.4776","12.5758"
"2024-04-03T09:26:28.723Z","Azure Monitor","australiasoutheast","BRL","400 GB Commitment Tier Capacity Reservation","400","1/Day","4918.5382","2019-11-01T00:00:00.000Z","391.1114","12.2963"
"2024-04-03T09:26:28.723Z","Azure Monitor","australiasoutheast","BRL","500 GB Commitment Tier Capacity Reservation","500","1/Day","6043.3744","2019-11-01T00:00:00.000Z","491.4791","12.0867"
"2024-04-03T09:26:28.723Z","Azure Monitor","australiasoutheast","BRL","1000 GB Commitment Tier Capacity Reservation","1000","1/Day","11877.152","2021-06-01T00:00:00.000Z","982.6629","11.8772"
"2024-04-03T09:26:28.723Z","Azure Monitor","australiasoutheast","BRL","2000 GB Commitment Tier Capacity Reservation","2000","1/Day","23195.3792","2021-06-01T00:00:00.000Z","1952.9333","11.5977"
"2024-04-03T09:26:28.723Z","Azure Monitor","australiasoutheast","BRL","5000 GB Commitment Tier Capacity Reservation","5000","1/Day","56241.808","2021-06-01T00:00:00.000Z","4849.3932","11.2484"
"2024-05-02T06:08:49.743Z","Azure Monitor","australiasoutheast","BRL","Pay-as-you-go Data Ingestion","Pay-as-you-go","1 GB","17.1264","2018-02-01T00:00:00.000Z","0","17.1264"
"2024-05-02T06:08:49.743Z","Azure Monitor","australiasoutheast","BRL","100 GB Commitment Tier Capacity Reservation","100","1/Day","1407.0272","2019-11-01T00:00:00.000Z","82.1555","14.0703"
"2024-05-02T06:08:49.743Z","Azure Monitor","australiasoutheast","BRL","200 GB Commitment Tier Capacity Reservation","200","1/Day","2641.7653","2019-11-01T00:00:00.000Z","187.7547","13.2088"
"2024-05-02T06:08:49.743Z","Azure Monitor","australiasoutheast","BRL","300 GB Commitment Tier Capacity Reservation","300","1/Day","3876.5034","2019-11-01T00:00:00.000Z","293.4788","12.9217"
"2024-05-02T06:08:49.743Z","Azure Monitor","australiasoutheast","BRL","400 GB Commitment Tier Capacity Reservation","400","1/Day","5053.8118","2019-11-01T00:00:00.000Z","391.1104","12.6345"
"2024-05-02T06:08:49.743Z","Azure Monitor","australiasoutheast","BRL","500 GB Commitment Tier Capacity Reservation","500","1/Day","6209.5841","2019-11-01T00:00:00.000Z","491.4784","12.4192"
"2024-05-02T06:08:49.743Z","Azure Monitor","australiasoutheast","BRL","1000 GB Commitment Tier Capacity Reservation","1000","1/Day","12203.807","2021-06-01T00:00:00.000Z","982.6565","12.2038"
"2024-05-02T06:08:49.743Z","Azure Monitor","australiasoutheast","BRL","2000 GB Commitment Tier Capacity Reservation","2000","1/Day","23833.3172","2021-06-01T00:00:00.000Z","1952.9423","11.9167"
"2024-05-02T06:08:49.743Z","Azure Monitor","australiasoutheast","BRL","5000 GB Commitment Tier Capacity Reservation","5000","1/Day","57788.6155","2021-06-01T00:00:00.000Z","4849.3807","11.5577"
"2024-06-02T06:10:06.668Z","Azure Monitor","australiasoutheast","BRL","Pay-as-you-go Data Ingestion","Pay-as-you-go","1 GB","17.3495","2018-02-01T00:00:00.000Z","0","17.3495"
"2024-06-02T06:10:06.668Z","Azure Monitor","australiasoutheast","BRL","100 GB Commitment Tier Capacity Reservation","100","1/Day","1425.3571","2019-11-01T00:00:00.000Z","82.1555","14.2536"
"2024-06-02T06:10:06.668Z","Azure Monitor","australiasoutheast","BRL","200 GB Commitment Tier Capacity Reservation","200","1/Day","2676.1806","2019-11-01T00:00:00.000Z","187.7547","13.3809"
"2024-06-02T06:10:06.668Z","Azure Monitor","australiasoutheast","BRL","300 GB Commitment Tier Capacity Reservation","300","1/Day","3927.0042","2019-11-01T00:00:00.000Z","293.4783","13.09"
"2024-06-02T06:10:06.668Z","Azure Monitor","australiasoutheast","BRL","400 GB Commitment Tier Capacity Reservation","400","1/Day","5119.6499","2019-11-01T00:00:00.000Z","391.1115","12.7991"
"2024-06-02T06:10:06.668Z","Azure Monitor","australiasoutheast","BRL","500 GB Commitment Tier Capacity Reservation","500","1/Day","6290.479","2019-11-01T00:00:00.000Z","491.4782","12.581"
"2024-06-02T06:10:06.668Z","Azure Monitor","australiasoutheast","BRL","1000 GB Commitment Tier Capacity Reservation","1000","1/Day","12362.791","2021-06-01T00:00:00.000Z","982.6557","12.3628"
"2024-06-02T06:10:06.668Z","Azure Monitor","australiasoutheast","BRL","2000 GB Commitment Tier Capacity Reservation","2000","1/Day","24143.8036","2021-06-01T00:00:00.000Z","1952.9398","12.0719"
"2024-06-02T06:10:06.668Z","Azure Monitor","australiasoutheast","BRL","5000 GB Commitment Tier Capacity Reservation","5000","1/Day","58541.4515","2021-06-01T00:00:00.000Z","4849.3983","11.7083"
"2024-07-01T06:11:21.244Z","Azure Monitor","australiasoutheast","BRL","Pay-as-you-go Data Ingestion","Pay-as-you-go","1 GB","18.3855","2018-02-01T00:00:00.000Z","0","18.3855"
"2024-07-01T06:11:21.244Z","Azure Monitor","australiasoutheast","BRL","100 GB Commitment Tier Capacity Reservation","100","1/Day","1510.476","2019-11-01T00:00:00.000Z","82.1558","15.1048"
"2024-07-01T06:11:21.244Z","Azure Monitor","australiasoutheast","BRL","200 GB Commitment Tier Capacity Reservation","200","1/Day","2835.9957","2019-11-01T00:00:00.000Z","187.7546","14.18"
"2024-07-01T06:11:21.244Z","Azure Monitor","australiasoutheast","BRL","300 GB Commitment Tier Capacity Reservation","300","1/Day","4161.5154","2019-11-01T00:00:00.000Z","293.4778","13.8717"
"2024-07-01T06:11:21.244Z","Azure Monitor","australiasoutheast","BRL","400 GB Commitment Tier Capacity Reservation","400","1/Day","5425.383","2019-11-01T00:00:00.000Z","391.1116","13.5635"
"2024-07-01T06:11:21.244Z","Azure Monitor","australiasoutheast","BRL","500 GB Commitment Tier Capacity Reservation","500","1/Day","6666.1312","2019-11-01T00:00:00.000Z","491.4757","13.3323"
"2024-07-01T06:11:21.244Z","Azure Monitor","australiasoutheast","BRL","1000 GB Commitment Tier Capacity Reservation","1000","1/Day","13101.067","2021-06-01T00:00:00.000Z","982.6562","13.1011"
"2024-07-01T06:11:21.244Z","Azure Monitor","australiasoutheast","BRL","2000 GB Commitment Tier Capacity Reservation","2000","1/Day","25585.6132","2021-06-01T00:00:00.000Z","1952.9363","12.7928"
"2024-07-01T06:11:21.244Z","Azure Monitor","australiasoutheast","BRL","5000 GB Commitment Tier Capacity Reservation","5000","1/Day","62037.4055","2021-06-01T00:00:00.000Z","4849.4001","12.4075"
"2024-08-02T06:11:10.559Z","Azure Monitor","australiasoutheast","BRL","Pay-as-you-go Data Ingestion","Pay-as-you-go","1 GB","18.9111","2018-02-01T00:00:00.000Z","0","18.9111"
"2024-08-02T06:11:10.559Z","Azure Monitor","australiasoutheast","BRL","100 GB Commitment Tier Capacity Reservation","100","1/Day","1553.6528","2019-11-01T00:00:00.000Z","82.1556","15.5365"
"2024-08-02T06:11:10.559Z","Azure Monitor","australiasoutheast","BRL","200 GB Commitment Tier Capacity Reservation","200","1/Day","2917.0624","2019-11-01T00:00:00.000Z","187.7554","14.5853"
"2024-08-02T06:11:10.559Z","Azure Monitor","australiasoutheast","BRL","300 GB Commitment Tier Capacity Reservation","300","1/Day","4280.472","2019-11-01T00:00:00.000Z","293.4785","14.2682"
"2024-08-02T06:11:10.559Z","Azure Monitor","australiasoutheast","BRL","400 GB Commitment Tier Capacity Reservation","400","1/Day","5580.4672","2019-11-01T00:00:00.000Z","391.1122","13.9512"
"2024-08-02T06:11:10.559Z","Azure Monitor","australiasoutheast","BRL","500 GB Commitment Tier Capacity Reservation","500","1/Day","6856.682","2019-11-01T00:00:00.000Z","491.4761","13.7134"
"2024-08-02T06:11:10.559Z","Azure Monitor","australiasoutheast","BRL","1000 GB Commitment Tier Capacity Reservation","1000","1/Day","13475.56","2021-06-01T00:00:00.000Z","982.6564","13.4756"
"2024-08-02T06:11:10.559Z","Azure Monitor","australiasoutheast","BRL","2000 GB Commitment Tier Capacity Reservation","2000","1/Day","26316.976","2021-06-01T00:00:00.000Z","1952.9354","13.1585"
"2024-08-02T06:11:10.559Z","Azure Monitor","australiasoutheast","BRL","5000 GB Commitment Tier Capacity Reservation","5000","1/Day","63810.74","2021-06-01T00:00:00.000Z","4849.3932","12.7621"
