"TimeGenerated","ServiceName","ArmRegionName","CurrencyCode","MeterName","Tier","UnitOfMeasure","RetailPrice","EffectiveStartDate","EffectiveCommitmentTierThresholdGB","EffectivePricePerGB"
"2023-03-29T15:50:58.330Z","Azure Monitor","australiasoutheast","EUR","Pay-as-you-go Data Ingestion","Pay-as-you-go","1 GB","3.1684","2018-02-01T00:00:00.000Z","0","3.1684"
"2023-03-29T15:50:58.330Z","Azure Monitor","australiasoutheast","EUR","100 GB Commitment Tier Capacity Reservation","100","1/Day","260.3045","2019-11-01T00:00:00.000Z","82.1565","2.603"
"2023-03-29T15:50:58.330Z","Azure Monitor","australiasoutheast","EUR","200 GB Commitment Tier Capacity Reservation","200","1/Day","488.735","2019-11-01T00:00:00.000Z","187.7584","2.4437"
"2023-03-29T15:50:58.330Z","Azure Monitor","australiasoutheast","EUR","300 GB Commitment Tier Capacity Reservation","300","1/Day","717.1655","2019-11-01T00:00:00.000Z","293.4753","2.3906"
"2023-03-29T15:50:58.330Z","Azure Monitor","australiasoutheast","EUR","400 GB Commitment Tier Capacity Reservation","400","1/Day","934.9713","2019-11-01T00:00:00.000Z","391.1032","2.3374"
"2023-03-29T15:50:58.330Z","Azure Monitor","australiasoutheast","EUR","500 GB Commitment Tier Capacity Reservation","500","1/Day","1148.7929","2019-11-01T00:00:00.000Z","491.4832","2.2976"
"2023-03-29T15:50:58.330Z","Azure Monitor","australiasoutheast","EUR","1000 GB Commitment Tier Capacity Reservation","1000","1/Day","2257.7432","2021-06-01T02:00:00.000Z","982.6529","2.2577"
"2023-03-29T15:50:58.330Z","Azure Monitor","australiasoutheast","EUR","2000 GB Commitment Tier Capacity Reservation","2000","1/Day","4409.2397","2021-06-01T02:00:00.000Z","1952.9786","2.2046"
"2023-03-29T15:50:58.330Z","Azure Monitor","australiasoutheast","EUR","5000 GB Commitment Tier Capacity Reservation","5000","1/Day","10691.0781","2021-06-01T02:00:00.000Z","4849.4412","2.1382"
"2023-04-12T13:28:34.468Z","Azure Monitor","australiasoutheast","EUR","Pay-as-you-go Data Ingestion","Pay-as-you-go","1 GB","3.0837","2018-02-01T00:00:00.000Z","0","3.0837"
"2023-04-12T13:28:34.468Z","Azure Monitor","australiasoutheast","EUR","100 GB Commitment Tier Capacity Reservation","100","1/Day","253.3469","2019-11-01T00:00:00.000Z","82.1568","2.5335"
"2023-04-12T13:28:34.468Z","Azure Monitor","australiasoutheast","EUR","200 GB Commitment Tier Capacity Reservation","200","1/Day","475.6717","2019-11-01T00:00:00.000Z","187.7528","2.3784"
"2023-04-12T13:28:34.468Z","Azure Monitor","australiasoutheast","EUR","300 GB Commitment Tier Capacity Reservation","300","1/Day","697.9965","2019-11-01T00:00:00.000Z","293.4731","2.3267"
"2023-04-12T13:28:34.468Z","Azure Monitor","australiasoutheast","EUR","400 GB Commitment Tier Capacity Reservation","400","1/Day","909.9806","2019-11-01T00:00:00.000Z","391.1035","2.275"
"2023-04-12T13:28:34.468Z","Azure Monitor","australiasoutheast","EUR","500 GB Commitment Tier Capacity Reservation","500","1/Day","1118.087","2019-11-01T00:00:00.000Z","491.4668","2.2362"
"2023-04-12T13:28:34.468Z","Azure Monitor","australiasoutheast","EUR","1000 GB Commitment Tier Capacity Reservation","1000","1/Day","2197.3964","2021-06-01T02:00:00.000Z","982.6475","2.1974"
"2023-04-12T13:28:34.468Z","Azure Monitor","australiasoutheast","EUR","2000 GB Commitment Tier Capacity Reservation","2000","1/Day","4291.3858","2021-06-01T02:00:00.000Z","1952.9379","2.1457"
"2023-04-12T13:28:34.468Z","Azure Monitor","australiasoutheast","EUR","5000 GB Commitment Tier Capacity Reservation","5000","1/Day","10405.3181","2021-06-01T02:00:00.000Z","4849.3816","2.0811"
"2023-05-02T08:07:40.927Z","Azure Monitor","australiasoutheast","EUR","Pay-as-you-go Data Ingestion","Pay-as-you-go","1 GB","3.0244","2018-02-01T00:00:00.000Z","0","3.0244"
"2023-05-02T08:07:40.927Z","Azure Monitor","australiasoutheast","EUR","100 GB Commitment Tier Capacity Reservation","100","1/Day","248.472","2019-11-01T00:00:00.000Z","82.1558","2.4847"
"2023-05-02T08:07:40.927Z","Azure Monitor","australiasoutheast","EUR","200 GB Commitment Tier Capacity Reservation","200","1/Day","466.5188","2019-11-01T00:00:00.000Z","187.7566","2.3326"
"2023-05-02T08:07:40.927Z","Azure Monitor","australiasoutheast","EUR","300 GB Commitment Tier Capacity Reservation","300","1/Day","684.5656","2019-11-01T00:00:00.000Z","293.4775","2.2819"
"2023-05-02T08:07:40.927Z","Azure Monitor","australiasoutheast","EUR","400 GB Commitment Tier Capacity Reservation","400","1/Day","892.4707","2019-11-01T00:00:00.000Z","391.1086","2.2312"
"2023-05-02T08:07:40.927Z","Azure Monitor","australiasoutheast","EUR","500 GB Commitment Tier Capacity Reservation","500","1/Day","1096.5726","2019-11-01T00:00:00.000Z","491.4721","2.1931"
"2023-05-02T08:07:40.927Z","Azure Monitor","australiasoutheast","EUR","1000 GB Commitment Tier Capacity Reservation","1000","1/Day","2155.1139","2021-06-01T02:00:00.000Z","982.6793","2.1551"
"2023-05-02T08:07:40.927Z","Azure Monitor","australiasoutheast","EUR","2000 GB Commitment Tier Capacity Reservation","2000","1/Day","4208.8106","2021-06-01T02:00:00.000Z","1952.9537","2.1044"
"2023-05-02T08:07:40.927Z","Azure Monitor","australiasoutheast","EUR","5000 GB Commitment Tier Capacity Reservation","5000","1/Day","10205.098","2021-06-01T02:00:00.000Z","4849.4098","2.041"
"2023-06-02T08:07:42.568Z","Azure Monitor","australiasoutheast","EUR","Pay-as-you-go Data Ingestion","Pay-as-you-go","1 GB","3.1199","2018-02-01T00:00:00.000Z","0","3.1199"
"2023-06-02T08:07:42.568Z","Azure Monitor","australiasoutheast","EUR","100 GB Commitment Tier Capacity Reservation","100","1/Day","256.3168","2019-11-01T00:00:00.000Z","82.1555","2.5632"
"2023-06-02T08:07:42.568Z","Azure Monitor","australiasoutheast","EUR","200 GB Commitment Tier Capacity Reservation","200","1/Day","481.248","2019-11-01T00:00:00.000Z","187.7528","2.4062"
"2023-06-02T08:07:42.568Z","Azure Monitor","australiasoutheast","EUR","300 GB Commitment Tier Capacity Reservation","300","1/Day","706.1791","2019-11-01T00:00:00.000Z","293.4831","2.3539"
"2023-06-02T08:07:42.568Z","Azure Monitor","australiasoutheast","EUR","400 GB Commitment Tier Capacity Reservation","400","1/Day","920.6483","2019-11-01T00:00:00.000Z","391.1161","2.3016"
"2023-06-02T08:07:42.568Z","Azure Monitor","australiasoutheast","EUR","500 GB Commitment Tier Capacity Reservation","500","1/Day","1131.1942","2019-11-01T00:00:00.000Z","491.4817","2.2624"
"2023-06-02T08:07:42.568Z","Azure Monitor","australiasoutheast","EUR","1000 GB Commitment Tier Capacity Reservation","1000","1/Day","2223.1563","2021-06-01T02:00:00.000Z","982.654","2.2232"
"2023-06-02T08:07:42.568Z","Azure Monitor","australiasoutheast","EUR","2000 GB Commitment Tier Capacity Reservation","2000","1/Day","4341.6935","2021-06-01T02:00:00.000Z","1952.9028","2.1708"
"2023-06-02T08:07:42.568Z","Azure Monitor","australiasoutheast","EUR","5000 GB Commitment Tier Capacity Reservation","5000","1/Day","10527.2991","2021-06-01T02:00:00.000Z","4849.5021","2.1055"
"2023-07-07T06:09:02.036Z","Azure Monitor","australiasoutheast","EUR","Pay-as-you-go Data Ingestion","Pay-as-you-go","1 GB","3.0641","2018-02-01T00:00:00.000Z","0","3.0641"
"2023-07-07T06:09:02.036Z","Azure Monitor","australiasoutheast","EUR","100 GB Commitment Tier Capacity Reservation","100","1/Day","251.7316","2019-11-01T00:00:00.000Z","82.1552","2.5173"
"2023-07-07T06:09:02.036Z","Azure Monitor","australiasoutheast","EUR","200 GB Commitment Tier Capacity Reservation","200","1/Day","472.6389","2019-11-01T00:00:00.000Z","187.7563","2.3632"
"2023-07-07T06:09:02.036Z","Azure Monitor","australiasoutheast","EUR","300 GB Commitment Tier Capacity Reservation","300","1/Day","693.5462","2019-11-01T00:00:00.000Z","293.4776","2.3118"
"2023-07-07T06:09:02.036Z","Azure Monitor","australiasoutheast","EUR","400 GB Commitment Tier Capacity Reservation","400","1/Day","904.1787","2019-11-01T00:00:00.000Z","391.1146","2.2604"
"2023-07-07T06:09:02.036Z","Azure Monitor","australiasoutheast","EUR","500 GB Commitment Tier Capacity Reservation","500","1/Day","1110.9582","2019-11-01T00:00:00.000Z","491.4874","2.2219"
"2023-07-07T06:09:02.036Z","Azure Monitor","australiasoutheast","EUR","1000 GB Commitment Tier Capacity Reservation","1000","1/Day","2183.3861","2021-06-01T00:00:00.000Z","982.6662","2.1834"
"2023-07-07T06:09:02.036Z","Azure Monitor","australiasoutheast","EUR","2000 GB Commitment Tier Capacity Reservation","2000","1/Day","4264.0246","2021-06-01T00:00:00.000Z","1952.9287","2.132"
"2023-07-07T06:09:02.036Z","Azure Monitor","australiasoutheast","EUR","5000 GB Commitment Tier Capacity Reservation","5000","1/Day","10338.9753","2021-06-01T00:00:00.000Z","4849.4256","2.0678"
"2023-08-01T06:08:30.007Z","Azure Monitor","australiasoutheast","EUR","Pay-as-you-go Data Ingestion","Pay-as-you-go","1 GB","3.0387","2018-02-01T00:00:00.000Z","0","3.0387"
"2023-08-01T06:08:30.007Z","Azure Monitor","australiasoutheast","EUR","200 GB Commitment Tier Capacity Reservation","200","1/Day","468.7258","2019-11-01T00:00:00.000Z","186.2018","2.3436"
"2023-08-01T06:08:30.007Z","Azure Monitor","australiasoutheast","EUR","300 GB Commitment Tier Capacity Reservation","300","1/Day","687.8042","2019-11-01T00:00:00.000Z","293.4819","2.2927"
"2023-08-01T06:08:30.007Z","Azure Monitor","australiasoutheast","EUR","400 GB Commitment Tier Capacity Reservation","400","1/Day","896.6929","2019-11-01T00:00:00.000Z","391.1078","2.2417"
"2023-08-01T06:08:30.007Z","Azure Monitor","australiasoutheast","EUR","500 GB Commitment Tier Capacity Reservation","500","1/Day","1101.7605","2019-11-01T00:00:00.000Z","491.4844","2.2035"
"2023-08-01T06:08:30.007Z","Azure Monitor","australiasoutheast","EUR","1000 GB Commitment Tier Capacity Reservation","1000","1/Day","2165.3096","2021-06-01T00:00:00.000Z","982.6683","2.1653"
"2023-08-01T06:08:30.007Z","Azure Monitor","australiasoutheast","EUR","2000 GB Commitment Tier Capacity Reservation","2000","1/Day","4228.7222","2021-06-01T00:00:00.000Z","1952.9498","2.1144"
"2023-08-02T06:09:03.844Z","Azure Monitor","australiasoutheast","EUR","100 GB Commitment Tier Capacity Reservation","100","1/Day","249.6475","2019-11-01T00:00:00.000Z","82.156","2.4965"
"2023-08-02T06:09:03.844Z","Azure Monitor","australiasoutheast","EUR","5000 GB Commitment Tier Capacity Reservation","5000","1/Day","10253.3776","2021-06-01T00:00:00.000Z","4849.3084","2.0507"
"2023-09-02T06:07:00.316Z","Azure Monitor","australiasoutheast","EUR","Pay-as-you-go Data Ingestion","Pay-as-you-go","1 GB","3.0843","2018-02-01T00:00:00.000Z","0","3.0843"
"2023-09-02T06:07:00.316Z","Azure Monitor","australiasoutheast","EUR","100 GB Commitment Tier Capacity Reservation","100","1/Day","253.3937","2019-11-01T00:00:00.000Z","82.156","2.5339"
"2023-09-02T06:07:00.316Z","Azure Monitor","australiasoutheast","EUR","200 GB Commitment Tier Capacity Reservation","200","1/Day","475.7595","2019-11-01T00:00:00.000Z","187.7578","2.3788"
"2023-09-02T06:07:00.316Z","Azure Monitor","australiasoutheast","EUR","300 GB Commitment Tier Capacity Reservation","300","1/Day","698.1254","2019-11-01T00:00:00.000Z","293.478","2.3271"
"2023-09-02T06:07:00.316Z","Azure Monitor","australiasoutheast","EUR","400 GB Commitment Tier Capacity Reservation","400","1/Day","910.1487","2019-11-01T00:00:00.000Z","391.1085","2.2754"
"2023-09-02T06:07:00.316Z","Azure Monitor","australiasoutheast","EUR","500 GB Commitment Tier Capacity Reservation","500","1/Day","1118.2935","2019-11-01T00:00:00.000Z","491.4712","2.2366"
"2023-09-02T06:07:00.316Z","Azure Monitor","australiasoutheast","EUR","1000 GB Commitment Tier Capacity Reservation","1000","1/Day","2197.8022","2021-06-01T00:00:00.000Z","982.6532","2.1978"
"2023-09-02T06:07:00.316Z","Azure Monitor","australiasoutheast","EUR","2000 GB Commitment Tier Capacity Reservation","2000","1/Day","4292.1784","2021-06-01T00:00:00.000Z","1952.9431","2.1461"
"2023-09-02T06:07:00.316Z","Azure Monitor","australiasoutheast","EUR","5000 GB Commitment Tier Capacity Reservation","5000","1/Day","10407.2398","2021-06-01T00:00:00.000Z","4849.3732","2.0814"
"2023-10-02T06:08:46.154Z","Azure Monitor","australiasoutheast","EUR","Pay-as-you-go Data Ingestion","Pay-as-you-go","1 GB","3.1775","2018-02-01T00:00:00.000Z","0","3.1775"
"2023-10-02T06:08:46.154Z","Azure Monitor","australiasoutheast","EUR","100 GB Commitment Tier Capacity Reservation","100","1/Day","261.0474","2019-11-01T00:00:00.000Z","82.155","2.6105"
"2023-10-02T06:08:46.154Z","Azure Monitor","australiasoutheast","EUR","200 GB Commitment Tier Capacity Reservation","200","1/Day","490.1299","2019-11-01T00:00:00.000Z","187.7533","2.4506"
"2023-10-02T06:08:46.154Z","Azure Monitor","australiasoutheast","EUR","300 GB Commitment Tier Capacity Reservation","300","1/Day","719.2123","2019-11-01T00:00:00.000Z","293.4842","2.3974"
"2023-10-02T06:08:46.154Z","Azure Monitor","australiasoutheast","EUR","400 GB Commitment Tier Capacity Reservation","400","1/Day","937.6397","2019-11-01T00:00:00.000Z","391.1069","2.3441"
"2023-10-02T06:08:46.154Z","Azure Monitor","australiasoutheast","EUR","500 GB Commitment Tier Capacity Reservation","500","1/Day","1152.0715","2019-11-01T00:00:00.000Z","491.4771","2.3041"
"2023-10-02T06:08:46.154Z","Azure Monitor","australiasoutheast","EUR","1000 GB Commitment Tier Capacity Reservation","1000","1/Day","2264.1868","2021-06-01T00:00:00.000Z","982.6773","2.2642"
"2023-10-02T06:08:46.154Z","Azure Monitor","australiasoutheast","EUR","2000 GB Commitment Tier Capacity Reservation","2000","1/Day","4421.8237","2021-06-01T00:00:00.000Z","1952.9298","2.2109"
"2023-10-02T06:08:46.154Z","Azure Monitor","australiasoutheast","EUR","5000 GB Commitment Tier Capacity Reservation","5000","1/Day","10721.5906","2021-06-01T00:00:00.000Z","4849.4236","2.1443"
"2023-11-01T06:08:41.407Z","Azure Monitor","australiasoutheast","EUR","Pay-as-you-go Data Ingestion","Pay-as-you-go","1 GB","3.1572","2018-02-01T00:00:00.000Z","0","3.1572"
"2023-11-01T06:08:41.407Z","Azure Monitor","australiasoutheast","EUR","100 GB Commitment Tier Capacity Reservation","100","1/Day","259.3818","2019-11-01T00:00:00.000Z","82.1556","2.5938"
"2023-11-01T06:08:41.407Z","Azure Monitor","australiasoutheast","EUR","200 GB Commitment Tier Capacity Reservation","200","1/Day","487.0026","2019-11-01T00:00:00.000Z","187.7564","2.435"
"2023-11-01T06:08:41.407Z","Azure Monitor","australiasoutheast","EUR","300 GB Commitment Tier Capacity Reservation","300","1/Day","714.6233","2019-11-01T00:00:00.000Z","293.4798","2.3821"
"2023-11-01T06:08:41.407Z","Azure Monitor","australiasoutheast","EUR","400 GB Commitment Tier Capacity Reservation","400","1/Day","931.6571","2019-11-01T00:00:00.000Z","391.1075","2.3291"
"2023-11-01T06:08:41.407Z","Azure Monitor","australiasoutheast","EUR","500 GB Commitment Tier Capacity Reservation","500","1/Day","1144.7207","2019-11-01T00:00:00.000Z","491.4863","2.2894"
"2023-11-01T06:08:41.407Z","Azure Monitor","australiasoutheast","EUR","1000 GB Commitment Tier Capacity Reservation","1000","1/Day","2249.7401","2021-06-01T00:00:00.000Z","982.6767","2.2497"
"2023-11-01T06:08:41.407Z","Azure Monitor","australiasoutheast","EUR","2000 GB Commitment Tier Capacity Reservation","2000","1/Day","4393.61","2021-06-01T00:00:00.000Z","1952.976","2.1968"
"2023-11-01T06:08:41.407Z","Azure Monitor","australiasoutheast","EUR","5000 GB Commitment Tier Capacity Reservation","5000","1/Day","10653.1808","2021-06-01T00:00:00.000Z","4849.4086","2.1306"
"2023-12-02T06:07:58.693Z","Azure Monitor","australiasoutheast","EUR","Pay-as-you-go Data Ingestion","Pay-as-you-go","1 GB","3.0416","2018-02-01T00:00:00.000Z","0","3.0416"
"2023-12-02T06:07:58.693Z","Azure Monitor","australiasoutheast","EUR","100 GB Commitment Tier Capacity Reservation","100","1/Day","249.8862","2019-11-01T00:00:00.000Z","82.1562","2.4989"
"2023-12-02T06:07:58.693Z","Azure Monitor","australiasoutheast","EUR","200 GB Commitment Tier Capacity Reservation","200","1/Day","469.174","2019-11-01T00:00:00.000Z","187.7522","2.3459"
"2023-12-02T06:07:58.693Z","Azure Monitor","australiasoutheast","EUR","300 GB Commitment Tier Capacity Reservation","300","1/Day","688.4619","2019-11-01T00:00:00.000Z","293.4745","2.2949"
"2023-12-02T06:07:58.693Z","Azure Monitor","australiasoutheast","EUR","400 GB Commitment Tier Capacity Reservation","400","1/Day","897.5503","2019-11-01T00:00:00.000Z","391.1065","2.2439"
"2023-12-02T06:07:58.693Z","Azure Monitor","australiasoutheast","EUR","500 GB Commitment Tier Capacity Reservation","500","1/Day","1102.814","2019-11-01T00:00:00.000Z","491.472","2.2056"
"2023-12-02T06:07:58.693Z","Azure Monitor","australiasoutheast","EUR","1000 GB Commitment Tier Capacity Reservation","1000","1/Day","2167.38","2021-06-01T00:00:00.000Z","982.6714","2.1674"
"2023-12-02T06:07:58.693Z","Azure Monitor","australiasoutheast","EUR","2000 GB Commitment Tier Capacity Reservation","2000","1/Day","4232.7657","2021-06-01T00:00:00.000Z","1952.9232","2.1164"
"2023-12-02T06:07:58.693Z","Azure Monitor","australiasoutheast","EUR","5000 GB Commitment Tier Capacity Reservation","5000","1/Day","10263.1819","2021-06-01T00:00:00.000Z","4849.3583","2.0526"
"2024-01-01T06:09:20.544Z","Azure Monitor","australiasoutheast","EUR","Pay-as-you-go Data Ingestion","Pay-as-you-go","1 GB","3.0077","2018-02-01T00:00:00.000Z","0","3.0077"
"2024-01-01T06:09:20.544Z","Azure Monitor","australiasoutheast","EUR","100 GB Commitment Tier Capacity Reservation","100","1/Day","247.0959","2019-11-01T00:00:00.000Z","82.1544","2.471"
"2024-01-01T06:09:20.544Z","Azure Monitor","australiasoutheast","EUR","200 GB Commitment Tier Capacity Reservation","200","1/Day","463.9352","2019-11-01T00:00:00.000Z","187.752","2.3197"
"2024-01-01T06:09:20.544Z","Azure Monitor","australiasoutheast","EUR","300 GB Commitment Tier Capacity Reservation","300","1/Day","680.7744","2019-11-01T00:00:00.000Z","293.4752","2.2692"
"2024-01-01T06:09:20.544Z","Azure Monitor","australiasoutheast","EUR","400 GB Commitment Tier Capacity Reservation","400","1/Day","887.5281","2019-11-01T00:00:00.000Z","391.1194","2.2188"
"2024-01-01T06:09:20.544Z","Azure Monitor","australiasoutheast","EUR","500 GB Commitment Tier Capacity Reservation","500","1/Day","1090.4998","2019-11-01T00:00:00.000Z","491.4818","2.181"
"2024-01-01T06:09:20.544Z","Azure Monitor","australiasoutheast","EUR","1000 GB Commitment Tier Capacity Reservation","1000","1/Day","2143.1787","2021-06-01T00:00:00.000Z","982.6587","2.1432"
"2024-01-01T06:09:20.544Z","Azure Monitor","australiasoutheast","EUR","2000 GB Commitment Tier Capacity Reservation","2000","1/Day","4185.502","2021-06-01T00:00:00.000Z","1952.9218","2.0928"
"2024-01-01T06:09:20.544Z","Azure Monitor","australiasoutheast","EUR","5000 GB Commitment Tier Capacity Reservation","5000","1/Day","10148.5817","2021-06-01T00:00:00.000Z","4849.2841","2.0297"
"2024-02-02T06:08:03.849Z","Azure Monitor","australiasoutheast","EUR","Pay-as-you-go Data Ingestion","Pay-as-you-go","1 GB","3.093","2018-02-01T00:00:00.000Z","0","3.093"
"2024-02-02T06:08:03.849Z","Azure Monitor","australiasoutheast","EUR","100 GB Commitment Tier Capacity Reservation","100","1/Day","254.1094","2019-11-01T00:00:00.000Z","82.1563","2.5411"
"2024-02-02T06:08:03.849Z","Azure Monitor","australiasoutheast","EUR","200 GB Commitment Tier Capacity Reservation","200","1/Day","477.1033","2019-11-01T00:00:00.000Z","187.7546","2.3855"
"2024-02-02T06:08:03.849Z","Azure Monitor","australiasoutheast","EUR","300 GB Commitment Tier Capacity Reservation","300","1/Day","700.0972","2019-11-01T00:00:00.000Z","293.4803","2.3337"
"2024-02-02T06:08:03.849Z","Azure Monitor","australiasoutheast","EUR","400 GB Commitment Tier Capacity Reservation","400","1/Day","912.7194","2019-11-01T00:00:00.000Z","391.104","2.2818"
"2024-02-02T06:08:03.849Z","Azure Monitor","australiasoutheast","EUR","500 GB Commitment Tier Capacity Reservation","500","1/Day","1121.4521","2019-11-01T00:00:00.000Z","491.4769","2.2429"
"2024-02-02T06:08:03.849Z","Azure Monitor","australiasoutheast","EUR","1000 GB Commitment Tier Capacity Reservation","1000","1/Day","2204.0098","2021-06-01T00:00:00.000Z","982.6608","2.204"
"2024-02-02T06:08:03.849Z","Azure Monitor","australiasoutheast","EUR","2000 GB Commitment Tier Capacity Reservation","2000","1/Day","4304.3015","2021-06-01T00:00:00.000Z","1952.9499","2.1522"
"2024-02-02T06:08:03.849Z","Azure Monitor","australiasoutheast","EUR","5000 GB Commitment Tier Capacity Reservation","5000","1/Day","10436.6347","2021-06-01T00:00:00.000Z","4849.2866","2.0873"
"2024-03-02T06:08:20.311Z","Azure Monitor","australiasoutheast","EUR","Pay-as-you-go Data Ingestion","Pay-as-you-go","1 GB","3.0789","2018-02-01T00:00:00.000Z","0","3.0789"
"2024-03-02T06:08:20.311Z","Azure Monitor","australiasoutheast","EUR","100 GB Commitment Tier Capacity Reservation","100","1/Day","252.9499","2019-11-01T00:00:00.000Z","82.1559","2.5295"
"2024-03-02T06:08:20.311Z","Azure Monitor","australiasoutheast","EUR","200 GB Commitment Tier Capacity Reservation","200","1/Day","474.9263","2019-11-01T00:00:00.000Z","187.755","2.3746"
"2024-03-02T06:08:20.311Z","Azure Monitor","australiasoutheast","EUR","300 GB Commitment Tier Capacity Reservation","300","1/Day","696.9027","2019-11-01T00:00:00.000Z","293.4821","2.323"
"2024-03-02T06:08:20.311Z","Azure Monitor","australiasoutheast","EUR","400 GB Commitment Tier Capacity Reservation","400","1/Day","908.5546","2019-11-01T00:00:00.000Z","391.1126","2.2714"
"2024-03-02T06:08:20.311Z","Azure Monitor","australiasoutheast","EUR","500 GB Commitment Tier Capacity Reservation","500","1/Day","1116.3348","2019-11-01T00:00:00.000Z","491.4743","2.2327"
"2024-03-02T06:08:20.311Z","Azure Monitor","australiasoutheast","EUR","1000 GB Commitment Tier Capacity Reservation","1000","1/Day","2193.9528","2021-06-01T00:00:00.000Z","982.6456","2.194"
"2024-03-02T06:08:20.311Z","Azure Monitor","australiasoutheast","EUR","2000 GB Commitment Tier Capacity Reservation","2000","1/Day","4284.6608","2021-06-01T00:00:00.000Z","1952.8992","2.1423"
"2024-03-02T06:08:20.311Z","Azure Monitor","australiasoutheast","EUR","5000 GB Commitment Tier Capacity Reservation","5000","1/Day","10389.0118","2021-06-01T00:00:00.000Z","4849.4664","2.0778"
"2024-04-03T09:26:28.723Z","Azure Monitor","australiasoutheast","EUR","Pay-as-you-go Data Ingestion","Pay-as-you-go","1 GB","3.0845","2018-02-01T00:00:00.000Z","0","3.0845"
"2024-04-03T09:26:28.723Z","Azure Monitor","australiasoutheast","EUR","100 GB Commitment Tier Capacity Reservation","100","1/Day","253.4054","2019-11-01T00:00:00.000Z","82.1544","2.5341"
"2024-04-03T09:26:28.723Z","Azure Monitor","australiasoutheast","EUR","200 GB Commitment Tier Capacity Reservation","200","1/Day","475.7815","2019-11-01T00:00:00.000Z","187.7517","2.3789"
"2024-04-03T09:26:28.723Z","Azure Monitor","australiasoutheast","EUR","300 GB Commitment Tier Capacity Reservation","300","1/Day","698.1576","2019-11-01T00:00:00.000Z","293.4792","2.3272"
"2024-04-03T09:26:28.723Z","Azure Monitor","australiasoutheast","EUR","400 GB Commitment Tier Capacity Reservation","400","1/Day","910.1907","2019-11-01T00:00:00.000Z","391.1098","2.2755"
"2024-04-03T09:26:28.723Z","Azure Monitor","australiasoutheast","EUR","500 GB Commitment Tier Capacity Reservation","500","1/Day","1118.3451","2019-11-01T00:00:00.000Z","491.4722","2.2367"
"2024-04-03T09:26:28.723Z","Azure Monitor","australiasoutheast","EUR","1000 GB Commitment Tier Capacity Reservation","1000","1/Day","2197.9037","2021-06-01T00:00:00.000Z","982.6547","2.1979"
"2024-04-03T09:26:28.723Z","Azure Monitor","australiasoutheast","EUR","2000 GB Commitment Tier Capacity Reservation","2000","1/Day","4292.3766","2021-06-01T00:00:00.000Z","1952.9444","2.1462"
"2024-04-03T09:26:28.723Z","Azure Monitor","australiasoutheast","EUR","5000 GB Commitment Tier Capacity Reservation","5000","1/Day","10407.7204","2021-06-01T00:00:00.000Z","4849.3712","2.0815"
"2024-05-01T06:09:59.892Z","Azure Monitor","australiasoutheast","EUR","Pay-as-you-go Data Ingestion","Pay-as-you-go","1 GB","3.1273","2018-02-01T00:00:00.000Z","0","3.1273"
"2024-05-01T06:09:59.892Z","Azure Monitor","australiasoutheast","EUR","100 GB Commitment Tier Capacity Reservation","100","1/Day","256.9288","2019-11-01T00:00:00.000Z","82.1567","2.5693"
"2024-05-01T06:09:59.892Z","Azure Monitor","australiasoutheast","EUR","200 GB Commitment Tier Capacity Reservation","200","1/Day","482.397","2019-11-01T00:00:00.000Z","187.7543","2.412"
"2024-05-01T06:09:59.892Z","Azure Monitor","australiasoutheast","EUR","300 GB Commitment Tier Capacity Reservation","300","1/Day","707.8652","2019-11-01T00:00:00.000Z","293.4765","2.3596"
"2024-05-01T06:09:59.892Z","Azure Monitor","australiasoutheast","EUR","400 GB Commitment Tier Capacity Reservation","400","1/Day","922.8464","2019-11-01T00:00:00.000Z","391.1029","2.3071"
"2024-05-01T06:09:59.892Z","Azure Monitor","australiasoutheast","EUR","500 GB Commitment Tier Capacity Reservation","500","1/Day","1133.8951","2019-11-01T00:00:00.000Z","491.4807","2.2678"
"2024-05-01T06:09:59.892Z","Azure Monitor","australiasoutheast","EUR","1000 GB Commitment Tier Capacity Reservation","1000","1/Day","2228.4644","2021-06-01T00:00:00.000Z","982.6547","2.2285"
"2024-05-01T06:09:59.892Z","Azure Monitor","australiasoutheast","EUR","2000 GB Commitment Tier Capacity Reservation","2000","1/Day","4352.0599","2021-06-01T00:00:00.000Z","1952.91","2.176"
"2024-05-01T06:09:59.892Z","Azure Monitor","australiasoutheast","EUR","5000 GB Commitment Tier Capacity Reservation","5000","1/Day","10552.4345","2021-06-01T00:00:00.000Z","4849.4644","2.1105"
"2024-06-02T06:10:06.668Z","Azure Monitor","australiasoutheast","EUR","Pay-as-you-go Data Ingestion","Pay-as-you-go","1 GB","3.0886","2018-02-01T00:00:00.000Z","0","3.0886"
"2024-06-02T06:10:06.668Z","Azure Monitor","australiasoutheast","EUR","100 GB Commitment Tier Capacity Reservation","100","1/Day","253.7451","2019-11-01T00:00:00.000Z","82.1554","2.5375"
"2024-06-02T06:10:06.668Z","Azure Monitor","australiasoutheast","EUR","200 GB Commitment Tier Capacity Reservation","200","1/Day","476.4195","2019-11-01T00:00:00.000Z","187.7515","2.3821"
"2024-06-02T06:10:06.668Z","Azure Monitor","australiasoutheast","EUR","300 GB Commitment Tier Capacity Reservation","300","1/Day","699.0938","2019-11-01T00:00:00.000Z","293.4779","2.3303"
"2024-06-02T06:10:06.668Z","Azure Monitor","australiasoutheast","EUR","400 GB Commitment Tier Capacity Reservation","400","1/Day","911.4111","2019-11-01T00:00:00.000Z","391.1132","2.2785"
"2024-06-02T06:10:06.668Z","Azure Monitor","australiasoutheast","EUR","500 GB Commitment Tier Capacity Reservation","500","1/Day","1119.8446","2019-11-01T00:00:00.000Z","491.4833","2.2397"
"2024-06-02T06:10:06.668Z","Azure Monitor","australiasoutheast","EUR","1000 GB Commitment Tier Capacity Reservation","1000","1/Day","2200.8507","2021-06-01T00:00:00.000Z","982.6542","2.2009"
"2024-06-02T06:10:06.668Z","Azure Monitor","australiasoutheast","EUR","2000 GB Commitment Tier Capacity Reservation","2000","1/Day","4298.1321","2021-06-01T00:00:00.000Z","1952.8975","2.1491"
"2024-06-02T06:10:06.668Z","Azure Monitor","australiasoutheast","EUR","5000 GB Commitment Tier Capacity Reservation","5000","1/Day","10421.6756","2021-06-01T00:00:00.000Z","4849.3209","2.0843"
"2024-07-01T06:11:21.244Z","Azure Monitor","australiasoutheast","EUR","Pay-as-you-go Data Ingestion","Pay-as-you-go","1 GB","3.1269","2018-02-01T00:00:00.000Z","0","3.1269"
"2024-07-01T06:11:21.244Z","Azure Monitor","australiasoutheast","EUR","100 GB Commitment Tier Capacity Reservation","100","1/Day","256.8928","2019-11-01T00:00:00.000Z","82.1557","2.5689"
"2024-07-01T06:11:21.244Z","Azure Monitor","australiasoutheast","EUR","200 GB Commitment Tier Capacity Reservation","200","1/Day","482.3293","2019-11-01T00:00:00.000Z","187.7571","2.4116"
"2024-07-01T06:11:21.244Z","Azure Monitor","australiasoutheast","EUR","300 GB Commitment Tier Capacity Reservation","300","1/Day","707.7658","2019-11-01T00:00:00.000Z","293.4839","2.3592"
"2024-07-01T06:11:21.244Z","Azure Monitor","australiasoutheast","EUR","400 GB Commitment Tier Capacity Reservation","400","1/Day","922.7168","2019-11-01T00:00:00.000Z","391.1143","2.3068"
"2024-07-01T06:11:21.244Z","Azure Monitor","australiasoutheast","EUR","500 GB Commitment Tier Capacity Reservation","500","1/Day","1133.7359","2019-11-01T00:00:00.000Z","491.4756","2.2675"
"2024-07-01T06:11:21.244Z","Azure Monitor","australiasoutheast","EUR","1000 GB Commitment Tier Capacity Reservation","1000","1/Day","2228.1515","2021-06-01T00:00:00.000Z","982.6467","2.2282"
"2024-07-01T06:11:21.244Z","Azure Monitor","australiasoutheast","EUR","2000 GB Commitment Tier Capacity Reservation","2000","1/Day","4351.4488","2021-06-01T00:00:00.000Z","1952.8987","2.1757"
"2024-07-01T06:11:21.244Z","Azure Monitor","australiasoutheast","EUR","5000 GB Commitment Tier Capacity Reservation","5000","1/Day","10550.9526","2021-06-01T00:00:00.000Z","4849.4519","2.1102"
"2024-08-02T06:11:10.559Z","Azure Monitor","australiasoutheast","EUR","Pay-as-you-go Data Ingestion","Pay-as-you-go","1 GB","3.088","2018-02-01T00:00:00.000Z","0","3.088"
"2024-08-02T06:11:10.559Z","Azure Monitor","australiasoutheast","EUR","100 GB Commitment Tier Capacity Reservation","100","1/Day","253.6982","2019-11-01T00:00:00.000Z","82.1562","2.5370"
"2024-08-02T06:11:10.559Z","Azure Monitor","australiasoutheast","EUR","200 GB Commitment Tier Capacity Reservation","200","1/Day","476.3314","2019-11-01T00:00:00.000Z","187.7538","2.3817"
"2024-08-02T06:11:10.559Z","Azure Monitor","australiasoutheast","EUR","300 GB Commitment Tier Capacity Reservation","300","1/Day","698.9645","2019-11-01T00:00:00.000Z","293.4729","2.3299"
"2024-08-02T06:11:10.559Z","Azure Monitor","australiasoutheast","EUR","400 GB Commitment Tier Capacity Reservation","400","1/Day","911.2426","2019-11-01T00:00:00.000Z","391.1080","2.2781"
"2024-08-02T06:11:10.559Z","Azure Monitor","australiasoutheast","EUR","500 GB Commitment Tier Capacity Reservation","500","1/Day","1119.6376","2019-11-01T00:00:00.000Z","491.4787","2.2393"
"2024-08-02T06:11:10.559Z","Azure Monitor","australiasoutheast","EUR","1000 GB Commitment Tier Capacity Reservation","1000","1/Day","2200.4438","2021-06-01T00:00:00.000Z","982.6481","2.2004"
"2024-08-02T06:11:10.559Z","Azure Monitor","australiasoutheast","EUR","2000 GB Commitment Tier Capacity Reservation","2000","1/Day","4297.3373","2021-06-01T00:00:00.000Z","1952.9800","2.1487"
"2024-08-02T06:11:10.559Z","Azure Monitor","australiasoutheast","EUR","5000 GB Commitment Tier Capacity Reservation","5000","1/Day","10419.7485","2021-06-01T00:00:00.000Z","4849.3268","2.0839"
