"TimeGenerated","ServiceName","ArmRegionName","CurrencyCode","MeterName","Tier","UnitOfMeasure","RetailPrice","EffectiveStartDate","EffectiveCommitmentTierThresholdGB","EffectivePricePerGB"
"2023-03-29T15:50:58.330Z","Azure Monitor","francesouth","DKK","Pay-as-you-go Data Ingestion","Pay-as-you-go","1 GB","19.4895","2018-02-01T00:00:00.000Z","0","19.4895"
"2023-03-29T15:50:58.330Z","Azure Monitor","francesouth","DKK","100 GB Commitment Tier Capacity Reservation","100","1/Day","1785.4044","2019-11-01T00:00:00.000Z","91.6085","17.854"
"2023-03-29T15:50:58.330Z","Azure Monitor","francesouth","DKK","200 GB Commitment Tier Capacity Reservation","200","1/Day","3352.1878","2019-11-01T00:00:00.000Z","187.7556","16.7609"
"2023-03-29T15:50:58.330Z","Azure Monitor","francesouth","DKK","300 GB Commitment Tier Capacity Reservation","300","1/Day","4918.9712","2019-11-01T00:00:00.000Z","293.4789","16.3966"
"2023-03-29T15:50:58.330Z","Azure Monitor","francesouth","DKK","400 GB Commitment Tier Capacity Reservation","400","1/Day","6412.881","2019-11-01T00:00:00.000Z","391.1104","16.0322"
"2023-03-29T15:50:58.330Z","Azure Monitor","francesouth","DKK","500 GB Commitment Tier Capacity Reservation","500","1/Day","7879.4632","2019-11-01T00:00:00.000Z","491.4774","15.7589"
"2023-03-29T15:50:58.330Z","Azure Monitor","francesouth","DKK","1000 GB Commitment Tier Capacity Reservation","1000","1/Day","15485.6502","2021-06-01T02:00:00.000Z","982.6606","15.4857"
"2023-03-29T15:50:58.330Z","Azure Monitor","francesouth","DKK","2000 GB Commitment Tier Capacity Reservation","2000","1/Day","30242.5639","2021-06-01T02:00:00.000Z","1952.9349","15.1213"
"2023-03-29T15:50:58.330Z","Azure Monitor","francesouth","DKK","5000 GB Commitment Tier Capacity Reservation","5000","1/Day","73329.1083","2021-06-01T02:00:00.000Z","4849.3918","14.6658"
"2023-04-12T13:28:34.468Z","Azure Monitor","francesouth","DKK","Pay-as-you-go Data Ingestion","Pay-as-you-go","1 GB","18.9837","2018-02-01T00:00:00.000Z","0","18.9837"
"2023-04-12T13:28:34.468Z","Azure Monitor","francesouth","DKK","100 GB Commitment Tier Capacity Reservation","100","1/Day","1739.0714","2019-11-01T00:00:00.000Z","91.6087","17.3907"
"2023-04-12T13:28:34.468Z","Azure Monitor","francesouth","DKK","200 GB Commitment Tier Capacity Reservation","200","1/Day","3265.1954","2019-11-01T00:00:00.000Z","187.7553","16.326"
"2023-04-12T13:28:34.468Z","Azure Monitor","francesouth","DKK","300 GB Commitment Tier Capacity Reservation","300","1/Day","4791.3193","2019-11-01T00:00:00.000Z","293.4778","15.9711"
"2023-04-12T13:28:34.468Z","Azure Monitor","francesouth","DKK","400 GB Commitment Tier Capacity Reservation","400","1/Day","6246.4607","2019-11-01T00:00:00.000Z","391.1102","15.6162"
"2023-04-12T13:28:34.468Z","Azure Monitor","francesouth","DKK","500 GB Commitment Tier Capacity Reservation","500","1/Day","7674.9837","2019-11-01T00:00:00.000Z","491.4758","15.35"
"2023-04-12T13:28:34.468Z","Azure Monitor","francesouth","DKK","1000 GB Commitment Tier Capacity Reservation","1000","1/Day","15083.7829","2021-06-01T02:00:00.000Z","982.6569","15.0838"
"2023-04-12T13:28:34.468Z","Azure Monitor","francesouth","DKK","2000 GB Commitment Tier Capacity Reservation","2000","1/Day","29457.7408","2021-06-01T02:00:00.000Z","1952.939","14.7289"
"2023-04-12T13:28:34.468Z","Azure Monitor","francesouth","DKK","5000 GB Commitment Tier Capacity Reservation","5000","1/Day","71426.1487","2021-06-01T02:00:00.000Z","4849.3878","14.2852"
"2023-05-02T08:07:40.927Z","Azure Monitor","francesouth","DKK","Pay-as-you-go Data Ingestion","Pay-as-you-go","1 GB","18.6297","2018-02-01T00:00:00.000Z","0","18.6297"
"2023-05-02T08:07:40.927Z","Azure Monitor","francesouth","DKK","100 GB Commitment Tier Capacity Reservation","100","1/Day","1706.6447","2019-11-01T00:00:00.000Z","91.6088","17.0664"
"2023-05-02T08:07:40.927Z","Azure Monitor","francesouth","DKK","200 GB Commitment Tier Capacity Reservation","200","1/Day","3204.3125","2019-11-01T00:00:00.000Z","187.7556","16.0216"
"2023-05-02T08:07:40.927Z","Azure Monitor","francesouth","DKK","300 GB Commitment Tier Capacity Reservation","300","1/Day","4701.9803","2019-11-01T00:00:00.000Z","293.4776","15.6733"
"2023-05-02T08:07:40.927Z","Azure Monitor","francesouth","DKK","400 GB Commitment Tier Capacity Reservation","400","1/Day","6129.9892","2019-11-01T00:00:00.000Z","391.1103","15.325"
"2023-05-02T08:07:40.927Z","Azure Monitor","francesouth","DKK","500 GB Commitment Tier Capacity Reservation","500","1/Day","7531.8759","2019-11-01T00:00:00.000Z","491.4764","15.0638"
"2023-05-02T08:07:40.927Z","Azure Monitor","francesouth","DKK","1000 GB Commitment Tier Capacity Reservation","1000","1/Day","14802.5307","2021-06-01T02:00:00.000Z","982.6558","14.8025"
"2023-05-02T08:07:40.927Z","Azure Monitor","francesouth","DKK","2000 GB Commitment Tier Capacity Reservation","2000","1/Day","28908.4717","2021-06-01T02:00:00.000Z","1952.9452","14.4542"
"2023-05-02T08:07:40.927Z","Azure Monitor","francesouth","DKK","5000 GB Commitment Tier Capacity Reservation","5000","1/Day","70094.3365","2021-06-01T02:00:00.000Z","4849.4096","14.0189"
"2023-06-02T08:07:42.568Z","Azure Monitor","francesouth","DKK","Pay-as-you-go Data Ingestion","Pay-as-you-go","1 GB","19.2046","2018-02-01T00:00:00.000Z","0","19.2046"
"2023-06-02T08:07:42.568Z","Azure Monitor","francesouth","DKK","100 GB Commitment Tier Capacity Reservation","100","1/Day","1759.3113","2019-11-01T00:00:00.000Z","91.6088","17.5931"
"2023-06-02T08:07:42.568Z","Azure Monitor","francesouth","DKK","200 GB Commitment Tier Capacity Reservation","200","1/Day","3303.1967","2019-11-01T00:00:00.000Z","187.7552","16.516"
"2023-06-02T08:07:42.568Z","Azure Monitor","francesouth","DKK","300 GB Commitment Tier Capacity Reservation","300","1/Day","4847.0821","2019-11-01T00:00:00.000Z","293.478","16.1569"
"2023-06-02T08:07:42.568Z","Azure Monitor","francesouth","DKK","400 GB Commitment Tier Capacity Reservation","400","1/Day","6319.1589","2019-11-01T00:00:00.000Z","391.1121","15.7979"
"2023-06-02T08:07:42.568Z","Azure Monitor","francesouth","DKK","500 GB Commitment Tier Capacity Reservation","500","1/Day","7764.3075","2019-11-01T00:00:00.000Z","491.4772","15.5286"
"2023-06-02T08:07:42.568Z","Azure Monitor","francesouth","DKK","1000 GB Commitment Tier Capacity Reservation","1000","1/Day","15259.3326","2021-06-01T02:00:00.000Z","982.6599","15.2593"
"2023-06-02T08:07:42.568Z","Azure Monitor","francesouth","DKK","2000 GB Commitment Tier Capacity Reservation","2000","1/Day","29800.579","2021-06-01T02:00:00.000Z","1952.9454","14.9003"
"2023-06-02T08:07:42.568Z","Azure Monitor","francesouth","DKK","5000 GB Commitment Tier Capacity Reservation","5000","1/Day","72257.4279","2021-06-01T02:00:00.000Z","4849.3942","14.4515"
"2023-07-07T06:09:02.036Z","Azure Monitor","francesouth","DKK","Pay-as-you-go Data Ingestion","Pay-as-you-go","1 GB","18.8566","2018-02-01T00:00:00.000Z","0","18.8566"
"2023-07-07T06:09:02.036Z","Azure Monitor","francesouth","DKK","100 GB Commitment Tier Capacity Reservation","100","1/Day","1727.4282","2019-11-01T00:00:00.000Z","91.6087","17.2743"
"2023-07-07T06:09:02.036Z","Azure Monitor","francesouth","DKK","200 GB Commitment Tier Capacity Reservation","200","1/Day","3243.3345","2019-11-01T00:00:00.000Z","187.7549","16.2167"
"2023-07-07T06:09:02.036Z","Azure Monitor","francesouth","DKK","300 GB Commitment Tier Capacity Reservation","300","1/Day","4759.2409","2019-11-01T00:00:00.000Z","293.4778","15.8641"
"2023-07-07T06:09:02.036Z","Azure Monitor","francesouth","DKK","400 GB Commitment Tier Capacity Reservation","400","1/Day","6204.6399","2019-11-01T00:00:00.000Z","391.112","15.5116"
"2023-07-07T06:09:02.036Z","Azure Monitor","francesouth","DKK","500 GB Commitment Tier Capacity Reservation","500","1/Day","7623.5988","2019-11-01T00:00:00.000Z","491.4773","15.2472"
"2023-07-07T06:09:02.036Z","Azure Monitor","francesouth","DKK","1000 GB Commitment Tier Capacity Reservation","1000","1/Day","14982.7953","2021-06-01T00:00:00.000Z","982.6588","14.9828"
"2023-07-07T06:09:02.036Z","Azure Monitor","francesouth","DKK","2000 GB Commitment Tier Capacity Reservation","2000","1/Day","29260.5179","2021-06-01T00:00:00.000Z","1952.9406","14.6303"
"2023-07-07T06:09:02.036Z","Azure Monitor","francesouth","DKK","5000 GB Commitment Tier Capacity Reservation","5000","1/Day","70947.9425","2021-06-01T00:00:00.000Z","4849.384","14.1896"
"2023-08-01T06:08:30.007Z","Azure Monitor","francesouth","DKK","Pay-as-you-go Data Ingestion","Pay-as-you-go","1 GB","18.7121","2018-02-01T00:00:00.000Z","0","18.7121"
"2023-08-01T06:08:30.007Z","Azure Monitor","francesouth","DKK","100 GB Commitment Tier Capacity Reservation","100","1/Day","1714.192","2019-11-01T00:00:00.000Z","91.6087","17.1419"
"2023-08-01T06:08:30.007Z","Azure Monitor","francesouth","DKK","200 GB Commitment Tier Capacity Reservation","200","1/Day","3218.4829","2019-11-01T00:00:00.000Z","187.7553","16.0924"
"2023-08-01T06:08:30.007Z","Azure Monitor","francesouth","DKK","300 GB Commitment Tier Capacity Reservation","300","1/Day","4722.7738","2019-11-01T00:00:00.000Z","293.4785","15.7426"
"2023-08-01T06:08:30.007Z","Azure Monitor","francesouth","DKK","400 GB Commitment Tier Capacity Reservation","400","1/Day","6157.0978","2019-11-01T00:00:00.000Z","391.1106","15.3927"
"2023-08-01T06:08:30.007Z","Azure Monitor","francesouth","DKK","500 GB Commitment Tier Capacity Reservation","500","1/Day","7565.184","2019-11-01T00:00:00.000Z","491.4787","15.1304"
"2023-08-01T06:08:30.007Z","Azure Monitor","francesouth","DKK","2000 GB Commitment Tier Capacity Reservation","2000","1/Day","29036.3133","2021-06-01T00:00:00.000Z","1937.9764","14.5182"
"2023-08-02T06:09:03.844Z","Azure Monitor","francesouth","DKK","1000 GB Commitment Tier Capacity Reservation","1000","1/Day","14867.9917","2021-06-01T00:00:00.000Z","982.6569","14.868"
"2023-08-02T06:09:03.844Z","Azure Monitor","francesouth","DKK","5000 GB Commitment Tier Capacity Reservation","5000","1/Day","70404.3139","2021-06-01T00:00:00.000Z","4849.3831","14.0809"
"2023-09-02T06:07:00.316Z","Azure Monitor","francesouth","DKK","Pay-as-you-go Data Ingestion","Pay-as-you-go","1 GB","18.998","2018-02-01T00:00:00.000Z","0","18.998"
"2023-09-02T06:07:00.316Z","Azure Monitor","francesouth","DKK","100 GB Commitment Tier Capacity Reservation","100","1/Day","1740.3862","2019-11-01T00:00:00.000Z","91.6089","17.4039"
"2023-09-02T06:07:00.316Z","Azure Monitor","francesouth","DKK","200 GB Commitment Tier Capacity Reservation","200","1/Day","3267.6639","2019-11-01T00:00:00.000Z","187.7547","16.3383"
"2023-09-02T06:07:00.316Z","Azure Monitor","francesouth","DKK","300 GB Commitment Tier Capacity Reservation","300","1/Day","4794.9416","2019-11-01T00:00:00.000Z","293.4786","15.9831"
"2023-09-02T06:07:00.316Z","Azure Monitor","francesouth","DKK","400 GB Commitment Tier Capacity Reservation","400","1/Day","6251.1831","2019-11-01T00:00:00.000Z","391.1121","15.628"
"2023-09-02T06:07:00.316Z","Azure Monitor","francesouth","DKK","500 GB Commitment Tier Capacity Reservation","500","1/Day","7680.7861","2019-11-01T00:00:00.000Z","491.4759","15.3616"
"2023-09-02T06:07:00.316Z","Azure Monitor","francesouth","DKK","1000 GB Commitment Tier Capacity Reservation","1000","1/Day","15095.1865","2021-06-01T00:00:00.000Z","982.6572","15.0952"
"2023-09-02T06:07:00.316Z","Azure Monitor","francesouth","DKK","2000 GB Commitment Tier Capacity Reservation","2000","1/Day","29480.0114","2021-06-01T00:00:00.000Z","1952.9394","14.74"
"2023-09-02T06:07:00.316Z","Azure Monitor","francesouth","DKK","5000 GB Commitment Tier Capacity Reservation","5000","1/Day","71480.1481","2021-06-01T00:00:00.000Z","4849.3995","14.296"
"2023-10-02T06:08:46.154Z","Azure Monitor","francesouth","DKK","Pay-as-you-go Data Ingestion","Pay-as-you-go","1 GB","19.5772","2018-02-01T00:00:00.000Z","0","19.5772"
"2023-10-02T06:08:46.154Z","Azure Monitor","francesouth","DKK","100 GB Commitment Tier Capacity Reservation","100","1/Day","1793.4447","2019-11-01T00:00:00.000Z","91.6088","17.9344"
"2023-10-02T06:08:46.154Z","Azure Monitor","francesouth","DKK","200 GB Commitment Tier Capacity Reservation","200","1/Day","3367.2839","2019-11-01T00:00:00.000Z","187.7556","16.8364"
"2023-10-02T06:08:46.154Z","Azure Monitor","francesouth","DKK","300 GB Commitment Tier Capacity Reservation","300","1/Day","4941.1231","2019-11-01T00:00:00.000Z","293.4786","16.4704"
"2023-10-02T06:08:46.154Z","Azure Monitor","francesouth","DKK","400 GB Commitment Tier Capacity Reservation","400","1/Day","6441.7605","2019-11-01T00:00:00.000Z","391.1114","16.1044"
"2023-10-02T06:08:46.154Z","Azure Monitor","francesouth","DKK","500 GB Commitment Tier Capacity Reservation","500","1/Day","7914.9472","2019-11-01T00:00:00.000Z","491.4773","15.8299"
"2023-10-02T06:08:46.154Z","Azure Monitor","francesouth","DKK","1000 GB Commitment Tier Capacity Reservation","1000","1/Day","15555.3876","2021-06-01T00:00:00.000Z","982.6586","15.5554"
"2023-10-02T06:08:46.154Z","Azure Monitor","francesouth","DKK","2000 GB Commitment Tier Capacity Reservation","2000","1/Day","30378.757","2021-06-01T00:00:00.000Z","1952.9396","15.1894"
"2023-10-02T06:08:46.154Z","Azure Monitor","francesouth","DKK","5000 GB Commitment Tier Capacity Reservation","5000","1/Day","73659.3354","2021-06-01T00:00:00.000Z","4849.3907","14.7319"
"2023-11-01T06:08:41.407Z","Azure Monitor","francesouth","DKK","Pay-as-you-go Data Ingestion","Pay-as-you-go","1 GB","19.473","2018-02-01T00:00:00.000Z","0","19.473"
"2023-11-01T06:08:41.407Z","Azure Monitor","francesouth","DKK","100 GB Commitment Tier Capacity Reservation","100","1/Day","1783.9","2019-11-01T00:00:00.000Z","91.6089","17.839"
"2023-11-01T06:08:41.407Z","Azure Monitor","francesouth","DKK","200 GB Commitment Tier Capacity Reservation","200","1/Day","3349.3632","2019-11-01T00:00:00.000Z","187.7551","16.7468"
"2023-11-01T06:08:41.407Z","Azure Monitor","francesouth","DKK","300 GB Commitment Tier Capacity Reservation","300","1/Day","4914.8265","2019-11-01T00:00:00.000Z","293.4785","16.3828"
"2023-11-01T06:08:41.407Z","Azure Monitor","francesouth","DKK","400 GB Commitment Tier Capacity Reservation","400","1/Day","6407.4775","2019-11-01T00:00:00.000Z","391.11","16.0187"
"2023-11-01T06:08:41.407Z","Azure Monitor","francesouth","DKK","500 GB Commitment Tier Capacity Reservation","500","1/Day","7872.8239","2019-11-01T00:00:00.000Z","491.4771","15.7456"
"2023-11-01T06:08:41.407Z","Azure Monitor","francesouth","DKK","1000 GB Commitment Tier Capacity Reservation","1000","1/Day","15472.6018","2021-06-01T00:00:00.000Z","982.6619","15.4726"
"2023-11-01T06:08:41.407Z","Azure Monitor","francesouth","DKK","2000 GB Commitment Tier Capacity Reservation","2000","1/Day","30217.0813","2021-06-01T00:00:00.000Z","1952.9414","15.1085"
"2023-11-01T06:08:41.407Z","Azure Monitor","francesouth","DKK","5000 GB Commitment Tier Capacity Reservation","5000","1/Day","73267.3205","2021-06-01T00:00:00.000Z","4849.4106","14.6535"
"2023-12-02T06:07:58.693Z","Azure Monitor","francesouth","DKK","Pay-as-you-go Data Ingestion","Pay-as-you-go","1 GB","18.7408","2018-02-01T00:00:00.000Z","0","18.7408"
"2023-12-02T06:07:58.693Z","Azure Monitor","francesouth","DKK","100 GB Commitment Tier Capacity Reservation","100","1/Day","1716.8215","2019-11-01T00:00:00.000Z","91.6088","17.1682"
"2023-12-02T06:07:58.693Z","Azure Monitor","francesouth","DKK","200 GB Commitment Tier Capacity Reservation","200","1/Day","3223.42","2019-11-01T00:00:00.000Z","187.7553","16.1171"
"2023-12-02T06:07:58.693Z","Azure Monitor","francesouth","DKK","300 GB Commitment Tier Capacity Reservation","300","1/Day","4730.0185","2019-11-01T00:00:00.000Z","293.4783","15.7667"
"2023-12-02T06:07:58.693Z","Azure Monitor","francesouth","DKK","400 GB Commitment Tier Capacity Reservation","400","1/Day","6166.5426","2019-11-01T00:00:00.000Z","391.1118","15.4164"
"2023-12-02T06:07:58.693Z","Azure Monitor","francesouth","DKK","500 GB Commitment Tier Capacity Reservation","500","1/Day","7576.7889","2019-11-01T00:00:00.000Z","491.4759","15.1536"
"2023-12-02T06:07:58.693Z","Azure Monitor","francesouth","DKK","1000 GB Commitment Tier Capacity Reservation","1000","1/Day","14890.799","2021-06-01T00:00:00.000Z","982.6575","14.8908"
"2023-12-02T06:07:58.693Z","Azure Monitor","francesouth","DKK","2000 GB Commitment Tier Capacity Reservation","2000","1/Day","29080.8544","2021-06-01T00:00:00.000Z","1952.941","14.5404"
"2023-12-02T06:07:58.693Z","Azure Monitor","francesouth","DKK","5000 GB Commitment Tier Capacity Reservation","5000","1/Day","70512.3127","2021-06-01T00:00:00.000Z","4849.4067","14.1025"
"2024-01-02T06:08:37.104Z","Azure Monitor","francesouth","DKK","Pay-as-you-go Data Ingestion","Pay-as-you-go","1 GB","18.529","2018-02-01T00:00:00.000Z","0","18.529"
"2024-01-02T06:08:37.104Z","Azure Monitor","francesouth","DKK","100 GB Commitment Tier Capacity Reservation","100","1/Day","1697.4161","2019-11-01T00:00:00.000Z","91.6086","16.9742"
"2024-01-02T06:08:37.104Z","Azure Monitor","francesouth","DKK","200 GB Commitment Tier Capacity Reservation","200","1/Day","3186.9852","2019-11-01T00:00:00.000Z","187.7547","15.9349"
"2024-01-02T06:08:37.104Z","Azure Monitor","francesouth","DKK","300 GB Commitment Tier Capacity Reservation","300","1/Day","4676.5544","2019-11-01T00:00:00.000Z","293.4787","15.5885"
"2024-01-02T06:08:37.104Z","Azure Monitor","francesouth","DKK","400 GB Commitment Tier Capacity Reservation","400","1/Day","6096.8413","2019-11-01T00:00:00.000Z","391.1115","15.2421"
"2024-01-02T06:08:37.104Z","Azure Monitor","francesouth","DKK","500 GB Commitment Tier Capacity Reservation","500","1/Day","7491.1474","2019-11-01T00:00:00.000Z","491.4774","14.9823"
"2024-01-02T06:08:37.104Z","Azure Monitor","francesouth","DKK","1000 GB Commitment Tier Capacity Reservation","1000","1/Day","14722.4862","2021-06-01T00:00:00.000Z","982.6586","14.7225"
"2024-01-02T06:08:37.104Z","Azure Monitor","francesouth","DKK","2000 GB Commitment Tier Capacity Reservation","2000","1/Day","28752.1495","2021-06-01T00:00:00.000Z","1952.9393","14.3761"
"2024-01-02T06:08:37.104Z","Azure Monitor","francesouth","DKK","5000 GB Commitment Tier Capacity Reservation","5000","1/Day","69715.3023","2021-06-01T00:00:00.000Z","4849.3891","13.9431"
"2024-02-02T06:08:03.849Z","Azure Monitor","francesouth","DKK","Pay-as-you-go Data Ingestion","Pay-as-you-go","1 GB","19.0528","2018-02-01T00:00:00.000Z","0","19.0528"
"2024-02-02T06:08:03.849Z","Azure Monitor","francesouth","DKK","100 GB Commitment Tier Capacity Reservation","100","1/Day","1745.4051","2019-11-01T00:00:00.000Z","91.6089","17.4541"
"2024-02-02T06:08:03.849Z","Azure Monitor","francesouth","DKK","200 GB Commitment Tier Capacity Reservation","200","1/Day","3277.0871","2019-11-01T00:00:00.000Z","187.7546","16.3854"
"2024-02-02T06:08:03.849Z","Azure Monitor","francesouth","DKK","300 GB Commitment Tier Capacity Reservation","300","1/Day","4808.7691","2019-11-01T00:00:00.000Z","293.4789","16.0292"
"2024-02-02T06:08:03.849Z","Azure Monitor","francesouth","DKK","400 GB Commitment Tier Capacity Reservation","400","1/Day","6269.2101","2019-11-01T00:00:00.000Z","391.1119","15.673"
"2024-02-02T06:08:03.849Z","Azure Monitor","francesouth","DKK","500 GB Commitment Tier Capacity Reservation","500","1/Day","7702.9357","2019-11-01T00:00:00.000Z","491.4781","15.4059"
"2024-02-02T06:08:03.849Z","Azure Monitor","francesouth","DKK","1000 GB Commitment Tier Capacity Reservation","1000","1/Day","15138.7176","2021-06-01T00:00:00.000Z","982.6571","15.1387"
"2024-02-02T06:08:03.849Z","Azure Monitor","francesouth","DKK","2000 GB Commitment Tier Capacity Reservation","2000","1/Day","29565.025","2021-06-01T00:00:00.000Z","1952.9434","14.7825"
"2024-02-02T06:08:03.849Z","Azure Monitor","francesouth","DKK","5000 GB Commitment Tier Capacity Reservation","5000","1/Day","71686.2804","2021-06-01T00:00:00.000Z","4849.4017","14.3373"
"2024-03-02T06:08:20.311Z","Azure Monitor","francesouth","DKK","Pay-as-you-go Data Ingestion","Pay-as-you-go","1 GB","18.9647","2018-02-01T00:00:00.000Z","0","18.9647"
"2024-03-02T06:08:20.311Z","Azure Monitor","francesouth","DKK","100 GB Commitment Tier Capacity Reservation","100","1/Day","1737.3269","2019-11-01T00:00:00.000Z","91.6085","17.3733"
"2024-03-02T06:08:20.311Z","Azure Monitor","francesouth","DKK","200 GB Commitment Tier Capacity Reservation","200","1/Day","3261.9198","2019-11-01T00:00:00.000Z","187.7548","16.3096"
"2024-03-02T06:08:20.311Z","Azure Monitor","francesouth","DKK","300 GB Commitment Tier Capacity Reservation","300","1/Day","4786.5128","2019-11-01T00:00:00.000Z","293.4782","15.955"
"2024-03-02T06:08:20.311Z","Azure Monitor","francesouth","DKK","400 GB Commitment Tier Capacity Reservation","400","1/Day","6240.1944","2019-11-01T00:00:00.000Z","391.1122","15.6005"
"2024-03-02T06:08:20.311Z","Azure Monitor","francesouth","DKK","500 GB Commitment Tier Capacity Reservation","500","1/Day","7667.2843","2019-11-01T00:00:00.000Z","491.4768","15.3346"
"2024-03-02T06:08:20.311Z","Azure Monitor","francesouth","DKK","1000 GB Commitment Tier Capacity Reservation","1000","1/Day","15068.6513","2021-06-01T00:00:00.000Z","982.657","15.0687"
"2024-03-02T06:08:20.311Z","Azure Monitor","francesouth","DKK","2000 GB Commitment Tier Capacity Reservation","2000","1/Day","29428.1895","2021-06-01T00:00:00.000Z","1952.9349","14.7141"
"2024-03-02T06:08:20.311Z","Azure Monitor","francesouth","DKK","5000 GB Commitment Tier Capacity Reservation","5000","1/Day","71354.4956","2021-06-01T00:00:00.000Z","4849.3959","14.2709"
"2024-04-03T09:26:28.723Z","Azure Monitor","francesouth","DKK","Pay-as-you-go Data Ingestion","Pay-as-you-go","1 GB","19.0134","2018-02-01T00:00:00.000Z","0","19.0134"
"2024-04-03T09:26:28.723Z","Azure Monitor","francesouth","DKK","100 GB Commitment Tier Capacity Reservation","100","1/Day","1741.7895","2019-11-01T00:00:00.000Z","91.6085","17.4179"
"2024-04-03T09:26:28.723Z","Azure Monitor","francesouth","DKK","200 GB Commitment Tier Capacity Reservation","200","1/Day","3270.2986","2019-11-01T00:00:00.000Z","187.755","16.3515"
"2024-04-03T09:26:28.723Z","Azure Monitor","francesouth","DKK","300 GB Commitment Tier Capacity Reservation","300","1/Day","4798.8077","2019-11-01T00:00:00.000Z","293.4781","15.996"
"2024-04-03T09:26:28.723Z","Azure Monitor","francesouth","DKK","400 GB Commitment Tier Capacity Reservation","400","1/Day","6256.2234","2019-11-01T00:00:00.000Z","391.1117","15.6406"
"2024-04-03T09:26:28.723Z","Azure Monitor","francesouth","DKK","500 GB Commitment Tier Capacity Reservation","500","1/Day","7686.9791","2019-11-01T00:00:00.000Z","491.476","15.374"
"2024-04-03T09:26:28.723Z","Azure Monitor","francesouth","DKK","1000 GB Commitment Tier Capacity Reservation","1000","1/Day","15107.3577","2021-06-01T00:00:00.000Z","982.6563","15.1074"
"2024-04-03T09:26:28.723Z","Azure Monitor","francesouth","DKK","2000 GB Commitment Tier Capacity Reservation","2000","1/Day","29503.7809","2021-06-01T00:00:00.000Z","1952.9357","14.7519"
"2024-04-03T09:26:28.723Z","Azure Monitor","francesouth","DKK","5000 GB Commitment Tier Capacity Reservation","5000","1/Day","71537.782","2021-06-01T00:00:00.000Z","4849.3945","14.3076"
"2024-05-01T06:09:59.892Z","Azure Monitor","francesouth","DKK","Pay-as-you-go Data Ingestion","Pay-as-you-go","1 GB","19.2721","2018-02-01T00:00:00.000Z","0","19.2721"
"2024-05-01T06:09:59.892Z","Azure Monitor","francesouth","DKK","100 GB Commitment Tier Capacity Reservation","100","1/Day","1765.4932","2019-11-01T00:00:00.000Z","91.6088","17.6549"
"2024-05-01T06:09:59.892Z","Azure Monitor","francesouth","DKK","200 GB Commitment Tier Capacity Reservation","200","1/Day","3314.8036","2019-11-01T00:00:00.000Z","187.7554","16.574"
"2024-05-01T06:09:59.892Z","Azure Monitor","francesouth","DKK","300 GB Commitment Tier Capacity Reservation","300","1/Day","4864.114","2019-11-01T00:00:00.000Z","293.4786","16.2137"
"2024-05-01T06:09:59.892Z","Azure Monitor","francesouth","DKK","400 GB Commitment Tier Capacity Reservation","400","1/Day","6341.3634","2019-11-01T00:00:00.000Z","391.1114","15.8534"
"2024-05-01T06:09:59.892Z","Azure Monitor","francesouth","DKK","500 GB Commitment Tier Capacity Reservation","500","1/Day","7791.59","2019-11-01T00:00:00.000Z","491.4775","15.5832"
"2024-05-01T06:09:59.892Z","Azure Monitor","francesouth","DKK","1000 GB Commitment Tier Capacity Reservation","1000","1/Day","15312.9515","2021-06-01T00:00:00.000Z","982.6577","15.313"
"2024-05-01T06:09:59.892Z","Azure Monitor","francesouth","DKK","2000 GB Commitment Tier Capacity Reservation","2000","1/Day","29905.2934","2021-06-01T00:00:00.000Z","1952.935","14.9526"
"2024-05-01T06:09:59.892Z","Azure Monitor","francesouth","DKK","5000 GB Commitment Tier Capacity Reservation","5000","1/Day","72511.3289","2021-06-01T00:00:00.000Z","4849.4127","14.5023"
"2024-06-02T06:10:06.668Z","Azure Monitor","francesouth","DKK","Pay-as-you-go Data Ingestion","Pay-as-you-go","1 GB","19.0411","2018-02-01T00:00:00.000Z","0","19.0411"
"2024-06-02T06:10:06.668Z","Azure Monitor","francesouth","DKK","100 GB Commitment Tier Capacity Reservation","100","1/Day","1744.3305","2019-11-01T00:00:00.000Z","91.6087","17.4433"
"2024-06-02T06:10:06.668Z","Azure Monitor","francesouth","DKK","200 GB Commitment Tier Capacity Reservation","200","1/Day","3275.0695","2019-11-01T00:00:00.000Z","187.7552","16.3753"
"2024-06-02T06:10:06.668Z","Azure Monitor","francesouth","DKK","300 GB Commitment Tier Capacity Reservation","300","1/Day","4805.8086","2019-11-01T00:00:00.000Z","293.4791","16.0194"
"2024-06-02T06:10:06.668Z","Azure Monitor","francesouth","DKK","400 GB Commitment Tier Capacity Reservation","400","1/Day","6265.3504","2019-11-01T00:00:00.000Z","391.1102","15.6634"
"2024-06-02T06:10:06.668Z","Azure Monitor","francesouth","DKK","500 GB Commitment Tier Capacity Reservation","500","1/Day","7698.1934","2019-11-01T00:00:00.000Z","491.4765","15.3964"
"2024-06-02T06:10:06.668Z","Azure Monitor","francesouth","DKK","1000 GB Commitment Tier Capacity Reservation","1000","1/Day","15129.3974","2021-06-01T00:00:00.000Z","982.6581","15.1294"
"2024-06-02T06:10:06.668Z","Azure Monitor","francesouth","DKK","2000 GB Commitment Tier Capacity Reservation","2000","1/Day","29546.8231","2021-06-01T00:00:00.000Z","1952.9408","14.7734"
"2024-06-02T06:10:06.668Z","Azure Monitor","francesouth","DKK","5000 GB Commitment Tier Capacity Reservation","5000","1/Day","71642.1463","2021-06-01T00:00:00.000Z","4849.4014","14.3284"
"2024-07-01T06:11:21.244Z","Azure Monitor","francesouth","DKK","Pay-as-you-go Data Ingestion","Pay-as-you-go","1 GB","19.2724","2018-02-01T00:00:00.000Z","0","19.2724"
"2024-07-01T06:11:21.244Z","Azure Monitor","francesouth","DKK","100 GB Commitment Tier Capacity Reservation","100","1/Day","1765.5185","2019-11-01T00:00:00.000Z","91.6086","17.6552"
"2024-07-01T06:11:21.244Z","Azure Monitor","francesouth","DKK","200 GB Commitment Tier Capacity Reservation","200","1/Day","3314.8511","2019-11-01T00:00:00.000Z","187.7549","16.5743"
"2024-07-01T06:11:21.244Z","Azure Monitor","francesouth","DKK","300 GB Commitment Tier Capacity Reservation","300","1/Day","4864.1836","2019-11-01T00:00:00.000Z","293.4775","16.2139"
"2024-07-01T06:11:21.244Z","Azure Monitor","francesouth","DKK","400 GB Commitment Tier Capacity Reservation","400","1/Day","6341.4542","2019-11-01T00:00:00.000Z","391.1122","15.8536"
"2024-07-01T06:11:21.244Z","Azure Monitor","francesouth","DKK","500 GB Commitment Tier Capacity Reservation","500","1/Day","7791.7016","2019-11-01T00:00:00.000Z","491.4784","15.5834"
"2024-07-01T06:11:21.244Z","Azure Monitor","francesouth","DKK","1000 GB Commitment Tier Capacity Reservation","1000","1/Day","15313.1707","2021-06-01T00:00:00.000Z","982.6592","15.3132"
"2024-07-01T06:11:21.244Z","Azure Monitor","francesouth","DKK","2000 GB Commitment Tier Capacity Reservation","2000","1/Day","29905.7217","2021-06-01T00:00:00.000Z","1952.9374","14.9529"
"2024-07-01T06:11:21.244Z","Azure Monitor","francesouth","DKK","5000 GB Commitment Tier Capacity Reservation","5000","1/Day","72512.3674","2021-06-01T00:00:00.000Z","4849.3849","14.5025"
"2024-08-02T06:11:10.559Z","Azure Monitor","francesouth","DKK","Pay-as-you-go Data Ingestion","Pay-as-you-go","1 GB","19.0422","2018-02-01T00:00:00.000Z","0","19.0422"
"2024-08-02T06:11:10.559Z","Azure Monitor","francesouth","DKK","100 GB Commitment Tier Capacity Reservation","100","1/Day","1744.4317","2019-11-01T00:00:00.000Z","91.6087","17.4443"
"2024-08-02T06:11:10.559Z","Azure Monitor","francesouth","DKK","200 GB Commitment Tier Capacity Reservation","200","1/Day","3275.2594","2019-11-01T00:00:00.000Z","187.7553","16.3763"
"2024-08-02T06:11:10.559Z","Azure Monitor","francesouth","DKK","300 GB Commitment Tier Capacity Reservation","300","1/Day","4806.0872","2019-11-01T00:00:00.000Z","293.4782","16.0203"
"2024-08-02T06:11:10.559Z","Azure Monitor","francesouth","DKK","400 GB Commitment Tier Capacity Reservation","400","1/Day","6265.7137","2019-11-01T00:00:00.000Z","391.1109","15.6643"
"2024-08-02T06:11:10.559Z","Azure Monitor","francesouth","DKK","500 GB Commitment Tier Capacity Reservation","500","1/Day","7698.6397","2019-11-01T00:00:00.000Z","491.4768","15.3973"
"2024-08-02T06:11:10.559Z","Azure Monitor","francesouth","DKK","1000 GB Commitment Tier Capacity Reservation","1000","1/Day","15130.2746","2021-06-01T00:00:00.000Z","982.6576","15.1303"
"2024-08-02T06:11:10.559Z","Azure Monitor","francesouth","DKK","2000 GB Commitment Tier Capacity Reservation","2000","1/Day","29548.5362","2021-06-01T00:00:00.000Z","1952.9379","14.7743"
"2024-08-02T06:11:10.559Z","Azure Monitor","francesouth","DKK","5000 GB Commitment Tier Capacity Reservation","5000","1/Day","71646.3001","2021-06-01T00:00:00.000Z","4849.3871","14.3293"
