"TimeGenerated","ServiceName","ArmRegionName","CurrencyCode","MeterName","Tier","UnitOfMeasure","RetailPrice","EffectiveStartDate","EffectiveCommitmentTierThresholdGB","EffectivePricePerGB"
"2023-03-29T15:50:58.330Z","Azure Monitor","francesouth","NOK","Pay-as-you-go Data Ingestion","Pay-as-you-go","1 GB","28.7443","2018-02-01T00:00:00.000Z","0","28.7443"
"2023-03-29T15:50:58.330Z","Azure Monitor","francesouth","NOK","100 GB Commitment Tier Capacity Reservation","100","1/Day","2633.2275","2019-11-01T00:00:00.000Z","91.6087","26.3323"
"2023-03-29T15:50:58.330Z","Azure Monitor","francesouth","NOK","200 GB Commitment Tier Capacity Reservation","200","1/Day","4944.0189","2019-11-01T00:00:00.000Z","187.7549","24.7201"
"2023-03-29T15:50:58.330Z","Azure Monitor","francesouth","NOK","300 GB Commitment Tier Capacity Reservation","300","1/Day","7254.8104","2019-11-01T00:00:00.000Z","293.4782","24.1827"
"2023-03-29T15:50:58.330Z","Azure Monitor","francesouth","NOK","400 GB Commitment Tier Capacity Reservation","400","1/Day","9458.1231","2019-11-01T00:00:00.000Z","391.1111","23.6453"
"2023-03-29T15:50:58.330Z","Azure Monitor","francesouth","NOK","500 GB Commitment Tier Capacity Reservation","500","1/Day","11621.1314","2019-11-01T00:00:00.000Z","491.4774","23.2423"
"2023-03-29T15:50:58.330Z","Azure Monitor","francesouth","NOK","1000 GB Commitment Tier Capacity Reservation","1000","1/Day","22839.2178","2021-06-01T02:00:00.000Z","982.6574","22.8392"
"2023-03-29T15:50:58.330Z","Azure Monitor","francesouth","NOK","2000 GB Commitment Tier Capacity Reservation","2000","1/Day","44603.6489","2021-06-01T02:00:00.000Z","1952.9427","22.3018"
"2023-03-29T15:50:58.330Z","Azure Monitor","francesouth","NOK","5000 GB Commitment Tier Capacity Reservation","5000","1/Day","108150.4137","2021-06-01T02:00:00.000Z","4849.4029","21.6301"
"2023-04-12T13:28:34.468Z","Azure Monitor","francesouth","NOK","Pay-as-you-go Data Ingestion","Pay-as-you-go","1 GB","28.7709","2018-02-01T00:00:00.000Z","0","28.7709"
"2023-04-12T13:28:34.468Z","Azure Monitor","francesouth","NOK","100 GB Commitment Tier Capacity Reservation","100","1/Day","2635.6674","2019-11-01T00:00:00.000Z","91.6088","26.3567"
"2023-04-12T13:28:34.468Z","Azure Monitor","francesouth","NOK","200 GB Commitment Tier Capacity Reservation","200","1/Day","4948.6","2019-11-01T00:00:00.000Z","187.7549","24.743"
"2023-04-12T13:28:34.468Z","Azure Monitor","francesouth","NOK","300 GB Commitment Tier Capacity Reservation","300","1/Day","7261.5326","2019-11-01T00:00:00.000Z","293.4783","24.2051"
"2023-04-12T13:28:34.468Z","Azure Monitor","francesouth","NOK","400 GB Commitment Tier Capacity Reservation","400","1/Day","9466.8869","2019-11-01T00:00:00.000Z","391.1112","23.6672"
"2023-04-12T13:28:34.468Z","Azure Monitor","francesouth","NOK","500 GB Commitment Tier Capacity Reservation","500","1/Day","11631.8994","2019-11-01T00:00:00.000Z","491.4776","23.2638"
"2023-04-12T13:28:34.468Z","Azure Monitor","francesouth","NOK","1000 GB Commitment Tier Capacity Reservation","1000","1/Day","22860.3803","2021-06-01T02:00:00.000Z","982.6589","22.8604"
"2023-04-12T13:28:34.468Z","Azure Monitor","francesouth","NOK","2000 GB Commitment Tier Capacity Reservation","2000","1/Day","44644.9779","2021-06-01T02:00:00.000Z","1952.9395","22.3225"
"2023-04-12T13:28:34.468Z","Azure Monitor","francesouth","NOK","5000 GB Commitment Tier Capacity Reservation","5000","1/Day","108250.6241","2021-06-01T02:00:00.000Z","4849.3952","21.6501"
"2023-05-02T08:07:40.927Z","Azure Monitor","francesouth","NOK","Pay-as-you-go Data Ingestion","Pay-as-you-go","1 GB","29.3169","2018-02-01T00:00:00.000Z","0","29.3169"
"2023-05-02T08:07:40.927Z","Azure Monitor","francesouth","NOK","100 GB Commitment Tier Capacity Reservation","100","1/Day","2685.6791","2019-11-01T00:00:00.000Z","91.6086","26.8568"
"2023-05-02T08:07:40.927Z","Azure Monitor","francesouth","NOK","200 GB Commitment Tier Capacity Reservation","200","1/Day","5042.4996","2019-11-01T00:00:00.000Z","187.755","25.2125"
"2023-05-02T08:07:40.927Z","Azure Monitor","francesouth","NOK","300 GB Commitment Tier Capacity Reservation","300","1/Day","7399.32","2019-11-01T00:00:00.000Z","293.4782","24.6644"
"2023-05-02T08:07:40.927Z","Azure Monitor","francesouth","NOK","400 GB Commitment Tier Capacity Reservation","400","1/Day","9646.5209","2019-11-01T00:00:00.000Z","391.1111","24.1163"
"2023-05-02T08:07:40.927Z","Azure Monitor","francesouth","NOK","500 GB Commitment Tier Capacity Reservation","500","1/Day","11852.6145","2019-11-01T00:00:00.000Z","491.4773","23.7052"
"2023-05-02T08:07:40.927Z","Azure Monitor","francesouth","NOK","1000 GB Commitment Tier Capacity Reservation","1000","1/Day","23294.1557","2021-06-01T02:00:00.000Z","982.6602","23.2942"
"2023-05-02T08:07:40.927Z","Azure Monitor","francesouth","NOK","2000 GB Commitment Tier Capacity Reservation","2000","1/Day","45492.1157","2021-06-01T02:00:00.000Z","1952.9375","22.7461"
"2023-05-02T08:07:40.927Z","Azure Monitor","francesouth","NOK","5000 GB Commitment Tier Capacity Reservation","5000","1/Day","110304.6782","2021-06-01T02:00:00.000Z","4849.3886","22.0609"
"2023-06-02T08:07:42.568Z","Azure Monitor","francesouth","NOK","Pay-as-you-go Data Ingestion","Pay-as-you-go","1 GB","30.5778","2018-02-01T00:00:00.000Z","0","30.5778"
"2023-06-02T08:07:42.568Z","Azure Monitor","francesouth","NOK","100 GB Commitment Tier Capacity Reservation","100","1/Day","2801.1891","2019-11-01T00:00:00.000Z","91.6086","28.0119"
"2023-06-02T08:07:42.568Z","Azure Monitor","francesouth","NOK","200 GB Commitment Tier Capacity Reservation","200","1/Day","5259.3754","2019-11-01T00:00:00.000Z","187.755","26.2969"
"2023-06-02T08:07:42.568Z","Azure Monitor","francesouth","NOK","300 GB Commitment Tier Capacity Reservation","300","1/Day","7717.5617","2019-11-01T00:00:00.000Z","293.478","25.7252"
"2023-06-02T08:07:42.568Z","Azure Monitor","francesouth","NOK","400 GB Commitment Tier Capacity Reservation","400","1/Day","10061.4138","2019-11-01T00:00:00.000Z","391.1112","25.1535"
"2023-06-02T08:07:42.568Z","Azure Monitor","francesouth","NOK","500 GB Commitment Tier Capacity Reservation","500","1/Day","12362.3906","2019-11-01T00:00:00.000Z","491.4779","24.7248"
"2023-06-02T08:07:42.568Z","Azure Monitor","francesouth","NOK","1000 GB Commitment Tier Capacity Reservation","1000","1/Day","24296.0277","2021-06-01T02:00:00.000Z","982.6582","24.296"
"2023-06-02T08:07:42.568Z","Azure Monitor","francesouth","NOK","2000 GB Commitment Tier Capacity Reservation","2000","1/Day","47448.7129","2021-06-01T02:00:00.000Z","1952.9434","23.7244"
"2023-06-02T08:07:42.568Z","Azure Monitor","francesouth","NOK","5000 GB Commitment Tier Capacity Reservation","5000","1/Day","115048.8371","2021-06-01T02:00:00.000Z","4849.3887","23.0098"
"2023-07-07T06:09:02.036Z","Azure Monitor","francesouth","NOK","Pay-as-you-go Data Ingestion","Pay-as-you-go","1 GB","29.8484","2018-02-01T00:00:00.000Z","0","29.8484"
"2023-07-07T06:09:02.036Z","Azure Monitor","francesouth","NOK","100 GB Commitment Tier Capacity Reservation","100","1/Day","2734.3761","2019-11-01T00:00:00.000Z","91.6088","27.3438"
"2023-07-07T06:09:02.036Z","Azure Monitor","francesouth","NOK","200 GB Commitment Tier Capacity Reservation","200","1/Day","5133.9306","2019-11-01T00:00:00.000Z","187.7548","25.6697"
"2023-07-07T06:09:02.036Z","Azure Monitor","francesouth","NOK","300 GB Commitment Tier Capacity Reservation","300","1/Day","7533.4852","2019-11-01T00:00:00.000Z","293.4777","25.1116"
"2023-07-07T06:09:02.036Z","Azure Monitor","francesouth","NOK","400 GB Commitment Tier Capacity Reservation","400","1/Day","9821.4325","2019-11-01T00:00:00.000Z","391.1114","24.5536"
"2023-07-07T06:09:02.036Z","Azure Monitor","francesouth","NOK","500 GB Commitment Tier Capacity Reservation","500","1/Day","12067.5272","2019-11-01T00:00:00.000Z","491.4769","24.1351"
"2023-07-07T06:09:02.036Z","Azure Monitor","francesouth","NOK","1000 GB Commitment Tier Capacity Reservation","1000","1/Day","23716.5274","2021-06-01T00:00:00.000Z","982.6571","23.7165"
"2023-07-07T06:09:02.036Z","Azure Monitor","francesouth","NOK","2000 GB Commitment Tier Capacity Reservation","2000","1/Day","46316.983","2021-06-01T00:00:00.000Z","1952.9434","23.1585"
"2023-07-07T06:09:02.036Z","Azure Monitor","francesouth","NOK","5000 GB Commitment Tier Capacity Reservation","5000","1/Day","112304.7329","2021-06-01T00:00:00.000Z","4849.3958","22.4609"
"2023-08-01T06:08:30.007Z","Azure Monitor","francesouth","NOK","Pay-as-you-go Data Ingestion","Pay-as-you-go","1 GB","27.9453","2018-02-01T00:00:00.000Z","0","27.9453"
"2023-08-01T06:08:30.007Z","Azure Monitor","francesouth","NOK","100 GB Commitment Tier Capacity Reservation","100","1/Day","2560.0303","2019-11-01T00:00:00.000Z","91.6086","25.6003"
"2023-08-01T06:08:30.007Z","Azure Monitor","francesouth","NOK","200 GB Commitment Tier Capacity Reservation","200","1/Day","4806.5875","2019-11-01T00:00:00.000Z","187.7551","24.0329"
"2023-08-01T06:08:30.007Z","Azure Monitor","francesouth","NOK","300 GB Commitment Tier Capacity Reservation","300","1/Day","7053.1447","2019-11-01T00:00:00.000Z","293.4787","23.5105"
"2023-08-01T06:08:30.007Z","Azure Monitor","francesouth","NOK","400 GB Commitment Tier Capacity Reservation","400","1/Day","9195.2108","2019-11-01T00:00:00.000Z","391.1108","22.988"
"2023-08-01T06:08:30.007Z","Azure Monitor","francesouth","NOK","500 GB Commitment Tier Capacity Reservation","500","1/Day","11298.0928","2019-11-01T00:00:00.000Z","491.4778","22.5962"
"2023-08-01T06:08:30.007Z","Azure Monitor","francesouth","NOK","1000 GB Commitment Tier Capacity Reservation","1000","1/Day","22204.3443","2021-06-01T00:00:00.000Z","982.6583","22.2043"
"2023-08-01T06:08:30.007Z","Azure Monitor","francesouth","NOK","2000 GB Commitment Tier Capacity Reservation","2000","1/Day","43363.7783","2021-06-01T00:00:00.000Z","1952.9451","21.6819"
"2023-08-02T06:09:03.844Z","Azure Monitor","francesouth","NOK","5000 GB Commitment Tier Capacity Reservation","5000","1/Day","105144.1009","2021-06-01T00:00:00.000Z","4849.3952","21.0288"
"2023-09-02T06:07:00.316Z","Azure Monitor","francesouth","NOK","Pay-as-you-go Data Ingestion","Pay-as-you-go","1 GB","29.4656","2018-02-01T00:00:00.000Z","0","29.4656"
"2023-09-02T06:07:00.316Z","Azure Monitor","francesouth","NOK","100 GB Commitment Tier Capacity Reservation","100","1/Day","2699.3072","2019-11-01T00:00:00.000Z","91.6088","26.9931"
"2023-09-02T06:07:00.316Z","Azure Monitor","francesouth","NOK","200 GB Commitment Tier Capacity Reservation","200","1/Day","5068.087","2019-11-01T00:00:00.000Z","187.7549","25.3404"
"2023-09-02T06:07:00.316Z","Azure Monitor","francesouth","NOK","300 GB Commitment Tier Capacity Reservation","300","1/Day","7436.8668","2019-11-01T00:00:00.000Z","293.4787","24.7896"
"2023-09-02T06:07:00.316Z","Azure Monitor","francesouth","NOK","400 GB Commitment Tier Capacity Reservation","400","1/Day","9695.4708","2019-11-01T00:00:00.000Z","391.1104","24.2387"
"2023-09-02T06:07:00.316Z","Azure Monitor","francesouth","NOK","500 GB Commitment Tier Capacity Reservation","500","1/Day","11912.7588","2019-11-01T00:00:00.000Z","491.4768","23.8255"
"2023-09-02T06:07:00.316Z","Azure Monitor","francesouth","NOK","1000 GB Commitment Tier Capacity Reservation","1000","1/Day","23412.3584","2021-06-01T00:00:00.000Z","982.6597","23.4124"
"2023-09-02T06:07:00.316Z","Azure Monitor","francesouth","NOK","2000 GB Commitment Tier Capacity Reservation","2000","1/Day","45722.9587","2021-06-01T00:00:00.000Z","1952.9377","22.8615"
"2023-09-02T06:07:00.316Z","Azure Monitor","francesouth","NOK","5000 GB Commitment Tier Capacity Reservation","5000","1/Day","110864.4028","2021-06-01T00:00:00.000Z","4849.3932","22.1729"
"2023-10-02T06:08:46.154Z","Azure Monitor","francesouth","NOK","Pay-as-you-go Data Ingestion","Pay-as-you-go","1 GB","29.6769","2018-02-01T00:00:00.000Z","0","29.6769"
"2023-10-02T06:08:46.154Z","Azure Monitor","francesouth","NOK","100 GB Commitment Tier Capacity Reservation","100","1/Day","2718.6621","2019-11-01T00:00:00.000Z","91.6087","27.1866"
"2023-10-02T06:08:46.154Z","Azure Monitor","francesouth","NOK","200 GB Commitment Tier Capacity Reservation","200","1/Day","5104.4268","2019-11-01T00:00:00.000Z","187.7552","25.5221"
"2023-10-02T06:08:46.154Z","Azure Monitor","francesouth","NOK","300 GB Commitment Tier Capacity Reservation","300","1/Day","7490.1915","2019-11-01T00:00:00.000Z","293.4787","24.9673"
"2023-10-02T06:08:46.154Z","Azure Monitor","francesouth","NOK","400 GB Commitment Tier Capacity Reservation","400","1/Day","9764.9904","2019-11-01T00:00:00.000Z","391.1112","24.4125"
"2023-10-02T06:08:46.154Z","Azure Monitor","francesouth","NOK","500 GB Commitment Tier Capacity Reservation","500","1/Day","11998.1771","2019-11-01T00:00:00.000Z","491.4768","23.9964"
"2023-10-02T06:08:46.154Z","Azure Monitor","francesouth","NOK","1000 GB Commitment Tier Capacity Reservation","1000","1/Day","23580.2325","2021-06-01T00:00:00.000Z","982.6571","23.5802"
"2023-10-02T06:08:46.154Z","Azure Monitor","francesouth","NOK","2000 GB Commitment Tier Capacity Reservation","2000","1/Day","46050.807","2021-06-01T00:00:00.000Z","1952.9439","23.0254"
"2023-10-02T06:08:46.154Z","Azure Monitor","francesouth","NOK","5000 GB Commitment Tier Capacity Reservation","5000","1/Day","111659.3363","2021-06-01T00:00:00.000Z","4849.3983","22.3319"
"2023-11-02T06:08:26.681Z","Azure Monitor","francesouth","NOK","Pay-as-you-go Data Ingestion","Pay-as-you-go","1 GB","30.7855","2018-02-01T00:00:00.000Z","0","30.7855"
"2023-11-02T06:08:26.681Z","Azure Monitor","francesouth","NOK","100 GB Commitment Tier Capacity Reservation","100","1/Day","2820.2153","2019-11-01T00:00:00.000Z","91.6086","28.2022"
"2023-11-02T06:08:26.681Z","Azure Monitor","francesouth","NOK","200 GB Commitment Tier Capacity Reservation","200","1/Day","5295.0981","2019-11-01T00:00:00.000Z","187.7548","26.4755"
"2023-11-02T06:08:26.681Z","Azure Monitor","francesouth","NOK","300 GB Commitment Tier Capacity Reservation","300","1/Day","7769.9809","2019-11-01T00:00:00.000Z","293.4782","25.8999"
"2023-11-02T06:08:26.681Z","Azure Monitor","francesouth","NOK","400 GB Commitment Tier Capacity Reservation","400","1/Day","10129.7529","2019-11-01T00:00:00.000Z","391.1117","25.3244"
"2023-11-02T06:08:26.681Z","Azure Monitor","francesouth","NOK","500 GB Commitment Tier Capacity Reservation","500","1/Day","12446.3583","2019-11-01T00:00:00.000Z","491.4769","24.8927"
"2023-11-02T06:08:26.681Z","Azure Monitor","francesouth","NOK","1000 GB Commitment Tier Capacity Reservation","1000","1/Day","24461.0509","2021-06-01T00:00:00.000Z","982.6596","24.4611"
"2023-11-02T06:08:26.681Z","Azure Monitor","francesouth","NOK","2000 GB Commitment Tier Capacity Reservation","2000","1/Day","47770.9936","2021-06-01T00:00:00.000Z","1952.9373","23.8855"
"2023-11-02T06:08:26.681Z","Azure Monitor","francesouth","NOK","5000 GB Commitment Tier Capacity Reservation","5000","1/Day","115830.2707","2021-06-01T00:00:00.000Z","4849.3969","23.1661"
"2023-12-02T06:07:58.693Z","Azure Monitor","francesouth","NOK","Pay-as-you-go Data Ingestion","Pay-as-you-go","1 GB","29.3921","2018-02-01T00:00:00.000Z","0","29.3921"
"2023-12-02T06:07:58.693Z","Azure Monitor","francesouth","NOK","100 GB Commitment Tier Capacity Reservation","100","1/Day","2692.569","2019-11-01T00:00:00.000Z","91.6086","26.9257"
"2023-12-02T06:07:58.693Z","Azure Monitor","francesouth","NOK","200 GB Commitment Tier Capacity Reservation","200","1/Day","5055.4357","2019-11-01T00:00:00.000Z","187.755","25.2772"
"2023-12-02T06:07:58.693Z","Azure Monitor","francesouth","NOK","300 GB Commitment Tier Capacity Reservation","300","1/Day","7418.3024","2019-11-01T00:00:00.000Z","293.478","24.7277"
"2023-12-02T06:07:58.693Z","Azure Monitor","francesouth","NOK","400 GB Commitment Tier Capacity Reservation","400","1/Day","9671.2683","2019-11-01T00:00:00.000Z","391.1107","24.1782"
"2023-12-02T06:07:58.693Z","Azure Monitor","francesouth","NOK","500 GB Commitment Tier Capacity Reservation","500","1/Day","11883.0214","2019-11-01T00:00:00.000Z","491.4767","23.766"
"2023-12-02T06:07:58.693Z","Azure Monitor","francesouth","NOK","1000 GB Commitment Tier Capacity Reservation","1000","1/Day","23353.9149","2021-06-01T00:00:00.000Z","982.6607","23.3539"
"2023-12-02T06:07:58.693Z","Azure Monitor","francesouth","NOK","2000 GB Commitment Tier Capacity Reservation","2000","1/Day","45608.822","2021-06-01T00:00:00.000Z","1952.9424","22.8044"
"2023-12-02T06:07:58.693Z","Azure Monitor","francesouth","NOK","5000 GB Commitment Tier Capacity Reservation","5000","1/Day","110587.6558","2021-06-01T00:00:00.000Z","4849.3999","22.1175"
"2024-01-02T06:08:37.104Z","Azure Monitor","francesouth","NOK","Pay-as-you-go Data Ingestion","Pay-as-you-go","1 GB","27.8012","2018-02-01T00:00:00.000Z","0","27.8012"
"2024-01-02T06:08:37.104Z","Azure Monitor","francesouth","NOK","100 GB Commitment Tier Capacity Reservation","100","1/Day","2546.832","2019-11-01T00:00:00.000Z","91.6087","25.4683"
"2024-01-02T06:08:37.104Z","Azure Monitor","francesouth","NOK","200 GB Commitment Tier Capacity Reservation","200","1/Day","4781.8071","2019-11-01T00:00:00.000Z","187.7553","23.909"
"2024-01-02T06:08:37.104Z","Azure Monitor","francesouth","NOK","300 GB Commitment Tier Capacity Reservation","300","1/Day","7016.7821","2019-11-01T00:00:00.000Z","293.4787","23.3893"
"2024-01-02T06:08:37.104Z","Azure Monitor","francesouth","NOK","400 GB Commitment Tier Capacity Reservation","400","1/Day","9147.8049","2019-11-01T00:00:00.000Z","391.1107","22.8695"
"2024-01-02T06:08:37.104Z","Azure Monitor","francesouth","NOK","500 GB Commitment Tier Capacity Reservation","500","1/Day","11239.8455","2019-11-01T00:00:00.000Z","491.4775","22.4797"
"2024-01-02T06:08:37.104Z","Azure Monitor","francesouth","NOK","1000 GB Commitment Tier Capacity Reservation","1000","1/Day","22089.8697","2021-06-01T00:00:00.000Z","982.6586","22.0899"
"2024-01-02T06:08:37.104Z","Azure Monitor","francesouth","NOK","2000 GB Commitment Tier Capacity Reservation","2000","1/Day","43140.2161","2021-06-01T00:00:00.000Z","1952.9385","21.5701"
"2024-01-02T06:08:37.104Z","Azure Monitor","francesouth","NOK","5000 GB Commitment Tier Capacity Reservation","5000","1/Day","104602.0301","2021-06-01T00:00:00.000Z","4849.3994","20.9204"
"2024-02-02T06:08:03.849Z","Azure Monitor","francesouth","NOK","Pay-as-you-go Data Ingestion","Pay-as-you-go","1 GB","28.8742","2018-02-01T00:00:00.000Z","0","28.8742"
"2024-02-02T06:08:03.849Z","Azure Monitor","francesouth","NOK","100 GB Commitment Tier Capacity Reservation","100","1/Day","2645.1236","2019-11-01T00:00:00.000Z","91.6086","26.4512"
"2024-02-02T06:08:03.849Z","Azure Monitor","francesouth","NOK","200 GB Commitment Tier Capacity Reservation","200","1/Day","4966.3545","2019-11-01T00:00:00.000Z","187.7554","24.8318"
"2024-02-02T06:08:03.849Z","Azure Monitor","francesouth","NOK","300 GB Commitment Tier Capacity Reservation","300","1/Day","7287.5854","2019-11-01T00:00:00.000Z","293.4779","24.292"
"2024-02-02T06:08:03.849Z","Azure Monitor","francesouth","NOK","400 GB Commitment Tier Capacity Reservation","400","1/Day","9500.8521","2019-11-01T00:00:00.000Z","391.1103","23.7521"
"2024-02-02T06:08:03.849Z","Azure Monitor","francesouth","NOK","500 GB Commitment Tier Capacity Reservation","500","1/Day","11673.6322","2019-11-01T00:00:00.000Z","491.4779","23.3473"
"2024-02-02T06:08:03.849Z","Azure Monitor","francesouth","NOK","1000 GB Commitment Tier Capacity Reservation","1000","1/Day","22942.3984","2021-06-01T00:00:00.000Z","982.6575","22.9424"
"2024-02-02T06:08:03.849Z","Azure Monitor","francesouth","NOK","2000 GB Commitment Tier Capacity Reservation","2000","1/Day","44805.1546","2021-06-01T00:00:00.000Z","1952.941","22.4026"
"2024-02-02T06:08:03.849Z","Azure Monitor","francesouth","NOK","5000 GB Commitment Tier Capacity Reservation","5000","1/Day","108639.0044","2021-06-01T00:00:00.000Z","4849.3927","21.7278"
"2024-03-02T06:08:20.311Z","Azure Monitor","francesouth","NOK","Pay-as-you-go Data Ingestion","Pay-as-you-go","1 GB","29.0566","2018-02-01T00:00:00.000Z","0","29.0566"
"2024-03-02T06:08:20.311Z","Azure Monitor","francesouth","NOK","100 GB Commitment Tier Capacity Reservation","100","1/Day","2661.8363","2019-11-01T00:00:00.000Z","91.6087","26.6184"
"2024-03-02T06:08:20.311Z","Azure Monitor","francesouth","NOK","200 GB Commitment Tier Capacity Reservation","200","1/Day","4997.7335","2019-11-01T00:00:00.000Z","187.7548","24.9887"
"2024-03-02T06:08:20.311Z","Azure Monitor","francesouth","NOK","300 GB Commitment Tier Capacity Reservation","300","1/Day","7333.6306","2019-11-01T00:00:00.000Z","293.4779","24.4454"
"2024-03-02T06:08:20.311Z","Azure Monitor","francesouth","NOK","400 GB Commitment Tier Capacity Reservation","400","1/Day","9560.8814","2019-11-01T00:00:00.000Z","391.1117","23.9022"
"2024-03-02T06:08:20.311Z","Azure Monitor","francesouth","NOK","500 GB Commitment Tier Capacity Reservation","500","1/Day","11747.3898","2019-11-01T00:00:00.000Z","491.4773","23.4948"
"2024-03-02T06:08:20.311Z","Azure Monitor","francesouth","NOK","1000 GB Commitment Tier Capacity Reservation","1000","1/Day","23087.3557","2021-06-01T00:00:00.000Z","982.6581","23.0874"
"2024-03-02T06:08:20.311Z","Azure Monitor","francesouth","NOK","2000 GB Commitment Tier Capacity Reservation","2000","1/Day","45088.2477","2021-06-01T00:00:00.000Z","1952.9374","22.5441"
"2024-03-02T06:08:20.311Z","Azure Monitor","francesouth","NOK","5000 GB Commitment Tier Capacity Reservation","5000","1/Day","109325.4199","2021-06-01T00:00:00.000Z","4849.4027","21.8651"
"2024-04-03T09:26:28.723Z","Azure Monitor","francesouth","NOK","Pay-as-you-go Data Ingestion","Pay-as-you-go","1 GB","29.6614","2018-02-01T00:00:00.000Z","0","29.6614"
"2024-04-03T09:26:28.723Z","Azure Monitor","francesouth","NOK","100 GB Commitment Tier Capacity Reservation","100","1/Day","2717.2462","2019-11-01T00:00:00.000Z","91.6088","27.1725"
"2024-04-03T09:26:28.723Z","Azure Monitor","francesouth","NOK","200 GB Commitment Tier Capacity Reservation","200","1/Day","5101.7684","2019-11-01T00:00:00.000Z","187.7548","25.5088"
"2024-04-03T09:26:28.723Z","Azure Monitor","francesouth","NOK","300 GB Commitment Tier Capacity Reservation","300","1/Day","7486.2905","2019-11-01T00:00:00.000Z","293.4787","24.9543"
"2024-04-03T09:26:28.723Z","Azure Monitor","francesouth","NOK","400 GB Commitment Tier Capacity Reservation","400","1/Day","9759.9047","2019-11-01T00:00:00.000Z","391.1111","24.3998"
"2024-04-03T09:26:28.723Z","Azure Monitor","francesouth","NOK","500 GB Commitment Tier Capacity Reservation","500","1/Day","11991.9284","2019-11-01T00:00:00.000Z","491.4765","23.9839"
"2024-04-03T09:26:28.723Z","Azure Monitor","francesouth","NOK","1000 GB Commitment Tier Capacity Reservation","1000","1/Day","23567.9517","2021-06-01T00:00:00.000Z","982.6572","23.568"
"2024-04-03T09:26:28.723Z","Azure Monitor","francesouth","NOK","2000 GB Commitment Tier Capacity Reservation","2000","1/Day","46026.8233","2021-06-01T00:00:00.000Z","1952.9372","23.0134"
"2024-04-03T09:26:28.723Z","Azure Monitor","francesouth","NOK","5000 GB Commitment Tier Capacity Reservation","5000","1/Day","111601.183","2021-06-01T00:00:00.000Z","4849.4","22.3202"
"2024-05-01T06:09:59.892Z","Azure Monitor","francesouth","NOK","Pay-as-you-go Data Ingestion","Pay-as-you-go","1 GB","30.4446","2018-02-01T00:00:00.000Z","0","30.4446"
"2024-05-01T06:09:59.892Z","Azure Monitor","francesouth","NOK","100 GB Commitment Tier Capacity Reservation","100","1/Day","2788.9895","2019-11-01T00:00:00.000Z","91.6087","27.8899"
"2024-05-01T06:09:59.892Z","Azure Monitor","francesouth","NOK","200 GB Commitment Tier Capacity Reservation","200","1/Day","5236.4702","2019-11-01T00:00:00.000Z","187.7551","26.1824"
"2024-05-01T06:09:59.892Z","Azure Monitor","francesouth","NOK","300 GB Commitment Tier Capacity Reservation","300","1/Day","7683.9508","2019-11-01T00:00:00.000Z","293.4777","25.6132"
"2024-05-01T06:09:59.892Z","Azure Monitor","francesouth","NOK","400 GB Commitment Tier Capacity Reservation","400","1/Day","10017.5951","2019-11-01T00:00:00.000Z","391.1106","25.044"
"2024-05-01T06:09:59.892Z","Azure Monitor","francesouth","NOK","500 GB Commitment Tier Capacity Reservation","500","1/Day","12308.5508","2019-11-01T00:00:00.000Z","491.477","24.6171"
"2024-05-01T06:09:59.892Z","Azure Monitor","francesouth","NOK","1000 GB Commitment Tier Capacity Reservation","1000","1/Day","24190.2154","2021-06-01T00:00:00.000Z","982.659","24.1902"
"2024-05-01T06:09:59.892Z","Azure Monitor","francesouth","NOK","2000 GB Commitment Tier Capacity Reservation","2000","1/Day","47242.0678","2021-06-01T00:00:00.000Z","1952.9424","23.621"
"2024-05-01T06:09:59.892Z","Azure Monitor","francesouth","NOK","5000 GB Commitment Tier Capacity Reservation","5000","1/Day","114547.7849","2021-06-01T00:00:00.000Z","4849.4046","22.9096"
"2024-06-02T06:10:06.668Z","Azure Monitor","francesouth","NOK","Pay-as-you-go Data Ingestion","Pay-as-you-go","1 GB","29.1518","2018-02-01T00:00:00.000Z","0","29.1518"
"2024-06-02T06:10:06.668Z","Azure Monitor","francesouth","NOK","100 GB Commitment Tier Capacity Reservation","100","1/Day","2670.5593","2019-11-01T00:00:00.000Z","91.6087","26.7056"
"2024-06-02T06:10:06.668Z","Azure Monitor","francesouth","NOK","200 GB Commitment Tier Capacity Reservation","200","1/Day","5014.1113","2019-11-01T00:00:00.000Z","187.7551","25.0706"
"2024-06-02T06:10:06.668Z","Azure Monitor","francesouth","NOK","300 GB Commitment Tier Capacity Reservation","300","1/Day","7357.6634","2019-11-01T00:00:00.000Z","293.4778","24.5255"
"2024-06-02T06:10:06.668Z","Azure Monitor","francesouth","NOK","400 GB Commitment Tier Capacity Reservation","400","1/Day","9592.213","2019-11-01T00:00:00.000Z","391.1118","23.9805"
"2024-06-02T06:10:06.668Z","Azure Monitor","francesouth","NOK","500 GB Commitment Tier Capacity Reservation","500","1/Day","11785.8867","2019-11-01T00:00:00.000Z","491.4779","23.5718"
"2024-06-02T06:10:06.668Z","Azure Monitor","francesouth","NOK","1000 GB Commitment Tier Capacity Reservation","1000","1/Day","23163.0143","2021-06-01T00:00:00.000Z","982.6578","23.163"
"2024-06-02T06:10:06.668Z","Azure Monitor","francesouth","NOK","2000 GB Commitment Tier Capacity Reservation","2000","1/Day","45236.0043","2021-06-01T00:00:00.000Z","1952.9424","22.618"
"2024-06-02T06:10:06.668Z","Azure Monitor","francesouth","NOK","5000 GB Commitment Tier Capacity Reservation","5000","1/Day","109683.6851","2021-06-01T00:00:00.000Z","4849.3981","21.9367"
"2024-07-01T06:11:21.244Z","Azure Monitor","francesouth","NOK","Pay-as-you-go Data Ingestion","Pay-as-you-go","1 GB","29.4655","2018-02-01T00:00:00.000Z","0","29.4655"
"2024-07-01T06:11:21.244Z","Azure Monitor","francesouth","NOK","100 GB Commitment Tier Capacity Reservation","100","1/Day","2699.2946","2019-11-01T00:00:00.000Z","91.6086","26.9929"
"2024-07-01T06:11:21.244Z","Azure Monitor","francesouth","NOK","200 GB Commitment Tier Capacity Reservation","200","1/Day","5068.0632","2019-11-01T00:00:00.000Z","187.7554","25.3403"
"2024-07-01T06:11:21.244Z","Azure Monitor","francesouth","NOK","300 GB Commitment Tier Capacity Reservation","300","1/Day","7436.8319","2019-11-01T00:00:00.000Z","293.4784","24.7894"
"2024-07-01T06:11:21.244Z","Azure Monitor","francesouth","NOK","400 GB Commitment Tier Capacity Reservation","400","1/Day","9695.4253","2019-11-01T00:00:00.000Z","391.1117","24.2386"
"2024-07-01T06:11:21.244Z","Azure Monitor","francesouth","NOK","500 GB Commitment Tier Capacity Reservation","500","1/Day","11912.703","2019-11-01T00:00:00.000Z","491.4765","23.8254"
"2024-07-01T06:11:21.244Z","Azure Monitor","francesouth","NOK","1000 GB Commitment Tier Capacity Reservation","1000","1/Day","23412.2487","2021-06-01T00:00:00.000Z","982.6592","23.4122"
"2024-07-01T06:11:21.244Z","Azure Monitor","francesouth","NOK","2000 GB Commitment Tier Capacity Reservation","2000","1/Day","45722.7445","2021-06-01T00:00:00.000Z","1952.9452","22.8614"
"2024-07-01T06:11:21.244Z","Azure Monitor","francesouth","NOK","5000 GB Commitment Tier Capacity Reservation","5000","1/Day","110863.8835","2021-06-01T00:00:00.000Z","4849.3917","22.1728"
"2024-08-02T06:11:10.559Z","Azure Monitor","francesouth","NOK","Pay-as-you-go Data Ingestion","Pay-as-you-go","1 GB","30.3675","2018-02-01T00:00:00.000Z","0","30.3675"
"2024-08-02T06:11:10.559Z","Azure Monitor","francesouth","NOK","100 GB Commitment Tier Capacity Reservation","100","1/Day","2781.9227","2019-11-01T00:00:00.000Z","91.6086","27.8192"
"2024-08-02T06:11:10.559Z","Azure Monitor","francesouth","NOK","200 GB Commitment Tier Capacity Reservation","200","1/Day","5223.2017","2019-11-01T00:00:00.000Z","187.7553","26.1160"
"2024-08-02T06:11:10.559Z","Azure Monitor","francesouth","NOK","300 GB Commitment Tier Capacity Reservation","300","1/Day","7664.4808","2019-11-01T00:00:00.000Z","293.4784","25.5483"
"2024-08-02T06:11:10.559Z","Azure Monitor","francesouth","NOK","400 GB Commitment Tier Capacity Reservation","400","1/Day","9992.212","2019-11-01T00:00:00.000Z","391.1106","24.9805"
"2024-08-02T06:11:10.559Z","Azure Monitor","francesouth","NOK","500 GB Commitment Tier Capacity Reservation","500","1/Day","12277.3628","2019-11-01T00:00:00.000Z","491.4779","24.5547"
"2024-08-02T06:11:10.559Z","Azure Monitor","francesouth","NOK","1000 GB Commitment Tier Capacity Reservation","1000","1/Day","24128.9211","2021-06-01T00:00:00.000Z","982.6600","24.1289"
"2024-08-02T06:11:10.559Z","Azure Monitor","francesouth","NOK","2000 GB Commitment Tier Capacity Reservation","2000","1/Day","47122.3636","2021-06-01T00:00:00.000Z","1952.9429","23.5612"
"2024-08-02T06:11:10.559Z","Azure Monitor","francesouth","NOK","5000 GB Commitment Tier Capacity Reservation","5000","1/Day","114257.5381","2021-06-01T00:00:00.000Z","4849.3938","22.8515"
