"TimeGenerated","ServiceName","ArmRegionName","CurrencyCode","MeterName","Tier","UnitOfMeasure","RetailPrice","EffectiveStartDate","EffectiveCommitmentTierThresholdGB","EffectivePricePerGB"
"2023-03-29T15:50:58.330Z","Azure Monitor","francesouth","TWD","Pay-as-you-go Data Ingestion","Pay-as-you-go","1 GB","84.0958","2018-02-01T00:00:00.000Z","0","84.0958"
"2023-03-29T15:50:58.330Z","Azure Monitor","francesouth","TWD","100 GB Commitment Tier Capacity Reservation","100","1/Day","7703.9084","2019-11-01T00:00:00.000Z","91.6087","77.0391"
"2023-03-29T15:50:58.330Z","Azure Monitor","francesouth","TWD","200 GB Commitment Tier Capacity Reservation","200","1/Day","14464.481","2019-11-01T00:00:00.000Z","187.7551","72.3224"
"2023-03-29T15:50:58.330Z","Azure Monitor","francesouth","TWD","300 GB Commitment Tier Capacity Reservation","300","1/Day","21225.0537","2019-11-01T00:00:00.000Z","293.4783","70.7502"
"2023-03-29T15:50:58.330Z","Azure Monitor","francesouth","TWD","400 GB Commitment Tier Capacity Reservation","400","1/Day","27671.1811","2019-11-01T00:00:00.000Z","391.111","69.178"
"2023-03-29T15:50:58.330Z","Azure Monitor","francesouth","TWD","500 GB Commitment Tier Capacity Reservation","500","1/Day","33999.3916","2019-11-01T00:00:00.000Z","491.4769","67.9988"
"2023-03-29T15:50:58.330Z","Azure Monitor","francesouth","TWD","1000 GB Commitment Tier Capacity Reservation","1000","1/Day","66819.6135","2021-06-01T02:00:00.000Z","982.6587","66.8196"
"2023-03-29T15:50:58.330Z","Azure Monitor","francesouth","TWD","2000 GB Commitment Tier Capacity Reservation","2000","1/Day","130494.7746","2021-06-01T02:00:00.000Z","1952.9416","65.2474"
"2023-03-29T15:50:58.330Z","Azure Monitor","francesouth","TWD","5000 GB Commitment Tier Capacity Reservation","5000","1/Day","316410.5227","2021-06-01T02:00:00.000Z","4849.3966","63.2821"
"2023-04-12T13:28:34.468Z","Azure Monitor","francesouth","TWD","Pay-as-you-go Data Ingestion","Pay-as-you-go","1 GB","84.0047","2018-02-01T00:00:00.000Z","0","84.0047"
"2023-04-12T13:28:34.468Z","Azure Monitor","francesouth","TWD","100 GB Commitment Tier Capacity Reservation","100","1/Day","7695.5647","2019-11-01T00:00:00.000Z","91.6087","76.9556"
"2023-04-12T13:28:34.468Z","Azure Monitor","francesouth","TWD","200 GB Commitment Tier Capacity Reservation","200","1/Day","14448.8153","2019-11-01T00:00:00.000Z","187.7552","72.2441"
"2023-04-12T13:28:34.468Z","Azure Monitor","francesouth","TWD","300 GB Commitment Tier Capacity Reservation","300","1/Day","21202.0659","2019-11-01T00:00:00.000Z","293.4782","70.6736"
"2023-04-12T13:28:34.468Z","Azure Monitor","francesouth","TWD","400 GB Commitment Tier Capacity Reservation","400","1/Day","27641.2118","2019-11-01T00:00:00.000Z","391.1109","69.103"
"2023-04-12T13:28:34.468Z","Azure Monitor","francesouth","TWD","500 GB Commitment Tier Capacity Reservation","500","1/Day","33962.5685","2019-11-01T00:00:00.000Z","491.4775","67.9251"
"2023-04-12T13:28:34.468Z","Azure Monitor","francesouth","TWD","1000 GB Commitment Tier Capacity Reservation","1000","1/Day","66747.2445","2021-06-01T02:00:00.000Z","982.6595","66.7472"
"2023-04-12T13:28:34.468Z","Azure Monitor","francesouth","TWD","2000 GB Commitment Tier Capacity Reservation","2000","1/Day","130353.4422","2021-06-01T02:00:00.000Z","1952.9425","65.1767"
"2023-04-12T13:28:34.468Z","Azure Monitor","francesouth","TWD","5000 GB Commitment Tier Capacity Reservation","5000","1/Day","316067.8342","2021-06-01T02:00:00.000Z","4849.3992","63.2136"
"2023-05-02T08:07:40.927Z","Azure Monitor","francesouth","TWD","Pay-as-you-go Data Ingestion","Pay-as-you-go","1 GB","84.8038","2018-02-01T00:00:00.000Z","0","84.8038"
"2023-05-02T08:07:40.927Z","Azure Monitor","francesouth","TWD","100 GB Commitment Tier Capacity Reservation","100","1/Day","7768.7618","2019-11-01T00:00:00.000Z","91.6087","77.6876"
"2023-05-02T08:07:40.927Z","Azure Monitor","francesouth","TWD","200 GB Commitment Tier Capacity Reservation","200","1/Day","14586.2467","2019-11-01T00:00:00.000Z","187.7551","72.9312"
"2023-05-02T08:07:40.927Z","Azure Monitor","francesouth","TWD","300 GB Commitment Tier Capacity Reservation","300","1/Day","21403.7316","2019-11-01T00:00:00.000Z","293.4784","71.3458"
"2023-05-02T08:07:40.927Z","Azure Monitor","francesouth","TWD","400 GB Commitment Tier Capacity Reservation","400","1/Day","27904.1242","2019-11-01T00:00:00.000Z","391.111","69.7603"
"2023-05-02T08:07:40.927Z","Azure Monitor","francesouth","TWD","500 GB Commitment Tier Capacity Reservation","500","1/Day","34285.6071","2019-11-01T00:00:00.000Z","491.4773","68.5712"
"2023-05-02T08:07:40.927Z","Azure Monitor","francesouth","TWD","1000 GB Commitment Tier Capacity Reservation","1000","1/Day","67382.118","2021-06-01T02:00:00.000Z","982.6592","67.3821"
"2023-05-02T08:07:40.927Z","Azure Monitor","francesouth","TWD","2000 GB Commitment Tier Capacity Reservation","2000","1/Day","131593.3128","2021-06-01T02:00:00.000Z","1952.9417","65.7967"
"2023-05-02T08:07:40.927Z","Azure Monitor","francesouth","TWD","5000 GB Commitment Tier Capacity Reservation","5000","1/Day","319074.147","2021-06-01T02:00:00.000Z","4849.3944","63.8148"
"2023-06-02T08:07:42.568Z","Azure Monitor","francesouth","TWD","Pay-as-you-go Data Ingestion","Pay-as-you-go","1 GB","84.8465","2018-02-01T00:00:00.000Z","0","84.8465"
"2023-06-02T08:07:42.568Z","Azure Monitor","francesouth","TWD","100 GB Commitment Tier Capacity Reservation","100","1/Day","7772.6809","2019-11-01T00:00:00.000Z","91.6087","77.7268"
"2023-06-02T08:07:42.568Z","Azure Monitor","francesouth","TWD","200 GB Commitment Tier Capacity Reservation","200","1/Day","14593.6049","2019-11-01T00:00:00.000Z","187.7551","72.968"
"2023-06-02T08:07:42.568Z","Azure Monitor","francesouth","TWD","300 GB Commitment Tier Capacity Reservation","300","1/Day","21414.5289","2019-11-01T00:00:00.000Z","293.4784","71.3818"
"2023-06-02T08:07:42.568Z","Azure Monitor","francesouth","TWD","400 GB Commitment Tier Capacity Reservation","400","1/Day","27918.2006","2019-11-01T00:00:00.000Z","391.1109","69.7955"
"2023-06-02T08:07:42.568Z","Azure Monitor","francesouth","TWD","500 GB Commitment Tier Capacity Reservation","500","1/Day","34302.9028","2019-11-01T00:00:00.000Z","491.4773","68.6058"
"2023-06-02T08:07:42.568Z","Azure Monitor","francesouth","TWD","1000 GB Commitment Tier Capacity Reservation","1000","1/Day","67416.1095","2021-06-01T02:00:00.000Z","982.659","67.4161"
"2023-06-02T08:07:42.568Z","Azure Monitor","francesouth","TWD","2000 GB Commitment Tier Capacity Reservation","2000","1/Day","131659.6962","2021-06-01T02:00:00.000Z","1952.9415","65.8298"
"2023-06-02T08:07:42.568Z","Azure Monitor","francesouth","TWD","5000 GB Commitment Tier Capacity Reservation","5000","1/Day","319235.1067","2021-06-01T02:00:00.000Z","4849.4011","63.847"
"2023-07-07T06:09:02.036Z","Azure Monitor","francesouth","TWD","Pay-as-you-go Data Ingestion","Pay-as-you-go","1 GB","85.7422","2018-02-01T00:00:00.000Z","0","85.7422"
"2023-07-07T06:09:02.036Z","Azure Monitor","francesouth","TWD","100 GB Commitment Tier Capacity Reservation","100","1/Day","7854.7274","2019-11-01T00:00:00.000Z","91.6087","78.5473"
"2023-07-07T06:09:02.036Z","Azure Monitor","francesouth","TWD","200 GB Commitment Tier Capacity Reservation","200","1/Day","14747.6515","2019-11-01T00:00:00.000Z","187.755","73.7383"
"2023-07-07T06:09:02.036Z","Azure Monitor","francesouth","TWD","300 GB Commitment Tier Capacity Reservation","300","1/Day","21640.5756","2019-11-01T00:00:00.000Z","293.4781","72.1353"
"2023-07-07T06:09:02.036Z","Azure Monitor","francesouth","TWD","400 GB Commitment Tier Capacity Reservation","400","1/Day","28212.8986","2019-11-01T00:00:00.000Z","391.1109","70.5322"
"2023-07-07T06:09:02.036Z","Azure Monitor","francesouth","TWD","500 GB Commitment Tier Capacity Reservation","500","1/Day","34664.9961","2019-11-01T00:00:00.000Z","491.4776","69.33"
"2023-07-07T06:09:02.036Z","Azure Monitor","francesouth","TWD","1000 GB Commitment Tier Capacity Reservation","1000","1/Day","68127.738","2021-06-01T00:00:00.000Z","982.6588","68.1277"
"2023-07-07T06:09:02.036Z","Azure Monitor","francesouth","TWD","2000 GB Commitment Tier Capacity Reservation","2000","1/Day","133049.4648","2021-06-01T00:00:00.000Z","1952.9423","66.5247"
"2023-07-07T06:09:02.036Z","Azure Monitor","francesouth","TWD","5000 GB Commitment Tier Capacity Reservation","5000","1/Day","322604.877","2021-06-01T00:00:00.000Z","4849.4","64.521"
"2023-08-01T06:08:30.007Z","Azure Monitor","francesouth","TWD","Pay-as-you-go Data Ingestion","Pay-as-you-go","1 GB","86.2196","2018-02-01T00:00:00.000Z","0","86.2196"
"2023-08-01T06:08:30.007Z","Azure Monitor","francesouth","TWD","100 GB Commitment Tier Capacity Reservation","100","1/Day","7898.4688","2019-11-01T00:00:00.000Z","91.6087","78.9847"
"2023-08-01T06:08:30.007Z","Azure Monitor","francesouth","TWD","300 GB Commitment Tier Capacity Reservation","300","1/Day","21761.0874","2019-11-01T00:00:00.000Z","295.1124","72.537"
"2023-08-01T06:08:30.007Z","Azure Monitor","francesouth","TWD","400 GB Commitment Tier Capacity Reservation","400","1/Day","28370.0102","2019-11-01T00:00:00.000Z","391.1109","70.925"
"2023-08-01T06:08:30.007Z","Azure Monitor","francesouth","TWD","500 GB Commitment Tier Capacity Reservation","500","1/Day","34858.0382","2019-11-01T00:00:00.000Z","491.4775","69.7161"
"2023-08-01T06:08:30.007Z","Azure Monitor","francesouth","TWD","1000 GB Commitment Tier Capacity Reservation","1000","1/Day","68507.127","2021-06-01T00:00:00.000Z","982.6586","68.5071"
"2023-08-01T06:08:30.007Z","Azure Monitor","francesouth","TWD","2000 GB Commitment Tier Capacity Reservation","2000","1/Day","133790.3892","2021-06-01T00:00:00.000Z","1952.9419","66.8952"
"2023-08-01T06:08:30.007Z","Azure Monitor","francesouth","TWD","5000 GB Commitment Tier Capacity Reservation","5000","1/Day","324401.3955","2021-06-01T00:00:00.000Z","4849.3972","64.8803"
"2023-08-02T06:09:03.844Z","Azure Monitor","francesouth","TWD","200 GB Commitment Tier Capacity Reservation","200","1/Day","14829.7781","2019-11-01T00:00:00.000Z","187.7551","74.1489"
"2023-09-02T06:07:00.316Z","Azure Monitor","francesouth","TWD","Pay-as-you-go Data Ingestion","Pay-as-you-go","1 GB","88.0067","2018-02-01T00:00:00.000Z","0","88.0067"
"2023-09-02T06:07:00.316Z","Azure Monitor","francesouth","TWD","100 GB Commitment Tier Capacity Reservation","100","1/Day","8062.1827","2019-11-01T00:00:00.000Z","91.6087","80.6218"
"2023-09-02T06:07:00.316Z","Azure Monitor","francesouth","TWD","200 GB Commitment Tier Capacity Reservation","200","1/Day","15137.1593","2019-11-01T00:00:00.000Z","187.7552","75.6858"
"2023-09-02T06:07:00.316Z","Azure Monitor","francesouth","TWD","300 GB Commitment Tier Capacity Reservation","300","1/Day","22212.1359","2019-11-01T00:00:00.000Z","293.4782","74.0405"
"2023-09-02T06:07:00.316Z","Azure Monitor","francesouth","TWD","400 GB Commitment Tier Capacity Reservation","400","1/Day","28958.0438","2019-11-01T00:00:00.000Z","391.1109","72.3951"
"2023-09-02T06:07:00.316Z","Azure Monitor","francesouth","TWD","500 GB Commitment Tier Capacity Reservation","500","1/Day","35580.551","2019-11-01T00:00:00.000Z","491.4773","71.1611"
"2023-09-02T06:07:00.316Z","Azure Monitor","francesouth","TWD","1000 GB Commitment Tier Capacity Reservation","1000","1/Day","69927.0945","2021-06-01T00:00:00.000Z","982.659","69.9271"
"2023-09-02T06:07:00.316Z","Azure Monitor","francesouth","TWD","2000 GB Commitment Tier Capacity Reservation","2000","1/Day","136563.5022","2021-06-01T00:00:00.000Z","1952.941","68.2818"
"2023-09-02T06:07:00.316Z","Azure Monitor","francesouth","TWD","5000 GB Commitment Tier Capacity Reservation","5000","1/Day","331125.3593","2021-06-01T00:00:00.000Z","4849.3941","66.2251"
"2023-10-02T06:08:46.154Z","Azure Monitor","francesouth","TWD","Pay-as-you-go Data Ingestion","Pay-as-you-go","1 GB","89.0183","2018-02-01T00:00:00.000Z","0","89.0183"
"2023-10-02T06:08:46.154Z","Azure Monitor","francesouth","TWD","100 GB Commitment Tier Capacity Reservation","100","1/Day","8154.8485","2019-11-01T00:00:00.000Z","91.6087","81.5485"
"2023-10-02T06:08:46.154Z","Azure Monitor","francesouth","TWD","200 GB Commitment Tier Capacity Reservation","200","1/Day","15311.1442","2019-11-01T00:00:00.000Z","187.7551","76.5557"
"2023-10-02T06:08:46.154Z","Azure Monitor","francesouth","TWD","300 GB Commitment Tier Capacity Reservation","300","1/Day","22467.4398","2019-11-01T00:00:00.000Z","293.4783","74.8915"
"2023-10-02T06:08:46.154Z","Azure Monitor","francesouth","TWD","400 GB Commitment Tier Capacity Reservation","400","1/Day","29290.8845","2019-11-01T00:00:00.000Z","391.1109","73.2272"
"2023-10-02T06:08:46.154Z","Azure Monitor","francesouth","TWD","500 GB Commitment Tier Capacity Reservation","500","1/Day","35989.51","2019-11-01T00:00:00.000Z","491.4773","71.979"
"2023-10-02T06:08:46.154Z","Azure Monitor","francesouth","TWD","1000 GB Commitment Tier Capacity Reservation","1000","1/Day","70730.829","2021-06-01T00:00:00.000Z","982.6592","70.7308"
"2023-10-02T06:08:46.154Z","Azure Monitor","francesouth","TWD","2000 GB Commitment Tier Capacity Reservation","2000","1/Day","138133.1484","2021-06-01T00:00:00.000Z","1952.942","69.0666"
"2023-10-02T06:08:46.154Z","Azure Monitor","francesouth","TWD","5000 GB Commitment Tier Capacity Reservation","5000","1/Day","334931.2785","2021-06-01T00:00:00.000Z","4849.3958","66.9863"
"2023-11-01T06:08:41.407Z","Azure Monitor","francesouth","TWD","Pay-as-you-go Data Ingestion","Pay-as-you-go","1 GB","89.5234","2018-02-01T00:00:00.000Z","0","89.5234"
"2023-11-01T06:08:41.407Z","Azure Monitor","francesouth","TWD","100 GB Commitment Tier Capacity Reservation","100","1/Day","8201.1182","2019-11-01T00:00:00.000Z","91.6087","82.0112"
"2023-11-01T06:08:41.407Z","Azure Monitor","francesouth","TWD","200 GB Commitment Tier Capacity Reservation","200","1/Day","15398.0179","2019-11-01T00:00:00.000Z","187.7551","76.9901"
"2023-11-01T06:08:41.407Z","Azure Monitor","francesouth","TWD","300 GB Commitment Tier Capacity Reservation","300","1/Day","22594.9176","2019-11-01T00:00:00.000Z","293.4782","75.3164"
"2023-11-01T06:08:41.407Z","Azure Monitor","francesouth","TWD","400 GB Commitment Tier Capacity Reservation","400","1/Day","29457.0778","2019-11-01T00:00:00.000Z","391.1111","73.6427"
"2023-11-01T06:08:41.407Z","Azure Monitor","francesouth","TWD","500 GB Commitment Tier Capacity Reservation","500","1/Day","36193.7106","2019-11-01T00:00:00.000Z","491.4772","72.3874"
"2023-11-01T06:08:41.407Z","Azure Monitor","francesouth","TWD","1000 GB Commitment Tier Capacity Reservation","1000","1/Day","71132.148","2021-06-01T00:00:00.000Z","982.6592","71.1321"
"2023-11-01T06:08:41.407Z","Azure Monitor","francesouth","TWD","2000 GB Commitment Tier Capacity Reservation","2000","1/Day","138916.9008","2021-06-01T00:00:00.000Z","1952.9425","69.4585"
"2023-11-01T06:08:41.407Z","Azure Monitor","francesouth","TWD","5000 GB Commitment Tier Capacity Reservation","5000","1/Day","336831.642","2021-06-01T00:00:00.000Z","4849.3941","67.3663"
"2023-12-02T06:07:58.693Z","Azure Monitor","francesouth","TWD","Pay-as-you-go Data Ingestion","Pay-as-you-go","1 GB","86.8462","2018-02-01T00:00:00.000Z","0","86.8462"
"2023-12-02T06:07:58.693Z","Azure Monitor","francesouth","TWD","100 GB Commitment Tier Capacity Reservation","100","1/Day","7955.8634","2019-11-01T00:00:00.000Z","91.6087","79.5586"
"2023-12-02T06:07:58.693Z","Azure Monitor","francesouth","TWD","200 GB Commitment Tier Capacity Reservation","200","1/Day","14937.5395","2019-11-01T00:00:00.000Z","187.7552","74.6877"
"2023-12-02T06:07:58.693Z","Azure Monitor","francesouth","TWD","300 GB Commitment Tier Capacity Reservation","300","1/Day","21919.2156","2019-11-01T00:00:00.000Z","293.4783","73.0641"
"2023-12-02T06:07:58.693Z","Azure Monitor","francesouth","TWD","400 GB Commitment Tier Capacity Reservation","400","1/Day","28576.1626","2019-11-01T00:00:00.000Z","391.1109","71.4404"
"2023-12-02T06:07:58.693Z","Azure Monitor","francesouth","TWD","500 GB Commitment Tier Capacity Reservation","500","1/Day","35111.3361","2019-11-01T00:00:00.000Z","491.4773","70.2227"
"2023-12-02T06:07:58.693Z","Azure Monitor","francesouth","TWD","1000 GB Commitment Tier Capacity Reservation","1000","1/Day","69004.938","2021-06-01T00:00:00.000Z","982.6586","69.0049"
"2023-12-02T06:07:58.693Z","Azure Monitor","francesouth","TWD","2000 GB Commitment Tier Capacity Reservation","2000","1/Day","134762.5848","2021-06-01T00:00:00.000Z","1952.9423","67.3813"
"2023-12-02T06:07:58.693Z","Azure Monitor","francesouth","TWD","5000 GB Commitment Tier Capacity Reservation","5000","1/Day","326758.677","2021-06-01T00:00:00.000Z","4849.397","65.3517"
"2024-01-01T06:09:20.544Z","Azure Monitor","francesouth","TWD","Pay-as-you-go Data Ingestion","Pay-as-you-go","1 GB","85.273","2018-02-01T00:00:00.000Z","0","85.273"
"2024-01-01T06:09:20.544Z","Azure Monitor","francesouth","TWD","100 GB Commitment Tier Capacity Reservation","100","1/Day","7811.7446","2019-11-01T00:00:00.000Z","91.6087","78.1174"
"2024-01-01T06:09:20.544Z","Azure Monitor","francesouth","TWD","200 GB Commitment Tier Capacity Reservation","200","1/Day","14666.9491","2019-11-01T00:00:00.000Z","187.7552","73.3347"
"2024-01-01T06:09:20.544Z","Azure Monitor","francesouth","TWD","300 GB Commitment Tier Capacity Reservation","300","1/Day","21522.1536","2019-11-01T00:00:00.000Z","293.4784","71.7405"
"2024-01-01T06:09:20.544Z","Azure Monitor","francesouth","TWD","400 GB Commitment Tier Capacity Reservation","400","1/Day","28058.5114","2019-11-01T00:00:00.000Z","391.1112","70.1463"
"2024-01-01T06:09:20.544Z","Azure Monitor","francesouth","TWD","500 GB Commitment Tier Capacity Reservation","500","1/Day","34475.3016","2019-11-01T00:00:00.000Z","491.4771","68.9506"
"2024-01-01T06:09:20.544Z","Azure Monitor","francesouth","TWD","1000 GB Commitment Tier Capacity Reservation","1000","1/Day","67754.928","2021-06-01T00:00:00.000Z","982.659","67.7549"
"2024-01-01T06:09:20.544Z","Azure Monitor","francesouth","TWD","2000 GB Commitment Tier Capacity Reservation","2000","1/Day","132321.3888","2021-06-01T00:00:00.000Z","1952.942","66.1607"
"2024-01-01T06:09:20.544Z","Azure Monitor","francesouth","TWD","5000 GB Commitment Tier Capacity Reservation","5000","1/Day","320839.512","2021-06-01T00:00:00.000Z","4849.3972","64.1679"
"2024-02-02T06:08:03.849Z","Azure Monitor","francesouth","TWD","Pay-as-you-go Data Ingestion","Pay-as-you-go","1 GB","86.1851","2018-02-01T00:00:00.000Z","0","86.1851"
"2024-02-02T06:08:03.849Z","Azure Monitor","francesouth","TWD","100 GB Commitment Tier Capacity Reservation","100","1/Day","7895.3083","2019-11-01T00:00:00.000Z","91.6087","78.9531"
"2024-02-02T06:08:03.849Z","Azure Monitor","francesouth","TWD","200 GB Commitment Tier Capacity Reservation","200","1/Day","14823.8441","2019-11-01T00:00:00.000Z","187.7551","74.1192"
"2024-02-02T06:08:03.849Z","Azure Monitor","francesouth","TWD","300 GB Commitment Tier Capacity Reservation","300","1/Day","21752.3799","2019-11-01T00:00:00.000Z","293.4783","72.5079"
"2024-02-02T06:08:03.849Z","Azure Monitor","francesouth","TWD","400 GB Commitment Tier Capacity Reservation","400","1/Day","28358.6582","2019-11-01T00:00:00.000Z","391.1113","70.8966"
"2024-02-02T06:08:03.849Z","Azure Monitor","francesouth","TWD","500 GB Commitment Tier Capacity Reservation","500","1/Day","34844.09","2019-11-01T00:00:00.000Z","491.4776","69.6882"
"2024-02-02T06:08:03.849Z","Azure Monitor","francesouth","TWD","1000 GB Commitment Tier Capacity Reservation","1000","1/Day","68479.7145","2021-06-01T00:00:00.000Z","982.6587","68.4797"
"2024-02-02T06:08:03.849Z","Azure Monitor","francesouth","TWD","2000 GB Commitment Tier Capacity Reservation","2000","1/Day","133736.8542","2021-06-01T00:00:00.000Z","1952.9416","66.8684"
"2024-02-02T06:08:03.849Z","Azure Monitor","francesouth","TWD","5000 GB Commitment Tier Capacity Reservation","5000","1/Day","324271.5893","2021-06-01T00:00:00.000Z","4849.3996","64.8543"
"2024-03-02T06:08:20.311Z","Azure Monitor","francesouth","TWD","Pay-as-you-go Data Ingestion","Pay-as-you-go","1 GB","87.1967","2018-02-01T00:00:00.000Z","0","87.1967"
"2024-03-02T06:08:20.311Z","Azure Monitor","francesouth","TWD","100 GB Commitment Tier Capacity Reservation","100","1/Day","7987.9741","2019-11-01T00:00:00.000Z","91.6087","79.8797"
"2024-03-02T06:08:20.311Z","Azure Monitor","francesouth","TWD","200 GB Commitment Tier Capacity Reservation","200","1/Day","14997.829","2019-11-01T00:00:00.000Z","187.7552","74.9891"
"2024-03-02T06:08:20.311Z","Azure Monitor","francesouth","TWD","300 GB Commitment Tier Capacity Reservation","300","1/Day","22007.6838","2019-11-01T00:00:00.000Z","293.4784","73.3589"
"2024-03-02T06:08:20.311Z","Azure Monitor","francesouth","TWD","400 GB Commitment Tier Capacity Reservation","400","1/Day","28691.4989","2019-11-01T00:00:00.000Z","391.1114","71.7287"
"2024-03-02T06:08:20.311Z","Azure Monitor","francesouth","TWD","500 GB Commitment Tier Capacity Reservation","500","1/Day","35253.0491","2019-11-01T00:00:00.000Z","491.4776","70.5061"
"2024-03-02T06:08:20.311Z","Azure Monitor","francesouth","TWD","1000 GB Commitment Tier Capacity Reservation","1000","1/Day","69283.449","2021-06-01T00:00:00.000Z","982.6589","69.2834"
"2024-03-02T06:08:20.311Z","Azure Monitor","francesouth","TWD","2000 GB Commitment Tier Capacity Reservation","2000","1/Day","135306.5004","2021-06-01T00:00:00.000Z","1952.9426","67.6533"
"2024-03-02T06:08:20.311Z","Azure Monitor","francesouth","TWD","5000 GB Commitment Tier Capacity Reservation","5000","1/Day","328077.5085","2021-06-01T00:00:00.000Z","4849.394","65.6155"
"2024-04-03T09:26:28.723Z","Azure Monitor","francesouth","TWD","Pay-as-you-go Data Ingestion","Pay-as-you-go","1 GB","88.0081","2018-02-01T00:00:00.000Z","0","88.0081"
"2024-04-03T09:26:28.723Z","Azure Monitor","francesouth","TWD","100 GB Commitment Tier Capacity Reservation","100","1/Day","8062.3091","2019-11-01T00:00:00.000Z","91.6087","80.6231"
"2024-04-03T09:26:28.723Z","Azure Monitor","francesouth","TWD","200 GB Commitment Tier Capacity Reservation","200","1/Day","15137.3966","2019-11-01T00:00:00.000Z","187.7551","75.687"
"2024-04-03T09:26:28.723Z","Azure Monitor","francesouth","TWD","300 GB Commitment Tier Capacity Reservation","300","1/Day","22212.4842","2019-11-01T00:00:00.000Z","293.4782","74.0416"
"2024-04-03T09:26:28.723Z","Azure Monitor","francesouth","TWD","400 GB Commitment Tier Capacity Reservation","400","1/Day","28958.4979","2019-11-01T00:00:00.000Z","391.1112","72.3962"
"2024-04-03T09:26:28.723Z","Azure Monitor","francesouth","TWD","500 GB Commitment Tier Capacity Reservation","500","1/Day","35581.1089","2019-11-01T00:00:00.000Z","491.4776","71.1622"
"2024-04-03T09:26:28.723Z","Azure Monitor","francesouth","TWD","1000 GB Commitment Tier Capacity Reservation","1000","1/Day","69928.191","2021-06-01T00:00:00.000Z","982.6592","69.9282"
"2024-04-03T09:26:28.723Z","Azure Monitor","francesouth","TWD","2000 GB Commitment Tier Capacity Reservation","2000","1/Day","136565.6436","2021-06-01T00:00:00.000Z","1952.9409","68.2828"
"2024-04-03T09:26:28.723Z","Azure Monitor","francesouth","TWD","5000 GB Commitment Tier Capacity Reservation","5000","1/Day","331130.5515","2021-06-01T00:00:00.000Z","4849.3991","66.2261"
"2024-05-01T06:09:59.892Z","Azure Monitor","francesouth","TWD","Pay-as-you-go Data Ingestion","Pay-as-you-go","1 GB","89.8242","2018-02-01T00:00:00.000Z","0","89.8242"
"2024-05-01T06:09:59.892Z","Azure Monitor","francesouth","TWD","100 GB Commitment Tier Capacity Reservation","100","1/Day","8228.6778","2019-11-01T00:00:00.000Z","91.6087","82.2868"
"2024-05-01T06:09:59.892Z","Azure Monitor","francesouth","TWD","200 GB Commitment Tier Capacity Reservation","200","1/Day","15449.7624","2019-11-01T00:00:00.000Z","187.7551","77.2488"
"2024-05-01T06:09:59.892Z","Azure Monitor","francesouth","TWD","300 GB Commitment Tier Capacity Reservation","300","1/Day","22670.847","2019-11-01T00:00:00.000Z","293.4783","75.5695"
"2024-05-01T06:09:59.892Z","Azure Monitor","francesouth","TWD","400 GB Commitment Tier Capacity Reservation","400","1/Day","29556.0672","2019-11-01T00:00:00.000Z","391.1111","73.8902"
"2024-05-01T06:09:59.892Z","Azure Monitor","francesouth","TWD","500 GB Commitment Tier Capacity Reservation","500","1/Day","36315.3383","2019-11-01T00:00:00.000Z","491.4771","72.6307"
"2024-05-01T06:09:59.892Z","Azure Monitor","francesouth","TWD","1000 GB Commitment Tier Capacity Reservation","1000","1/Day","71371.185","2021-06-01T00:00:00.000Z","982.6586","71.3712"
"2024-05-01T06:09:59.892Z","Azure Monitor","francesouth","TWD","2000 GB Commitment Tier Capacity Reservation","2000","1/Day","139383.726","2021-06-01T00:00:00.000Z","1952.9408","69.6919"
"2024-05-01T06:09:59.892Z","Azure Monitor","francesouth","TWD","5000 GB Commitment Tier Capacity Reservation","5000","1/Day","337963.5525","2021-06-01T00:00:00.000Z","4849.395","67.5927"
"2024-06-01T06:08:37.725Z","Azure Monitor","francesouth","TWD","Pay-as-you-go Data Ingestion","Pay-as-you-go","1 GB","89.1535","2018-02-01T00:00:00.000Z","0","89.1535"
"2024-06-01T06:08:37.725Z","Azure Monitor","francesouth","TWD","100 GB Commitment Tier Capacity Reservation","100","1/Day","8167.2377","2019-11-01T00:00:00.000Z","91.6087","81.6724"
"2024-06-01T06:08:37.725Z","Azure Monitor","francesouth","TWD","200 GB Commitment Tier Capacity Reservation","200","1/Day","15334.4054","2019-11-01T00:00:00.000Z","187.755","76.672"
"2024-06-01T06:08:37.725Z","Azure Monitor","francesouth","TWD","300 GB Commitment Tier Capacity Reservation","300","1/Day","22501.5732","2019-11-01T00:00:00.000Z","293.4784","75.0052"
"2024-06-01T06:08:37.725Z","Azure Monitor","francesouth","TWD","400 GB Commitment Tier Capacity Reservation","400","1/Day","29335.3843","2019-11-01T00:00:00.000Z","391.1113","73.3385"
"2024-06-01T06:08:37.725Z","Azure Monitor","francesouth","TWD","500 GB Commitment Tier Capacity Reservation","500","1/Day","36044.1867","2019-11-01T00:00:00.000Z","491.477","72.0884"
"2024-06-01T06:08:37.725Z","Azure Monitor","francesouth","TWD","1000 GB Commitment Tier Capacity Reservation","1000","1/Day","70838.286","2021-06-01T00:00:00.000Z","982.6586","70.8383"
"2024-06-01T06:08:37.725Z","Azure Monitor","francesouth","TWD","2000 GB Commitment Tier Capacity Reservation","2000","1/Day","138343.0056","2021-06-01T00:00:00.000Z","1952.9408","69.1715"
"2024-06-01T06:08:37.725Z","Azure Monitor","francesouth","TWD","5000 GB Commitment Tier Capacity Reservation","5000","1/Day","335440.119","2021-06-01T00:00:00.000Z","4849.3978","67.088"
"2024-07-01T06:11:21.244Z","Azure Monitor","francesouth","TWD","Pay-as-you-go Data Ingestion","Pay-as-you-go","1 GB","89.8132","2018-02-01T00:00:00.000Z","0","89.8132"
"2024-07-01T06:11:21.244Z","Azure Monitor","francesouth","TWD","100 GB Commitment Tier Capacity Reservation","100","1/Day","8227.6664","2019-11-01T00:00:00.000Z","91.6087","82.2767"
"2024-07-01T06:11:21.244Z","Azure Monitor","francesouth","TWD","200 GB Commitment Tier Capacity Reservation","200","1/Day","15447.8635","2019-11-01T00:00:00.000Z","187.755","77.2393"
"2024-07-01T06:11:21.244Z","Azure Monitor","francesouth","TWD","300 GB Commitment Tier Capacity Reservation","300","1/Day","22668.0606","2019-11-01T00:00:00.000Z","293.4783","75.5602"
"2024-07-01T06:11:21.244Z","Azure Monitor","francesouth","TWD","400 GB Commitment Tier Capacity Reservation","400","1/Day","29552.4346","2019-11-01T00:00:00.000Z","391.1111","73.8811"
"2024-07-01T06:11:21.244Z","Azure Monitor","francesouth","TWD","500 GB Commitment Tier Capacity Reservation","500","1/Day","36310.8749","2019-11-01T00:00:00.000Z","491.4772","72.6217"
"2024-07-01T06:11:21.244Z","Azure Monitor","francesouth","TWD","1000 GB Commitment Tier Capacity Reservation","1000","1/Day","71362.413","2021-06-01T00:00:00.000Z","982.6596","71.3624"
"2024-07-01T06:11:21.244Z","Azure Monitor","francesouth","TWD","2000 GB Commitment Tier Capacity Reservation","2000","1/Day","139366.5948","2021-06-01T00:00:00.000Z","1952.9415","69.6833"
"2024-07-01T06:11:21.244Z","Azure Monitor","francesouth","TWD","5000 GB Commitment Tier Capacity Reservation","5000","1/Day","337922.0145","2021-06-01T00:00:00.000Z","4849.3974","67.5844"
"2024-08-02T06:11:10.559Z","Azure Monitor","francesouth","TWD","Pay-as-you-go Data Ingestion","Pay-as-you-go","1 GB","90.724","2018-02-01T00:00:00.000Z","0","90.724"
"2024-08-02T06:11:10.559Z","Azure Monitor","francesouth","TWD","100 GB Commitment Tier Capacity Reservation","100","1/Day","8311.1036","2019-11-01T00:00:00.000Z","91.6087","83.1110"
"2024-08-02T06:11:10.559Z","Azure Monitor","francesouth","TWD","200 GB Commitment Tier Capacity Reservation","200","1/Day","15604.5211","2019-11-01T00:00:00.000Z","187.7552","78.0226"
"2024-08-02T06:11:10.559Z","Azure Monitor","francesouth","TWD","300 GB Commitment Tier Capacity Reservation","300","1/Day","22897.9386","2019-11-01T00:00:00.000Z","293.4783","76.3265"
"2024-08-02T06:11:10.559Z","Azure Monitor","francesouth","TWD","400 GB Commitment Tier Capacity Reservation","400","1/Day","29852.1274","2019-11-01T00:00:00.000Z","391.1109","74.6303"
"2024-08-02T06:11:10.559Z","Azure Monitor","francesouth","TWD","500 GB Commitment Tier Capacity Reservation","500","1/Day","36679.1054","2019-11-01T00:00:00.000Z","491.4774","73.3582"
"2024-08-02T06:11:10.559Z","Azure Monitor","francesouth","TWD","1000 GB Commitment Tier Capacity Reservation","1000","1/Day","72086.103","2021-06-01T00:00:00.000Z","982.6591","72.0861"
"2024-08-02T06:11:10.559Z","Azure Monitor","francesouth","TWD","2000 GB Commitment Tier Capacity Reservation","2000","1/Day","140779.9188","2021-06-01T00:00:00.000Z","1952.9413","70.3900"
"2024-08-02T06:11:10.559Z","Azure Monitor","francesouth","TWD","5000 GB Commitment Tier Capacity Reservation","5000","1/Day","341348.8995","2021-06-01T00:00:00.000Z","4849.3948","68.2698"
