"TimeGenerated","ServiceName","ArmRegionName","CurrencyCode","MeterName","Tier","UnitOfMeasure","RetailPrice","EffectiveStartDate","EffectiveCommitmentTierThresholdGB","EffectivePricePerGB"
"2023-03-29T15:50:58.330Z","Azure Monitor","francecentral","CAD","Pay-as-you-go Data Ingestion","Pay-as-you-go","1 GB","3.7657","2018-02-01T00:00:00.000Z","0","3.7657"
"2023-03-29T15:50:58.330Z","Azure Monitor","francecentral","CAD","100 GB Commitment Tier Capacity Reservation","100","1/Day","334.278","2019-11-01T00:00:00.000Z","88.7692","3.3428"
"2023-03-29T15:50:58.330Z","Azure Monitor","francecentral","CAD","200 GB Commitment Tier Capacity Reservation","200","1/Day","627.624","2019-11-01T00:00:00.000Z","187.754","3.1381"
"2023-03-29T15:50:58.330Z","Azure Monitor","francecentral","CAD","300 GB Commitment Tier Capacity Reservation","300","1/Day","920.97","2019-11-01T00:00:00.000Z","293.4801","3.0699"
"2023-03-29T15:50:58.330Z","Azure Monitor","francecentral","CAD","400 GB Commitment Tier Capacity Reservation","400","1/Day","1200.672","2019-11-01T00:00:00.000Z","391.1111","3.0017"
"2023-03-29T15:50:58.330Z","Azure Monitor","francecentral","CAD","500 GB Commitment Tier Capacity Reservation","500","1/Day","1475.2575","2019-11-01T00:00:00.000Z","491.474","2.9505"
"2023-03-29T15:50:58.330Z","Azure Monitor","francecentral","CAD","1000 GB Commitment Tier Capacity Reservation","1000","1/Day","2899.35","2021-06-01T02:00:00.000Z","982.664","2.8994"
"2023-03-29T15:50:58.330Z","Azure Monitor","francecentral","CAD","2000 GB Commitment Tier Capacity Reservation","2000","1/Day","5662.26","2021-06-01T02:00:00.000Z","1952.9075","2.8311"
"2023-03-29T15:50:58.330Z","Azure Monitor","francecentral","CAD","5000 GB Commitment Tier Capacity Reservation","5000","1/Day","13729.275","2021-06-01T02:00:00.000Z","4849.449","2.7459"
"2023-04-12T13:28:34.468Z","Azure Monitor","francecentral","CAD","Pay-as-you-go Data Ingestion","Pay-as-you-go","1 GB","3.7496","2018-02-01T00:00:00.000Z","0","3.7496"
"2023-04-12T13:28:34.468Z","Azure Monitor","francecentral","CAD","100 GB Commitment Tier Capacity Reservation","100","1/Day","332.8448","2019-11-01T00:00:00.000Z","88.7681","3.3284"
"2023-04-12T13:28:34.468Z","Azure Monitor","francecentral","CAD","200 GB Commitment Tier Capacity Reservation","200","1/Day","624.933","2019-11-01T00:00:00.000Z","187.7578","3.1247"
"2023-04-12T13:28:34.468Z","Azure Monitor","francecentral","CAD","300 GB Commitment Tier Capacity Reservation","300","1/Day","917.0213","2019-11-01T00:00:00.000Z","293.475","3.0567"
"2023-04-12T13:28:34.468Z","Azure Monitor","francecentral","CAD","400 GB Commitment Tier Capacity Reservation","400","1/Day","1195.524","2019-11-01T00:00:00.000Z","391.1159","2.9888"
"2023-04-12T13:28:34.468Z","Azure Monitor","francecentral","CAD","500 GB Commitment Tier Capacity Reservation","500","1/Day","1468.9322","2019-11-01T00:00:00.000Z","491.4789","2.9379"
"2023-04-12T13:28:34.468Z","Azure Monitor","francecentral","CAD","1000 GB Commitment Tier Capacity Reservation","1000","1/Day","2886.9188","2021-06-01T02:00:00.000Z","982.6471","2.8869"
"2023-04-12T13:28:34.468Z","Azure Monitor","francecentral","CAD","2000 GB Commitment Tier Capacity Reservation","2000","1/Day","5637.9825","2021-06-01T02:00:00.000Z","1952.9539","2.819"
"2023-04-12T13:28:34.468Z","Azure Monitor","francecentral","CAD","5000 GB Commitment Tier Capacity Reservation","5000","1/Day","13670.4094","2021-06-01T02:00:00.000Z","4849.3825","2.7341"
"2023-05-02T08:07:40.927Z","Azure Monitor","francecentral","CAD","Pay-as-you-go Data Ingestion","Pay-as-you-go","1 GB","3.7604","2018-02-01T00:00:00.000Z","0","3.7604"
"2023-05-02T08:07:40.927Z","Azure Monitor","francecentral","CAD","100 GB Commitment Tier Capacity Reservation","100","1/Day","333.8003","2019-11-01T00:00:00.000Z","88.7672","3.338"
"2023-05-02T08:07:40.927Z","Azure Monitor","francecentral","CAD","200 GB Commitment Tier Capacity Reservation","200","1/Day","626.727","2019-11-01T00:00:00.000Z","187.7552","3.1336"
"2023-05-02T08:07:40.927Z","Azure Monitor","francecentral","CAD","300 GB Commitment Tier Capacity Reservation","300","1/Day","919.6538","2019-11-01T00:00:00.000Z","293.4816","3.0655"
"2023-05-02T08:07:40.927Z","Azure Monitor","francecentral","CAD","400 GB Commitment Tier Capacity Reservation","400","1/Day","1198.956","2019-11-01T00:00:00.000Z","391.1127","2.9974"
"2023-05-02T08:07:40.927Z","Azure Monitor","francecentral","CAD","500 GB Commitment Tier Capacity Reservation","500","1/Day","1473.1491","2019-11-01T00:00:00.000Z","491.4756","2.9463"
"2023-05-02T08:07:40.927Z","Azure Monitor","francecentral","CAD","1000 GB Commitment Tier Capacity Reservation","1000","1/Day","2895.2063","2021-06-01T02:00:00.000Z","982.6584","2.8952"
"2023-05-02T08:07:40.927Z","Azure Monitor","francecentral","CAD","2000 GB Commitment Tier Capacity Reservation","2000","1/Day","5654.1675","2021-06-01T02:00:00.000Z","1952.9454","2.8271"
"2023-05-02T08:07:40.927Z","Azure Monitor","francecentral","CAD","5000 GB Commitment Tier Capacity Reservation","5000","1/Day","13709.6531","2021-06-01T02:00:00.000Z","4849.3697","2.7419"
"2023-06-02T08:07:42.568Z","Azure Monitor","francecentral","CAD","Pay-as-you-go Data Ingestion","Pay-as-you-go","1 GB","3.7655","2018-02-01T00:00:00.000Z","0","3.7655"
"2023-06-02T08:07:42.568Z","Azure Monitor","francecentral","CAD","100 GB Commitment Tier Capacity Reservation","100","1/Day","334.2535","2019-11-01T00:00:00.000Z","88.7674","3.3425"
"2023-06-02T08:07:42.568Z","Azure Monitor","francecentral","CAD","200 GB Commitment Tier Capacity Reservation","200","1/Day","627.578","2019-11-01T00:00:00.000Z","187.7571","3.1379"
"2023-06-02T08:07:42.568Z","Azure Monitor","francecentral","CAD","300 GB Commitment Tier Capacity Reservation","300","1/Day","920.9025","2019-11-01T00:00:00.000Z","293.4773","3.0697"
"2023-06-02T08:07:42.568Z","Azure Monitor","francecentral","CAD","400 GB Commitment Tier Capacity Reservation","400","1/Day","1200.584","2019-11-01T00:00:00.000Z","391.1079","3.0015"
"2023-06-02T08:07:42.568Z","Azure Monitor","francecentral","CAD","500 GB Commitment Tier Capacity Reservation","500","1/Day","1475.1494","2019-11-01T00:00:00.000Z","491.4707","2.9503"
"2023-06-02T08:07:42.568Z","Azure Monitor","francecentral","CAD","1000 GB Commitment Tier Capacity Reservation","1000","1/Day","2899.1375","2021-06-01T02:00:00.000Z","982.6585","2.8991"
"2023-06-02T08:07:42.568Z","Azure Monitor","francecentral","CAD","2000 GB Commitment Tier Capacity Reservation","2000","1/Day","5661.845","2021-06-01T02:00:00.000Z","1952.9664","2.8309"
"2023-06-02T08:07:42.568Z","Azure Monitor","francecentral","CAD","5000 GB Commitment Tier Capacity Reservation","5000","1/Day","13728.2688","2021-06-01T02:00:00.000Z","4849.4362","2.7457"
"2023-07-07T06:09:02.036Z","Azure Monitor","francecentral","CAD","Pay-as-you-go Data Ingestion","Pay-as-you-go","1 GB","3.661","2018-02-01T00:00:00.000Z","0","3.661"
"2023-07-07T06:09:02.036Z","Azure Monitor","francecentral","CAD","100 GB Commitment Tier Capacity Reservation","100","1/Day","324.9802","2019-11-01T00:00:00.000Z","88.7682","3.2498"
"2023-07-07T06:09:02.036Z","Azure Monitor","francecentral","CAD","200 GB Commitment Tier Capacity Reservation","200","1/Day","610.167","2019-11-01T00:00:00.000Z","187.7552","3.0508"
"2023-07-07T06:09:02.036Z","Azure Monitor","francecentral","CAD","300 GB Commitment Tier Capacity Reservation","300","1/Day","895.3537","2019-11-01T00:00:00.000Z","293.4816","2.9845"
"2023-07-07T06:09:02.036Z","Azure Monitor","francecentral","CAD","400 GB Commitment Tier Capacity Reservation","400","1/Day","1167.276","2019-11-01T00:00:00.000Z","391.1127","2.9182"
"2023-07-07T06:09:02.036Z","Azure Monitor","francecentral","CAD","500 GB Commitment Tier Capacity Reservation","500","1/Day","1434.2241","2019-11-01T00:00:00.000Z","491.4756","2.8684"
"2023-07-07T06:09:02.036Z","Azure Monitor","francecentral","CAD","1000 GB Commitment Tier Capacity Reservation","1000","1/Day","2818.7062","2021-06-01T00:00:00.000Z","982.6754","2.8187"
"2023-07-07T06:09:02.036Z","Azure Monitor","francecentral","CAD","2000 GB Commitment Tier Capacity Reservation","2000","1/Day","5504.7675","2021-06-01T00:00:00.000Z","1952.9455","2.7524"
"2023-07-07T06:09:02.036Z","Azure Monitor","francecentral","CAD","5000 GB Commitment Tier Capacity Reservation","5000","1/Day","13347.4031","2021-06-01T00:00:00.000Z","4849.369","2.6695"
"2023-08-01T06:08:30.007Z","Azure Monitor","francecentral","CAD","Pay-as-you-go Data Ingestion","Pay-as-you-go","1 GB","3.6422","2018-02-01T00:00:00.000Z","0","3.6422"
"2023-08-02T06:09:03.844Z","Azure Monitor","francecentral","CAD","100 GB Commitment Tier Capacity Reservation","100","1/Day","323.3142","2019-11-01T00:00:00.000Z","88.7689","3.2331"
"2023-08-02T06:09:03.844Z","Azure Monitor","francecentral","CAD","200 GB Commitment Tier Capacity Reservation","200","1/Day","607.039","2019-11-01T00:00:00.000Z","187.7576","3.0352"
"2023-08-02T06:09:03.844Z","Azure Monitor","francecentral","CAD","300 GB Commitment Tier Capacity Reservation","300","1/Day","890.7637","2019-11-01T00:00:00.000Z","293.4778","2.9692"
"2023-08-02T06:09:03.844Z","Azure Monitor","francecentral","CAD","400 GB Commitment Tier Capacity Reservation","400","1/Day","1161.292","2019-11-01T00:00:00.000Z","391.1128","2.9032"
"2023-08-02T06:09:03.844Z","Azure Monitor","francecentral","CAD","500 GB Commitment Tier Capacity Reservation","500","1/Day","1426.8716","2019-11-01T00:00:00.000Z","491.4824","2.8537"
"2023-08-02T06:09:03.844Z","Azure Monitor","francecentral","CAD","1000 GB Commitment Tier Capacity Reservation","1000","1/Day","2804.2562","2021-06-01T00:00:00.000Z","982.6738","2.8043"
"2023-08-02T06:09:03.844Z","Azure Monitor","francecentral","CAD","2000 GB Commitment Tier Capacity Reservation","2000","1/Day","5476.5475","2021-06-01T00:00:00.000Z","1952.9107","2.7383"
"2023-08-02T06:09:03.844Z","Azure Monitor","francecentral","CAD","5000 GB Commitment Tier Capacity Reservation","5000","1/Day","13278.9781","2021-06-01T00:00:00.000Z","4849.3511","2.6558"
"2023-09-02T06:07:00.316Z","Azure Monitor","francecentral","CAD","Pay-as-you-go Data Ingestion","Pay-as-you-go","1 GB","3.7537","2018-02-01T00:00:00.000Z","0","3.7537"
"2023-09-02T06:07:00.316Z","Azure Monitor","francecentral","CAD","100 GB Commitment Tier Capacity Reservation","100","1/Day","333.2122","2019-11-01T00:00:00.000Z","88.769","3.3321"
"2023-09-02T06:07:00.316Z","Azure Monitor","francecentral","CAD","200 GB Commitment Tier Capacity Reservation","200","1/Day","625.623","2019-11-01T00:00:00.000Z","187.7564","3.1281"
"2023-09-02T06:07:00.316Z","Azure Monitor","francecentral","CAD","300 GB Commitment Tier Capacity Reservation","300","1/Day","918.0337","2019-11-01T00:00:00.000Z","293.4797","3.0601"
"2023-09-02T06:07:00.316Z","Azure Monitor","francecentral","CAD","400 GB Commitment Tier Capacity Reservation","400","1/Day","1196.844","2019-11-01T00:00:00.000Z","391.1127","2.9921"
"2023-09-02T06:07:00.316Z","Azure Monitor","francecentral","CAD","500 GB Commitment Tier Capacity Reservation","500","1/Day","1470.5541","2019-11-01T00:00:00.000Z","491.4789","2.9411"
"2023-09-02T06:07:00.316Z","Azure Monitor","francecentral","CAD","1000 GB Commitment Tier Capacity Reservation","1000","1/Day","2890.1062","2021-06-01T00:00:00.000Z","982.6617","2.8901"
"2023-09-02T06:07:00.316Z","Azure Monitor","francecentral","CAD","2000 GB Commitment Tier Capacity Reservation","2000","1/Day","5644.2075","2021-06-01T00:00:00.000Z","1952.9454","2.8221"
"2023-09-02T06:07:00.316Z","Azure Monitor","francecentral","CAD","5000 GB Commitment Tier Capacity Reservation","5000","1/Day","13685.5031","2021-06-01T00:00:00.000Z","4849.404","2.7371"
"2023-10-02T06:08:46.154Z","Azure Monitor","francecentral","CAD","Pay-as-you-go Data Ingestion","Pay-as-you-go","1 GB","3.7308","2018-02-01T00:00:00.000Z","0","3.7308"
"2023-10-02T06:08:46.154Z","Azure Monitor","francecentral","CAD","100 GB Commitment Tier Capacity Reservation","100","1/Day","331.1788","2019-11-01T00:00:00.000Z","88.7688","3.3118"
"2023-10-02T06:08:46.154Z","Azure Monitor","francecentral","CAD","200 GB Commitment Tier Capacity Reservation","200","1/Day","621.805","2019-11-01T00:00:00.000Z","187.7544","3.109"
"2023-10-02T06:08:46.154Z","Azure Monitor","francecentral","CAD","300 GB Commitment Tier Capacity Reservation","300","1/Day","912.4313","2019-11-01T00:00:00.000Z","293.4806","3.0414"
"2023-10-02T06:08:46.154Z","Azure Monitor","francecentral","CAD","400 GB Commitment Tier Capacity Reservation","400","1/Day","1189.54","2019-11-01T00:00:00.000Z","391.1159","2.9738"
"2023-10-02T06:08:46.154Z","Azure Monitor","francecentral","CAD","500 GB Commitment Tier Capacity Reservation","500","1/Day","1461.5797","2019-11-01T00:00:00.000Z","491.4855","2.9232"
"2023-10-02T06:08:46.154Z","Azure Monitor","francecentral","CAD","1000 GB Commitment Tier Capacity Reservation","1000","1/Day","2872.4688","2021-06-01T00:00:00.000Z","982.6453","2.8725"
"2023-10-02T06:08:46.154Z","Azure Monitor","francecentral","CAD","2000 GB Commitment Tier Capacity Reservation","2000","1/Day","5609.7625","2021-06-01T00:00:00.000Z","1952.9199","2.8049"
"2023-10-02T06:08:46.154Z","Azure Monitor","francecentral","CAD","5000 GB Commitment Tier Capacity Reservation","5000","1/Day","13601.9844","2021-06-01T00:00:00.000Z","4849.3652","2.7204"
"2023-11-02T06:08:26.681Z","Azure Monitor","francecentral","CAD","Pay-as-you-go Data Ingestion","Pay-as-you-go","1 GB","3.824","2018-02-01T00:00:00.000Z","0","3.824"
"2023-11-02T06:08:26.681Z","Azure Monitor","francecentral","CAD","100 GB Commitment Tier Capacity Reservation","100","1/Day","339.4475","2019-11-01T00:00:00.000Z","88.7677","3.3945"
"2023-11-02T06:08:26.681Z","Azure Monitor","francecentral","CAD","200 GB Commitment Tier Capacity Reservation","200","1/Day","637.33","2019-11-01T00:00:00.000Z","187.7537","3.1866"
"2023-11-02T06:08:26.681Z","Azure Monitor","francecentral","CAD","300 GB Commitment Tier Capacity Reservation","300","1/Day","935.2125","2019-11-01T00:00:00.000Z","293.4829","3.1174"
"2023-11-02T06:08:26.681Z","Azure Monitor","francecentral","CAD","400 GB Commitment Tier Capacity Reservation","400","1/Day","1219.24","2019-11-01T00:00:00.000Z","391.108","3.0481"
"2023-11-02T06:08:26.681Z","Azure Monitor","francecentral","CAD","500 GB Commitment Tier Capacity Reservation","500","1/Day","1498.0719","2019-11-01T00:00:00.000Z","491.4773","2.9961"
"2023-11-02T06:08:26.681Z","Azure Monitor","francecentral","CAD","1000 GB Commitment Tier Capacity Reservation","1000","1/Day","2944.1875","2021-06-01T00:00:00.000Z","982.6733","2.9442"
"2023-11-02T06:08:26.681Z","Azure Monitor","francecentral","CAD","2000 GB Commitment Tier Capacity Reservation","2000","1/Day","5749.825","2021-06-01T00:00:00.000Z","1952.9329","2.8749"
"2023-11-02T06:08:26.681Z","Azure Monitor","francecentral","CAD","5000 GB Commitment Tier Capacity Reservation","5000","1/Day","13941.5937","2021-06-01T00:00:00.000Z","4849.4187","2.7883"
"2023-12-02T06:07:58.693Z","Azure Monitor","francecentral","CAD","Pay-as-you-go Data Ingestion","Pay-as-you-go","1 GB","3.7493","2018-02-01T00:00:00.000Z","0","3.7493"
"2023-12-02T06:07:58.693Z","Azure Monitor","francecentral","CAD","100 GB Commitment Tier Capacity Reservation","100","1/Day","332.8202","2019-11-01T00:00:00.000Z","88.7686","3.3282"
"2023-12-02T06:07:58.693Z","Azure Monitor","francecentral","CAD","200 GB Commitment Tier Capacity Reservation","200","1/Day","624.887","2019-11-01T00:00:00.000Z","187.7552","3.1244"
"2023-12-02T06:07:58.693Z","Azure Monitor","francecentral","CAD","300 GB Commitment Tier Capacity Reservation","300","1/Day","916.9537","2019-11-01T00:00:00.000Z","293.4815","3.0565"
"2023-12-02T06:07:58.693Z","Azure Monitor","francecentral","CAD","400 GB Commitment Tier Capacity Reservation","400","1/Day","1195.436","2019-11-01T00:00:00.000Z","391.1127","2.9886"
"2023-12-02T06:07:58.693Z","Azure Monitor","francecentral","CAD","500 GB Commitment Tier Capacity Reservation","500","1/Day","1468.8241","2019-11-01T00:00:00.000Z","491.4756","2.9376"
"2023-12-02T06:07:58.693Z","Azure Monitor","francecentral","CAD","1000 GB Commitment Tier Capacity Reservation","1000","1/Day","2886.7062","2021-06-01T00:00:00.000Z","982.675","2.8867"
"2023-12-02T06:07:58.693Z","Azure Monitor","francecentral","CAD","2000 GB Commitment Tier Capacity Reservation","2000","1/Day","5637.5675","2021-06-01T00:00:00.000Z","1952.9454","2.8188"
"2023-12-02T06:07:58.693Z","Azure Monitor","francecentral","CAD","5000 GB Commitment Tier Capacity Reservation","5000","1/Day","13669.4031","2021-06-01T00:00:00.000Z","4849.3696","2.7339"
"2024-01-01T06:09:20.544Z","Azure Monitor","francecentral","CAD","Pay-as-you-go Data Ingestion","Pay-as-you-go","1 GB","3.645","2018-02-01T00:00:00.000Z","0","3.645"
"2024-01-01T06:09:20.544Z","Azure Monitor","francecentral","CAD","100 GB Commitment Tier Capacity Reservation","100","1/Day","323.5593","2019-11-01T00:00:00.000Z","88.768","3.2356"
"2024-01-01T06:09:20.544Z","Azure Monitor","francecentral","CAD","200 GB Commitment Tier Capacity Reservation","200","1/Day","607.499","2019-11-01T00:00:00.000Z","187.7547","3.0375"
"2024-01-01T06:09:20.544Z","Azure Monitor","francecentral","CAD","300 GB Commitment Tier Capacity Reservation","300","1/Day","891.4388","2019-11-01T00:00:00.000Z","293.4778","2.9715"
"2024-01-01T06:09:20.544Z","Azure Monitor","francecentral","CAD","400 GB Commitment Tier Capacity Reservation","400","1/Day","1162.172","2019-11-01T00:00:00.000Z","391.1062","2.9054"
"2024-01-01T06:09:20.544Z","Azure Monitor","francecentral","CAD","500 GB Commitment Tier Capacity Reservation","500","1/Day","1427.9528","2019-11-01T00:00:00.000Z","491.4823","2.8559"
"2024-01-01T06:09:20.544Z","Azure Monitor","francecentral","CAD","1000 GB Commitment Tier Capacity Reservation","1000","1/Day","2806.3813","2021-06-01T00:00:00.000Z","982.6609","2.8064"
"2024-01-01T06:09:20.544Z","Azure Monitor","francecentral","CAD","2000 GB Commitment Tier Capacity Reservation","2000","1/Day","5480.6975","2021-06-01T00:00:00.000Z","1952.9281","2.7403"
"2024-01-01T06:09:20.544Z","Azure Monitor","francecentral","CAD","5000 GB Commitment Tier Capacity Reservation","5000","1/Day","13289.0406","2021-06-01T00:00:00.000Z","4849.4839","2.6578"
"2024-02-02T06:08:03.849Z","Azure Monitor","francecentral","CAD","Pay-as-you-go Data Ingestion","Pay-as-you-go","1 GB","3.7129","2018-02-01T00:00:00.000Z","0","3.7129"
"2024-02-02T06:08:03.849Z","Azure Monitor","francecentral","CAD","100 GB Commitment Tier Capacity Reservation","100","1/Day","329.5863","2019-11-01T00:00:00.000Z","88.7679","3.2959"
"2024-02-02T06:08:03.849Z","Azure Monitor","francecentral","CAD","200 GB Commitment Tier Capacity Reservation","200","1/Day","618.815","2019-11-01T00:00:00.000Z","187.753","3.0941"
"2024-02-02T06:08:03.849Z","Azure Monitor","francecentral","CAD","300 GB Commitment Tier Capacity Reservation","300","1/Day","908.0438","2019-11-01T00:00:00.000Z","293.4759","3.0268"
"2024-02-02T06:08:03.849Z","Azure Monitor","francecentral","CAD","400 GB Commitment Tier Capacity Reservation","400","1/Day","1183.82","2019-11-01T00:00:00.000Z","391.1127","2.9596"
"2024-02-02T06:08:03.849Z","Azure Monitor","francecentral","CAD","500 GB Commitment Tier Capacity Reservation","500","1/Day","1454.5516","2019-11-01T00:00:00.000Z","491.469","2.9091"
"2024-02-02T06:08:03.849Z","Azure Monitor","francecentral","CAD","1000 GB Commitment Tier Capacity Reservation","1000","1/Day","2858.6563","2021-06-01T00:00:00.000Z","982.66","2.8587"
"2024-02-02T06:08:03.849Z","Azure Monitor","francecentral","CAD","2000 GB Commitment Tier Capacity Reservation","2000","1/Day","5582.7875","2021-06-01T00:00:00.000Z","1952.9113","2.7914"
"2024-02-02T06:08:03.849Z","Azure Monitor","francecentral","CAD","5000 GB Commitment Tier Capacity Reservation","5000","1/Day","13536.5781","2021-06-01T00:00:00.000Z","4849.3867","2.7073"
"2024-03-02T06:08:20.311Z","Azure Monitor","francecentral","CAD","Pay-as-you-go Data Ingestion","Pay-as-you-go","1 GB","3.7314","2018-02-01T00:00:00.000Z","0","3.7314"
"2024-03-02T06:08:20.311Z","Azure Monitor","francecentral","CAD","100 GB Commitment Tier Capacity Reservation","100","1/Day","331.2278","2019-11-01T00:00:00.000Z","88.7677","3.3123"
"2024-03-02T06:08:20.311Z","Azure Monitor","francecentral","CAD","200 GB Commitment Tier Capacity Reservation","200","1/Day","621.897","2019-11-01T00:00:00.000Z","187.7538","3.1095"
"2024-03-02T06:08:20.311Z","Azure Monitor","francecentral","CAD","300 GB Commitment Tier Capacity Reservation","300","1/Day","912.5663","2019-11-01T00:00:00.000Z","293.4769","3.0419"
"2024-03-02T06:08:20.311Z","Azure Monitor","francecentral","CAD","400 GB Commitment Tier Capacity Reservation","400","1/Day","1189.716","2019-11-01T00:00:00.000Z","391.1095","2.9743"
"2024-03-02T06:08:20.311Z","Azure Monitor","francecentral","CAD","500 GB Commitment Tier Capacity Reservation","500","1/Day","1461.7959","2019-11-01T00:00:00.000Z","491.4756","2.9236"
"2024-03-02T06:08:20.311Z","Azure Monitor","francecentral","CAD","1000 GB Commitment Tier Capacity Reservation","1000","1/Day","2872.8938","2021-06-01T00:00:00.000Z","982.6562","2.8729"
"2024-03-02T06:08:20.311Z","Azure Monitor","francecentral","CAD","2000 GB Commitment Tier Capacity Reservation","2000","1/Day","5610.5925","2021-06-01T00:00:00.000Z","1952.9369","2.8053"
"2024-03-02T06:08:20.311Z","Azure Monitor","francecentral","CAD","5000 GB Commitment Tier Capacity Reservation","5000","1/Day","13603.9969","2021-06-01T00:00:00.000Z","4849.3911","2.7208"
"2024-04-03T09:26:28.723Z","Azure Monitor","francecentral","CAD","Pay-as-you-go Data Ingestion","Pay-as-you-go","1 GB","3.7457","2018-02-01T00:00:00.000Z","0","3.7457"
"2024-04-03T09:26:28.723Z","Azure Monitor","francecentral","CAD","100 GB Commitment Tier Capacity Reservation","100","1/Day","332.5018","2019-11-01T00:00:00.000Z","88.7689","3.325"
"2024-04-03T09:26:28.723Z","Azure Monitor","francecentral","CAD","200 GB Commitment Tier Capacity Reservation","200","1/Day","624.289","2019-11-01T00:00:00.000Z","187.7561","3.1214"
"2024-04-03T09:26:28.723Z","Azure Monitor","francecentral","CAD","300 GB Commitment Tier Capacity Reservation","300","1/Day","916.0763","2019-11-01T00:00:00.000Z","293.4825","3.0536"
"2024-04-03T09:26:28.723Z","Azure Monitor","francecentral","CAD","400 GB Commitment Tier Capacity Reservation","400","1/Day","1194.292","2019-11-01T00:00:00.000Z","391.1095","2.9857"
"2024-04-03T09:26:28.723Z","Azure Monitor","francecentral","CAD","500 GB Commitment Tier Capacity Reservation","500","1/Day","1467.4184","2019-11-01T00:00:00.000Z","491.4822","2.9348"
"2024-04-03T09:26:28.723Z","Azure Monitor","francecentral","CAD","1000 GB Commitment Tier Capacity Reservation","1000","1/Day","2883.9438","2021-06-01T00:00:00.000Z","982.6713","2.8839"
"2024-04-03T09:26:28.723Z","Azure Monitor","francecentral","CAD","2000 GB Commitment Tier Capacity Reservation","2000","1/Day","5632.1725","2021-06-01T00:00:00.000Z","1952.9708","2.8161"
"2024-04-03T09:26:28.723Z","Azure Monitor","francecentral","CAD","5000 GB Commitment Tier Capacity Reservation","5000","1/Day","13656.3219","2021-06-01T00:00:00.000Z","4849.3739","2.7313"
"2024-05-01T06:09:59.892Z","Azure Monitor","francecentral","CAD","Pay-as-you-go Data Ingestion","Pay-as-you-go","1 GB","3.7771","2018-02-01T00:00:00.000Z","0","3.7771"
"2024-05-01T06:09:59.892Z","Azure Monitor","francecentral","CAD","100 GB Commitment Tier Capacity Reservation","100","1/Day","335.2825","2019-11-01T00:00:00.000Z","88.7672","3.3528"
"2024-05-01T06:09:59.892Z","Azure Monitor","francecentral","CAD","200 GB Commitment Tier Capacity Reservation","200","1/Day","629.51","2019-11-01T00:00:00.000Z","187.7565","3.1476"
"2024-05-01T06:09:59.892Z","Azure Monitor","francecentral","CAD","300 GB Commitment Tier Capacity Reservation","300","1/Day","923.7375","2019-11-01T00:00:00.000Z","293.4736","3.0791"
"2024-05-01T06:09:59.892Z","Azure Monitor","francecentral","CAD","400 GB Commitment Tier Capacity Reservation","400","1/Day","1204.28","2019-11-01T00:00:00.000Z","391.1143","3.0107"
"2024-05-01T06:09:59.892Z","Azure Monitor","francecentral","CAD","500 GB Commitment Tier Capacity Reservation","500","1/Day","1479.6906","2019-11-01T00:00:00.000Z","491.4773","2.9594"
"2024-05-01T06:09:59.892Z","Azure Monitor","francecentral","CAD","1000 GB Commitment Tier Capacity Reservation","1000","1/Day","2908.0625","2021-06-01T00:00:00.000Z","982.6527","2.9081"
"2024-05-01T06:09:59.892Z","Azure Monitor","francecentral","CAD","2000 GB Commitment Tier Capacity Reservation","2000","1/Day","5679.275","2021-06-01T00:00:00.000Z","1952.916","2.8396"
"2024-05-01T06:09:59.892Z","Azure Monitor","francecentral","CAD","5000 GB Commitment Tier Capacity Reservation","5000","1/Day","13770.5312","2021-06-01T00:00:00.000Z","4849.4616","2.7541"
"2024-06-02T06:10:06.668Z","Azure Monitor","francecentral","CAD","Pay-as-you-go Data Ingestion","Pay-as-you-go","1 GB","3.7838","2018-02-01T00:00:00.000Z","0","3.7838"
"2024-06-02T06:10:06.668Z","Azure Monitor","francecentral","CAD","100 GB Commitment Tier Capacity Reservation","100","1/Day","335.8828","2019-11-01T00:00:00.000Z","88.7686","3.3588"
"2024-06-02T06:10:06.668Z","Azure Monitor","francecentral","CAD","200 GB Commitment Tier Capacity Reservation","200","1/Day","630.637","2019-11-01T00:00:00.000Z","187.7566","3.1532"
"2024-06-02T06:10:06.668Z","Azure Monitor","francecentral","CAD","300 GB Commitment Tier Capacity Reservation","300","1/Day","925.3913","2019-11-01T00:00:00.000Z","293.4769","3.0846"
"2024-06-02T06:10:06.668Z","Azure Monitor","francecentral","CAD","400 GB Commitment Tier Capacity Reservation","400","1/Day","1206.436","2019-11-01T00:00:00.000Z","391.1159","3.0161"
"2024-06-02T06:10:06.668Z","Azure Monitor","francecentral","CAD","500 GB Commitment Tier Capacity Reservation","500","1/Day","1482.3397","2019-11-01T00:00:00.000Z","491.4756","2.9647"
"2024-06-02T06:10:06.668Z","Azure Monitor","francecentral","CAD","1000 GB Commitment Tier Capacity Reservation","1000","1/Day","2913.2688","2021-06-01T00:00:00.000Z","982.6521","2.9133"
"2024-06-02T06:10:06.668Z","Azure Monitor","francecentral","CAD","2000 GB Commitment Tier Capacity Reservation","2000","1/Day","5689.4425","2021-06-01T00:00:00.000Z","1952.9202","2.8447"
"2024-06-02T06:10:06.668Z","Azure Monitor","francecentral","CAD","5000 GB Commitment Tier Capacity Reservation","5000","1/Day","13795.1844","2021-06-01T00:00:00.000Z","4849.4338","2.759"
"2024-07-01T06:11:21.244Z","Azure Monitor","francecentral","CAD","Pay-as-you-go Data Ingestion","Pay-as-you-go","1 GB","3.7797","2018-02-01T00:00:00.000Z","0","3.7797"
"2024-07-01T06:11:21.244Z","Azure Monitor","francecentral","CAD","100 GB Commitment Tier Capacity Reservation","100","1/Day","335.5152","2019-11-01T00:00:00.000Z","88.7677","3.3552"
"2024-07-01T06:11:21.244Z","Azure Monitor","francecentral","CAD","200 GB Commitment Tier Capacity Reservation","200","1/Day","629.947","2019-11-01T00:00:00.000Z","187.7524","3.1497"
"2024-07-01T06:11:21.244Z","Azure Monitor","francecentral","CAD","300 GB Commitment Tier Capacity Reservation","300","1/Day","924.3787","2019-11-01T00:00:00.000Z","293.4815","3.0813"
"2024-07-01T06:11:21.244Z","Azure Monitor","francecentral","CAD","400 GB Commitment Tier Capacity Reservation","400","1/Day","1205.116","2019-11-01T00:00:00.000Z","391.1064","3.0128"
"2024-07-01T06:11:21.244Z","Azure Monitor","francecentral","CAD","500 GB Commitment Tier Capacity Reservation","500","1/Day","1480.7178","2019-11-01T00:00:00.000Z","491.4756","2.9614"
"2024-07-01T06:11:21.244Z","Azure Monitor","francecentral","CAD","1000 GB Commitment Tier Capacity Reservation","1000","1/Day","2910.0812","2021-06-01T00:00:00.000Z","982.6708","2.9101"
"2024-07-01T06:11:21.244Z","Azure Monitor","francecentral","CAD","2000 GB Commitment Tier Capacity Reservation","2000","1/Day","5683.2175","2021-06-01T00:00:00.000Z","1952.9286","2.8416"
"2024-07-01T06:11:21.244Z","Azure Monitor","francecentral","CAD","5000 GB Commitment Tier Capacity Reservation","5000","1/Day","13780.0906","2021-06-01T00:00:00.000Z","4849.4125","2.756"
"2024-08-02T06:11:10.559Z","Azure Monitor","francecentral","CAD","Pay-as-you-go Data Ingestion","Pay-as-you-go","1 GB","3.8236","2018-02-01T00:00:00.000Z","0","3.8236"
"2024-08-02T06:11:10.559Z","Azure Monitor","francecentral","CAD","100 GB Commitment Tier Capacity Reservation","100","1/Day","339.4107","2019-11-01T00:00:00.000Z","88.7673","3.3941"
"2024-08-02T06:11:10.559Z","Azure Monitor","francecentral","CAD","200 GB Commitment Tier Capacity Reservation","200","1/Day","637.261","2019-11-01T00:00:00.000Z","187.7555","3.1863"
"2024-08-02T06:11:10.559Z","Azure Monitor","francecentral","CAD","300 GB Commitment Tier Capacity Reservation","300","1/Day","935.1112","2019-11-01T00:00:00.000Z","293.4787","3.1170"
"2024-08-02T06:11:10.559Z","Azure Monitor","francecentral","CAD","400 GB Commitment Tier Capacity Reservation","400","1/Day","1219.108","2019-11-01T00:00:00.000Z","391.1158","3.0478"
"2024-08-02T06:11:10.559Z","Azure Monitor","francecentral","CAD","500 GB Commitment Tier Capacity Reservation","500","1/Day","1497.9097","2019-11-01T00:00:00.000Z","491.4724","2.9958"
"2024-08-02T06:11:10.559Z","Azure Monitor","francecentral","CAD","1000 GB Commitment Tier Capacity Reservation","1000","1/Day","2943.8687","2021-06-01T00:00:00.000Z","982.6653","2.9439"
"2024-08-02T06:11:10.559Z","Azure Monitor","francecentral","CAD","2000 GB Commitment Tier Capacity Reservation","2000","1/Day","5749.2025","2021-06-01T00:00:00.000Z","1952.9204","2.8746"
"2024-08-02T06:11:10.559Z","Azure Monitor","francecentral","CAD","5000 GB Commitment Tier Capacity Reservation","5000","1/Day","13940.0844","2021-06-01T00:00:00.000Z","4849.3997","2.7880"
