"TimeGenerated","ServiceName","ArmRegionName","CurrencyCode","MeterName","Tier","UnitOfMeasure","RetailPrice","EffectiveStartDate","EffectiveCommitmentTierThresholdGB","EffectivePricePerGB"
"2023-03-29T15:50:58.330Z","Azure Monitor","francecentral","NOK","Pay-as-you-go Data Ingestion","Pay-as-you-go","1 GB","28.7443","2018-02-01T00:00:00.000Z","0","28.7443"
"2023-03-29T15:50:58.330Z","Azure Monitor","francecentral","NOK","100 GB Commitment Tier Capacity Reservation","100","1/Day","2551.577","2019-11-01T00:00:00.000Z","88.7681","25.5158"
"2023-03-29T15:50:58.330Z","Azure Monitor","francecentral","NOK","200 GB Commitment Tier Capacity Reservation","200","1/Day","4790.716","2019-11-01T00:00:00.000Z","187.7549","23.9536"
"2023-03-29T15:50:58.330Z","Azure Monitor","francecentral","NOK","300 GB Commitment Tier Capacity Reservation","300","1/Day","7029.855","2019-11-01T00:00:00.000Z","293.478","23.4328"
"2023-03-29T15:50:58.330Z","Azure Monitor","francecentral","NOK","400 GB Commitment Tier Capacity Reservation","400","1/Day","9164.848","2019-11-01T00:00:00.000Z","391.1119","22.9121"
"2023-03-29T15:50:58.330Z","Azure Monitor","francecentral","NOK","500 GB Commitment Tier Capacity Reservation","500","1/Day","11260.7863","2019-11-01T00:00:00.000Z","491.4777","22.5216"
"2023-03-29T15:50:58.330Z","Azure Monitor","francecentral","NOK","1000 GB Commitment Tier Capacity Reservation","1000","1/Day","22131.025","2021-06-01T02:00:00.000Z","982.6578","22.131"
"2023-03-29T15:50:58.330Z","Azure Monitor","francecentral","NOK","2000 GB Commitment Tier Capacity Reservation","2000","1/Day","43220.59","2021-06-01T02:00:00.000Z","1952.9434","21.6103"
"2023-03-29T15:50:58.330Z","Azure Monitor","francecentral","NOK","5000 GB Commitment Tier Capacity Reservation","5000","1/Day","104796.9125","2021-06-01T02:00:00.000Z","4849.3965","20.9594"
"2023-04-12T13:28:34.468Z","Azure Monitor","francecentral","NOK","Pay-as-you-go Data Ingestion","Pay-as-you-go","1 GB","28.7709","2018-02-01T00:00:00.000Z","0","28.7709"
"2023-04-12T13:28:34.468Z","Azure Monitor","francecentral","NOK","100 GB Commitment Tier Capacity Reservation","100","1/Day","2553.9413","2019-11-01T00:00:00.000Z","88.7682","25.5394"
"2023-04-12T13:28:34.468Z","Azure Monitor","francecentral","NOK","200 GB Commitment Tier Capacity Reservation","200","1/Day","4795.155","2019-11-01T00:00:00.000Z","187.7552","23.9758"
"2023-04-12T13:28:34.468Z","Azure Monitor","francecentral","NOK","300 GB Commitment Tier Capacity Reservation","300","1/Day","7036.3688","2019-11-01T00:00:00.000Z","293.478","23.4546"
"2023-04-12T13:28:34.468Z","Azure Monitor","francecentral","NOK","400 GB Commitment Tier Capacity Reservation","400","1/Day","9173.34","2019-11-01T00:00:00.000Z","391.1105","22.9334"
"2023-04-12T13:28:34.468Z","Azure Monitor","francecentral","NOK","500 GB Commitment Tier Capacity Reservation","500","1/Day","11271.2203","2019-11-01T00:00:00.000Z","491.4762","22.5424"
"2023-04-12T13:28:34.468Z","Azure Monitor","francecentral","NOK","1000 GB Commitment Tier Capacity Reservation","1000","1/Day","22151.5313","2021-06-01T02:00:00.000Z","982.6607","22.1515"
"2023-04-12T13:28:34.468Z","Azure Monitor","francecentral","NOK","2000 GB Commitment Tier Capacity Reservation","2000","1/Day","43260.6375","2021-06-01T02:00:00.000Z","1952.9439","21.6303"
"2023-04-12T13:28:34.468Z","Azure Monitor","francecentral","NOK","5000 GB Commitment Tier Capacity Reservation","5000","1/Day","104894.0156","2021-06-01T02:00:00.000Z","4849.4018","20.9788"
"2023-05-02T08:07:40.927Z","Azure Monitor","francecentral","NOK","Pay-as-you-go Data Ingestion","Pay-as-you-go","1 GB","29.3169","2018-02-01T00:00:00.000Z","0","29.3169"
"2023-05-02T08:07:40.927Z","Azure Monitor","francecentral","NOK","100 GB Commitment Tier Capacity Reservation","100","1/Day","2602.4023","2019-11-01T00:00:00.000Z","88.768","26.024"
"2023-05-02T08:07:40.927Z","Azure Monitor","francecentral","NOK","200 GB Commitment Tier Capacity Reservation","200","1/Day","4886.143","2019-11-01T00:00:00.000Z","187.7553","24.4307"
"2023-05-02T08:07:40.927Z","Azure Monitor","francecentral","NOK","300 GB Commitment Tier Capacity Reservation","300","1/Day","7169.8838","2019-11-01T00:00:00.000Z","293.4784","23.8996"
"2023-05-02T08:07:40.927Z","Azure Monitor","francecentral","NOK","400 GB Commitment Tier Capacity Reservation","400","1/Day","9347.404","2019-11-01T00:00:00.000Z","391.1113","23.3685"
"2023-05-02T08:07:40.927Z","Azure Monitor","francecentral","NOK","500 GB Commitment Tier Capacity Reservation","500","1/Day","11485.0916","2019-11-01T00:00:00.000Z","491.4775","22.9702"
"2023-05-02T08:07:40.927Z","Azure Monitor","francecentral","NOK","1000 GB Commitment Tier Capacity Reservation","1000","1/Day","22571.8563","2021-06-01T02:00:00.000Z","982.6582","22.5719"
"2023-05-02T08:07:40.927Z","Azure Monitor","francecentral","NOK","2000 GB Commitment Tier Capacity Reservation","2000","1/Day","44081.5075","2021-06-01T02:00:00.000Z","1952.9374","22.0408"
"2023-05-02T08:07:40.927Z","Azure Monitor","francecentral","NOK","5000 GB Commitment Tier Capacity Reservation","5000","1/Day","106884.3781","2021-06-01T02:00:00.000Z","4849.3874","21.3769"
"2023-06-02T08:07:42.568Z","Azure Monitor","francecentral","NOK","Pay-as-you-go Data Ingestion","Pay-as-you-go","1 GB","30.5778","2018-02-01T00:00:00.000Z","0","30.5778"
"2023-06-02T08:07:42.568Z","Azure Monitor","francecentral","NOK","100 GB Commitment Tier Capacity Reservation","100","1/Day","2714.3305","2019-11-01T00:00:00.000Z","88.768","27.1433"
"2023-06-02T08:07:42.568Z","Azure Monitor","francecentral","NOK","200 GB Commitment Tier Capacity Reservation","200","1/Day","5096.294","2019-11-01T00:00:00.000Z","187.7551","25.4815"
"2023-06-02T08:07:42.568Z","Azure Monitor","francecentral","NOK","300 GB Commitment Tier Capacity Reservation","300","1/Day","7478.2575","2019-11-01T00:00:00.000Z","293.4779","24.9275"
"2023-06-02T08:07:42.568Z","Azure Monitor","francecentral","NOK","400 GB Commitment Tier Capacity Reservation","400","1/Day","9749.432","2019-11-01T00:00:00.000Z","391.1115","24.3736"
"2023-06-02T08:07:42.568Z","Azure Monitor","francecentral","NOK","500 GB Commitment Tier Capacity Reservation","500","1/Day","11979.0606","2019-11-01T00:00:00.000Z","491.4769","23.9581"
"2023-06-02T08:07:42.568Z","Azure Monitor","francecentral","NOK","1000 GB Commitment Tier Capacity Reservation","1000","1/Day","23542.6625","2021-06-01T02:00:00.000Z","982.6598","23.5427"
"2023-06-02T08:07:42.568Z","Azure Monitor","francecentral","NOK","2000 GB Commitment Tier Capacity Reservation","2000","1/Day","45977.435","2021-06-01T02:00:00.000Z","1952.9381","22.9887"
"2023-06-02T08:07:42.568Z","Azure Monitor","francecentral","NOK","5000 GB Commitment Tier Capacity Reservation","5000","1/Day","111481.4313","2021-06-01T02:00:00.000Z","4849.4013","22.2963"
"2023-07-07T06:09:02.036Z","Azure Monitor","francecentral","NOK","Pay-as-you-go Data Ingestion","Pay-as-you-go","1 GB","29.8484","2018-02-01T00:00:00.000Z","0","29.8484"
"2023-07-07T06:09:02.036Z","Azure Monitor","francecentral","NOK","100 GB Commitment Tier Capacity Reservation","100","1/Day","2649.5892","2019-11-01T00:00:00.000Z","88.7682","26.4959"
"2023-07-07T06:09:02.036Z","Azure Monitor","francecentral","NOK","200 GB Commitment Tier Capacity Reservation","200","1/Day","4974.739","2019-11-01T00:00:00.000Z","187.755","24.8737"
"2023-07-07T06:09:02.036Z","Azure Monitor","francecentral","NOK","300 GB Commitment Tier Capacity Reservation","300","1/Day","7299.8887","2019-11-01T00:00:00.000Z","293.4782","24.333"
"2023-07-07T06:09:02.036Z","Azure Monitor","francecentral","NOK","400 GB Commitment Tier Capacity Reservation","400","1/Day","9516.892","2019-11-01T00:00:00.000Z","391.1105","23.7922"
"2023-07-07T06:09:02.036Z","Azure Monitor","francecentral","NOK","500 GB Commitment Tier Capacity Reservation","500","1/Day","11693.3403","2019-11-01T00:00:00.000Z","491.4779","23.3867"
"2023-07-07T06:09:02.036Z","Azure Monitor","francecentral","NOK","1000 GB Commitment Tier Capacity Reservation","1000","1/Day","22981.1312","2021-06-01T00:00:00.000Z","982.6581","22.9811"
"2023-07-07T06:09:02.036Z","Azure Monitor","francecentral","NOK","2000 GB Commitment Tier Capacity Reservation","2000","1/Day","44880.7975","2021-06-01T00:00:00.000Z","1952.9438","22.4404"
"2023-07-07T06:09:02.036Z","Azure Monitor","francecentral","NOK","5000 GB Commitment Tier Capacity Reservation","5000","1/Day","108822.4156","2021-06-01T00:00:00.000Z","4849.3973","21.7645"
"2023-08-01T06:08:30.007Z","Azure Monitor","francecentral","NOK","Pay-as-you-go Data Ingestion","Pay-as-you-go","1 GB","27.9453","2018-02-01T00:00:00.000Z","0","27.9453"
"2023-08-01T06:08:30.007Z","Azure Monitor","francecentral","NOK","100 GB Commitment Tier Capacity Reservation","100","1/Day","2480.6495","2019-11-01T00:00:00.000Z","88.768","24.8065"
"2023-08-01T06:08:30.007Z","Azure Monitor","francecentral","NOK","200 GB Commitment Tier Capacity Reservation","200","1/Day","4657.546","2019-11-01T00:00:00.000Z","187.7551","23.2877"
"2023-08-01T06:08:30.007Z","Azure Monitor","francecentral","NOK","400 GB Commitment Tier Capacity Reservation","400","1/Day","8910.088","2019-11-01T00:00:00.000Z","366.173","22.2752"
"2023-08-01T06:08:30.007Z","Azure Monitor","francecentral","NOK","500 GB Commitment Tier Capacity Reservation","500","1/Day","10947.7644","2019-11-01T00:00:00.000Z","491.4777","21.8955"
"2023-08-01T06:08:30.007Z","Azure Monitor","francecentral","NOK","1000 GB Commitment Tier Capacity Reservation","1000","1/Day","21515.8375","2021-06-01T00:00:00.000Z","982.6602","21.5158"
"2023-08-01T06:08:30.007Z","Azure Monitor","francecentral","NOK","5000 GB Commitment Tier Capacity Reservation","5000","1/Day","101883.8187","2021-06-01T00:00:00.000Z","4540.1962","20.3768"
"2023-08-02T06:09:03.844Z","Azure Monitor","francecentral","NOK","300 GB Commitment Tier Capacity Reservation","300","1/Day","6834.4425","2019-11-01T00:00:00.000Z","293.4786","22.7815"
"2023-08-02T06:09:03.844Z","Azure Monitor","francecentral","NOK","2000 GB Commitment Tier Capacity Reservation","2000","1/Day","42019.165","2021-06-01T00:00:00.000Z","1952.9446","21.0096"
"2023-09-02T06:07:00.316Z","Azure Monitor","francecentral","NOK","Pay-as-you-go Data Ingestion","Pay-as-you-go","1 GB","29.4656","2018-02-01T00:00:00.000Z","0","29.4656"
"2023-09-02T06:07:00.316Z","Azure Monitor","francecentral","NOK","100 GB Commitment Tier Capacity Reservation","100","1/Day","2615.6078","2019-11-01T00:00:00.000Z","88.7682","26.1561"
"2023-09-02T06:07:00.316Z","Azure Monitor","francecentral","NOK","200 GB Commitment Tier Capacity Reservation","200","1/Day","4910.937","2019-11-01T00:00:00.000Z","187.7549","24.5547"
"2023-09-02T06:07:00.316Z","Azure Monitor","francecentral","NOK","300 GB Commitment Tier Capacity Reservation","300","1/Day","7206.2663","2019-11-01T00:00:00.000Z","293.4781","24.0209"
"2023-09-02T06:07:00.316Z","Azure Monitor","francecentral","NOK","400 GB Commitment Tier Capacity Reservation","400","1/Day","9394.836","2019-11-01T00:00:00.000Z","391.1109","23.4871"
"2023-09-02T06:07:00.316Z","Azure Monitor","francecentral","NOK","500 GB Commitment Tier Capacity Reservation","500","1/Day","11543.3709","2019-11-01T00:00:00.000Z","491.4771","23.0867"
"2023-09-02T06:07:00.316Z","Azure Monitor","francecentral","NOK","1000 GB Commitment Tier Capacity Reservation","1000","1/Day","22686.3938","2021-06-01T00:00:00.000Z","982.6607","22.6864"
"2023-09-02T06:07:00.316Z","Azure Monitor","francecentral","NOK","2000 GB Commitment Tier Capacity Reservation","2000","1/Day","44305.1925","2021-06-01T00:00:00.000Z","1952.9406","22.1526"
"2023-09-02T06:07:00.316Z","Azure Monitor","francecentral","NOK","5000 GB Commitment Tier Capacity Reservation","5000","1/Day","107426.7469","2021-06-01T00:00:00.000Z","4849.3968","21.4853"
"2023-10-02T06:08:46.154Z","Azure Monitor","francecentral","NOK","Pay-as-you-go Data Ingestion","Pay-as-you-go","1 GB","29.6769","2018-02-01T00:00:00.000Z","0","29.6769"
"2023-10-02T06:08:46.154Z","Azure Monitor","francecentral","NOK","100 GB Commitment Tier Capacity Reservation","100","1/Day","2634.3625","2019-11-01T00:00:00.000Z","88.7681","26.3436"
"2023-10-02T06:08:46.154Z","Azure Monitor","francecentral","NOK","200 GB Commitment Tier Capacity Reservation","200","1/Day","4946.15","2019-11-01T00:00:00.000Z","187.7553","24.7308"
"2023-10-02T06:08:46.154Z","Azure Monitor","francecentral","NOK","300 GB Commitment Tier Capacity Reservation","300","1/Day","7257.9375","2019-11-01T00:00:00.000Z","293.4777","24.1931"
"2023-10-02T06:08:46.154Z","Azure Monitor","francecentral","NOK","400 GB Commitment Tier Capacity Reservation","400","1/Day","9462.2","2019-11-01T00:00:00.000Z","391.1115","23.6555"
"2023-10-02T06:08:46.154Z","Azure Monitor","francecentral","NOK","500 GB Commitment Tier Capacity Reservation","500","1/Day","11626.1406","2019-11-01T00:00:00.000Z","491.4773","23.2523"
"2023-10-02T06:08:46.154Z","Azure Monitor","francecentral","NOK","1000 GB Commitment Tier Capacity Reservation","1000","1/Day","22849.0625","2021-06-01T00:00:00.000Z","982.6582","22.8491"
"2023-10-02T06:08:46.154Z","Azure Monitor","francecentral","NOK","2000 GB Commitment Tier Capacity Reservation","2000","1/Day","44622.875","2021-06-01T00:00:00.000Z","1952.938","22.3114"
"2023-10-02T06:08:46.154Z","Azure Monitor","francecentral","NOK","5000 GB Commitment Tier Capacity Reservation","5000","1/Day","108197.0313","2021-06-01T00:00:00.000Z","4849.4057","21.6394"
"2023-11-02T06:08:26.681Z","Azure Monitor","francecentral","NOK","Pay-as-you-go Data Ingestion","Pay-as-you-go","1 GB","30.7855","2018-02-01T00:00:00.000Z","0","30.7855"
"2023-11-02T06:08:26.681Z","Azure Monitor","francecentral","NOK","100 GB Commitment Tier Capacity Reservation","100","1/Day","2732.7667","2019-11-01T00:00:00.000Z","88.768","27.3277"
"2023-11-02T06:08:26.681Z","Azure Monitor","francecentral","NOK","200 GB Commitment Tier Capacity Reservation","200","1/Day","5130.909","2019-11-01T00:00:00.000Z","187.7549","25.6545"
"2023-11-02T06:08:26.681Z","Azure Monitor","francecentral","NOK","300 GB Commitment Tier Capacity Reservation","300","1/Day","7529.0512","2019-11-01T00:00:00.000Z","293.4788","25.0968"
"2023-11-02T06:08:26.681Z","Azure Monitor","francecentral","NOK","400 GB Commitment Tier Capacity Reservation","400","1/Day","9815.652","2019-11-01T00:00:00.000Z","391.1117","24.5391"
"2023-11-02T06:08:26.681Z","Azure Monitor","francecentral","NOK","500 GB Commitment Tier Capacity Reservation","500","1/Day","12060.4247","2019-11-01T00:00:00.000Z","491.4779","24.1208"
"2023-11-02T06:08:26.681Z","Azure Monitor","francecentral","NOK","1000 GB Commitment Tier Capacity Reservation","1000","1/Day","23702.5687","2021-06-01T00:00:00.000Z","982.661","23.7026"
"2023-11-02T06:08:26.681Z","Azure Monitor","francecentral","NOK","2000 GB Commitment Tier Capacity Reservation","2000","1/Day","46289.7225","2021-06-01T00:00:00.000Z","1952.9386","23.1449"
"2023-11-02T06:08:26.681Z","Azure Monitor","francecentral","NOK","5000 GB Commitment Tier Capacity Reservation","5000","1/Day","112238.6344","2021-06-01T00:00:00.000Z","4849.3895","22.4477"
"2023-12-02T06:07:58.693Z","Azure Monitor","francecentral","NOK","Pay-as-you-go Data Ingestion","Pay-as-you-go","1 GB","29.3921","2018-02-01T00:00:00.000Z","0","29.3921"
"2023-12-02T06:07:58.693Z","Azure Monitor","francecentral","NOK","100 GB Commitment Tier Capacity Reservation","100","1/Day","2609.0785","2019-11-01T00:00:00.000Z","88.768","26.0908"
"2023-12-02T06:07:58.693Z","Azure Monitor","francecentral","NOK","200 GB Commitment Tier Capacity Reservation","200","1/Day","4898.678","2019-11-01T00:00:00.000Z","187.755","24.4934"
"2023-12-02T06:07:58.693Z","Azure Monitor","francecentral","NOK","300 GB Commitment Tier Capacity Reservation","300","1/Day","7188.2775","2019-11-01T00:00:00.000Z","293.4781","23.9609"
"2023-12-02T06:07:58.693Z","Azure Monitor","francecentral","NOK","400 GB Commitment Tier Capacity Reservation","400","1/Day","9371.384","2019-11-01T00:00:00.000Z","391.1115","23.4285"
"2023-12-02T06:07:58.693Z","Azure Monitor","francecentral","NOK","500 GB Commitment Tier Capacity Reservation","500","1/Day","11514.5556","2019-11-01T00:00:00.000Z","491.4764","23.0291"
"2023-12-02T06:07:58.693Z","Azure Monitor","francecentral","NOK","1000 GB Commitment Tier Capacity Reservation","1000","1/Day","22629.7625","2021-06-01T00:00:00.000Z","982.6594","22.6298"
"2023-12-02T06:07:58.693Z","Azure Monitor","francecentral","NOK","2000 GB Commitment Tier Capacity Reservation","2000","1/Day","44194.595","2021-06-01T00:00:00.000Z","1952.9379","22.0973"
"2023-12-02T06:07:58.693Z","Azure Monitor","francecentral","NOK","5000 GB Commitment Tier Capacity Reservation","5000","1/Day","107158.5812","2021-06-01T00:00:00.000Z","4849.397","21.4317"
"2024-01-02T06:08:37.104Z","Azure Monitor","francecentral","NOK","Pay-as-you-go Data Ingestion","Pay-as-you-go","1 GB","27.8012","2018-02-01T00:00:00.000Z","0","27.8012"
"2024-01-02T06:08:37.104Z","Azure Monitor","francecentral","NOK","100 GB Commitment Tier Capacity Reservation","100","1/Day","2467.8605","2019-11-01T00:00:00.000Z","88.7681","24.6786"
"2024-01-02T06:08:37.104Z","Azure Monitor","francecentral","NOK","200 GB Commitment Tier Capacity Reservation","200","1/Day","4633.534","2019-11-01T00:00:00.000Z","187.7551","23.1677"
"2024-01-02T06:08:37.104Z","Azure Monitor","francecentral","NOK","300 GB Commitment Tier Capacity Reservation","300","1/Day","6799.2075","2019-11-01T00:00:00.000Z","293.4779","22.664"
"2024-01-02T06:08:37.104Z","Azure Monitor","francecentral","NOK","400 GB Commitment Tier Capacity Reservation","400","1/Day","8864.152","2019-11-01T00:00:00.000Z","391.1115","22.1604"
"2024-01-02T06:08:37.104Z","Azure Monitor","francecentral","NOK","500 GB Commitment Tier Capacity Reservation","500","1/Day","10891.3231","2019-11-01T00:00:00.000Z","491.4768","21.7826"
"2024-01-02T06:08:37.104Z","Azure Monitor","francecentral","NOK","1000 GB Commitment Tier Capacity Reservation","1000","1/Day","21404.9125","2021-06-01T00:00:00.000Z","982.661","21.4049"
"2024-01-02T06:08:37.104Z","Azure Monitor","francecentral","NOK","2000 GB Commitment Tier Capacity Reservation","2000","1/Day","41802.535","2021-06-01T00:00:00.000Z","1952.9423","20.9013"
"2024-01-02T06:08:37.104Z","Azure Monitor","francecentral","NOK","5000 GB Commitment Tier Capacity Reservation","5000","1/Day","101358.5563","2021-06-01T00:00:00.000Z","4849.3901","20.2717"
"2024-02-02T06:08:03.849Z","Azure Monitor","francecentral","NOK","Pay-as-you-go Data Ingestion","Pay-as-you-go","1 GB","28.8742","2018-02-01T00:00:00.000Z","0","28.8742"
"2024-02-02T06:08:03.849Z","Azure Monitor","francecentral","NOK","100 GB Commitment Tier Capacity Reservation","100","1/Day","2563.1042","2019-11-01T00:00:00.000Z","88.768","25.631"
"2024-02-02T06:08:03.849Z","Azure Monitor","francecentral","NOK","200 GB Commitment Tier Capacity Reservation","200","1/Day","4812.359","2019-11-01T00:00:00.000Z","187.7554","24.0618"
"2024-02-02T06:08:03.849Z","Azure Monitor","francecentral","NOK","300 GB Commitment Tier Capacity Reservation","300","1/Day","7061.6137","2019-11-01T00:00:00.000Z","293.4782","23.5387"
"2024-02-02T06:08:03.849Z","Azure Monitor","francecentral","NOK","400 GB Commitment Tier Capacity Reservation","400","1/Day","9206.252","2019-11-01T00:00:00.000Z","391.1113","23.0156"
"2024-02-02T06:08:03.849Z","Azure Monitor","francecentral","NOK","500 GB Commitment Tier Capacity Reservation","500","1/Day","11311.6591","2019-11-01T00:00:00.000Z","491.4779","22.6233"
"2024-02-02T06:08:03.849Z","Azure Monitor","francecentral","NOK","1000 GB Commitment Tier Capacity Reservation","1000","1/Day","22231.0062","2021-06-01T00:00:00.000Z","982.6597","22.231"
"2024-02-02T06:08:03.849Z","Azure Monitor","francecentral","NOK","2000 GB Commitment Tier Capacity Reservation","2000","1/Day","43415.8475","2021-06-01T00:00:00.000Z","1952.9417","21.7079"
"2024-02-02T06:08:03.849Z","Azure Monitor","francecentral","NOK","5000 GB Commitment Tier Capacity Reservation","5000","1/Day","105270.3531","2021-06-01T00:00:00.000Z","4849.4029","21.0541"
"2024-03-02T06:08:20.311Z","Azure Monitor","francecentral","NOK","Pay-as-you-go Data Ingestion","Pay-as-you-go","1 GB","29.0566","2018-02-01T00:00:00.000Z","0","29.0566"
"2024-03-02T06:08:20.311Z","Azure Monitor","francecentral","NOK","100 GB Commitment Tier Capacity Reservation","100","1/Day","2579.2987","2019-11-01T00:00:00.000Z","88.7681","25.793"
"2024-03-02T06:08:20.311Z","Azure Monitor","francecentral","NOK","200 GB Commitment Tier Capacity Reservation","200","1/Day","4842.765","2019-11-01T00:00:00.000Z","187.755","24.2138"
"2024-03-02T06:08:20.311Z","Azure Monitor","francecentral","NOK","300 GB Commitment Tier Capacity Reservation","300","1/Day","7106.2312","2019-11-01T00:00:00.000Z","293.4786","23.6874"
"2024-03-02T06:08:20.311Z","Azure Monitor","francecentral","NOK","400 GB Commitment Tier Capacity Reservation","400","1/Day","9264.42","2019-11-01T00:00:00.000Z","391.1117","23.161"
"2024-03-02T06:08:20.311Z","Azure Monitor","francecentral","NOK","500 GB Commitment Tier Capacity Reservation","500","1/Day","11383.1297","2019-11-01T00:00:00.000Z","491.4783","22.7663"
"2024-03-02T06:08:20.311Z","Azure Monitor","francecentral","NOK","1000 GB Commitment Tier Capacity Reservation","1000","1/Day","22371.4687","2021-06-01T00:00:00.000Z","982.6572","22.3715"
"2024-03-02T06:08:20.311Z","Azure Monitor","francecentral","NOK","2000 GB Commitment Tier Capacity Reservation","2000","1/Day","43690.1625","2021-06-01T00:00:00.000Z","1952.9384","21.8451"
"2024-03-02T06:08:20.311Z","Azure Monitor","francecentral","NOK","5000 GB Commitment Tier Capacity Reservation","5000","1/Day","105935.4844","2021-06-01T00:00:00.000Z","4849.3934","21.1871"
"2024-04-03T09:26:28.723Z","Azure Monitor","francecentral","NOK","Pay-as-you-go Data Ingestion","Pay-as-you-go","1 GB","29.6614","2018-02-01T00:00:00.000Z","0","29.6614"
"2024-04-03T09:26:28.723Z","Azure Monitor","francecentral","NOK","100 GB Commitment Tier Capacity Reservation","100","1/Day","2632.9905","2019-11-01T00:00:00.000Z","88.7682","26.3299"
"2024-04-03T09:26:28.723Z","Azure Monitor","francecentral","NOK","200 GB Commitment Tier Capacity Reservation","200","1/Day","4943.574","2019-11-01T00:00:00.000Z","187.7551","24.7179"
"2024-04-03T09:26:28.723Z","Azure Monitor","francecentral","NOK","300 GB Commitment Tier Capacity Reservation","300","1/Day","7254.1575","2019-11-01T00:00:00.000Z","293.4779","24.1805"
"2024-04-03T09:26:28.723Z","Azure Monitor","francecentral","NOK","400 GB Commitment Tier Capacity Reservation","400","1/Day","9457.272","2019-11-01T00:00:00.000Z","391.1115","23.6432"
"2024-04-03T09:26:28.723Z","Azure Monitor","francecentral","NOK","500 GB Commitment Tier Capacity Reservation","500","1/Day","11620.0856","2019-11-01T00:00:00.000Z","491.4769","23.2402"
"2024-04-03T09:26:28.723Z","Azure Monitor","francecentral","NOK","1000 GB Commitment Tier Capacity Reservation","1000","1/Day","22837.1625","2021-06-01T00:00:00.000Z","982.6577","22.8372"
"2024-04-03T09:26:28.723Z","Azure Monitor","francecentral","NOK","2000 GB Commitment Tier Capacity Reservation","2000","1/Day","44599.635","2021-06-01T00:00:00.000Z","1952.938","22.2998"
"2024-04-03T09:26:28.723Z","Azure Monitor","francecentral","NOK","5000 GB Commitment Tier Capacity Reservation","5000","1/Day","108140.6812","2021-06-01T00:00:00.000Z","4849.4014","21.6281"
"2024-05-01T06:09:59.892Z","Azure Monitor","francecentral","NOK","Pay-as-you-go Data Ingestion","Pay-as-you-go","1 GB","30.4446","2018-02-01T00:00:00.000Z","0","30.4446"
"2024-05-01T06:09:59.892Z","Azure Monitor","francecentral","NOK","100 GB Commitment Tier Capacity Reservation","100","1/Day","2702.5092","2019-11-01T00:00:00.000Z","88.7681","27.0251"
"2024-05-01T06:09:59.892Z","Azure Monitor","francecentral","NOK","200 GB Commitment Tier Capacity Reservation","200","1/Day","5074.099","2019-11-01T00:00:00.000Z","187.755","25.3705"
"2024-05-01T06:09:59.892Z","Azure Monitor","francecentral","NOK","300 GB Commitment Tier Capacity Reservation","300","1/Day","7445.6887","2019-11-01T00:00:00.000Z","293.4782","24.819"
"2024-05-01T06:09:59.892Z","Azure Monitor","francecentral","NOK","400 GB Commitment Tier Capacity Reservation","400","1/Day","9706.972","2019-11-01T00:00:00.000Z","391.1105","24.2674"
"2024-05-01T06:09:59.892Z","Azure Monitor","francecentral","NOK","500 GB Commitment Tier Capacity Reservation","500","1/Day","11926.8903","2019-11-01T00:00:00.000Z","491.4779","23.8538"
"2024-05-01T06:09:59.892Z","Azure Monitor","francecentral","NOK","1000 GB Commitment Tier Capacity Reservation","1000","1/Day","23440.1312","2021-06-01T00:00:00.000Z","982.6582","23.4401"
"2024-05-01T06:09:59.892Z","Azure Monitor","francecentral","NOK","2000 GB Commitment Tier Capacity Reservation","2000","1/Day","45777.1975","2021-06-01T00:00:00.000Z","1952.9438","22.8886"
"2024-05-01T06:09:59.892Z","Azure Monitor","francecentral","NOK","5000 GB Commitment Tier Capacity Reservation","5000","1/Day","110995.9156","2021-06-01T00:00:00.000Z","4849.3973","22.1992"
"2024-06-02T06:10:06.668Z","Azure Monitor","francecentral","NOK","Pay-as-you-go Data Ingestion","Pay-as-you-go","1 GB","29.1518","2018-02-01T00:00:00.000Z","0","29.1518"
"2024-06-02T06:10:06.668Z","Azure Monitor","francecentral","NOK","100 GB Commitment Tier Capacity Reservation","100","1/Day","2587.7513","2019-11-01T00:00:00.000Z","88.7681","25.8775"
"2024-06-02T06:10:06.668Z","Azure Monitor","francecentral","NOK","200 GB Commitment Tier Capacity Reservation","200","1/Day","4858.635","2019-11-01T00:00:00.000Z","187.7552","24.2932"
"2024-06-02T06:10:06.668Z","Azure Monitor","francecentral","NOK","300 GB Commitment Tier Capacity Reservation","300","1/Day","7129.5188","2019-11-01T00:00:00.000Z","293.478","23.7651"
"2024-06-02T06:10:06.668Z","Azure Monitor","francecentral","NOK","400 GB Commitment Tier Capacity Reservation","400","1/Day","9294.78","2019-11-01T00:00:00.000Z","391.1105","23.237"
"2024-06-02T06:10:06.668Z","Azure Monitor","francecentral","NOK","500 GB Commitment Tier Capacity Reservation","500","1/Day","11420.4328","2019-11-01T00:00:00.000Z","491.4762","22.8409"
"2024-06-02T06:10:06.668Z","Azure Monitor","francecentral","NOK","1000 GB Commitment Tier Capacity Reservation","1000","1/Day","22444.7813","2021-06-01T00:00:00.000Z","982.6575","22.4448"
"2024-06-02T06:10:06.668Z","Azure Monitor","francecentral","NOK","2000 GB Commitment Tier Capacity Reservation","2000","1/Day","43833.3375","2021-06-01T00:00:00.000Z","1952.9395","21.9167"
"2024-06-02T06:10:06.668Z","Azure Monitor","francecentral","NOK","5000 GB Commitment Tier Capacity Reservation","5000","1/Day","106282.6406","2021-06-01T00:00:00.000Z","4849.3907","21.2565"
"2024-07-01T06:11:21.244Z","Azure Monitor","francecentral","NOK","Pay-as-you-go Data Ingestion","Pay-as-you-go","1 GB","29.4655","2018-02-01T00:00:00.000Z","0","29.4655"
"2024-07-01T06:11:21.244Z","Azure Monitor","francecentral","NOK","100 GB Commitment Tier Capacity Reservation","100","1/Day","2615.5955","2019-11-01T00:00:00.000Z","88.7681","26.156"
"2024-07-01T06:11:21.244Z","Azure Monitor","francecentral","NOK","200 GB Commitment Tier Capacity Reservation","200","1/Day","4910.914","2019-11-01T00:00:00.000Z","187.7548","24.5546"
"2024-07-01T06:11:21.244Z","Azure Monitor","francecentral","NOK","300 GB Commitment Tier Capacity Reservation","300","1/Day","7206.2325","2019-11-01T00:00:00.000Z","293.4779","24.0208"
"2024-07-01T06:11:21.244Z","Azure Monitor","francecentral","NOK","400 GB Commitment Tier Capacity Reservation","400","1/Day","9394.792","2019-11-01T00:00:00.000Z","391.1107","23.487"
"2024-07-01T06:11:21.244Z","Azure Monitor","francecentral","NOK","500 GB Commitment Tier Capacity Reservation","500","1/Day","11543.3169","2019-11-01T00:00:00.000Z","491.4769","23.0866"
"2024-07-01T06:11:21.244Z","Azure Monitor","francecentral","NOK","1000 GB Commitment Tier Capacity Reservation","1000","1/Day","22686.2875","2021-06-01T00:00:00.000Z","982.6604","22.6863"
"2024-07-01T06:11:21.244Z","Azure Monitor","francecentral","NOK","2000 GB Commitment Tier Capacity Reservation","2000","1/Day","44304.985","2021-06-01T00:00:00.000Z","1952.9401","22.1525"
"2024-07-01T06:11:21.244Z","Azure Monitor","francecentral","NOK","5000 GB Commitment Tier Capacity Reservation","5000","1/Day","107426.2437","2021-06-01T00:00:00.000Z","4849.3959","21.4852"
"2024-08-02T06:11:10.559Z","Azure Monitor","francecentral","NOK","Pay-as-you-go Data Ingestion","Pay-as-you-go","1 GB","30.3675","2018-02-01T00:00:00.000Z","0","30.3675"
"2024-08-02T06:11:10.559Z","Azure Monitor","francecentral","NOK","100 GB Commitment Tier Capacity Reservation","100","1/Day","2695.6615","2019-11-01T00:00:00.000Z","88.7680","26.9566"
"2024-08-02T06:11:10.559Z","Azure Monitor","francecentral","NOK","200 GB Commitment Tier Capacity Reservation","200","1/Day","5061.242","2019-11-01T00:00:00.000Z","187.7552","25.3062"
"2024-08-02T06:11:10.559Z","Azure Monitor","francecentral","NOK","300 GB Commitment Tier Capacity Reservation","300","1/Day","7426.8225","2019-11-01T00:00:00.000Z","293.4784","24.7561"
"2024-08-02T06:11:10.559Z","Azure Monitor","francecentral","NOK","400 GB Commitment Tier Capacity Reservation","400","1/Day","9682.376","2019-11-01T00:00:00.000Z","391.1107","24.2059"
"2024-08-02T06:11:10.559Z","Azure Monitor","francecentral","NOK","500 GB Commitment Tier Capacity Reservation","500","1/Day","11896.6694","2019-11-01T00:00:00.000Z","491.4781","23.7933"
"2024-08-02T06:11:10.559Z","Azure Monitor","francecentral","NOK","1000 GB Commitment Tier Capacity Reservation","1000","1/Day","23380.7375","2021-06-01T00:00:00.000Z","982.6606","23.3807"
"2024-08-02T06:11:10.559Z","Azure Monitor","francecentral","NOK","2000 GB Commitment Tier Capacity Reservation","2000","1/Day","45661.205","2021-06-01T00:00:00.000Z","1952.9443","22.8306"
"2024-08-02T06:11:10.559Z","Azure Monitor","francecentral","NOK","5000 GB Commitment Tier Capacity Reservation","5000","1/Day","110714.6687","2021-06-01T00:00:00.000Z","4849.3981","22.1429"
